Phone1	Phone2	PMI
w	w	7.104701250292917
ɲ	ɲ_o	6.309448990564101
m	m_e	6.220561515866328
ɲ	ɲ	6.14311006633449
ˈy	ˈu	6.12348804924452
ʧ	ʧ_o	5.963193060558199
b	b	5.880535217902931
l	ɰ_o	5.862805182715489
j	j	5.789733273453239
t	t_o	5.744193858187549
f	v_e	5.732160305551859
d	d	5.679869713194255
ˈe	ˈe_ŋ	5.644742485616157
f	f	5.599418706861187
ɡ	ɡ	5.438178044340697
ʧ	ʧ	5.339925734377877
z	z	5.117031642629248
ŋ	ŋ	5.11345660266632
m	m	5.0502776345137
ˈɔ	ˈɔ	5.0489847203848575
r	r_o	4.907043135299115
ˈø	ˈu	4.830486691781407
p	p	4.827790002453877
ˈu	ˈo_ŋ	4.820348243979416
s	s_o	4.8186274404562806
k	ɡ_o	4.740642559666488
l	l	4.717341424972751
ˈu	ˈo	4.7118929693296
ˈi	ˈi	4.708812637309422
ˈa	ˈa_r	4.648294130724244
ˈɛ	ˈɛ	4.570771611246412
ʋ	v	4.490791239693081
p	p_o	4.474340302926587
l	ɰ	4.420803407954408
k	k	4.3626953897056815
n	n	4.3433551428289885
ˈo	ˈo	4.2848455774877
s	z_o	4.256130863032404
s	s_e	4.217547607208809
t	t	4.147291290913742
s	z_e	4.13161075216016
t	d_o	4.035327384488631
ˈo	ˈɔ	4.004814925049128
t	t_e	3.957018445226119
i	i	3.918471703201516
ʤ	z	3.885919098035649
e	e	3.816363381345452
ˈi	ˈi_ŋ	3.77777124005707
ˈɛ	ˈe	3.661085625337487
ˈø	ˈɔ	3.639983494257383
ˈa	ˈa	3.602580342654431
s	s	3.588786020633799
ˈɛ_l	ˈɛ	3.560253377365152
a	a	3.5452334749286205
ˈe	ˈe	3.4137013355606176
r	r	3.373638376664808
ˈe	ˈi	3.338302335282279
o	o	3.1974002154008443
<#	<#_v	2.815662884284416
i	e	2.760332512593468
k	k_o	2.721501670181722
ˈø	ˈo	2.7163638057847117
n	ŋ	2.61467226628631
f	v_o	2.493854773695369
ˈi	ˈi_r	2.4343952495268306
ˈe	j_ˈɛ	2.41530703057234
ˈa	ˈa_ŋ	2.3945786855305045
ˈe	j_ˈe	2.3557254215147685
l_ˈɛ	ˈe	2.013386638742884
ˈi	ˈe	1.919426306548122
ʧ	t	1.8720901849100948
t	d	1.3271816247337045
e	a	1.289573932360943
ˈe	ˈɛ	1.0515566044028453
#>	ŋ_#>	1.0455639879990022
a	a_v	0.975065403543949
ˈa	ˈa_v	0.9282063558278812
e	i	0.8981939042556792
a	v_a	0.8390711030194605
e	o	0.7790603507493179
#>	r_#>	0.7379931801692526
<#_l	<#	0.6929924040641577
r_e	r	0.6476762528529637
#>	e_#>	0.3979052365410342
l	o	0.3577196338333048
k	ɡ	0.271814484205286
s	z	0.2187173135692888
#>	o_#>	-1.7538055430353654