Phone1	Phone2	PMI
ɲ	ɲ_o	7.865161397369268
w	w	7.340058788851567
b	b	6.258594895660795
ʧ	ʧ_o	6.049464853242839
ɲ	ɲ	5.947873843044931
t	t_o	5.895232628414008
l	ɰ_o	5.818303631969881
d	d	5.69503235863185
j	j	5.647522415682206
f	f	5.646669896940672
m	m_e	5.636541469448712
ˈe	ˈe_ŋ	5.617544652662289
f	v_e	5.6056142583302835
ɡ	ɡ	5.581404515788938
ˈy	ˈu	5.51179550451082
ʧ	ʧ	5.476912653670592
ˈɔ	ˈɔ	5.4568321323577935
ŋ	ŋ	5.252955128406325
ʤ	z	5.006466199745403
ˈu	ˈo	4.952566534996439
ˈa	ˈa_r	4.927316337789722
z	z	4.918402181776053
k	ɡ_o	4.905016080026328
r	a_r	4.8228764856647
p	p	4.800140871976381
m	m	4.797174028081615
s	s_o	4.79203644940193
l	l	4.767114099323703
ˈø	ˈu	4.755183094273387
k	k_o	4.7317663578040925
p	p_o	4.529389254621411
r	r_o	4.527267026303772
ˈi	ˈi_r	4.503098864632099
ˈɛ	ˈɛ	4.462329822993946
s	z_o	4.435259121091191
k	k	4.409626710172832
t	t	4.382794436560292
ˈo	ˈo	4.368026393118884
ˈɛ_j	ˈe	4.363502254776589
l	ɰ	4.315782331592748
s	s_e	4.313668365411827
n	n	4.302151799285483
ˈi	ˈi	4.290814254000912
ʋ	v	4.2678474246226195
t	d_o	4.164369731595208
s	z_e	4.135874627889576
ˈo	ˈɔ	4.131259036763994
t	t_e	4.096023085526581
e	e	3.9073079369100445
i	i	3.79024297744022
ˈø	ˈɔ	3.77599605599088
ˈa	ˈa	3.7472734707657627
ˈu	ˈo_ŋ	3.745244649907255
f	v_o	3.715081128898274
ˈɛ_l	ˈɛ	3.6501993066887892
a	a	3.6359323375099692
s	s	3.6198782660022717
ˈi	ˈi_ŋ	3.6112728469861257
ˈe	j_ˈe	3.44248629239537
ʧ	t	3.4355242558250376
ˈɛ	ˈe	3.4329462842474068
m	e_m	3.4018751414304544
ˈe	ˈi	3.2495982581113356
o	o	3.2057901157221687
r	r	3.20358345854331
ˈy	ˈu_n	3.078161718044667
ˈe	ˈe	3.04712093834622
r_e	r	3.0384202553113826
s_e	s	3.0344188495444833
<#	<#_v	3.0164566647250046
n	ŋ	2.7778745233146664
a	a_v	2.5792968951235316
e	r_e	2.50918131487257
ˈa	ˈa_ŋ	2.4627262408655746
i	e	2.4064994397839605
ˈe	j_ˈɛ	2.3761665131130743
ˈi	ˈe	2.2133072383154233
<#_ˈɛ	<#	2.1483017115182736
n_d	n	1.974767514271576
ˈø	ˈo	1.954487343982628
l_ˈɛ	ˈe	1.885885795815766
a	v_a	1.7922903352059047
ˈe	ˈɛ	1.7455511176316614
#>	ŋ_#>	1.711641922726114
e_r	r	1.6118511255352401
<#_l	<#	1.4535054995257466
t	d	1.2818389252252336
#>	r_#>	1.2023787991467252
e	i	0.9757933218245466
ˈi	e_r	0.9461534499273035
#>	e_#>	0.8573802086466991
k	ɡ	0.6178800038836872
r_#>	#>	0.4944772805820528
l	o	0.3939716682912321
f	v	0.34412687757544685
e	o	0.2459600239023368
s	z	0.18225405449543028
#>	o_#>	-0.6222946596575519