Phone1	Phone2	PMI
ɡ	ɡ	6.379219919236628
v	v	6.34697133904397
b	b	6.3463701987032985
o	u	5.834141998027438
t	p_t	5.807080234455605
ʧ	ʧ	5.71718203912395
ˈaː	ˈa_r	5.713247737621408
ˈuː	ˈo	5.554658339133113
j	j	5.469576548483452
ŋ	n_e	5.221315866076638
f	f	5.05836323275061
m	m	5.036601359812512
ʤ	ʤ	5.036536978373324
d	d	4.891973085043244
s	s	4.768610492009529
ˈɛ	ˈe	4.649406801310336
ˈu	ˈu	4.63413696832576
t	t_e	4.616823291462211
c	k	4.594178493631016
w	ˈo	4.533167859630684
ˈeː	ˈe	4.517580225637731
p	p	4.448643533264934
ˈi	ˈi	4.433005940132705
l	l	4.389898726626382
ˈo	ˈu	4.384028781910883
ˈa	ˈɨ	4.34264131626102
k	k	4.208255879450774
i	e_r	4.199951584426378
ˈaː	ˈa	4.0566630630555816
w	o̯ˈa	4.036612634256383
ˈe	ˈe	4.002598458426284
ˈɛ_s	s	3.932830474383608
ˈiː	ˈi	3.85329067002973
t	t	3.839900572874128
e	ə	3.826713063894561
n	n	3.805694099612386
i	i	3.720298144991737
ˈa	ˈa	3.710661808030076
ˈɔ	ˈu	3.6885324538288295
e	a	3.620916550802825
s	ʃ_t	3.615036873188479
ɲ	n	3.510971699882516
r	r	3.448596334711157
ʧ	ʦ	3.0940480154517456
a	e	3.0877233913411493
ŋ	n	2.8847403267868854
#>	w_#>	2.854094302175135
i	r_e	2.6576187532657083
d	z	2.596470302778202
i	e	2.5217361574111616
ˈa_r	r	2.36361217516027
ˈe	e̯ˈa	2.2178171058303704
f	w	2.162495099706374
ˈoː	ˈo	2.1369927167746465
ˈo	o̯ˈa	2.1313462834921486
d	t	2.130572553326049
w_ˈi	ˈu	1.827106623854236
ˈe	ˈi	1.8054768633984024
ˈiː	ˈi_r	1.78002577805097
#>	j_#>	1.5925919648116809
l	r	1.387840911856178
#>	k_#>	1.317186191917336
w_ˈa	o̯ˈa	1.1507138112442576
r	r_n	1.0320769748703846
ˈɛ	e̯ˈa	0.87461561623177
ˈɔ	ˈo	0.8539347392078976
ɲ	j	0.7769654537154744
i	u	0.6636587007641022
w	ˈu	0.6419109620901808
ˈi	ˈu	0.5038533883044105
l	r_e	0.4790060164436305
ˈɛ	ˈa	0.4548711327005385
e	e	0.3822533380795749
#>	e_#>	-0.0320318506661364