Phone1	Phone2	Surprisal	OOV_Smoothed
a	a	0.1463505245718812	4.805483685517042
a	-	4.148864221637463	4.805483685517042
a	l_a	4.6404586576117675	4.805483685517042
b	b	-0.0	4.805483685517042
d	d	-0.0	4.805483685517042
e	e	0.04553244579193691	4.805483685517042
f	f	-0.0	4.805483685517042
i	i	-0.0	4.805483685517042
j	j	0.8501910805837865	4.805483685517042
j	l	1.9486446468328922	4.805483685517042
j	-	2.694442196009261	4.805483685517042
k	ʨ	0.5010780168180978	4.805483685517042
k	k	1.7689540553367988	4.805483685517042
l	l	0.024137533373559564	4.805483685517042
m	m	-0.0	4.805483685517042
n	n	-0.0	4.805483685517042
o	o	1.2465132206949778	4.805483685517042
o	-	1.5407304260605015	4.805483685517042
o	ˈɛ	3.481660975410435	4.805483685517042
o	ˈɛ_k	3.802529911632729	4.805483685517042
o	ˈɛ_f	4.318324942774402	4.805483685517042
p	p	0.1933856340166473	4.805483685517042
p	p_j	2.994826724106294	4.805483685517042
r	r	0.09210356139401987	4.805483685517042
r	j	4.346002930525279	4.805483685517042
s	s	0.6309355557023597	4.805483685517042
s	ʃ	1.4971908679173176	4.805483685517042
t	t	0.06087540502525729	4.805483685517042
t	d	4.597093772708755	4.805483685517042
v	v	0.09232469202046166	4.805483685517042
v	-	4.731807755273224	4.805483685517042
w	-	-0.0	4.805483685517042
z	ʒ	-0.0	4.805483685517042
ð	ʒ	-0.0	4.805483685517042
ŋ	n	0.12800874152584513	4.805483685517042
ŋ	ŋ	3.5579832834516396	4.805483685517042
ɡ	ɡ	0.2892613770742266	4.805483685517042
ɡ	-	2.774867027132713	4.805483685517042
ɲ	ɲ	-0.0	4.805483685517042
ʧ	-	0.2566677983963967	4.805483685517042
ʧ	d	2.6172239206138626	4.805483685517042
ˈa	ˈa	0.6097775286584514	4.805483685517042
ˈa	ˈɛ	1.5671910784353045	4.805483685517042
ˈe	ˈɛ	1.1551578623398435	4.805483685517042
ˈe	ˈe	1.388297228948043	4.805483685517042
ˈe	ˈe_j	2.565182055560509	4.805483685517042
ˈi	ˈi	0.019244825645787323	4.805483685517042
ˈo	ˈo	1.2658621089263529	4.805483685517042
ˈo	ˈɔ	2.0421235077617492	4.805483685517042
ˈo	ˈo_w	2.2282468305999923	4.805483685517042
ˈo	w_ˈɛ	3.3084368886988273	4.805483685517042
ˈu	ˈu	-0.0	4.805483685517042
ˈɔ	ˈɔ	0.2273756552300993	4.805483685517042
ˈɔ	ˈa	3.2615233022197208	4.805483685517042
ˈɔ	ˈe	4.589463499346958	4.805483685517042
ˈɛ	ˈɛ	-0.0	4.805483685517042
θ	ʧ	0.937052147334389	4.805483685517042
θ	ʨ	1.4243033070405648	4.805483685517042
θ	ʦ	3.2501414959732005	4.805483685517042