Phone1	Phone2	PMI
ɲ_u	ɲ	6.953761663688046
ˈa_n	ˈãː	6.810938898684615
ɡ	ɡ	6.531826074379574
ɟ	ʤ	6.389884631988755
ˈi	ˈi	6.07372296309115
ˈo_n	ˈũː	5.94012150602617
c_u	ʧ	5.847328339362609
ˈu	ˈy	5.814815909934373
b	b	5.6972665520985055
j	j	5.580794489100345
m_e	m	5.444440609073605
ʧ	ʧ	5.253005035261241
k_u	k	5.042258153616449
d	d	5.042124896429063
m	m	4.946651519936435
ŋ	ˈãː	4.86500796755485
f	f	4.8009412204249795
v	ʋ	4.797313368948828
n	n	4.788244035286438
e	e	4.753381895850372
p	p	4.578899989540825
ˈɛ_n	ˈẽː	4.570438732709524
i	e	4.555120392746859
w	w	4.540399668817101
s	s	4.45750022999186
sː_u	s	4.42941618047486
o	u	4.42393918870715
r_u	r	4.396436202924434
lː_u	l	4.387988156713963
t_u	t	4.371050867628699
ʧ_e	s	4.327720840429004
k	k	4.319245271026118
ˈɔ	ˈu	4.238683969872116
ˈɛ	ˈe	4.147060215507877
ˈo	ˈɔ	4.114928421843074
l	l	4.0393847580546645
ˈa	ˈa	4.018993412765902
ˈɔ	ˈɔ	4.015894666146056
t	t	3.9884402773522756
tː	t	3.978904230270892
ˈo	ˈu	3.9587341347806446
ˈe	ˈɛ	3.8861891235758583
ˈa	ˈaː	3.8574148003528386
a	a	3.724333791633815
r	r	3.6887764973349504
ˈɛ	ˈɛ	3.651442995445266
ˈe	ˈe	3.4909028178035393
kː	k	3.479825634798347
ˈi_n	ˈĩː	3.4756340462167
ˈɔ	ˈøː	3.4744154070259468
tː	ʧ	3.408280195324205
r_e	r	3.3693285421749293
t	d	3.2186200164529244
lː	l	3.134703040136256
#>	f_#>	3.054364860332373
p_u	p	3.0254500776068167
ˈo	ˈø	2.898157788627221
ʎ	j	2.8835653236245196
r	e_r	2.837859333055891
e	u	2.6459275583393924
p	ʋ	2.5778960133359634
l_u	l	2.5585948995659105
#>	ˈi_#>	2.5379627384916925
ˈɔ	ˈø	2.2232742243758703
m_u	m	2.175988626505716
ˈu	ˈi	2.146659864147679
t_e	t	2.068716414428657
v	f	2.0444053370193127
ˈu	ˈyː	1.9158916089173446
d	t	1.8934451672458679
n	ˈẽː	1.7648283465691033
n	ˈũː	1.4839912996294327
ˈi	ˈĩː	1.2645103599673673
ɡ	k	1.2021665657859277
i	i	1.2012449897657453
u	ˈy	1.1766167908323977
u	u	1.1369798781360925
#>	r_#>	1.11442431433183
c	ʧ	1.0276454838667817
r	j_r	0.9856747447515352
#>	ʧ_#>	0.9592124295892617
ˈɛ	ˈe_j	0.818147576952302
e	ˈi	0.750310555532883
ˈɔ	u	0.521175953766961
#>	s_#>	0.5106443145550269
e_#>	#>	0.11465121006484565
u_#>	#>	-0.5270355860920295