Phone1	Phone2	PMI
ŋ	ŋ	7.589731011561905
i	i	6.925650190551689
ɲ	ɲ	6.324326876376154
w	w	6.2141371972864
u	o	6.133450602838529
b	b	5.986747332804448
ˈu	ˈy	5.834049768481608
ɡ	ɡ	5.623320664579212
ɣ	ɡ	5.506548073544146
f	f	5.461558815027785
ʒ	z	5.358072803765907
t	t_e	5.350217438116088
d	d	5.030940209957151
n	n_t	4.803041245940836
m	m	4.791196094277073
ɾ	e_r	4.690984813682779
p	p	4.65968763800741
ˈo	ˈu_r	4.534132733606692
ˈu	ˈø	4.378288347107398
k	k	4.375958532485741
ˈɔ	ˈɔ	4.3431420939953105
ˈe	ˈɛ	4.326253158482888
n	n	4.30992811859727
t	t	4.265202847107746
ð	d	4.2282375097730975
ˈi	ˈi	4.227492689208958
#>	e_#>	4.225422400880803
s	s	4.1059069030172015
ˈo	ˈu	4.007283029510944
ˈo	ˈo	3.8874217852460387
ˈa	ˈa	3.864047625425813
r	r	3.855577662589883
ˈɛ	ˈɛ	3.8366588209015493
ˈɔ	ˈo	3.830063381725782
ʃ	s	3.7510443487250567
ʎ	l	3.7273261356168392
ˈɛ	ˈe	3.6492354326931418
w	f	3.578116516193829
l	j	3.554037557023363
ð	t	3.5439672734627283
ˈo	ˈø	3.501400965759549
β	b	3.4807983745757456
ʎ	ʧ	3.4792165540565843
ˈɔ	ˈu	3.4760051567349515
ˈɔ	ˈø	3.4309785705966913
l	l	3.400431008528455
ˈe	ˈe	3.3954581661309535
ˈi	ˈe	3.2615638887200173
<#_ə	<#	3.244806427807998
ə	a	3.231566674065715
ɾ_ə	r	3.197766353021484
ˈɛ_w	ˈe	3.1729668686916934
ɾ	r	3.154185271121783
ə_β	a	3.080116772262682
t	ʧ	2.9623413253583375
ˈi_w	ˈi	2.951354802680665
#>	f_#>	2.4298426925618446
ɲ	n	2.2767922833577607
s_#>	#>	2.162322035735217
ə	e	2.104020360316665
ˈu	ˈo	2.0833612521607128
<#_b	<#	2.027730499093144
i	e	1.9568195846350527
#>	s_#>	1.9410765777651429
ʒ	ʤ	1.7922160748044695
<#_ˈa	<#	1.7186728574913004
#>	ˈi_#>	1.6979364167577446
ʎ	j	1.4369593240215395
ʃ_ə	s	1.4305458942687133
ɡ_l	ʤ	1.3384480896541202
#>	k_#>	1.280019000083315
w	ˈi	1.2166495554866785
#>	t_#>	1.152691908060999
w_ɾ	ˈi	0.9288421141610546
n_ˈe	n	0.8604771495495493
ˈu	ˈɔ	0.6756634343401904
n	t	0.43805689974476203
ˈi	ˈɛ	0.3788812830347695
#>	l_#>	0.37420776497640595
ˈe	ˈi	0.3736746085173469
#>	r_#>	0.10210251031225503
<#_k	<#	-0.08569160300823311