Phone1	Phone2	PMI
ŋ	ŋ	7.202761673476432
i	i	6.991917961058288
u	o	6.517913603197679
ɲ	ɲ	6.307172519714226
w	w	6.156068181425709
b	b	6.074554953731059
ˈu	ˈy	5.967118659612464
ɡ	ɡ	5.736127413463966
ɣ	ɡ	5.623612784922035
ʒ	z	5.60981278035118
ɾ	e_r	5.196952125561507
f	f	5.17188561120036
d	d	5.161531180232846
m	m	4.805439687169016
p	p	4.730915497188319
n	n_t	4.695296982050555
ˈi	ˈi	4.473094945783396
ˈo	ˈu_r	4.425797823034163
ˈu	ˈø	4.317913063506844
ˈo	ˈu	4.218431082950672
ˈe	ˈɛ	4.206205626136022
ð	d	4.206196414275119
n	n	4.20549213303046
k	k	4.198079342966859
t	t	4.1890614524824
s	s	4.076667868807922
ˈɛ	ˈe	4.052575454088795
ˈɔ	ˈɔ	3.970942324738109
ʃ	s	3.904787127036145
ˈɛ	ˈɛ	3.9000870280905606
w	f	3.847913932207863
r	r	3.7807313084889778
ˈa	ˈa	3.744882808107968
ʎ	l	3.706455176732374
l	l	3.681035638193987
l	j	3.659010115901154
ˈɔ	ˈo	3.650250004301877
ˈo	ˈø	3.466061476315637
ʎ	ʧ	3.4420701237446134
ˈɔ	ˈu	3.368260861868901
ɾ	r	3.346235870997785
ə_β	a	3.256489769973862
ə	a	3.153934033577244
<#_ə	<#	3.115350722192624
ð	t	3.082624282258956
ˈɔ	ˈø	3.0767467328470013
ˈo	ˈo	3.03470337845639
ˈe	ˈe	3.0227096622594503
ˈi	ˈe	2.970410608778103
#>	e_#>	2.9274367569997666
t	ʧ	2.7459870247830773
β	b	2.3111578133358357
ɲ	n	2.192812808253548
ə	e	2.1525146210645687
i	e	2.008706986117552
#>	k_#>	1.878524750197088
ə	ʤ_a	1.6358583735613212
<#_b	<#	1.4436165745417606
ˈu	ˈɔ	1.3479025704704135
#>	s_#>	1.1948709701702398
ʎ	j	1.1520551843935949
ʒ	ʤ	0.9411946180373238
s_#>	#>	0.9265364785527784
ˈi	ˈɛ	0.8608877414086819
ɾ_ə	r	0.8536905146856976
#>	t_#>	0.6197156494815439
w	ˈi	0.6110394972944209
n	t	0.5456482061852048
w_#>	#>	0.5070143192274938
ˈe	ˈi	0.4516764250307257
ˈe	ˈa	0.2645933394973004
#>	r_#>	0.102102510312255