Phone1	Phone2	PMI
j	p_j	6.90892671534625
i	i	6.5561859851465165
ɡ	ɡ	6.251901731839842
ʃ_ə	z	6.018766083552505
mː_ə	m	5.842773041984251
ɲː	ɲ	5.725398923561062
t_ə	t	5.701518588202345
u	u	5.669480148638536
w	w	5.518788450424417
f	f	5.490971441348971
d	d	5.443949811485658
v_ə	v	5.406164120894074
tː_ə	t	5.395793998248235
m	m	5.271695187453448
w_ˈɔ	ˈɔ	5.200043247876378
j_ˈɛ	ˈɛ	5.188140620409467
l_ə	l	5.124787996501983
lː_ə	l	5.084815467191061
ˈi	ˈi	5.050353762255059
ʎː_ə	j	5.008696818486626
ˈu	ˈy	4.9754706561368165
n_ə	ŋ	4.974595375914357
ˈo	ˈu	4.7333739244275295
ˈa_t	ˈa	4.645283736135976
p	p	4.636486554487292
ˈɔ	ˈɔ	4.589301502445801
ʤ	ʤ	4.564227840578143
ɾ_ə	r	4.519625137746929
ŋ	ŋ	4.5160687462252005
t	t	4.515160921278864
k_ə	ɡ	4.504901890224665
s	s	4.460979951844722
n_ə	n	4.460309795440017
k	k	4.343323208363314
ˈɛ	ˈɛ	4.265653995995568
v	v	4.2115227535736235
ʃː	s	4.20659251778709
ˈu	ˈu	4.197864342465376
l	l	4.180827116142287
n	n	4.166502894663584
w_ˈɔ	ˈø	4.136494329148623
ˈa	ˈa	4.0986031767224365
k_ə	k	4.078157133499964
#>	ˈi_#>	3.957384688112248
j	ʤ	3.841860759190447
v	b	3.8275635926334197
ˈe	ˈe	3.777729729658251
ʃ	s	3.7688804921213164
ɾ	r	3.6504717788164154
r	r	3.56136694536095
n	ŋ	3.5612471379866744
a	a	3.5591971321298987
ˈɔ	ˈø	3.4187382563966278
ʎː	j	3.3785310312407786
ə	a	3.3301093018455656
j_ə	j	3.156626216172899
ə	e	3.1460881456187932
ˈe	ˈɛ	3.1388246793710235
ʤ	z	2.9123564096675407
t_j	t	2.901969939539783
ʃ	z	2.665427351719689
i_#>	#>	2.5682648193890887
b	b	2.5411952522036683
ˈa	ˈe	2.3591134533725646
j	j	2.3405863218927214
p	v	2.3201411724346936
ˈɔ_k	ˈø	2.274730623134412
t	d	2.221456967281049
#>	j_#>	2.142820858409535
n_ˈo	n	2.137688667398469
kː_j	j	2.081457347067058
ˈo	ˈɔ	1.9661734608296877
kː	k	1.7773408314173582
#>	ˈe_#>	1.4122535533880176
#>	i_#>	1.2841324096945443
ˈɛ	ˈe	1.235158268175704
sː_ə	s	1.0336304100772296
<#_ʃ	<#	1.0005896376243275
ʦː_ə	s	0.9747300670475173
#>	ɡ_#>	0.8841324096945445
l_ˈa	l	0.8817009172143082
<#_j	<#	0.8655105288162481
l_w	l	0.8031710983260435
<#_a	<#	0.7951754411599652
ʦ	s	0.7402567834094225
#>	s_#>	0.5893461720280619
#>	e_#>	0.31811740998300686
<#_k	<#	0.14798275645756878