Phone1	Phone2	PMI
ɲ	ɲ	6.745962367028272
w	w	6.481522146638922
ˈeː	j_ˈe	6.4547613634592755
f	f	6.309065581979572
ˈiː	ˈi_r	6.116151321313527
ʤ	ʤ	6.10758780313519
b	b	6.055737840760807
i	i	6.00572392421118
#>	l_#>	5.948740770707527
ʤ	ʧ	5.842242550457153
ˈyː	ˈu	5.684685868718165
e	e_r	5.660065881563758
d	d	5.523859975315898
ˈɛ	ˈɛ	5.50932388482567
ˈy	ˈu	5.494219718996428
ˈɔː	ˈɔ	5.4837356568533275
ˈi	ˈi	5.386291846711129
ˈø	ˈɔ	5.359328668723914
ɡ	ɡ	5.336867238809169
m	m	5.257845624031432
z	z	5.158443519737959
l	ɰ	5.109610595109206
ˈɔ	ˈɔ	5.076061508048615
ˈe_l	ˈɛ	5.0746064400607205
v	v	5.073563087144595
ˈuː	ˈo	5.059469553353584
k	k	5.020495397709239
p	p	4.987104567229473
t	t	4.947132701575794
ˈe_j	ˈe	4.941788852601076
ˈu	ˈo	4.88253626282232
ˈøː	ˈo	4.859809995285647
ʒ	z	4.801275150541807
ˈaː	ˈa_r	4.787735433338248
ŋ	ŋ	4.678951585119974
ˈiː	ˈi	4.645110159880366
n	n	4.591064277095038
ˈa	ˈa	4.308976277538921
ˈe	ˈe	4.244574406940634
s	s	4.239816540670538
e	e	4.13994710261217
ˈɛː	ˈɛ	4.117726589377165
ʃ	s	3.9356262214038598
j	j	3.893955587096614
ˈeː	ˈɛ	3.815608290313244
ˈɛː	ˈa	3.6491451344638133
a	a	3.6375868616797384
r	r	3.6297214529084827
ˈaː	ˈa_l	3.494699921479092
ˈaː	ˈa	3.3696021950831248
u	o	3.3250280107468404
ʧ	p_j	3.2836030308237687
ŋ	n	3.092993334996105
l	l	3.088765065205205
ˈeː	ˈe	2.9507312621766673
ʤ	z	2.8649787968037628
ˈe_l	ˈe	2.8325849025086165
j	r	2.7301768959475434
j	a_r	2.3781175419057767
i	e	2.323672497238692
ˈe	ˈɛ	2.2881547370419213
ʤ	j	2.2834928561759678
u	r_o	2.1614707132597806
w	r	2.006009318055085
l_ˈe	ˈe	1.939617091820384
<#_l	<#	1.688872487278649
ʃ	f_j	1.576723911340616
ʧ	p	1.0201738531128641
a	j_a	0.9167446619558659
r	l	0.915190893242064
j_a	a	0.8317659350826275
w	ˈo	0.6296999034584866
ˈeː	j	0.6223464962271252
#>	r_#>	0.5058450876299238
ˈeː	e	0.282438869318867
#>	e_#>	0.18158667389427538