Phone1	Phone2	PMI
k_t	tː	7.575693120324503
ɔ	u	7.15736145075484
d	d	6.30485650492956
lʲː	ɖː	6.136127248292939
b	b	6.01824365016077
ɡ	ɡ	5.994697235796594
f	f	5.908407132628555
d_i	j	5.530991551991965
ŋ	ŋ	5.483188502567841
m	m	5.461278988093841
s	ʃ	5.299056999938966
s	s	5.299056999938966
k_ʊ	cː	5.139441861503472
w	v	5.048188732538961
s_k	ʃː	4.978888082947384
ˈɔ	ˈɔ	4.930732328861295
ɡ	j	4.884236168543697
ɪ	i	4.87171185846291
ˈoː	ˈu	4.841411766480139
ˈɛ	ˈɛ	4.8288275274484525
l	l	4.778122045881839
ˈiː	ˈi	4.7438285255020975
ɫ	l	4.707903013380749
p	p	4.6992274758397725
i_ãː	a	4.571652796119391
ˈuː	ˈu	4.566229097565489
k	k	4.550426807165483
t	t	4.505075938476417
k	ɕ	4.410663133019371
a	a	4.378513664049065
kː	kː	4.360982652983414
e_ʊ̃ː	ʊ	4.342684440601095
ˈɪ	ˈi	4.3323456252614605
ˈeː	ˈi	4.1691856487161765
i_ʊ̃ː	ʊ	4.16265753462307
ˈaː	ˈa	4.122270805544966
ˈʊ	ˈu	4.095409764813309
r	ɽ	3.961235355238888
r	r	3.961235355238888
tː	tː	3.914860067355131
ˈa	ˈa	3.8654717910268537
n	n	3.837512032510668
aː	a	3.7545219856710816
r	ɾ	3.681225638579253
ãː	a	3.6658115276805385
b	v	3.640529787168571
eː	i	3.634846440033941
t	ʈ	3.55434264629704
ˈɪ_ɡ	ˈi	3.5491062591115083
n	nː	3.5367335817531536
n	ɲː	3.37538279688854
ɛ̃ː	ɪ	3.371816196673264
ɛ	ɪ	3.370667077301042
ʊ̃ː	ʊ	3.322212943849341
ʊ	ʊ	3.2575344427927737
ɫ	w	3.2413699447424613
ɛ	i	3.17755291929281
s	z	3.1688598758462496
d	ɾ	3.083013610512622
<#_h	<#	3.039653514274664
ɛ̃	ɪ	2.9523680577965985
i	ɲː	2.848753095313602
kʷ	w	2.65005188885181
ˈʊ	ˈɔ	2.4871007721774725
s_#>	#>	2.434337358625084
ɫ_ʊ̃ː	ʊ	2.4228728427598942
t	ʦː	2.3317515938387845
ɪ	ɪ	2.275027602589053
j	j	2.2706143814931203
ŋ	ɲː	2.2400670676933587
#>	j_#>	2.236863200850144
ʊ_ɫ	ʊ	2.058591452054585
iː	i	1.98962174062136
ɫ_ãː	a	1.9665453396646235
kʷ	k_w	1.8967730243642784
ˈɔ	ˈo	1.8626024460717765
sː	sː	1.789819987137325
iː	ɪ	1.769727727750713
ŋ_k	n	1.6241092393876395
ŋ	n	1.4206871574903732
nː	nː	1.1704409970219298
s	ʃː	0.9312389484059552
kʷ	k	0.9126832903957144
<#_r	<#	0.6634301909250981
t	tː	0.5703455964562804
ˈiː	ɪ	0.2393688884072732
<#_p	<#	-0.5658802763153841
ɛ̃ː	ʊ	-0.1128072391298664