Phone1	Phone2	PMI
ŋ	ŋ	7.822606983525305
ʣ	ɟː	7.5476076810220984
ʃː	ʃː	7.321817036944896
f_r	ç	7.256768183564814
d	d	6.996095687005729
rː	ʐː	6.782700571434642
ɡ	ɡ	6.500775828752127
ʧ	ɕ	6.361342911530481
ɖː	ɖː	6.303664023614473
j	cː	6.095599243998897
ʒ	ɕ	6.027961698963727
w	w	5.979743159365151
m	m	5.391514116956797
f	f	5.351161534436486
j	r_ɪ	5.290574619272193
s	s	5.276890360249209
ɣ	k	5.2442295523914355
k	kː	5.228852307501057
p	p	5.206777039688573
b	b	5.099032274675291
sː	ɖː	4.938626979903995
t	tː	4.771872218034791
k	k	4.732499153484181
ˈu	ˈu	4.715352723424623
ˈe	ˈɛ	4.707698789337543
ŭ_#>	#>	4.695805997430135
u_z	ʊ	4.680137842015926
ˈo	ˈo	4.670337355663016
l	l	4.639105079776056
ˈo	ˈɔ	4.557163391717904
ð	t	4.542437973833702
b	v	4.3980600717024325
t	t	4.326329013878096
ˈi	ˈi	4.256813008021439
ŏ_#>	#>	4.1932108120633
n	n	4.13174557167616
z	j	4.120367725493249
e	i	4.0778387783601975
m	mː	4.041748315985001
β	p	3.9897287828030135
ˈa	ˈa_r	3.903701416640064
r	ɾ	3.880381906343793
<#_i	<#	3.8491485849421863
ˈa	ˈa	3.8295763443999546
a	a	3.763179197715599
β	v	3.717400014819021
rː	ɾ_n	3.5440322632752674
r	r	3.4770423972750173
u	ʊ	3.4573051264102235
i_n	ɪ	3.401701543819123
i	ɪ	3.353459031904951
i_s	ʃ	3.2979760770564717
n	nː	3.2643661707405816
o	a	3.198328997960439
z	z	3.1605460149101994
n_ʤ	ɲː	3.1252764696955824
s	ʃ	3.082026008425345
r	w_ɾ	3.072986171807761
o_z	ɪ	2.740516514836
e	ɪ	2.7377764359926475
ˈe	ˈi	2.5241569834339947
r	ɽ	2.4752371863322455
ˈo	ˈu	2.463755317530993
ʤ	ɕ	2.264955327040343
nː	nː	2.2429529749012698
i	i	2.1399922571622483
<#_d	<#	2.1190677471100328
b	ʤ	2.014941665715424
p_r	c	1.9356630384613986
ˈi_l	ˈi	1.9312693560749534
u	u	1.7839629518724271
j	v	1.7323403951753515
ă_#>	#>	1.3977369373544333
l	w	1.3575008931191193
nː	n	1.021248083545636
#>	j_#>	0.9977369373544333
ˈe	ˈe	0.9361386257922663
r_u	ʊ	0.9196991999738259
t	ɽ	0.9004048024083084
o	ɪ	0.8759085101471126
d_u	ʊ	0.7448053763905977
a_z	ɪ	0.740608147239439
s	j	0.6373882916137164
<#_a	<#	0.5977369373544332
ˈo	u	0.5911524725865018
ˈu	ˈɔ	0.5134835224043116
j	ɪ	0.20557348034263634
<#_p	<#	0.17156088476632347
i	ʊ	0.1017622451040504
e	a	0.046149432902059376