Phone1	Phone2	PMI
ʃː	ʃː	7.617121828469916
z	z	7.598156106249177
f_r	ç	7.568787897832884
ʣ	ɟː	7.420706210069368
ŋ	ŋ	7.4091136311173535
d	d	6.885820709758599
j	cː	6.620483774546379
ɖː	ɖː	6.27914236036803
ɡ	ɡ	6.273324810312804
ʧ	ɕ	6.185489393704771
ʒ	ɕ	5.969232599905832
rː	ɾ_n	5.954652454088344
w	w	5.932799633528402
m	m	5.583500231362822
f	f	5.438337929062036
s	s	5.32038040947197
b	b	5.251723743505886
ŭ_#>	#>	5.1617683594191535
k	kː	5.159152203691228
ɣ	k	5.138913161742889
nː	nː	5.049467610495205
p	p	4.957808327535961
ˈe	ˈe	4.696230467539919
k	k	4.664151916305598
t	tː	4.644791630364689
ˈe	ˈɛ	4.612225597150198
ˈu	ˈu	4.6039399419083775
b	v	4.590062387271905
l	l	4.58040380408935
ˈo	ˈo	4.57954858552679
ˈo	ˈɔ	4.449242561994761
ð	t	4.426139302643708
ˈi	ˈi	4.39159762586443
e	i	4.259357045622022
n	n	4.218318143300867
t	t	4.206657843989952
ŏ_#>	#>	4.2033747295163275
m	mː	4.159466864831143
u_z	ʊ	4.153898044630444
β	p	4.100075088090569
r	ɾ	4.051539931164379
ˈa	ˈa_r	4.031698115515719
a	a	3.8519022960474154
ˈa	ˈa	3.822143609362923
r	r	3.7849802292336077
sː	ɖː	3.71428356955123
<#_i	<#	3.663723360284541
i_s	ʃ	3.4984346322520814
ˈe_z	ˈɛ	3.4679220127798636
rː	ʐː	3.409015354267299
u	ʊ	3.3767751945674545
i	ɪ	3.3583524197621775
i_n	ɪ	3.3374511454614955
n	nː	3.3333025571707533
ʤ	ɕ	3.2337675766363185
n_ʤ	ɲː	2.998124147147855
s	ʃ	2.957207034579959
e	ɪ	2.8369487653948844
ˈa	v_ˈa	2.785295871995555
β	v	2.7302739187474163
o_z	ɪ	2.7234821770555024
j	v	2.642386898875176
ˈe	ˈi	2.517446578027459
ˈo	ˈu	2.4043680049018232
z	j	2.277083753449627
j	r_ɪ	2.2514527983544563
r	w_ɾ	2.1110122798488513
i	i	2.051925490283217
b	ʤ	2.014382591261762
nː	n	1.946799046148433
ˈo	ˈu_ɾ	1.9382967310969366
<#_d	<#	1.8894146875353228
r_u	ʊ	1.7897539083014264
r	ɽ	1.7821650055032767
u	u	1.7606889796551688
t	ɽ	1.7125610916102785
o	a	1.5503436563056474
ʤ	j	1.409833574474434
o	ɪ	0.9225343896360153
z_ă	ɪ	0.7519792628215047
d_u	ʊ	0.7452915500646979
<#_a	<#	0.6011249098387756
l	w	0.5147605797662128
ˈu	ˈɔ	0.47251908118948616
j	ɪ	0.3329679224707666
l	ɾ	0.09395826556687743
<#_p	<#	0.008314736004005474
e	a	0.004752959152187294
i	ʊ	-0.16429572526316302