Phone1	Phone2	PMI
d	d	7.060331249977107
i_s	ʃ	6.765431023206938
ɡ	ɡ	6.536630959188449
ɖː	ɖː	6.395121349722227
ʧ	ɕ	6.225438286922264
m	m	5.720158565276955
s	s	5.673576922898181
ʣ	ɟː	5.567654494802891
f	f	5.398429055563574
ɣ	k	5.119625003409401
f_r	ç	5.06395785553755
k	k	4.992966991939727
ð	t	4.9921023459134695
ˈe	ˈɛ	4.971408625215212
j	cː	4.9637239606176
p	p	4.87286546623964
t	tː	4.869022867268002
ʒ	ɕ	4.624211678506353
w	w	4.623360143710641
ˈo	ˈɔ	4.561366615216096
l	l	4.532021517999773
b	v	4.4892765515958555
t	t	4.430872737335529
ˈu	ˈu	4.395677546604043
ˈi	ˈi	4.29100166913043
k	kː	4.289032055904803
e	i	4.22423366411983
ŏ_#>	#>	4.2033747295163275
ŋ	ŋ	4.1588003870623105
n	n	4.1083542123013865
β	p	3.9892756234052547
b	b	3.9209887248685273
r	ɾ	3.912007938084053
ˈa	ˈa	3.8989021384921014
ˈo	ˈo	3.8972270655054095
a	a	3.7153691670276987
r	r	3.653664745945522
rː	ʐː	3.4464216698247707
i	ɪ	3.3629338490219807
u	ʊ	3.321113661096342
ŭ_#>	#>	2.8170610156514924
e	ɪ	2.579241344439356
b	v_i	2.4982167436726237
ˈe	ˈi	2.492026518399365
o_z	ɪ	2.4864791769957963
u_z	ʊ	2.39319826249432
β	v	2.3901424110161016
nː	nː	2.232616760291202
ʤ	ɕ	2.227628297646924
ˈo	ˈu_ɾ	2.1757400353774443
<#_i	<#	2.1538003065127955
r	w_ɾ	2.0096903106153117
rː	ɾ_n	1.9956774674210922
m	mː	1.926095536705342
ˈa	ˈa_r	1.7957281016246402
i	i	1.7054887698230277
ˈi_l	ˈi	1.6896907758181572
r	ɽ	1.609105475917959
z	z	1.580463117122211
i_n	ɪ	1.5691561155359244
ˈo	ˈu	1.513017431113323
n_ʤ	ɲː	1.4398443814644755
<#_d	<#	1.4170610156514922
z	j	1.3540494794530966
ˈu	ˈɔ	1.2899947215411534
d_u	ʊ	1.2285963173329215
n	nː	1.225116778445161
u	u	1.209446078820896
e	j_ɪ	1.2006380754767394
ʃː	ʃː	1.1969555491606056
j	r_ɪ	1.1948908605068536
j	v	1.049727646757719
s	ʃ	1.0334808135840867
b	ʤ	1.0290357461275792
o	a	0.9410304738087196
i	r_ɪ	0.9264151411386445
j	ɪ	0.8057046644041358
i_n	ʊ	0.7415603797176432
z_ă	ɪ	0.6914516873875239
l	w	0.65354941134726
<#_a	<#	0.6011249098387756
e	a	0.46595673557955397
nː	n	0.3810575122493134
a	ɪ	0.0387998727749683
i	ʊ	0.020144209260800842
<#_b	<#	-0.46772045332272033
<#_p	<#	-0.11283513214222851
l	ɾ	-0.044846492722534485
i	a	-0.0431354835045589