Phone1	Phone2	PMI
ʣ	ɟː	7.63158089987119
ʃː	ʃː	7.205790255793988
ŋ	ŋ	7.114588399726958
d	d	7.007554889977878
rː	ʐː	6.546325289612782
ɡ	ɡ	6.493667391081096
ɖː	ɖː	6.347233905948419
z	z	6.315674265729082
ʧ	ɕ	6.172051687530409
ʒ	ɕ	6.117133959519407
w	w	5.7545638801346986
m	m	5.610950327453403
f	f	5.507648769162518
s	s	5.431647259568854
f_r	ç	5.3417135727
rː	ɾ_n	5.316267634784253
p	p	5.116648143459328
b	b	5.0538071067006385
k	kː	4.950912391920014
t	tː	4.8963081232568655
j	cː	4.889286046677773
ɣ	k	4.885335811893196
j	r_ɪ	4.851864116166534
ˈe	ˈɛ	4.831553696913317
i_s	ʃ	4.807516476334014
ð	t	4.772049019330591
l	l	4.7666450492911
ŭ_#>	#>	4.750130742581819
n_ʤ	ɲː	4.67261083843504
ˈo	ˈo	4.657228206858533
ˈu	ˈu	4.582015184096604
u_z	ʊ	4.5561566442813675
k	k	4.516427925529432
ˈo	ˈɔ	4.5081577788552
t	t	4.449071778011657
b	v	4.376595420239222
ˈi	ˈi	4.235737601179195
e	i	4.21279406020281
ŏ_#>	#>	4.176001159240848
n	n	4.127046283270917
β	p	4.105093178935326
ˈa	ˈa	3.943732030850522
sː	ɖː	3.89428308736084
a	a	3.838183203476194
r	ɾ	3.8313533330853975
β	v	3.674811276153433
r	r	3.5705671974023536
<#_i	<#	3.49752386141506
ʤ	ɕ	3.4083348137326697
nː	nː	3.40308123129381
u	ʊ	3.364405897494698
i	ɪ	3.3626063982613323
m	mː	3.3452941074959814
i_n	ɪ	3.2960174205367347
r	w_ɾ	3.0935818245578313
o	a	3.072182359855704
b	ʤ	2.991209387430076
e	ɪ	2.7732466124184416
o_z	ɪ	2.7588731365362644
n	nː	2.6689370829238372
j	v	2.6044164264491387
ˈe	ˈi	2.5356315712026642
ˈo	ˈu	2.4790024774766786
r	ɽ	2.4229383235071396
ˈe_z	ˈɛ	2.3124916908567292
<#_d	<#	2.096121543346765
i	i	1.9292190598230174
u	u	1.8620609127168815
nː	n	1.5573174931946339
d_u	ʊ	1.4644073139862845
a_r	r	1.4046748077492883
ă_#>	#>	1.3920003864136161
l	w	1.3231019746744432
z	j	1.2417305141066326
<#_a	<#	1.1840007728272326
b	v_i	1.0670981824659493
s	ʃ	1.0412449237283785
#>	j_#>	0.9920003864136161
ˈa	ˈa_r	0.9907828968126575
ˈe	ˈe	0.9686341791457102
a_z	ɪ	0.7637723484908584
u	cː_ʊ	0.7575013547921495
ˈu	ˈɔ	0.7427624119038425
s	j	0.6683641275905637
i_n	ʊ	0.6388741755092996
o	ɪ	0.5611186914879663
l	ɾ	0.23656108985794777
<#_p	<#	0.06471931211666433
e	a	0.06427656741611966
i	ʊ	-0.025222378433085373