Phone1	Phone2	PMI
ʃː	ʃː	7.693676550737764
ŋ	ŋ	7.207018709970751
ɡ	ɡ	6.789682082924341
ɖː	ɖː	6.704638902264464
d	d	6.5922381555209215
i_s	ʃ	6.554320052120167
ʧ	ɕ	6.523529821011069
ʒ	ɕ	6.513090577267357
j	ˈɔ_cː	6.442977039631377
m	m	5.910055105718384
w	w	5.9088837289442715
ʣ	ɟː	5.719589423507548
b	b	5.460619184077691
s	s	5.406632250541127
f	f	5.357757128879383
t	tː	5.15596368248054
p	p	5.004261098972016
ɣ	k	4.946984209010454
ð	t	4.834475708640349
k	k	4.821636619472555
ˈe	ˈɛ	4.805353684119201
l	l	4.762440321843371
ˈu	ˈu	4.754776567267269
ˈo	ˈɔ	4.73011325302626
j	r_ɪ	4.7151273060803485
b	v	4.668490262185529
t	t	4.627502534838276
e	i	4.31873060376874
n	n	4.291557361819287
n_ˈu	n	4.2668728047309985
j	cː	4.246710592974595
k	kː	4.229297781792233
ˈi	ˈi	4.067463681503699
β	p	4.031960629137391
ˈo	ˈo	4.019191986714924
ŭ_#>	#>	3.999249596922414
ˈa	ˈa	3.9361243617409944
a	a	3.9194463823123455
<#_a	<#	3.8711888105311067
r	ɾ	3.86037965544558
ˈe	ˈe	3.850303227986715
β	v	3.829090153448475
d	j	3.7402155979278398
i	ɪ	3.6277017606809068
r	r	3.6150872092520827
<#_i	<#	3.5900888589997892
rː	ɾ_n	3.518015229785417
f_r	ç	3.293413535664747
u	ʊ	3.26319716214607
ˈa_l	ˈa	3.2020579025617706
e	ɪ	2.892758531977231
ˈo	ˈu	2.752463676890059
u_z	ʊ	2.61033636102679
nː	nː	2.570699841301783
ˈe	ˈi	2.3179620871441244
r_i	ɾ	2.084537844160215
r_ˈa	ˈa	1.8832335831862603
p_r	c	1.7340447364206526
t_r	ɽ	1.6392584987541703
j	v	1.3052727634532064
z	j	1.2524601883435706
s	ʃ	1.0443492394686325
f	ç	0.9991144104652634
i	i	0.9047638644328443
i_n	ɪ	0.7902810869294631
#>	ɪ_#>	-0.3770053444767191
<#_b	<#	-0.06975187168110976