Phone1	Phone2	PMI
rː	ʐː	8.32847208610754
ʣ	ɟː	7.543323426527685
ʃː	ʃː	7.268510282883177
ŋ	ŋ	7.260315926671916
d	d	7.114753401334357
ɡ	ɡ	6.471014831235158
i_s	ʃ	6.447670309294002
ɖː	ɖː	6.367774576537885
ʧ	ɕ	6.2873785957863575
ʒ	ɕ	6.276939352042646
w	w	5.863406492852172
m	m	5.568133720709655
ŏ_#>	#>	5.5633570483095
s	s	5.520778667476533
f	f	5.403790793418761
f_r	ç	5.366726234353561
rː	ɾ_n	5.228637278044063
b	b	5.188909064973148
k	kː	5.1172275037481425
sː	ɖː	5.07846401637295
p	p	4.941576624140495
ɣ	k	4.922820417766957
ŭ_#>	#>	4.8613176210448446
j	r_ɪ	4.857834004518776
nː	nː	4.851647779283392
t	tː	4.8381640412067615
j	cː	4.837857783427775
z	z	4.7735823511484785
ˈo	ˈo	4.716357083025271
l	l	4.711350549036598
ˈu	ˈu	4.683100148824978
k	k	4.656880765997305
ˈe	ˈɛ	4.653272767149949
ð	t	4.651412330794674
ʤ	ɕ	4.591710775040288
ˈo	ˈɔ	4.573224992009298
n_ʤ	ɲː	4.562951902696402
b	v	4.4450342023575296
u_z	ʊ	4.406815992414841
t	t	4.377922605535435
e	i	4.334069240843439
n	n	4.271686279930171
ˈi	ˈi	4.210435859298791
β	p	3.9675737982260686
ˈa	ˈa	3.9391096305232534
r	ɾ	3.867709048121005
a	a	3.8444864696981
β	v	3.7536871260575913
o_z	ɪ	3.726988857455928
r	r	3.54711856226345
ˈe_z	ˈɛ	3.3963134134206077
i	ɪ	3.392699528566744
<#_i	<#	3.3443251209006126
u	ʊ	3.323124500653699
o	a	3.172958759217766
r	w_ɾ	3.090092988559779
m	mː	3.0855455752893066
e	ɪ	2.8377297441214013
ˈo	ˈu	2.553079933140458
r	ɽ	2.4844921982532306
j	v	2.4764265901540203
ˈe	ˈi	2.4199943078401067
i_n	ɪ	2.185859250914132
<#_d	<#	2.0914770460018004
b	ʤ	2.0293758022599238
b	v_i	1.963536235761521
t	ɽ	1.931259519455914
u	u	1.8183222181270322
ˈe	ˈe	1.7916061270815644
i	i	1.7652099168527962
r_u	ʊ	1.7301118539532367
nː	n	1.5797667843705518
d_u	ʊ	1.4421543525926666
ă_#>	#>	1.390839262077375
n	nː	1.3301764960065976
a_r	r	1.3292146303771386
i_n	ʊ	1.3003941091199471
z	j	1.1878374866355859
<#_a	<#	1.18167852415475
s	ʃ	1.050343766006089
r	w_r	0.9996585292425187
#>	j_#>	0.9908392620773752
l	w	0.9408762555905554
ˈi_l	ˈi	0.9021827137208114
ˈa	ˈa_r	0.8738661905450125
ˈu	ˈɔ	0.8099558975900099
a_z	ɪ	0.7656982472746783
u	cː_ʊ	0.7594807739228591
ˈo	u	0.5958727414611404
l	ɾ	0.22051380573059376
e	a	0.1269451242193698
<#_p	<#	0.024064898417080614
i	ʊ	-0.018892865676769306