Phone1	Phone2	PMI
ʃː	ʃː	7.242951618906626
ŋ	ŋ	7.234757262695365
d	d	7.089194737357806
ɡ	ɡ	6.445456167258607
i_s	ʃ	6.357637426163693
ɖː	ɖː	6.3422159125613335
ʧ	ɕ	6.243198050931509
ʒ	ɕ	6.232758807187798
w	w	5.952829596087068
ʣ	ɟː	5.661530715247564
m	m	5.6499431669537
s	s	5.443853390166885
f	f	5.378232129442209
b	b	5.239514757784783
j	cː	5.006980877375593
j	r_ɪ	5.001867407872525
ɣ	k	4.8972617537904055
p	p	4.890816383181523
t	tː	4.885072662358295
l	l	4.754363308232338
ˈu	ˈu	4.751546090829429
ˈe	ˈɛ	4.745492659163286
k	k	4.635298786886863
ð	t	4.631052708524711
b	v	4.602277665368586
ˈo	ˈɔ	4.5910020820611575
t	t	4.420524594377041
e	i	4.412193533444262
n	n	4.289933593453891
ˈi	ˈi	4.154548597625218
k	kː	4.015067642410134
r	ɾ	4.004129403885078
ˈa	ˈa	3.968650884989543
β	p	3.9041411450676105
a	a	3.8448887950321406
ˈo	ˈo	3.788466103566748
β	v	3.69927205080484
r	r	3.587037801763314
f_r	ç	3.39724244545545
u	ʊ	3.394028195136852
i	ɪ	3.2865639957124198
ŭ_#>	#>	3.0201890726557528
o	ɪ	3.0119043034437354
e	ɪ	2.902561728658004
<#_i	<#	2.6822570967781827
ˈo	ˈu	2.58212496804519
u_z	ʊ	2.5252585382889152
ˈe	ˈi	2.421632068080149
j	v	1.5024745649349265
n	nː	1.3492253018012272
s	ʃ	1.0393484746356418
i	i	0.8142937712948395
i	ʊ	0.3819466952639158
a	ɪ	-0.0948911185537271