Phone1	Phone2	PMI
ʧ	k_t	8.809678468558793
ʝ	k_ʊ	8.632299100709005
θ	k_ɛ̃ː	6.985206044600422
ʝ	d_i	6.471521491312123
w_ˈe	ˈɔ	6.466728625738612
ʃ	j	6.445790761098073
j_ˈe	ˈɛ	6.278532997844263
ŋ	n_ɛ̃ː	6.236715473450685
o	ɔ	6.059627171616139
ˈu	ˈuː	6.030261236504264
f	f	5.959028720956667
ŋ	ŋ	5.9401272440523325
ɲ	nː	5.724619486982392
o	oː	5.710589951421904
ˈi	ˈiː	5.542623539780458
d	d	5.410918731158007
m	m	5.211679971424357
ʎ	l	5.199083455871227
k	kː	5.097777341518272
l	ɫ	5.029388737828996
p	p	4.966621057850227
ɡ	ɡ	4.95632936446201
ʃ	sː	4.9451989401786
ˈo	ˈau̯	4.919507594647142
ˈe_ʎ	lʲː	4.903564380962835
ˈe	ˈeː	4.887622215322627
b	w	4.86304040467361
a	ɫ_ãː	4.851609040698805
b	b	4.832853268545594
ˈe	ˈɪ	4.779124792473801
ˈo	ˈoː	4.709249748907771
a	i_ãː	4.618789094695321
s	s	4.575186904719172
ʎ	lʲː	4.5461471684292185
ʃ	ɡ	4.498726568781561
ˈo	ˈʊ	4.417888723246661
ˈa	ˈaː	4.348610106049085
t	t	4.300913742001744
ˈu	ˈʊ	4.278233234116616
ð	t	4.252082597374955
β	b	4.247539037503087
β	w	4.207583370745909
ˈa	ˈa	4.184640700826456
n	n	4.136845905661359
ʎ	p_ɫ	4.011382348897647
u	ʊ̃ː	3.9623908298307167
ɣ	k	3.9603791497760654
ʎ	ɫ	3.877698134759008
e	ɛ̃ː	3.855567256834488
ɾ	r_ɛ̃ː	3.827724811563648
<#	<#_h	3.773685315412392
ɲ	n	3.757607734556423
k	k	3.717879430575469
e	ɪ	3.670296651870032
a	aː	3.6546594485922506
a	a	3.62258076126785
a	ãː	3.585036310434128
r	r	3.509530121914901
ɾ	ɛ_r	3.4036025880701777
ˈi	ˈi	3.34713028392189
j	ˈɛ	3.327237191494624
ˈo	ˈɔ	3.2439105682928626
u	i_ʊ̃ː	3.090362629674801
ɾ	r	3.0539492562863044
ˈe	ˈɛ	3.0031852281862403
t	tː	2.973133234407542
ɾ	r_ɛ	2.9474314408027302
θ	k	2.896499299667402
β	p	2.800781943353652
e	ɛ	2.5741157595363995
β	p_ɛ	2.560222564807624
k	kʷ	2.502929164220601
t	k_t	2.168584175189149
<#_e	<#	2.135790313393154
n	ŋ	1.886596408614917
ˈo	ˈu	1.7962438842261306
θ	t_i	1.4521827490891377
<#_ɡ	<#	1.444683558028661
f_w	f	1.2683356061433475
ˈe	ɛ	1.1863515940625644
θ	t	1.084103663012923
n	ŋ_k	1.060764996005219
e_s	s	1.049414548923253
l	lʲː	0.9678246721199368
ɾ	ɛ_r_ɛ	0.8314026302228903
#>	ɛ_#>	0.8186645755056505
ŋ	n	0.7465964480166718
s	sː	0.7148761667541136
u	t_ʊ̃ː	0.66220321183842
ˈe	ˈɔ	0.3790678353273963
a	ˈa	0.3597795743361945
#>	ɛ̃ː_#>	-0.6564107866983286
<#	<#_p	-0.1974067551885449