Phone1	Phone2	PMI
k_t	tː	7.310255056834431
i	ɲː	7.294054547097456
ɔ	u	7.274682180871081
sː	sː	6.853226533142808
ɪ	i	6.804387555009131
lʲ_i	ʎː	6.754912017692653
ŋ	ŋ	6.675546747281986
lʲː	lː	6.58446395500651
ɡ	ɡ	6.262310998685099
ˈɛ	j_ˈɛ	6.260656987962992
tː	tː	6.200408357468773
b	b_w	6.171817156529162
a	a	6.008096121457972
f	f	5.981141171903973
d	d	5.944149090005533
m	mː	5.754593395238207
ˈɔ	w_ˈɔ	5.747536652267321
m	m	5.69857181139966
ˈaː_r	ˈa	5.592930727676287
ˈoː	ˈo	5.5547446622078445
s	s	5.357510563005087
ˈeː	ˈe	5.235691925256299
aː	a	5.139582878863
ɫ	l	4.988889298407063
p	p	4.939144078787216
kː	kː	4.923250620120884
l	l	4.9223543026083885
w	v	4.909718020561111
b	v	4.840354993120628
ˈɪ	ˈe	4.818962015002362
ˈiː	ˈi	4.780513864366853
ˈuː	ˈu	4.681466531874903
d_i	j	4.59607414327629
ˈʊ	ˈu	4.425356032006309
t	t	4.322662715488995
ˈʊ	ˈo	4.255569226844508
ˈaː	ˈa	4.204986372053424
ˈɛ	ˈɛ	4.177941245297836
kʷ	k	4.096168768839235
ˈa	ˈa	4.087138491288355
n	n	4.082186271870327
r	r	4.042948266469875
ˈɪ_ɡ	ˈi	4.005675217858457
ʊ_ɫ	j	3.9816713266424544
k	k	3.9310633543704494
ˈoː	ˈu	3.893380421708414
ˈau̯	ˈɔ	3.8182583774036094
r	ɾ	3.771984915516694
ˈɔ	ˈɔ	3.666154799202903
s	ʃ	3.57331215654596
ˈɪ	ˈi	3.456592495281792
iː	i	3.3870881574260583
ɡ	ʤ	3.349437331220525
<#_h	<#	3.3268288063618514
k	ʃ	3.2827512203669054
k_ʊ	kː	3.2573919014342128
s_k	ʃː	3.1471586555734343
oː	ə	2.9757114350993543
n	nː	2.9202841177153216
ˈeː	ˈi	2.7824509095934853
ɫ	j	2.628895482057023
t	ʦ	2.5993627681494407
ɛ	ə	2.319634084224947
ãː	ə	2.303365590534108
ʊ̃ː	ə	2.167060940686336
l	j	2.088845385406407
d	ɾ	2.0214257789628083
s_#>	#>	1.9875508487558868
ɛ̃ː	ə	1.8902845702626112
s	ʃː	1.7930829210917278
ɛ_#>	#>	1.5296867992741756
lʲ	ʎː	1.4358416654596144
ŋ	n	1.415415271799416
m	m_j	1.349595203019546
w	v_j	1.334470007768037
<#	<#_w	1.3214660627499222
b	b	1.3042476043650946
i_ʊ̃ː	ə	1.2495395506342173
eː	i	1.2113581571253955
k	kː	1.1975769128429503
ɛ	i	1.162826516349155
n	ɲː	1.115419049669147
e_ʊ̃ː	ə	1.0903676939902622
ˈiː_r	ˈi	1.0724682898735487
p	k	0.7897668716580304
t	ʦː	0.7707796565084244
i_ãː	ə	0.6954043206551679
ɛ_r	ə	0.6416445961913524
ɛ̃	ə	0.6165209792226483
aː	ə	0.5817149276666383
a	ə	0.1230342620208883