Phone1	Phone2	PMI
v	v	6.4282088696278885
o	u	6.302244635964281
ʒ	ʤ	6.122751350573376
ɡ	ɡ	5.9724300828198
b	b	5.943449923696249
f	f	5.675392233504703
d	d	5.270821476415026
ˈu	ˈu	4.966341860106973
ʦ	ʦ	4.898050059550854
s	s	4.831993563129571
m	m	4.768232286142378
n	n_e	4.757345371189366
j	j	4.753291780678883
ˈa	ˈɨ	4.724521185066319
ˈi	ˈi	4.701370771362644
ʃ	ʧ_e	4.621092703998427
k	k	4.542393420249171
ˈe	ˈe	4.542236919420164
ˈɛ	j_ˈe	4.469293416656429
t	p_t	4.443451592569646
l	l	4.252666973779556
p	p	4.235308511878198
ɲ	m	4.192638147854306
ˈo	ˈu	4.18466775642511
w	l	4.18449936681993
ʨ	ʧ	4.155705814868637
e	i	4.090143294125971
ˈɔ	ˈo	4.026852895629851
d	z	3.990115783718021
ˈo_w	ˈu	3.95703028821047
ˈa	ˈa	3.9347409604171006
t	t	3.909302035798908
w_ˈɛ	o̯ˈa	3.828040686000095
t	t_e	3.805424273059411
ʨ	k	3.7752787003127657
ʃ	s	3.7606078426506535
a	ə	3.753356836485416
a	a	3.6672718985706343
n	n	3.6393142429600194
ˈɔ	o̯ˈa	3.574673163331891
#>	w_#>	3.3264381821040643
ˈɛ	ˈa	3.134427974237289
r	r_e	3.131965434113328
r	r	3.113294514725618
ˈo	ˈo	3.03493681014746
ˈɔ	ˈu	2.9816194910078067
#>	u_#>	2.9735814543626278
ˈɛ	ˈe	2.658703202678125
e	e	2.5925304131679567
m	m_e	2.190203166471588
w_ˈɛ	ˈo	2.1484851723145804
ŋ	n	2.092876041466706
w	o̯ˈa	1.956566285119972
j_ˈɛ	ˈe	1.9131506977229893
ˈɛ	ˈi	1.6540114398752708
d_l	kʲ	1.5834459948288202
l	r	1.5122311972688736
ˈe_j	e̯ˈa	1.474581891584058
ɡ	b	1.4503251664746024
e	u	1.4321880800449494
e	ə	1.2028045308376087
e	e_r	1.106143140735797
p	p_j	1.0576223372467344
j	e̯ˈa	1.032011713042426
ɲ	n	0.9254896436529932
f	w	0.9102400423603412
d	t	0.8097723849096787
ˈe	r_e	0.751039373748677
n	n_ə	0.6951815509438805
ˈe	e	0.5631868279822431
a	e	0.3450582268016561
j	e	0.3218557611990863
<#_l	<#	0.2573107529570954
#>	e_#>	-0.944741401288862