Phone1	Phone2	PMI
w	w	7.488365980581621
ˈi_n	ˈĩː	6.607732043239406
ˈa_n	ˈãː	6.5382033655623815
ˈo_n	ˈũː	6.1476400175495645
e	e	5.765689213703872
d	d	5.668431002885683
m_i	m	5.420130117673872
ð	d	5.3372401043402755
t_u	t	5.254591823010449
p	p	5.120136096168612
ˈu	ˈu	5.041438457013194
m	m	4.869702505830929
u	ˈy	4.848337604484159
r_u	r	4.813489025076341
s	s	4.811947877625635
ˈu	ˈy	4.802254415018142
ˈo	ˈøː	4.788523024083354
ʧ	ʧ	4.788298284711689
o	u	4.764006995619551
b	b	4.701576716699444
ˈo	ˈø	4.620329096151157
n	n	4.51227427555865
b	ʋ	4.480367187552442
ˈa_r	ˈa	4.469036153605337
f	f	4.448255327081695
t	t	4.436333314637047
ˈi	ˈi	4.409845759460081
ˈa	ˈaː	4.318544521377978
ˈe	ˈɛ	4.285748989241774
k	k	4.233089625055541
r_i	r	4.218075104522241
ˈo	ˈɔ	4.096497946321877
ˈi	ˈe	4.082193922077048
l	l	3.996047354509732
ɡ	ɡ	3.9459089937122362
nː	ɲ	3.9135550468772324
ɖː_u	l	3.8194078849809383
β_u	f	3.779080605379584
a	a	3.777691936897912
ˈa	ˈa	3.735727687831772
ˈo	ˈu	3.5338804621124864
ˈe	ˈe	3.4743790814404467
r	r	3.397815843017208
i	e	3.1557224455146438
ɣ_u	k	2.919980320699751
t_i	ʧ	2.9049625052369645
#>	f_#>	2.843225986244046
ˈe_n	ˈẽː	2.8419071148980026
z	s	2.8405427448838823
r	j	2.8054076620201727
#>	ʧ_#>	2.7847830879345845
β	ʋ	2.6877021488144575
j_#>	#>	2.6719682387455315
l_u	l	2.6066698410731437
r_ˈa	r	2.566933295159439
e_#>	#>	2.5350976290279563
#>	u_#>	2.4706354926893295
#>	k_#>	2.319914134235084
ŭ_#>	#>	2.138605493266254
#>	ˈi_#>	2.09091573975515
ˈe	ˈe_j	2.0150960659004475
<#_ˈa	<#	1.9421203967128329
ʒ_i	s	1.9185516096032846
ˈu	ˈyː	1.7511560183698893
ʃː	s	1.690708618777228
t_i	t	1.5787753652308565
#>	m_#>	1.492721555620171
ˈo	ˈyː	1.4475470517912499
ˈi_ʣ	ˈi	1.172188261095373
#>	s_#>	1.1553013587326226
ˈe_ɖː	ˈɛ	1.1156172700777507
n_ˈu	n	0.9535941215276942
ʒ	s	0.9516247423574787
#>	ˈɛ_#>	0.940531508678182
ʣ	j	0.9329803917359213
ˈa_j	ˈa	0.930297587969583
s_u	s	0.9148198212483377
i	ˈi	0.9080293855343319
ɣ	k	0.8507819342917424
rː_u	r	0.804311616642582
#>	r_#>	0.785960330254743
i_#>	#>	0.7295963616580123
rː	r	0.6811075441950615
#>	t_#>	0.5386054932662543
t	ʧ	0.5038210456260372
#>	l_#>	0.3891268593766902
<#_b	<#	0.2590424154282301
u_#>	#>	-0.2025419223493363