Phone1	Phone2	PMI
w	w	6.801938543238486
z	ʃ	6.556594874466852
i	i	6.060320453302033
j	ʧ	5.980511119986507
d	d	5.913301208055018
o	o	5.833526673165834
f	f	5.828976679983814
ɲ	ɲ	5.779587133342507
ɡ	ɡ	5.571657856624559
ˈy	ˈu	5.500755272464332
l	l_ʊ	5.487165806248661
j	ʎ	5.318166572276454
ɡ	ɣ	5.252832754232736
m	m	5.064515687541276
m	m_ɪ	5.061616405964185
s	s_ʊ	5.026547836537606
k	ɣ_ʊ	5.006145872608773
p	p	4.9757903428207
ˈɛ	ˈɛ	4.831575508904922
t	t_ʊ	4.80993327915589
ˈø	ˈɔ	4.799555669972623
ˈi	ˈi	4.687240339573265
ˈa	ˈa_ɾ	4.657023581586548
n	n	4.651323150434191
b	b	4.621036193978228
l	l	4.481368816557469
e	e	4.465090807787713
ˈɛ	ˈe_j	4.388837739907912
r	ɾ_ʊ	4.38773291976574
d	ð	4.371518725157379
k	k	4.349071273394911
k	k_ʊ	4.296418486643947
#>	s_#>	4.2575025243959415
r	β_ɾ	4.17365505418746
ɲ	ɲ_ʊ	4.164404118064182
ˈu	ˈo	4.072767365686891
ˈe	ˈɛ	4.0597978257521135
<#	<#_e	4.029141372654967
ˈo	ˈo_w	3.971084790640966
s	θ	3.949446998444144
r	r	3.92939648614358
t	ð_ʊ	3.9132302368512737
ŋ	ŋ	3.858293066642689
ˈɛ	ˈe	3.807552699259439
ˈa	ˈa	3.788703887319004
ˈɔ	ˈo	3.749714185688535
a	ɐ	3.733471686426247
ˈɔ	ˈɔ	3.7205633796492186
ˈo	ˈɔ	3.701358258064343
ˈe	ˈe	3.648911802471456
s	s	3.555832665026547
e	ɾ_ɪ	3.516866916752745
b	β	3.4882367795539606
ˈo	ˈo	3.46157942982617
ˈa	ˈɑ	3.457262052297068
n	ɲ	3.388959179443436
ˈu	ˈɔ	3.353085942446328
t	t	3.325533886373653
a	a	3.208018344283556
#>	ŋ_#>	3.2064692918958504
ˈi	ˈe_ɾ	3.192538012862506
t	ð	3.1139707486754964
ʋ	b	3.1073036379249697
e	ɪ	3.02409079359216
ŋ	n	2.9735279298427133
r	ɾ	2.939034937765025
ˈe	ˈi	2.8773608466965075
t	t_ɪ	2.86552898240875
ˈo	ˈu	2.863528185741936
ˈa	ˈɑ_ŋ	2.7913068192303063
o	ʊ	2.5742553783740942
f	β_ʊ	2.490794326238133
s	ʃ	2.471196490175724
ˈi	ˈe	2.4088600855771283
r_e	ɾ	2.302369127126762
ˈø	ˈu	2.291709253730561
t	n_t_ɪ	2.0242531893916453
a	a_β	1.985281164999113
f	β	1.7970215391132824
e_r	ɾ	1.692443307257398
ˈø	ˈo	1.614460678912425
l_#>	#>	1.549260715643744
i	e	1.509875542059821
ʤ	ʎ	1.4793615636003443
#>	ɪ_#>	1.465737650358922
e	ʊ	1.310475763883319
ˈi	ˈi_ɾ	1.300186042540021
ˈe	b_ˈi	1.1533985899640964
t_e	t	0.9420591353558592
t	j_t	0.9349919224950302
<#	<#_b	0.9190579748901104
t	d	0.8637987920766788
n_a	ɐ	0.7649371785318799
e	a	0.6100461237448375
r_#>	#>	0.3953648102899153
ˈɛ	ˈi	0.3391323649752036
#>	ʊ_#>	-0.6078665448700703
#>	ɾ_#>	-0.0158204463343506