Phone1	Phone2	PMI
f	f	8.425606661473074
ŋ	ŋ	7.908786142760644
ɲː	ɲ	6.708600932534196
ˈɛ	j_ˈe	6.446139420986839
lː	ʝ	6.442043220746498
tː	ʧ	6.437306211177349
ɡ	ɡ	6.219466988819189
d	d	6.188471504398355
ʎː	x	6.153865413199391
ʧ_e	θ	6.11982824873434
ʤ	x	5.756850487512721
ˈu	ˈu	5.611903118613988
ˈɔ	w_ˈe	5.554967969003134
ɡ	ɣ	5.294910359889011
m	m	5.196247287896236
ʧ	θ	5.192272682800757
ˈi	ˈi	4.9480039290323985
kː	k	4.91603396900895
w_ˈɔ	w	4.909610367907941
l	l	4.815216860920367
p	p	4.806033007890597
n_e	n	4.775543167981589
b	b	4.754479911494416
t	t	4.692020349907432
v	b	4.66942005248849
s	s	4.6382215640640005
#>	s_#>	4.592621155199891
ˈo	ˈo	4.590891714797551
r_e	ɾ	4.494983505287275
k	k	4.456398390008045
w	w	4.331682916233534
e	e	4.318742141550198
t	ð	4.301188007109066
e_r	ɾ	4.289455303024044
ˈa	ˈa	4.266680414731731
i	e	4.2040784656174
kː_j	x	4.016611315753024
n	n	3.9221141079735515
j	j	3.9003362850481436
ˈɔ	ˈo	3.8658843367898537
j	ʝ	3.865074596500797
nː	ɲ	3.792893604063628
i	i	3.772073182153105
v	β	3.770005103713653
r	r	3.7085000791691765
a	a	3.565357373577206
m_e	m	3.537837521377199
ˈe	ˈe	3.534157896254829
tː	t	3.4711352702621534
o	o	3.4582044116041772
b	β	3.4017309699220664
k	ɣ	3.3789639532480953
ʃː_e	θ	3.373122645998342
j	ɟ͡ʝ	3.3235345202567714
p	β	3.317854363518379
r	ɾ	3.2919047790323064
p_j	ɟ͡ʝ	3.2895322862676757
l_e	l	3.2805131771786287
<#_a	<#	3.146952523961787
d	ð	3.0660912776668883
<#_f	<#	2.937114360094109
n	ˈe_n	2.8110066290376143
ˈɛ	ˈe	2.7824454816481508
r	ˈe_ɾ	2.6876879210202715
e_r_e	ɾ	2.6231264595655146
ʤ	θ	2.45712112934773
s	e_s	2.3786143577380003
<#_b	<#	2.3189808108370253
v	ˈe_β	2.3171456516375497
tː	ð	2.2804488887784045
ˈi	j	2.2000342963516712
<#_ˈa	<#	2.1563043912405657
bː	β	1.7989220358201246
sː	s	1.7348356608230642
j_a	a	1.6993979492394866
<#	<#_e	1.5906150116603501
ˈo	ˈu	1.471328768472739
i_#>	#>	1.4375362608270437
lː	l	1.3805328760582483
ˈo	w_ˈe	1.2598288194507683
<#_ʤ	<#	1.2059309670710556
p_e	β	1.1645131123258083
t_ˈu	t	1.0932265143019182
#>	e_#>	1.085618105041128
ʤ_e	e	1.0669543439829767
j	ɲ	1.043226566444218
o	s_o	0.9591980312484223
ˈu	ˈo	0.9557596267570091
z	s	0.9332513614452191
a	θ_a	0.7912114002141842
#>	l_#>	0.6579668930355018
ˈo	w	0.5457036619763997
ˈe	ˈi	0.354040762975775
e	ˈe	0.29225013519581555
ˈɔ	ˈe	0.26599291919439716
e_#>	#>	-1.5498690047935164
<#_k	<#	-0.11107893066649752