Phone1	Phone2	PMI
f	f	8.465636758787982
ŋ	ŋ	7.485715874929966
lː	ʝ	6.933954720127265
ɲː	ɲ	6.708230035361857
ʎː	x	6.574552643917638
tː	ʧ	6.147839591436414
ɡ	ɡ	6.044054269688131
ʤ	x	6.000879593739839
ˈɛ	j_ˈe	5.968568669286595
ʧ_e	θ	5.927353656648699
d	d	5.880513997111458
ˈu	ˈu	5.745661007822884
w	w	5.140958149640476
m	m	5.077431804322803
ʧ	θ	5.041986178213373
ɡ	ɣ	4.993793653641797
p	p	4.895255104407182
ˈɔ	w_ˈe	4.882397741496694
b	b	4.844920956712269
j	j	4.838185226566019
ˈi	ˈi	4.823119804992938
kː	k	4.747592511201457
l	l	4.714875145409253
s	s	4.689238144847473
r_e	ɾ	4.642828061541703
n_e	n	4.563068407585033
ˈo	ˈo	4.546012082127334
t	t	4.506495828726785
v	b	4.486553823497182
i	e	4.296957224391354
#>	s_#>	4.26525537062374
ˈa	ˈa	4.258349385843226
k	k	4.255788381934866
t	ð	4.0859982045837135
e	e	4.014820944793861
r	r	3.995971307857124
e	ɾ_e	3.953997208352254
n	n	3.942644554349385
v	β	3.915176080173715
j	ʝ	3.754437436757781
nː	ɲ	3.673087303611724
i	i	3.6499126184521926
ˈe	ˈe	3.6476043869118886
b	β	3.595992225180756
a	a	3.53707495106499
j	ɟ͡ʝ	3.5241805417581924
r	ɾ	3.4879179233072595
o	o	3.4653182493969528
tː	t	3.3524853153012253
ˈɔ	ˈo	3.3398675377123723
p	β	3.327274876585862
k	ɣ	3.2498988802655924
l_e	l	3.120536544886669
ˈɛ	ˈe	3.096245886718163
m	m_b	3.0772715769518344
ʧ	θ_j	2.9735157726673838
d	ð	2.8900252779910978
ʤ	θ	2.445919975452613
p	p_w	2.4037355626447816
<#_f	<#	2.355736240972405
s	e_s	2.190905638202214
ˈo	w_ˈe	2.16823687137922
bː	β	2.071253705812053
ˈo	ˈu	2.067390499256534
sː	s	1.7049429637954108
ˈɔ	ˈe	1.6372625259709075
ˈu	ˈo	1.540009409016478
<#	<#_e	1.5262293926828778
ˈɛ	ˈi	1.4465725481937066
tː	ð	1.375443984165882
ˈi	j	1.2268565070206054
<#_ʤ	<#	1.2059309670710556
j	l	1.11580525943728
ʤ_e	e	1.1092555512881634
f_ˈi	ˈi	1.0729465050920175
v	b_j	1.0511918522208683
k	k_w	1.0209890127122427
ʃː	θ	0.9885202626201552
z	s	0.9030103443252668
e	ˈe	0.68893837583916
ˈe	ˈi	0.3835750865843554
i	o	0.2764573682798702
e_#>	#>	-2.825740862511252
a	e	-0.0635071508301272