Phone1	Phone2	PMI
ɲ	ɲ	6.725664326043322
w_ˈɛ	ˈø	6.508806473372532
o	u	6.315170842064495
ˈu	ˈy	5.624994579009821
f	f	5.526231805437999
m	m	5.388234690987766
ɡ	ɡ	5.366244013523494
b	b	5.177284616886284
p	p	5.176615344989211
e	e	5.155481840334375
d	d	5.121175343089557
ˈi	ˈi	5.108968547976587
ˈo	ˈu	4.876610727091864
v	v	4.855623444174106
ʒ	ʤ	4.820179517089587
ŋ	ŋ	4.6878607895557405
ˈɔ	ˈɔ	4.63148336793083
ʒ	z	4.5695833688556124
j	j	4.534223201537998
ʨ	k	4.331347756701149
t	t	4.29212524068843
l	l	4.271601657666691
ˈa	ˈa	4.266207821025133
ʃ	z	4.239028942229667
ʦ	s	4.162166335170688
ˈe	ˈe	4.109394751057643
k	k	4.028137373202736
v_e	v	4.012341579071486
s	s	3.9857403826621054
w	w	3.948862400478861
r	r	3.8995996280118295
ʧ	s	3.848758216625909
ˈɛ	ˈɛ	3.831595845758273
i	i	3.8241935521148287
n	n	3.677228472544305
a	a	3.6579140302843696
n	ŋ	3.444528726087729
k	k_w	3.4123009233014368
ʃ	s	3.411170280250884
w	ˈɔ	3.2836012979387648
ˈo_w	ˈu	3.229004477645858
k	ɡ	2.9869848312012537
d_l	j	2.8438504560084805
ˈe	ˈɛ	2.8051488853662137
e_m	m	2.801646300527499
j_ˈɛ	ˈɛ	2.7588200355537684
ˈɔ	ˈø	2.6728025934906645
e	i	2.445866062790875
ˈɔ	ˈu	2.3871409800691503
e	ə	2.326390742907292
ˈi	ˈi_j	2.24147722184785
ˈe_j	ˈe	2.230754919844426
ʥ	ʤ	2.121635425626488
e_s	e	2.1021895543003764
l	j	2.082107419070735
ˈɛ	ˈa	1.862848193559368
ʒ_ɡ	v	1.8410110208331647
ˈo_s	ˈu	1.78318229742449
n_d	n	1.6386170364696422
ˈɛ	ˈe	1.5441102338116173
f	v	1.4073521988586468
t	d	1.399325064462536
d_a	a	1.29720911583631
d	ʤ	1.164645998024226
ˈe	ˈɔ	1.154252253802505
j_ˈe	ˈe	1.1231163656814194
ˈo	ˈɔ	1.0263455545478173
w_ʃ	z	0.9675948499487091
ˈe	ˈə	0.9421541381677432
ʨ	ʧ	0.8487748163046553
ˈɛ	ˈi	0.8263145743592751
e_r	r	0.7730718224909949
w_r	r	0.6900643226352261
a	v_a	0.6791080744857158
w_ˈɛ	ˈɔ	0.6632043093096379
j_ˈɛ	ˈe	0.5984459131873916
ʨ	s	0.5729569465250423
e	a	0.5352444775749122
#>	j_#>	0.4945986562333627
s	z	0.4600819357538691
#>	z_#>	0.4400155670897826
d	t	0.3415443050873031
ˈe	ˈi	0.2912082880267312
ˈe	ˈa	0.0823294641550405