Phone1	Phone2	PMI
ɲ	ɲ	7.638056279532188
ˈu	ˈy	6.268456898221198
w_ˈɛ	ˈø	6.187459952295704
ɡ	ɡ	6.169727431426156
i	i	6.033306843647757
b	b	5.949026700661308
o	u	5.768442177594269
ˈo_w	ˈu	5.537781511825019
f	f	5.491955578298808
ˈe_j	ˈe	5.384391652395543
j_ˈe	ˈe	5.313162890350488
m	m	5.178086152827523
ˈi	ˈi	5.01724467155689
e	e	5.0105415120491426
p	p	5.0081530174816
ˈo_s	ˈu	4.855787885904929
ˈɔ	ˈɔ	4.847562478660825
ˈo	ˈu	4.822441722318079
d	d	4.815002872408879
v	v	4.597627995145719
ʒ	ʤ	4.543008930642807
ʒ	z	4.5340867533027485
ʥ	ʤ	4.5094578173385225
j	j	4.434290317918959
t	t	4.432568729563436
e_r	r	4.400126320262998
ˈa	ˈa	4.398843860552672
ŋ	ŋ	4.319098463878541
j_ˈɛ	ˈɛ	4.281748397725798
l	l	4.280393606589095
s	s	4.268897592012884
e_m	m	4.105609846875534
w	w	3.978767310485953
ʨ	k	3.971323843510624
ʦ	s	3.9619884535752776
ˈe	ˈe	3.9253381869707087
ʧ	s	3.8885148039977717
n	n	3.8848496236122836
ˈɛ	ˈɛ	3.8836483090285983
k	k	3.7663418203999544
r	r	3.7446521870441054
d_a	a	3.6861400570776532
a	a	3.660984210783697
ʃ	z	3.62114033361942
ʃ	s	3.608493999556884
n	ŋ	3.5328153912285902
w_ʃ	z	3.4326417605128627
k	ɡ	3.4170395207124056
k	k_w	3.2150443476169968
d_l	j	2.9161119595504963
d	ʤ	2.886382665913169
ˈɔ	ˈø	2.8421487232042026
ˈe	ˈɛ	2.7674492421307413
e	i	2.536238367958739
ʨ	s	2.290116251493022
ˈi	ˈi_j	2.2678410875972244
u	u	2.1420154886837715
ˈɛ	ˈa	2.0115089456717787
ʨ	ʧ	1.9786280409956891
o	ˈø	1.9564185632351432
ˈɛ_ɡ	ˈe	1.9035937573441397
w_ˈɛ	ˈɔ	1.8895515350510736
n_d	n	1.8245921575900097
ʒ_ɡ	v	1.8133343314207007
w	ˈɔ	1.6814413584925374
s	z	1.5937105107785896
j_ˈɛ	ˈe	1.5436607842540813
#>	j_#>	1.5428208584095346
t	d	1.5343585409586558
l	j	1.5330596777446464
ˈi	e	1.5141925539815484
j_ˈɛ	j	1.4542284340885379
ˈɛ	ˈe	1.4317009476509452
ˈe	ˈɔ	1.4308098258493624
ˈɔ	ˈu	1.4277258122778862
f	v	1.3558737692605838
d	t	1.196447832638726
ˈa	w_ˈa	1.1702203748734568
e	a	1.0244483742108306
v_e	v	0.9837656777092316
ɡ	ʤ	0.9591245987253341
s_e	s	0.91986455276085
ˈo	ˈɔ	0.9086058529729543
w_r	r	0.8616380100710312
#>	r_#>	0.8306988666931993
a	v_a	0.8216007006256583
j_#>	#>	0.7671399095503132
ˈe	ˈi	0.7410445493504253
e	ˈɛ	0.28887511739107635
ˈɛ	ˈi	0.26075397945939927
ʒ	s	0.22005587476682206
ˈe	ˈa	0.211437805374315