Phone1	Phone2	PMI
ɡ	ɡ	6.761259587628635
b	b	6.5640601241848175
ʣ	z	5.630810830241647
u	o	5.348451011244929
ˈa_r	ˈa	5.233989350081389
f	f	5.180214682007673
i	i	5.129093659002844
d	d	5.127168225656833
ˈo	ˈɔ	4.700338908662695
ˈi	ˈi	4.554523996022132
m	m	4.516451732621297
ʦ_i	s	4.435399296842716
i	e	4.410578522036637
ˈu	ˈy	4.297965164827045
r_u	r	4.226834104216283
n	n	4.183090020016625
p	p	4.169565803256944
t	t	4.143291486340172
o̯ˈa	ˈɔ	4.138651117866072
ˈe	ˈɛ	4.087607902414582
ˈa	ˈa	4.044844203155497
ɲ	ɲ	4.007322973677197
ʦ	s	3.8295075308520112
e̯ˈa	ˈɛ	3.824673764491589
ˈu	ˈu	3.758891095134506
ɲ	m	3.7486836503136463
l	l	3.704940629968943
ˈi	ˈe	3.6757420942832346
<#_j	<#	3.627971932645006
k	k	3.6024306719081385
ˈɨ	ˈa	3.561575613959736
ç	f	3.539790356600031
r	r	3.5249598062158944
ˈu	ˈo	3.5225365143841514
o̯ˈa	ˈu	3.487058110634992
ə	a	3.4565512585278597
ʎ	l	3.4432753000516985
ʤ	z	3.411536807337795
ˈo	ˈø	3.4020045321658854
s	s	3.397068002968471
e̯ˈa	ˈe	3.289323410256959
ˈi_n	ˈe	3.253516369892098
t_u	t	3.0060005696576555
l	j	2.797005154068824
n_#>	#>	2.6411602530601863
ˈɨ_n	ˈa	2.5353050815316243
w	ˈø	2.4075130544809475
ˈa	ˈo	2.279223588824827
w	f	1.9678769625146824
<#_a	<#	1.96158386026121
n	ɲ	1.8339961286866524
t_ə	t	1.7848704617162876
ʃ_t	s	1.770309103420468
ˈe	ˈe	1.7617315628592682
ˈu	ˈø	1.6046120773162047
t	d	1.510078939317819
ʣ	d	1.3647452928235624
u_#>	#>	1.3362040573528395
r	l	1.3184422224436725
k	p	1.297438265058073
a	j	1.2235054187890124
<#	<#_a	1.1920003864136164
ʎ	ʤ	1.1826113161211755
r_i	ˈi	1.180568442838911
k	ɡ	1.1306078585149852
i_r	ˈi	1.1142254034872658
j	ˈɛ	1.076675744965662
ˈo_w	ˈø	1.034294970861201
ˈi_r	ˈi	1.0063711165442182
r_i	r	0.971320303390519
ˈi_n	ˈi	0.9439037714658
m_i	m	0.9260041412979794
n_t	t	0.8863572379219453
ˈɨ	j	0.88237825495787
p_t	t	0.8667768544073539
i	a	0.8095346587715404
e_#>	#>	0.7860509177348057
u	ˈø	0.7507494334750835
e̯ˈa	ˈi	0.650399138166345
ˈi	ˈø	0.5955202845666767
ʦ	k	0.5183756259721597
#>	s_#>	0.2821437081258532
i_#>	#>	-0.3192918898059025