Phone1	Phone2	Surprisal	OOV_Smoothed
a	ɛ	1.0100833515281618	5.0683761981019195
a	a	1.2090694980010592	5.0683761981019195
a	ɑ	4.25043280818063	5.0683761981019195
b	b	-0.0	5.0683761981019195
d	d	0.333214915326842	5.0683761981019195
d	ʣ	2.2776436348435056	5.0683761981019195
e	e	-0.0	5.0683761981019195
f	f	-0.0	5.0683761981019195
i	i	0.5588727743429724	5.0683761981019195
i	ɪ	1.6386015158780132	5.0683761981019195
j	j	-0.0	5.0683761981019195
k	k	-0.0	5.0683761981019195
l	l	-0.0	5.0683761981019195
m	m	-0.0	5.0683761981019195
n	n	-0.0	5.0683761981019195
o	oʊ̯	0.17909633786859935	5.0683761981019195
o	o	3.098580541347158	5.0683761981019195
p	p	-0.0	5.0683761981019195
s	s	0.08847329909687122	5.0683761981019195
s	-	4.0713910305352	5.0683761981019195
t	t	0.12954210629298088	5.0683761981019195
t	ʦ	3.5415597877903746	5.0683761981019195
u	u	0.23569657244739506	5.0683761981019195
u	ʊ	2.7300079020958123	5.0683761981019195
v	v	-0.0	5.0683761981019195
w	w	-0.0	5.0683761981019195
y	y	0.10045573003980891	5.0683761981019195
y	ʏ	3.8940710365141515	5.0683761981019195
z	z	-0.0	5.0683761981019195
ø	øʏ̯	-0.0	5.0683761981019195
œ	aœ̯	0.9306107800807103	5.0683761981019195
œ	œ	1.0728960049561522	5.0683761981019195
ɑ̃	ã	-0.0	5.0683761981019195
ɔ	ɑɔ̯	0.9967741330750424	5.0683761981019195
ɔ	ɔ	1.0032330961327522	5.0683761981019195
ɔ̃	ɒ̃ʊ̯̃	-0.0	5.0683761981019195
ə	œ	-0.0	5.0683761981019195
ɛ	æɛ̯	0.25338735224011355	5.0683761981019195
ɛ	ɛ	2.9763933371034237	5.0683761981019195
ɛ̃	ẽɪ̯̃	-0.0	5.0683761981019195
ɡ	ɡ	-0.0	5.0683761981019195
ɥ	ɥ	-0.0	5.0683761981019195
ɲ	ɲ	-0.0	5.0683761981019195
ʁ	ʁ	-0.0	5.0683761981019195
ʃ	ʃ	-0.0	5.0683761981019195
ʒ	ʒ	-0.0	5.0683761981019195