Phone1	Phone2	Surprisal	OOV_Smoothed
a	ɛ	1.112546725503718	5.06405905843622
a	a	1.2099434651041965	5.06405905843622
a	ɑ	3.9259533760980747	5.06405905843622
b	b	-0.0	5.06405905843622
d	d	0.3914431891130577	5.06405905843622
d	ʣ	2.0731904409500737	5.06405905843622
e	e	-0.0	5.06405905843622
f	f	-0.0	5.06405905843622
i	i	0.48412940584925773	5.06405905843622
i	ɪ	1.8106035892051746	5.06405905843622
j	j	-0.0	5.06405905843622
k	k	-0.0	5.06405905843622
l	l	-0.0	5.06405905843622
m	m	-0.0	5.06405905843622
n	n	-0.0	5.06405905843622
o	oʊ̯	0.16208944309937048	5.06405905843622
o	o	3.2341903444967723	5.06405905843622
p	p	-0.0	5.06405905843622
s	s	-0.0	5.06405905843622
t	t	0.2908057634266731	5.06405905843622
t	ʦ	2.453599894556859	5.06405905843622
u	u	0.10728281042256892	5.06405905843622
u	ʊ	3.802584541781559	5.06405905843622
v	v	-0.0	5.06405905843622
w	w	-0.0	5.06405905843622
y	y	-0.0	5.06405905843622
z	z	-0.0	5.06405905843622
ø	øʏ̯	-0.0	5.06405905843622
œ	aœ̯	0.7957088367537439	5.06405905843622
œ	œ	1.2380682353402734	5.06405905843622
ɑ̃	ã	-0.0	5.06405905843622
ɔ	ɑɔ̯	0.7698299041313611	5.06405905843622
ɔ	ɔ	1.273994077268768	5.06405905843622
ɔ̃	ɒ̃ʊ̯̃	-0.0	5.06405905843622
ə	œ	-0.0	5.06405905843622
ɛ	æɛ̯	0.2202394170138887	5.06405905843622
ɛ	ɛ	3.0683603861505917	5.06405905843622
ɛ̃	ẽɪ̯̃	-0.0	5.06405905843622
ɡ	ɡ	-0.0	5.06405905843622
ɥ	ɥ	0.07656656255485639	5.06405905843622
ɥ	-	4.274022044936968	5.06405905843622
ɲ	ɲ	-0.0	5.06405905843622
ʁ	ʁ	-0.0	5.06405905843622
ʃ	ʃ	-0.0	5.06405905843622
ʒ	ʒ	0.048293828045856885	5.06405905843622
ʒ	-	4.924863293756141	5.06405905843622