Phone1	Phone2	PMI
ɣ_e	z	6.903507559292147
o	u	6.50761930781604
e_r	e	6.187496088948811
i	i	6.161384911086559
ɡ	ɡ	5.686492878585763
r_e	ˈe	5.577017993539732
t_e	t	5.385284221416915
n_u	ŋ	5.34841534378287
ˈu	ˈy	5.145317947586042
f	f	5.059893447881308
ˈa_ð	ˈa	5.018652882522618
d	d	5.018527492380665
ˈe_ɖː	ˈɛ	4.936889431381253
t_u	t	4.93509666756463
ɣ	z	4.888809916226907
e	e	4.835357041378831
ŭ_#>	#>	4.8310985565377305
ð	d	4.818271607134611
ˈi	ˈi	4.815345714452699
b	b	4.761809956295121
p	p	4.715810644662591
β	v	4.659234591376967
<#_i	<#	4.643856189774724
l_e	l	4.636694126401255
m	m	4.544521792476168
r_u	r	4.510180972171572
ˈa	ˈa	4.449075829099125
n	n	4.322727791846114
t	t	4.283633049436488
ˈu	ˈu	4.2705585644181285
b	v	4.174910944894497
p_u	p	4.077079734834071
l	l	4.032863436166173
s	s	4.0224254461922335
l_u	l	3.975127793409962
k	k	3.915107499167016
ˈo	ˈø	3.9128418830659735
ĕ_#>	#>	3.811005262968849
ˈo	ˈɔ	3.800015996205542
a	a	3.799892781121323
ˈe	ˈɛ	3.7944402562148767
r	r	3.537427112732084
n	ŋ	3.3994059164399766
m_i	m	3.160704257929692
ˈe	ˈe	3.078177767482804
i_#>	#>	3.00965404982517
ˈo	ˈu	2.987911158504985
ɡ	ʤ	2.912468215674477
ɣ_u	ɡ	2.8962380109993737
#>	l_#>	2.647083970440462
rː	r	2.3994242975740856
k	ʧ	2.360336140104099
m	ŋ	2.344235142392019
k_r	j	2.134260373238749
r	j	2.095183802174724
β_u	v	2.060955757885772
m_e	m	2.018026520353371
u	j	1.9052658140040464
k	s	1.9021954493491755
ˈi	ˈe	1.8812038449126312
e	ˈe	1.8415163345747008
ʣ_u	j	1.807828027320156
ʣ	j	1.769752018779124
r_u	j	1.5539358923215103
i	e	1.4358367931057718
u	i	1.2930002923105255
o_#>	#>	1.270335087656283
ˈi	ˈɛ	1.1244132868412564
n_e	ŋ	1.114361946515548
s_k	s	0.954689586051282
z	j	0.9341787636859392
o_r	r	0.874706106383031
b	k	0.746047340521415
e_r	r	0.644305487694021
#>	r_#>	0.2363500873678203
u_#>	#>	-0.6660672359166881
e_#>	#>	-0.5841628009920543