Phone1	Phone2	Surprisal	OOV_Smoothed
a	a	0.11953220356771684	4.79113581626312
a	-	3.6526485892759277	4.79113581626312
b	b	0.09269317548077201	4.79113581626312
b	b_e	4.0062578870049625	4.79113581626312
d	d	-0.0	4.79113581626312
e	e	-0.0	4.79113581626312
f	f	-0.0	4.79113581626312
i	i	0.5685751191237395	4.79113581626312
i	e	2.059264216906087	4.79113581626312
i	j	3.543228072966637	4.79113581626312
j	-	0.3567415706664399	4.79113581626312
j	j	2.190512238778716	4.79113581626312
k	k	-0.0	4.79113581626312
l	ʎ	0.6631972713900423	4.79113581626312
l	l	1.44017452064116	4.79113581626312
m	m	-0.0	4.79113581626312
n	n	0.2115335721686236	4.79113581626312
n	ɲ	2.874282507716961	4.79113581626312
o	o	0.14514447938568492	4.79113581626312
o	u	4.029313951469637	4.79113581626312
p	p	-0.0	4.79113581626312
r	r	-0.0	4.79113581626312
s	s	-0.0	4.79113581626312
t	t	-0.0	4.79113581626312
u	u	-0.0	4.79113581626312
w	w	-0.0	4.79113581626312
ð	ð	-0.0	4.79113581626312
ŋ	ŋ	0.3229120350972597	4.79113581626312
ŋ	n_u	2.746871215920237	4.79113581626312
ŋ	n	4.277273600863859	4.79113581626312
ɐ	a	-0.0	4.79113581626312
ɟ	ʝ	-0.0	4.79113581626312
ɡ	ɡ	-0.0	4.79113581626312
ɣ	ɣ	0.11270133508474976	4.79113581626312
ɣ	-	3.734173711603691	4.79113581626312
ɪ	e	-0.0	4.79113581626312
ɲ	ɲ	0.9800645910166976	4.79113581626312
ɲ	n	1.0202147443148677	4.79113581626312
ɾ	ɾ	0.034962131041205144	4.79113581626312
ʃ	ʃ	0.1359343657947575	4.79113581626312
ʃ	ʝ	3.4752177878877655	4.79113581626312
ʊ	u	0.09512540781769253	4.79113581626312
ʊ	o	4.240546626321728	4.79113581626312
ʧ	ʎ	-0.0	4.79113581626312
ˈa	ˈa	0.005868684452171553	4.79113581626312
ˈe	ˈe	0.03907460598477797	4.79113581626312
ˈi	ˈi	0.17396086887350243	4.79113581626312
ˈi	ˈe	3.1380381765351544	4.79113581626312
ˈo	ˈo	0.6623842448729362	4.79113581626312
ˈo	ˈu	2.3664787204403264	4.79113581626312
ˈo	w_ˈe	3.11048856754334	4.79113581626312
ˈo	ˈo_n	4.096304997248642	4.79113581626312
ˈu	ˈu	0.0420397849419512	4.79113581626312
ˈɑ	ˈa	-0.0	4.79113581626312
ˈɔ	w_ˈe	0.43224730675875633	4.79113581626312
ˈɔ	ˈo	1.949569091914501	4.79113581626312
ˈɛ	j_ˈe	0.25316448368143823	4.79113581626312
ˈɛ	ˈe	2.63535110351158	4.79113581626312
β	β	-0.0	4.79113581626312
θ	θ	0.05456543865706717	4.79113581626312
θ	-	4.751831844650992	4.79113581626312