Phone1	Phone2	PMI
ʧ_e	ʦ	7.769632118106718
ŋ	ŋ	6.976064703059808
ɲ	ɲ	6.736184474327649
ɡ	ɡ	6.667889044292666
ɟ	ʒ	6.372493359581737
ˈe	j_ˈɛ	6.244246482297296
d	d	6.200670937285314
tː	ʧ	5.875984023121086
m_e	m	5.721434284349885
i	i	5.718830966649681
f	f	5.639450185825607
b	b	5.638219172228835
v	v	5.560389111710494
ˈu	ˈy	5.467666744640871
n_t	n	5.330096784285478
k_u	k	5.240537712571975
m	m	5.050478733314566
u	u	4.845136976243556
p	p	4.797298622518065
t	ð	4.774885310397894
ˈi	ˈi	4.772695327039939
ʎ	ʎ	4.745372756417242
ˈa_n	ˈa	4.532242589331493
lː_u	l	4.522484864592627
n	n	4.508174895540393
ɲ_u	ɲ	4.474469366911007
tː_u	ʧ	4.427647766918421
ˈo	ˈu	4.276682228505522
t_u	t	4.26996316789451
k	k	4.259100715906721
l_u	l	4.239477364736858
ˈɔ	ˈɔ	4.229662333916271
ʦː_u	ʦ	4.19501814214396
n_u	n	4.172326325429099
ˈɛ	ˈe	4.163080838248487
t	t	4.111879435452432
v	β	4.110613843143067
ˈe	ˈɛ	4.10210527211876
t_e	t	4.021954542262883
r	ɾ	3.9529110054878793
r	r	3.924827943053373
l	l	3.8936417612197673
ˈa	ˈa	3.8695690966988607
ˈɔ	ˈu	3.82963852623038
s	s	3.8207116092994857
ʧ	s	3.81068586856495
lː	l	3.7821759542381215
tː	t	3.750394613156099
i	e	3.72664725022527
j	l	3.6261265727225376
a	ɔ	3.607799132615218
e	e	3.431967259125964
ˈa_l	ˈa	3.413119148790269
kː	k	3.388699768757668
ˈo	ˈɔ	3.3522386819144945
a	a	3.3238378511051225
<#	<#_e	3.3106898505564777
ˈɛ	ˈɛ	3.279728388456662
u	e	3.176133876624387
u	w	2.967605545334684
ˈɔ	ɥ_ˈɔ	2.9433901707835
k	ɣ	2.940711614348491
ˈu	ˈu	2.849768859223683
e	ˈi	2.8060157250725712
l_e	l	2.779686508290107
ˈɛ	ˈe_j	2.7410372215652847
ˈo	ɥ	2.7034785175377314
p	β	2.627269104694782
sː	s	2.499157301410602
v_e	w	2.313138803144489
#>	s_#>	2.2439844238635915
ˈo	ˈa_w	2.2355933913410597
s	e_s	1.9049868875434308
e	w	1.8823308351274863
t	j	1.8808960211923007
ˈe	ˈe	1.8516126377998725
ˈɔ	ɥ_ˈɛ	1.8372939387524516
k_w	k	1.8097043796708747
sː_u	s	1.7943473755758683
ʃ	s	1.55358681210571
j	w	1.454651985887859
j	j	1.4422297116578942
b	β	1.3437104620988551
#>	t_#>	1.1332459493389555
ˈi_n	ˈi	1.1081756309524868
e_r	ɾ	0.9589269494016432
nː	n	0.8786443799387136
ˈi	ˈe	0.7625713220558592
ˈɔ	u	0.5310150065294669
v	w	0.4943828879706283
e_#>	#>	0.3706596327200374
ˈɛ	e	0.3083760056706828
ˈo	ˈa	0.3067699674400444
u_#>	#>	-0.4418715919457296
a	e	-0.2564735653874654
#>	l_#>	-0.0400089979637295