Phone1	Phone2	Surprisal	OOV_Smoothed
a	a	0.011882840161379984	4.967432727227722
b	v	0.5184234167585491	4.967432727227722
b	b	1.7280214515332004	4.967432727227722
d	d	-0.0	4.967432727227722
e	e	0.2851413398874197	4.967432727227722
e	ɾ_e	3.4905934774137366	4.967432727227722
e	r_e	4.7319063457273165	4.967432727227722
h	f	-0.0	4.967432727227722
i	i	-0.0	4.967432727227722
j	j	0.037894507775475754	4.967432727227722
k	k	-0.0	4.967432727227722
l	l	0.013083163064799916	4.967432727227722
m	m	0.03694226202746809	4.967432727227722
n	n	-0.0	4.967432727227722
p	p	-0.0	4.967432727227722
r	r	0.12673646301468186	4.967432727227722
r	ɾ_e	4.240800576234044	4.967432727227722
s	s	0.030053215032011537	4.967432727227722
t	t	0.5804499495636312	4.967432727227722
t	t_ɾ	2.8779287061219616	4.967432727227722
t	ʧ	3.0298103026604903	4.967432727227722
t	-	3.780628090479668	4.967432727227722
u	u	-0.0	4.967432727227722
w	w	0.8119986924561892	4.967432727227722
w	ɥ	1.8197580919456304	4.967432727227722
w	-	2.7647451681476922	4.967432727227722
y	y	-0.0	4.967432727227722
z	z	0.20249137964460148	4.967432727227722
z	ɾ	2.9328956542303684	4.967432727227722
ð	ð	0.09132936105019417	4.967432727227722
ð	z	4.026967612178821	4.967432727227722
ŋ	ŋ	0.7789418587408499	4.967432727227722
ŋ	n	1.2611684844406037	4.967432727227722
ɔ	ɔ	-0.0	4.967432727227722
ɡ	ɡ	0.03267230839904329	4.967432727227722
ɣ	ɣ	-0.0	4.967432727227722
ɲ	ɲ	-0.0	4.967432727227722
ɾ	ɾ	0.11765273939866533	4.967432727227722
ɾ	-	3.9768491692552588	4.967432727227722
ʃ	s	-0.0	4.967432727227722
ʎ	l	0.7910663543068164	4.967432727227722
ʎ	ʎ	1.2444005929795157	4.967432727227722
ʒ	ʤ	-0.0	4.967432727227722
ʤ	ʤ	-0.0	4.967432727227722
ʦ	ʦ	-0.0	4.967432727227722
ˈa	ˈa	0.05783356479949906	4.967432727227722
ˈe	ˈɛ	1.010445420202632	4.967432727227722
ˈe	ˈe	1.234586345080373	4.967432727227722
ˈe	e	3.9982384998788225	4.967432727227722
ˈi	ˈi	0.05169019773301412	4.967432727227722
ˈo	u	-0.0	4.967432727227722
ˈu	ˈu	-0.0	4.967432727227722
ˈy	ˈy	0.06944360609927452	4.967432727227722
ˈy	ˈu	4.411363225013909	4.967432727227722
ˈɔ	ˈɔ	-0.0	4.967432727227722
ˈɛ	ˈɛ	-0.0	4.967432727227722
β	β	0.19578503121217408	4.967432727227722
β	-	2.9782096205290283	4.967432727227722