Phone1	Phone2	PMI
ŋ	ŋ	7.096935411838607
ð	ð	6.891929364401151
ɲ	ɲ	6.531442812671452
ɡ	ɡ	6.472399040790901
ʃ	ʤ	6.212474462863079
f	f	5.9409256168792295
j	j	5.824430328164648
d	d	5.731429409386301
β	β	5.721443738737948
i	i	5.695310934557314
ˈu	ˈu	5.583919424602273
ɣ	ɣ	5.540055847551786
w_ˈe	ˈɒ	5.461546092164125
n_a	n	5.343178181023049
w	w	5.1864790506643
t_e	t	5.16153321934038
t_u	t	5.1463755205146295
l	l	5.13246287927314
j_ˈe	ˈe	5.132093970739203
k_u	k	5.076001212459944
p	p	5.070585831888196
o	u	5.069941299306229
m	m	5.0444185847300425
b	b	4.870739127213716
b	v	4.864149831882077
ˈi	ˈi	4.828154158673529
ʎ	p_l	4.794815957570286
e	e	4.551529745135822
n	n	4.5253924560318755
ʝ	ʎ	4.510496087310938
j_ˈe	ˈæ	4.490848902184259
ˈo	ˈo	4.486787396540998
k	k	4.479390864054756
ɾ_u	r	4.464037545648457
ʎ	ʎ	4.40791682915089
ʝ_u	ʎ	4.326437660727511
t	t	4.307262788132665
r	r	4.171945318782038
ˈa	ˈa	4.092960540859757
s	s	4.033280522125175
ˈe	ˈe	3.9217056509643533
ɾ	e_r	3.8958634815895072
ŋ_#>	#>	3.861643241176167
ˈe	ˈæ	3.853618281346482
β	v	3.8473959543475824
θ	w	3.754785001009126
a	ɐ	3.7448372102437486
ˈu_n	ˈu	3.742211852298176
ˈo	ˈɒ	3.6818675030285504
a	a	3.6266071908977557
ʧ	t	3.6041883670950003
θ	s	3.5213079408104746
<#_ɡ	<#	3.515407431631242
e	i	3.488257628607689
#>	e_#>	3.4802651220544636
β	w	3.4683504187309944
a	ɜ	3.404165769939071
ɣ	ɡ	3.3496171845201403
l_u	l	3.3253836598073017
s	z	3.3056710073037694
ɾ_u	ɾ	3.2640245645175843
ɾ	r	3.2054927365387704
ɾ	ɾ	3.2011564770968963
ˈa_n	ˈa	2.891294747482989
ɲ_u	ɲ	2.860953027693151
a	ɞ	2.431947973212651
ʎ_u	ʎ	2.3664880248868765
#>	ɞ_#>	2.3611054127662503
t	l_t	2.265103153664941
ˈo_ŋ	ˈo	2.101781171049196
ˈe	ˈæ_w	2.0082853261505105
ɾ_e	ɾ	1.9988598230043217
o	e	1.9476456260280086
ˈa_ð	ˈa	1.7781921261657747
ɣ	k	1.7540945983884568
w_ˈe	ˈu	1.5695937910491713
#>	ʎ_#>	1.567582191488994
ʝ	ˈu_ʎ	1.5310556649964533
#>	t_#>	1.4558449528466564
#>	k_#>	1.3849226257608955
e_#>	#>	1.3264536669945381
ˈu	ˈo	1.2100497153644267
ˈe_β	w	1.2050235035856662
β_e	w	1.1799578985632098
m_e	m	1.1658800329849301
u	ʎ	0.9618891178280962
ɾ	w_ɾ	0.855077768674802
#>	w_#>	0.7666410248759062
w	ˈɒ	0.7155073505155214
e	ɞ	0.6967030602275317
ɾ	d_ɾ	0.648996902436868
#>	s_#>	0.6391365736653714
ʎ	l	0.4502004977224626
#>	ɜ_#>	0.24351995740346596
u_#>	#>	-0.16638014786261152