Phone1	Phone2	PMI
ŋ	ŋ	7.606288619696094
ʧ	d_l	7.550245265972178
ɲ	ɲ	6.6567165726421935
ɡ	ɡ	6.450648388056266
o	o	6.421763319563376
ˈu	ˈo_w	6.303815870154183
z	ʒ	6.241265985599128
b	b	6.188320020473737
ˈø	w_ˈɛ	6.117907545621615
ˈy	ˈu	5.9656301552677125
ˈɔ	ˈɔ	5.583605949286884
ˈi	ˈi_n	5.489623586810443
d	d	5.079778439120125
f	f	5.052597367186825
p	p	5.038740472200514
ˈø	ˈu	5.037086315092021
ˈe	ˈɛ_n	5.028749668414481
m	m	4.892294734519194
ˈe	j_ˈɛ	4.791835312933137
t	t	4.720541675861224
ˈa	ˈa	4.674923313176273
e	e	4.597790502483498
ˈi	ˈe_j	4.452828951117487
ˈu	ˈo	4.345369073014959
ʋ	v	4.321209869610533
k	k	4.31934797440572
ˈi	ˈi	4.277032108402879
ˈo	ˈɔ	4.2657707139594345
n	n	4.233561438109408
ˈo	ˈo	4.215990961904893
ˈɔ	w	3.978099128007959
s	ʦ	3.9553832249780756
l	l	3.951801156488038
k	ʨ	3.948261281812488
s	ʃ	3.88171172021116
ʧ	t	3.804542998477082
r	r	3.7581997029152623
j	j	3.738765100097668
ˈu	ˈo_n	3.6885578310011327
s	s	3.682152070362659
a	a	3.6264257372778355
#>	ˈe_#>	3.176438030996039
ˈe	ˈe_j	3.1595293449821056
<#_e	<#	3.0844671934696777
ˈɛ	ˈɛ	3.06698302066934
i	e	3.0625993629925716
s_ˈa	s	3.015500261531453
s	ʧ	2.8866699696740925
j	l	2.8585092421920044
e_#>	#>	2.8388353739940855
r	ˈɛ_r	2.8288455155781893
ˈe	ˈi	2.7359823027504793
#>	e_#>	2.654794818381887
<#	<#_v	2.6088788238716907
b_ˈu	b	2.3512844571753204
ˈɛ	ˈe	2.311563543536968
<#_ˈɛ	<#	2.2707809073345127
ˈɛ	ˈe_j	2.25508034291727
ˈe	ˈe	2.160298284183675
t_ˈa	t	2.0766081682528275
#>	n_#>	2.046375036688257
ˈo	w	1.994125335810121
m_ˈa	m	1.9272291088250164
r	r_e	1.610690528399424
#>	s_#>	1.3849625007211563
o	e	1.2662562634041337
ˈo	ˈa_w	1.1899086474778282
f	ˈɛ_f	1.148724535213531
k_ˈa	ʨ	1.1205791207104698
ˈi	j	1.113320002432575
ˈe	v_ˈi	1.0591759655171837
k_w	k	1.0177033905444097
ˈɛ	v_ˈɛ	0.9536351820853385
l_ˈa	l	0.8499595719510221
a	a_v	0.7366282602675841
t	d	0.6790886987893372
ˈø	w	0.66934671111972
e	j	0.3533924612675937
s	ʨ	0.32537662313699095
e	ˈɛ	0.31582483243433934