Phone1	Phone2	PMI
ð	z	6.308080847058753
l	l_u	6.233969933839732
i	i	6.084999315789276
z	ʒ	5.9876839214628195
b	b	5.783490467878108
f	f	5.7590389845919185
ˈi	ˈi	5.736530340525755
s	s_u	5.683702137254537
d	d	5.656413537315444
ˈu	ˈyː	5.485386735343524
p	p	5.443410505269666
ɡ	ɡ	5.408407810132292
m	m	5.308599993729569
ʧ	ʤ	5.233702487435662
ˈu	ˈy	5.194455146078594
t	t_e	5.0439522166870425
ˈi	ˈiː	4.966930959214765
ˈɔ	ˈø	4.965242780289008
ˈa_r	ˈaː	4.936297004458578
v	v	4.897427112879658
ˈɔ	ˈɔː	4.8972727797120825
ˈɔ	ˈɔ	4.86328777942362
j	ʤ	4.786213067074609
l	l	4.771732108994131
ˈo	ˈu	4.76504079596831
w	w	4.659326329574473
e_r	e	4.592897496380232
k	k	4.585330827356835
ˈo	ˈøː	4.544478634851554
t	t_u	4.420394741065615
ˈe	ˈe	4.3996936125975115
θ	s	4.397426254373028
n	n	4.358800598916986
ˈo	ˈuː	4.345763888683441
r	r	4.341958944767773
ŋ	ŋ	4.18565903086779
ˈɛ	ˈeː	4.1405610322906
ˈa	ˈa	4.124761047908869
e	e	4.10246888152668
n	n_u	3.9712508744920934
s	s	3.9366576283766253
ˈo_l	ˈuː	3.847804736224848
ˈe	ˈe_j	3.8007472880321367
a	a	3.691151022865267
t	t	3.6671892147526517
ˈɛ	ˈe	3.5548758011004473
o	u	3.496726003009551
ˈa	ˈɛː	3.2180464316309085
n	ŋ	3.162316679176747
z	z	3.144513577877627
ɲ	ɲ	3.0638956980121472
ˈɛ	ˈɛ	3.0274355480086097
ˈa	ˈaː	2.7766175021034063
<#_ˈe	<#	2.7579271053231773
o	ɔː	2.5705463447296513
e_r	j	2.532365663540275
e	i	2.4969609834791004
j_ˈe	ˈeː	2.437110313227936
s	ʃ_u	2.4113113805140154
ˈɔ_r	ˈɔː	2.392576733513472
r	j	2.3860059350225855
ˈɛ	ˈɛː	2.3473836978994185
ʧ	ʧ	2.2061236572883094
ˈa	w_ˈɛː	2.019552509724711
o	w	1.5625177699784067
s	ʃ	1.556766930944469
ˈu	ˈyː_u	1.4980436816850813
ŋ	m	1.3018424827903599
ˈo_r	ˈuː	1.2158167154002792
t	d	1.1883023894520226
ˈi_r	ˈiː	1.1521886685560863
ˈa_l	ˈaː	1.1047808290959165
t	d_u	1.08156453875978
j	ˈeː	1.0697524260750835
p_j	p	1.0150662884280577
ˈe	ˈɛː	0.9898454508192259
k	k_u	0.9815945806174163
<#	<#_a	0.9789635526615887
ˈo	w	0.9074895264133883
l_a	a	0.7760429037106141
a	j_a	0.7362928746556803
e_#>	#>	0.6899571047462525
a	ʤ_a	0.6777659746888239
ˈe	ˈeː	0.639845378036944
z	ʤ	0.5729350973902113
l_#>	#>	0.5525319531778108
i	e	0.534496892581663
l	j	0.507455989916193
e	ˈeː	0.4943328588004423
r	w	0.4556431729277288
ˈe	e	0.19481278248077502
o	e	0.1523870844851964
#>	u_#>	-2.0644489984178835
#>	e_#>	-0.7298523104306882
r_#>	#>	-0.5770622389997563