Phone1	Phone2	PMI
ð	z	6.574509612748895
l	l_u	6.433906827706093
z	ʒ	6.128925830797469
i	i	6.040198891155298
ˈi	ˈi	6.034406847319936
w	w	6.034130974041195
f	f	5.923484015401423
b	b	5.873481202572211
d	d	5.630011498110253
p	p	5.595541971408792
ɡ	ɡ	5.415757676542417
j_ˈe	ˈeː	5.278313409090874
ˈɔ	ˈɔː	5.160028445913646
m	m	5.152972996130835
ˈu	ˈyː	5.140451699989538
ˈu	ˈy	5.028232484889975
ʧ	ʤ	4.99431670462083
l	l	4.9792269041748085
ˈo	ˈu	4.961426638395941
ˈi_r	ˈiː	4.949443162880708
v	v	4.759453365935702
ˈi	ˈiː	4.709285950276235
t	t_u	4.567896226493999
k	k	4.537146468440144
ˈo	ˈuː	4.533925933645953
s	s_u	4.478257595232218
j	ʤ	4.459571227770162
n	n	4.394594591318451
ˈe	ˈe	4.350945531456558
t	t_e	4.28006614436412
t	t	4.241170988563607
e_r	e	4.236014157544246
θ	s	4.170921982539063
r	r	4.152635943186968
ˈo_r	ˈuː	4.10849330581645
ˈa	ˈa	4.087775132233936
e	i	4.008143039413845
ŋ	ŋ	3.9962727580764903
ˈɔ	ˈø	3.995567082283108
ˈɛ	ˈeː	3.980722174299001
ˈɔ	ˈɔ	3.97003903238142
e	e	3.88541667070336
ˈa_r	ˈaː	3.881509781929013
s	ʃ	3.877294370084558
s	s	3.8470713685191487
ˈɛ	ˈɛ	3.7953338454671073
a	a	3.706585839938598
ˈo	ˈøː	3.673782700451448
ˈe	ˈe_j	3.597349623203973
o	u	3.456564438447294
e_r	j	3.3353948003761125
ˈɛ	ˈe	3.225230099820148
ˈa	ˈaː	3.202373104044952
ˈɛ	ˈɛː	3.158359429371132
n	ŋ	3.0688952321493943
ˈa	ˈɛː	2.9145254100117013
ˈa	w_ˈɛː	2.909759067111658
n	n_u	2.86322137533512
r	j	2.85275330725366
<#_ˈe	<#	2.767545294909838
o	ɔː	2.747582571596783
ˈo_l	ˈuː	2.702089534493158
f_j	ʃ	2.571662615314512
s	ʃ_u	2.2441905539359475
p_j	p	2.2021214991032734
ʧ	ʧ	2.1893376478331783
o	w	2.0942937447682444
ŋ	m	1.9350498466121533
o_l	u	1.7762182104772364
ˈɔ	ˈøː	1.7360064384304257
z	z	1.6385698935477604
ɲ	ɲ	1.5433043728978195
ˈe	ˈeː	1.4879878216355311
ˈu_r	ˈyː	1.4148430258303568
o_r	w	1.379449354118336
ˈo	w	1.133557926956041
<#	<#_a	1.1007651475991502
e_#>	#>	1.0493629414993693
r	r_u	1.0122539441810712
k	k_u	0.9276311564337728
j	ˈeː	0.8765242255871317
r_o	u	0.7797910768415977
l_#>	#>	0.6887608324953627
a	ʤ_a	0.6685237335911522
d_a	a	0.6399492022471287
z	ʤ	0.6117996031843264
<#_r	<#	0.583772647454919
i	e	0.4467311270780781
ˈe	ˈɛː	0.4164674586258397
o	e	0.1938991647227065
ˈe	e	0.0530621505313536
#>	u_#>	-1.8595602321891935
r_#>	#>	-0.783971199872977
#>	e_#>	-0.5328221937351164