Phone1	Phone2	PMI
ɲ	ɲ	7.519578094428694
z	ʒ	6.439862774112105
ˈa_r	ˈaː	6.387029899530937
ˈu	ˈy	6.268878761586387
i	i	6.248851427329297
b	b	6.222028539215231
ð	z	6.166059527586085
ˈu	ˈyː	6.099279380275397
l	l_u	6.060961545551527
ˈi	ˈi	6.0600333557857455
f	f	5.938691299808223
w	w	5.905815574021089
j	ʤ	5.854724824071315
d	d	5.620354443750204
ˈɔ	ˈɔː	5.476951503098498
ʧ	ʤ	5.46906941382762
ɡ	ɡ	5.469007938002942
p	p	5.2264290243172695
j_ˈe	ˈeː	5.172715528743048
m	m	5.143491604938003
t	t_e	5.106520583916216
ˈi	ˈiː	4.994897309836052
v	v	4.864670406751236
e_r	e	4.817874303604785
ˈo	ˈøː	4.735519271782821
ˈo	ˈu	4.695242970225015
l	l	4.683428814281142
t	t_u	4.639956036718085
k	k	4.547610086039807
s	s_u	4.496325046845717
n	n	4.473336065947211
ˈo	ˈuː	4.460009941401206
ˈe	ˈe	4.433993853015006
θ	s	4.321489450968009
e	i	4.259340243435086
ˈa	ˈa	4.235324216473722
ŋ	ŋ	4.228941875479493
r	r	4.213480260806683
ˈɔ	ˈɔ	4.130012504161506
e	e	4.059252603571119
ˈɛ	ˈeː	4.059236634300394
s	s	4.0453382069203165
ˈɔ	ˈø	3.960413122850516
ˈɛ	ˈɛ	3.824042694039464
t	t	3.815631862128176
ˈo_l	ˈuː	3.775830681524521
a	a	3.738262107127433
ˈe	ˈe_j	3.7349606571661855
s	ʃ	3.66166254920756
o	ɔː	3.552829594194648
ˈa	ˈɛː	3.400515994490813
o	u	3.3416505504605074
r	j	3.281129047235185
ˈɛ	ˈe	3.19203097591395
ˈa	ˈaː	3.022722256968562
n	ŋ	3.007958181421086
n	n_u	2.8449821445589896
ˈɛ	ˈɛː	2.787153902736754
ˈi_r	ˈiː	2.4621315669313635
o	w	1.622509691259023
l_#>	#>	1.3498721414399146
p_j	p	1.2137242441101468
ŋ	m	1.194055100033657
<#	<#_a	1.0947411499238833
r	w	0.9342575612495112
l_a	a	0.8171726547834604
t	d	0.7627884802445981
ˈe	ˈeː	0.600346565020887
o	e	0.333158820983978
#>	u_#>	-0.6716775852083972
#>	e_#>	-0.5613480398897359
r_#>	#>	-0.1281647851633241