Phone1	Phone2	PMI
ʧ	c	7.006998116207837
ˈu	ˈu	6.4898194572049075
j	j	6.124867275802266
w	w	5.984307669736035
s	sː_u	5.963221774661388
f	f	5.90162065196898
l	lː_u	5.711361662431404
ɡ	ɡ	5.694800556771041
ˈi	ˈi	5.686730525813944
d	d	5.5130863072579235
θ	ʧː	5.4985085395282605
i	i	5.45343758655533
p	p	5.45330714681708
b	b	5.4344742063624905
ŋ	n_u	5.370742868515468
m	m	5.309964978786447
t	t_e	5.194406574563474
v	v	5.115370002301504
s	s	4.98463996284038
ˈɛ	ˈe	4.883649036642898
θ	ʧ	4.842972303168621
ð	ɟ	4.8137104458099875
e_r	e	4.638866919663549
ˈa_r	ˈa	4.611709554694963
l	l_u	4.5255331618681005
l	l	4.503200111587934
k	k	4.328727000669536
ˈe	ˈɛ	4.298974839985073
e	i	4.22195853880894
ˈo	ˈo	4.216041627847134
t	tː_u	4.118660273900028
ˈo	ˈɔ	4.092611955191786
n	n	4.091641239358986
ˈɔ	ˈɔ	4.027974142874452
j_ˈe	ˈe	3.992925478034741
ŋ	n_e	3.9808917825579053
ˈa	ˈa	3.9669650630092526
ɡ	k	3.8082086753158193
k	kː	3.803004361278028
t	t	3.7970492265797127
r	r	3.7798066387843563
ˈɔ	ˈo	3.7038757765227235
ˈɛ	ˈɛ	3.6855449773808084
j	ʎ	3.626927789950039
ŋ	ŋ	3.6096278032520726
a	a	3.5803081148744687
<#_j	<#	3.5369981381441273
ˈa	ˈa_t	3.315773287629135
o	u	3.2892691043502156
t	tː	3.2652006377084053
e	e	3.1751172300359776
ɲ	ɲ	3.085904119247302
l	lː	3.0297741662685556
z	ʧ	3.0053037775847464
n	nː	2.8497745402919152
ˈe	ˈe	2.803648368106892
d	t	2.6721478620857884
z	ʒ	2.534411711212185
o	o	2.442882880729912
v	p	2.2632259768188767
ŋ	n	2.23665345618001
z	ɟ	2.1937795064213352
θ	ʦ	2.1487177441111776
ŋ	m	2.0766788554824744
u	u	2.057804943470769
t	t_u	1.9612043356555446
s	ʃː	1.7874352108768472
<#	<#_a	1.710002818999948
ŋ	ɲ	1.6623814898384939
z	z	1.6617423375811566
n	n_u	1.6242380393547773
ˈi_r	e	1.592330945508725
j	ɟ	1.194906972777586
l	l_e	1.139925377750797
s	ʧ_e	1.0362540009578782
r	t_r	1.031518201663976
t	tː_e	1.0304583437980253
s	ʃ	1.0039955669298197
r	e_r	0.8315182016639759
r	r_e	0.7870397173966863
r	rː	0.7096301954654238
o	ˈɔ	0.6627603519845822
r	r_u	0.6400157084173761
t	d	0.4137504879609401
e	u	0.19586689796098947
e	a	0.10915964665703726
o	a	0.054198701869098476
#>	u_#>	-1.742977079314836
r_#>	#>	-0.7830335962457518
#>	e_#>	-0.7200945830535401