Phone1	Phone2	PMI
ʧ	c	7.501259408765897
w	w	7.117582161876627
ð	ɟ	6.749001296773916
j	ʎ	6.615790334333914
ˈu	ˈu	6.3227437341558534
s	sː_u	6.120438695154981
j_ˈe	ˈe	6.077251491291021
b	b	6.000830126630376
j	j	5.915775613706986
f	f	5.910585826237289
z	ʧ	5.816172090600487
ˈi	ˈi	5.7167027061668065
l	lː_u	5.573474535666836
ɡ	ɡ	5.5561639632312705
i	i	5.5519078312291885
t	t_e	5.338112834442204
d	d	5.299890104980786
ŋ	n_u	5.299159836691039
m	m	5.239983617694397
θ	ʧ	5.239579026834248
l	l_u	5.209704423487749
ŋ	n_e	5.206409279828664
t	tː_u	5.103113960218062
p	p	5.10234922790525
s	s	5.0790669873753265
v	v	4.987842228637088
θ	ʧː	4.842120661977671
ŋ	ŋ	4.748295430771163
e_r	e	4.7202855286815995
ˈɛ	ˈe	4.691357999289962
ɲ	ɲ	4.62714622801735
ˈa_r	ˈa	4.624193845564614
k	k	4.455426630498127
ˈo	ˈo	4.4453557481576125
e	i	4.423781293572278
ˈo	ˈɔ	4.3646121238632665
ˈe	ˈɛ	4.3338495527467815
l	l	4.2596947763623385
s	ʧ_e	4.2208901453915715
n	n	4.051162821658753
ˈɔ	ˈɔ	4.04427469635391
ˈa	ˈa	3.9575656532038788
r	r	3.9496360079546355
t	t	3.7235135548555913
ˈɔ	ˈo	3.7013627334957793
a	a	3.6967836927231152
ɡ	k	3.6870299041471255
t	tː	3.5087555027127197
o	o	3.296511438730986
o	u	3.294894213049774
e	e	3.220514191002938
ˈa	ˈa_t	3.1754540508448654
ˈɛ	ˈɛ	3.1163413352858518
k	kː	2.8920602073490764
d	t	2.713916958714373
v	p	2.711555330274095
ŋ	n	2.3965229159372488
l	lː	2.3190513970353264
t	tː_e	2.0566270536276834
n	nː	1.933938410265534
ŋ	m	1.926661604672057
ˈe	ˈe	1.5984866355783216
u	u	1.3590070684221227
l	l_e	0.9894152261144697
r	e_r	0.9831768790582982
n	n_u	0.965871750369175
r	r_e	0.9357690395981283
r	t_r	0.9340335462911009
#>	e_#>	0.130634769944756
r_#>	#>	-0.9210548943067817
#>	u_#>	-0.6223960859145622