Phone1	Phone2	PMI
ɲ	ɲ	7.546825837116972
ʧ	c	7.308025441632286
w	w	7.049469091786717
z	ʒ	6.564730709094095
j_ˈe	ˈe	6.510949542406151
j	ʎ	6.408013744193683
ð	ɟ	6.386029194295298
ˈu	ˈu	6.118838152358222
θ	ʧː	6.0164888454887535
s	sː_u	6.009985639343594
j	j	5.90970908423954
b	b	5.892235506629311
f	f	5.81270109989157
ˈi	ˈi	5.789289252643319
l	lː_u	5.748690055852806
ɡ	ɡ	5.666552732379107
i	i	5.479842799206092
l	l_u	5.438866318907479
d	d	5.387602945630881
m	m	5.278921731842514
t	t_e	5.274871959371349
θ	ʧ	5.265907417881708
ŋ	n_u	5.225421009841332
p	p	5.154902712781506
s	s	5.0257381348180274
t	tː_u	5.0222650782045895
v	v	4.960503089526945
ŋ	n_e	4.955836349157271
n	nː	4.826393594248242
z	ʧ	4.721607931353019
ŋ	ŋ	4.681858401255259
e_r	e	4.633128910180316
ˈa_r	ˈa	4.628043335128131
ˈɛ	ˈe	4.61938879876689
l	l	4.390063516476775
ˈo	ˈo	4.376931322762911
e	i	4.363688116341115
k	k	4.341651529226531
ˈo	ˈɔ	4.337182987325935
o	o	4.288524971562006
ˈe	ˈɛ	4.24018556072219
ˈa	ˈa_t	4.231312004889602
ˈɔ	ˈɔ	4.219139073684069
t	tː_e	4.013773753369804
r	rː	3.9491473576330174
n	n	3.9354939071620336
ˈa	ˈa	3.927582915306959
s	ʃː	3.901867429103864
r	r	3.8003478159879753
k	kː	3.795424309197326
<#	<#_a	3.77098313843259
ɡ	k	3.710887246820644
z	z	3.640861970422585
ˈɔ	ˈo	3.630734906354908
a	a	3.613185003068988
θ	ʦ	3.5972643432789786
t	t	3.515610344316012
l	l_e	3.492765895849558
t	t_u	3.393623833751609
z	ɟ	3.329015019614011
o	u	3.2934990893603526
ˈɛ	ˈɛ	3.2507799760501106
t	tː	3.188310606451286
l	lː	3.1871812986367525
n	n_u	3.113691259058922
e	e	3.0890342222982485
u	u	3.0408288480545687
s	ʃ	3.020112482174476
d	t	2.97159873459036
v	p	2.5935926159670624
j	ɟ	2.446479645699032
ŋ	n	2.291946735786352
ˈe	ˈe	2.2003486293497003
ŋ	ɲ	2.146064011442589
<#_j	<#	1.8269953191441792
ˈi_r	e	1.753151592013975
ŋ	m	1.6113495302580223
r	e_r	1.591278166154482
s	ʧ_e	1.053640921960135
r	t_r	1.0148363890663503
ˈe	ˈi	0.9885133365191664
r	r_e	0.8399425654831223
t	d	0.7650993666796649
o	ˈɔ	0.1205845490935569
e	a	0.1143851471789389
r_#>	#>	-1.3830509938390736
#>	u_#>	-1.3672894752910187
#>	e_#>	-0.2505099223694787
ˈa	a	-0.160222960797138
e	u	-0.0920329523200575