Phone1	Phone2	PMI
w	w	7.773799616227539
ʧ	c	6.625001044015504
ˈu	ˈu	6.421230503557352
ð	ɟ	6.340178105740783
j	ʎ	6.126613409810995
ɡ	ɡ	5.992444544975479
j	j	5.892508209975626
l	lː_u	5.866201201974711
f	f	5.738313761994633
b	b	5.659108728481498
l	l_u	5.638165670365059
ˈi	ˈi	5.602639698722205
i	i	5.538264015142052
d	d	5.52930403764268
t	t_e	5.491067527524453
j_ˈe	ˈe	5.460021955223687
m	m	5.423566856621459
p	p	5.221237959465009
z	ʧ	5.21550061180829
v	v	5.066075668220578
ŋ	n_e	5.051128330591054
s	s	5.001877350138689
θ	ʧ	4.998897057232198
s	sː_u	4.826043658800802
ˈɛ	ˈe	4.758715221053372
ˈa_r	ˈa	4.647553457855166
θ	ʧː	4.583445464517146
ˈe	ˈɛ	4.54292759278577
l	l	4.459126594806577
t	tː_e	4.450610796336287
ŋ	ŋ	4.446528830521043
t	tː_u	4.31708517591748
e	i	4.282493144424226
k	k	4.277136468704076
ɲ	ɲ	4.22166407355592
ˈo	ˈo	4.132364555354545
ˈo	ˈɔ	4.04052312385011
ŋ	n_u	3.963432807321946
r	r	3.95280853072654
ˈa	ˈa	3.948203964747006
ˈɔ	ˈɔ	3.9426429918403527
n	nː	3.9085320755694712
n	n	3.8954090364402014
ɡ	k	3.879116300960752
t	t	3.848044310162429
a	a	3.673886206772955
ˈɔ	ˈo	3.6682121048416194
l	l_e	3.589003575833279
ˈɛ	ˈɛ	3.493139748809662
e_r	e	3.491035260669794
ˈa	ˈa_t	3.323876609892652
o	u	3.2888420528184032
d	t	3.040188771551044
e	e	2.890640477331277
s	ʃː	2.852813241540177
t	tː	2.843105032506978
k	kː	2.7930254306412383
z	ʒ	2.716158363937481
n	n_u	2.2801607090751097
θ	ʦ	2.170915860910484
ŋ	n	2.1258313783216964
l	lː	2.06867825728916
z	ɟ	2.051419757400712
t	t_u	1.981566144607396
v	p	1.9779440516724327
ˈe	ˈe	1.8203970107868008
<#_j	<#	1.7123825255324223
<#	<#_a	1.7123825255324223
ˈi_r	e	1.6693140140025926
ŋ	ɲ	1.545900172342618
ŋ	m	1.4853533078541534
u	u	1.3473169604383357
s	ʧ_e	1.0292594599669969
s	ʃ	0.952520575304311
s	sː	0.952520575304311
r	t_r	0.9495298938687928
j	ɟ	0.8400861379552158
o	o	0.8303042178590265
r	r_u	0.7495298938687929
ˈe	ˈi	0.6342866002802907
t	d	0.4377429325439026
o	ˈɔ	0.3690650357540678
ˈi	e	0.2542878781637515
e	a	0.204611010382588
o	a	0.0454902722496462
ˈa	a	0.0325005959151561
#>	u_#>	-1.4795221592226704
#>	e_#>	-0.815704244762093
r_#>	#>	-0.7086405136803717