Phone1	Phone2	PMI
ɲ	ɲ	7.774039935426448
ʧ	c	7.286217040374455
w	w	7.082632658775003
ð	ɟ	6.730374546783022
ˈu	ˈu	6.34300269592791
j_ˈe	ˈe	6.294971124437479
j	ʎ	6.2561255846316985
s	sː_u	6.015510381271941
θ	ʧː	5.913148850448273
b	b	5.869676678399259
f	f	5.818928230243391
j	j	5.764989687876461
ɡ	ɡ	5.713252435772434
l	l_e	5.695067241178413
l	lː_u	5.664666622489404
ˈi	ˈi	5.603924227030581
d	d	5.556295427203298
i	i	5.457664968920423
m	m	5.26110776037394
t	t_e	5.204586942389292
ŋ	n_u	5.193069884543482
z	ʒ	5.184857611963925
l	l_u	5.166296003223468
θ	ʧ	5.154511820663983
p	p	5.14996302318552
t	tː_e	5.050350680488467
s	ʃː	5.035703926838915
s	s	5.035703926838915
ŋ	n_e	5.007243150687412
v	v	4.941259794590887
t	tː_u	4.88759444224506
z	z	4.791247399184302
n	nː	4.7273946180877084
z	ʧ	4.702237411896771
e_r	e	4.683323379959101
ŋ	ŋ	4.602985546244185
ˈa_r	ˈa	4.594149154796211
ˈɛ	ˈe	4.58443591284197
ˈo	ˈo	4.510466748051509
ˈo	ˈɔ	4.423749621176528
k	k	4.415922676320369
e	i	4.3861436905993045
t	t_u	4.3215794425335226
ˈe	ˈɛ	4.275705813553008
l	l	4.231598260483045
o	o	4.221278402429627
ˈɔ	ˈɔ	4.158555903923505
ˈa	ˈa_t	4.147650725096383
r	rː	4.020841664610433
r	r	3.93254995327106
ˈa	ˈa	3.885388740484618
n	n	3.830483697083935
ɡ	k	3.8289575657802
k	kː	3.823603851123073
a	a	3.6568927974666243
<#	<#_a	3.649211517452652
θ	ʦ	3.5439696923127744
ˈɔ	ˈo	3.5253218441688556
t	t	3.452657401895504
z	ɟ	3.3455782329244994
o	u	3.2843377953665867
ˈɛ	ˈɛ	3.2811380631907987
j	ɟ	3.2325287699840164
u	u	3.152131266913795
t	tː	3.1142722833505085
n	n_u	3.073304230821343
e	e	3.0586127204780227
l	lː	3.030679638222949
s	ʃ	3.0269740312586593
d	t	2.9710174324214025
v	p	2.4877488311674494
ŋ	n	2.255741923969895
s	ʧ_e	2.1275124177938816
ˈe	ˈe	1.8510100382681103
ŋ	m	1.6583833170673792
ŋ	ɲ	1.4405006004744623
r	t_r	1.0471335150519456
<#_j	<#	0.9825778672459924
ˈe	ˈi	0.9601297608112427
ˈi_r	e	0.848460663982905
t	d	0.46889635735701424
e	a	0.2007415378377122
ˈi	e	0.16834646206107573
o	ˈɔ	0.039821502841857995
#>	u_#>	-1.2698892793194982
r_#>	#>	-1.155039894595244
#>	e_#>	-0.25727760385470083
e	u	-0.02143840156415333