Phone1	Phone2	PMI
w	w	7.391056395486474
ˈu	ˈu	6.804893861970939
j_ˈe	ˈe	6.793181828619272
ʧ	c	6.788757267718908
ð	ɟ	6.659455845176898
ɡ	ɡ	5.972824194049612
j	j	5.797996478668241
l	lː_u	5.79251477394203
f	f	5.7897834190798045
ˈi	ˈi	5.584398218514516
z	ʧ	5.565647837481287
t	tː_u	5.5312692102176575
i	i	5.51254316407814
l	l_u	5.497728536275548
p	p	5.409329894486064
d	d	5.386346768384017
b	b	5.335620386351008
m	m	5.29164443326172
θ	ʧ	5.266648455987631
s	s	5.244580821877541
ŋ	n_u	5.205035613037526
ŋ	n_e	5.136105978760036
j	ʎ	5.031602441347674
v	v	4.953418565776336
ŋ	ŋ	4.692222791443603
ɲ	ɲ	4.665533604654168
ˈa_r	ˈa	4.64584914346645
ˈɛ	ˈe	4.637163182344149
θ	ʧː	4.5329293661423815
ˈe	ˈɛ	4.370645186379253
ˈo	ˈo	4.3339487222482855
k	k	4.275425403596328
l	l	4.26839750075905
ˈo	ˈɔ	4.195684136526187
e	i	4.185783200224549
t	t	4.11262693886832
ˈa	ˈa	4.016214856711407
ˈɔ	ˈɔ	3.9996404311391696
n	n	3.993845361631328
ˈɔ	ˈo	3.898149804439121
ɡ	k	3.859948560336599
t	tː	3.791194331855948
k	kː	3.703976089808776
s	sː_u	3.6971139470004335
r	r	3.607377089702606
a	a	3.5633992897210924
l	l_e	3.5108518594637257
ˈɛ	ˈɛ	3.475584519941761
r	r_e	3.4517177741906244
t	t_e	3.451447832547309
e_r	e	3.3860402562479632
o	u	3.349162718148172
e	e	2.9342087474805787
ˈi_r	e	2.716352054902721
d	t	2.69224851986024
n	n_u	2.263167744845585
θ	ʦ	2.173203753995628
v	p	2.128943541867644
t	tː_e	2.1288438772376543
ŋ	n	2.057929605862456
ˈa	ˈa_t	1.9907809908994785
s	ʃ	1.984744690255679
l	lː	1.9059206650482965
ŋ	ɲ	1.8923334158009852
ŋ	m	1.7282442382361476
<#_j	<#	1.7171126996911386
j	ɟ	1.642736054247625
o	o	1.6261978838867428
ˈe	ˈe	1.4168813203365274
z	z	1.3512558418186429
z	ʒ	1.251899497391079
s	ʧ_e	1.0910772370832769
r	t_r	1.043184050144199
t	t_u	1.0317948993425814
<#	<#_a	0.9755488499898004
o	nː	0.9625312466722546
s	sː	0.9522007330497384
n	nː	0.9381985619801358
k	k_u	0.8978683344009519
z	ɟ	0.86666771152842
o	ˈɔ	0.8166778811638294
r	rː	0.7643365736389269
u	u	0.6862604443231863
ˈe	ˈi	0.4948337742455583
t	d	0.4857175673837791
e	a	0.1164383372317812
#>	u_#>	-1.5875772636315482
#>	e_#>	-1.4790729980240258
r_#>	#>	-1.4001814984334635