Phone1	Phone2	PMI
ˈɔ	w_ˈɛ	7.0577015172221484
ˈu	ˈo_ŋ	6.873753218571698
o	o	6.723499534941093
ˈi	ˈi_ŋ	6.381986558523927
z	ʤ	6.260179076300417
ɡ	ɡ	6.155498333806205
ɲ	ɲ	6.128703070030215
b	b	5.956715553770224
z	z	5.909201575867723
ˈu	ˈoː	5.865671006224321
ˈɛ	j_ˈɛ	5.476915520367864
ˈy	ˈuː	5.32153664885921
f	f	5.304841448833665
d	d	5.2006162997357
p	p	5.184049587706808
ˈø	ˈu	5.182812021309383
i	i	5.062159507813231
ˈo	ˈo	5.012929347840737
ʋ	v	4.946599471807614
ˈø	ˈuː	4.930692829649432
ŋ	ŋ	4.871676026347017
ˈy	ˈu	4.7364120787625685
m	m	4.710532692304908
n	n	4.525963639572637
o	u	4.474942984801066
ˈe	ˈiː	4.451488020954208
k	c	4.438373748117853
k	k	4.390381768487298
ʧ	t	4.365130077827518
ˈi	ˈi	4.306996127876638
ˈɛ	ˈe	4.278516421666351
r	r	4.012389732409596
t	t	3.9582413217521935
s	s	3.901657259269165
l	l	3.849090225651579
e_r	r	3.748049609416584
ˈe	ˈe	3.7356230886875728
ˈi	ˈeː	3.7317400682898367
s	ʧ	3.6865463096066007
ˈu	ˈo	3.642618916208701
ˈa	ˈaː	3.641046225682677
j	l	3.6225993044058105
e	i	3.609596099113728
a	e	3.4572362714376297
w	w	3.4464653838874004
j	j	3.434293270718912
e	a	3.384296839961686
ˈi	ˈiː	3.312629340586949
ˈa	ˈa	3.242936316470688
ˈe	ˈi	3.238838569224732
e_#>	#>	3.2107698078452502
a	a	3.1073639101375607
ˈɛ	ˈɛ	3.0905480971069386
ˈɔ	ˈɔ	3.017890929905885
ˈɔ	ˈo	2.8819020815726706
t_e	t	2.8021667058394537
ˈe	ˈɛ	2.58911313490952
<#_z	<#	2.519473419132897
e	e	2.4971594452147627
ˈu	w_ˈi	2.488906240081557
ˈa	ˈa_ŋ	2.435609776368173
ˈo	w	2.310915551049103
<#	<#_v	1.8743351206860184
ˈe	ˈi_n	1.7387885917503028
n	ɲ	1.680280204865635
ˈɔ	w	1.5503927839037446
r	r_i	1.523672445482576
ˈɔ	w_ˈa	1.4973372019487676
#>	i_#>	1.461980246764618
t	n_t	1.3572003487531508
#>	ŋ_#>	1.3477354020114565
ˈe	v_ˈi	1.199232483564169
t	d	1.1208142535992476
ˈi	ˈe	1.115056624447401
ˈɔ	ˈa	0.9503255463606872
k	k_w	0.8620243306331151
ˈɛ	ˈeː	0.8277819103435478
r	ˈa_r	0.8243814659835363
a	a_v	0.8053016811306529
ˈo	ˈa	0.6166391492079122
#>	s_#>	0.5239373659806332