Phone1	Phone2	PMI
ɡ	ɡ	6.598640100342047
ɲː	ɲ	6.593220816250302
u	u	6.048194268136208
ʃː	ʃ	5.963793321957958
ŋ	ŋ	5.824772234820339
d	d	5.809427605556364
a	a	5.782313386119144
ʤ	ʤ	5.778718143831124
ʦː_ə	w	5.752229773677426
lː_ə	ʎ	5.662388384990966
l_ə	l	5.641154742139831
w_ˈɔ	ˈɒ	5.571257130508328
v	v	5.332373116791676
mː	m	5.269703447622288
f	f	5.255943779379671
j_ˈɛ	ˈe	5.081016086513635
k_ə	k	5.075348069089743
ˈe	ˈæ	4.985261947637725
tː_ə	t	4.96436798680164
ɾ_ə	r	4.917648890128485
ˈa_n	ˈa	4.907073108915775
m	m	4.890909573888364
t_ə	t	4.845430358944253
t	ð	4.719730098126321
<#	<#_e	4.700955415650875
ˈɔ	ˈɒ	4.598566361370841
p	p	4.565761937599043
ˈa	ˈa_r	4.548529771231023
ˈu	ˈu	4.538999835733662
ˈu	ˈo	4.3500563228339
i	e	4.337753322729266
ˈo	ˈo	4.321828352299907
j	ʤ	4.275722493070063
k	k	4.263397131831091
n	n	4.244164317028129
l	ʎ	4.232696918695653
s	s	4.232283600278417
ˈi	ˈi	4.177707131814627
b_w	b	4.167262873286939
j_ˈɛ	ˈæ	4.129665376172363
ʎː	ʎ	4.128167273328506
ʃ	s	4.076057475158462
ˈo	ˈɒ	4.012964249055144
r	ɾ	4.006000156589363
ɾ	ɾ	3.9777407261801647
ˈɛ	ˈe	3.921984590146228
ˈa	ˈa	3.818513849856461
ˈɛ	ˈæ	3.5343497517489264
r	r	3.531279132349192
kː	k	3.513630273134753
p	β	3.3508109197465257
t	t	3.306891485740822
ə	ɞ	3.2995771159752856
ə	ɐ	3.2995771159752856
w	w	3.2968197267989328
ə	ɜ	3.2036210631694657
l	l	3.1715178457595536
i	i	3.154952831991821
ˈi_n	ˈi	3.141882354443198
nː	n	2.669037006819126
v_ə	w	2.459821662105002
ɾ	r	2.3326698936567816
ˈi	ˈe	2.2623288120190117
ˈi	ˈæ	2.2012203240442045
ə	e	2.1392136962093704
ə	w	1.8480995474367552
#>	s_#>	1.778394547588344
j	l	1.6732147618638995
v	b	1.6234849366726642
k	ɣ	1.5515935114678272
ˈa	ˈe	1.2623706036540585
kː_j_ə	ʎ	1.082003689762161
ɡ	ɣ	1.024182579500349
n_ə	n	1.021262902587699
p_w	p	0.949964446258895
j	ˈi	0.8160046551206364
tː	t	0.7316428096469723
ˈe	ˈe	0.6876017708973362
ə	u	0.6631992821618918
ə	ɾ_ɜ	0.6399576706616324
k	p	0.6255580563517842
ˈɔ	ˈu	0.5767747400401791
ʃ	w	0.5445256370422182
#>	r_#>	0.5260297331501959
ˈa	a	0.352329088157976