Phone1	Phone2	PMI
w	w	6.811052023190595
θ	ʧ	6.61004604424831
d	d	6.205246861854856
z	ʒ	6.000166690005415
ɡ	ɣ	5.956734813879227
ʧ	j	5.90054381858484
ŋ	n_u	5.742555489441135
ɡ	ɡ	5.680636416402833
ˈɛ_l	ˈe	5.6531044256666245
ŋ	n_i	5.618719846229322
t	t_i	5.49996461373121
m	m	5.453333087083735
p	p	5.349651211054628
ˈu	ˈu	5.320974718897436
f	f	5.30937437924374
s	s	5.215324614095045
ŋ	ŋ	4.958816281644057
ˈi	ˈi	4.821367967400515
b	b	4.8031762748391245
j_ˈe	ˈe	4.755693440101254
k	k	4.636229909259026
l	l_u	4.621395114755919
v	β	4.6181042265039896
ˈɛ	ˈe	4.596603032413119
l	l_i	4.5423198899163415
r	r_i	4.517620379399402
l	l	4.495831309367387
<#	<#_i	4.433504937135767
ˈɔ	ˈo	4.2604969576644205
v	b	4.225902264964901
ˈa	ˈa	4.198630331488324
e	e	4.180974391792183
n	n	4.116876848055976
t	t	4.091870309878927
a	a	3.9084961194092487
o	o	3.897684621638755
j	ʣ	3.820353925267531
ˈe	ˈi	3.7976544070670974
ˈo	ˈo	3.744002903195547
ˈo	ˈu	3.720070254416751
e	i	3.433613532165964
j	r	3.343064740203272
o	u	3.2454948427199115
r	r	3.180694347799676
i	i	3.16294906383487
d	ð	3.1179011919885493
ˈe	ˈe	3.0310777067136905
t	t_u	2.865329306099992
r	r_u	2.608538802126811
r	rː	2.358021911806142
ŋ	n	2.300185024787887
s	ʃː	2.0374381571901923
#>	e_#>	1.803291268430773
v	j	1.3314268648951102
t	ð	1.184049012847933
r	r_e	1.012963545021588
ˈi	i	0.5764164077666194
o	ˈo	0.5040962672581459
#>	i_#>	-0.6244282452206801
#>	u_#>	-0.3873802152550417