Phone1	Phone2	PMI
z	ʒ	7.566919112129215
w	w	6.821227434878968
θ	ʧ	6.377387073030387
ŋ	n_u	5.8375694487951675
ˈu	ˈu	5.781761833459568
p	p	5.756056349756673
t	t_i	5.632849058829532
ɡ	ɣ	5.603379028842537
ɡ	ɡ	5.523630290454898
d	d	5.494736079019385
m	m	5.263521304779991
s	s	5.25829383904975
ŋ	n_i	5.247996973462202
ˈi	ˈi	4.969889478762564
f	f	4.965871671232421
ŋ	ŋ	4.956199544298737
k	k	4.901556074014899
b	b	4.701690924386242
r	r_i	4.701339035386175
v	b	4.58176906904913
ˈɛ	ˈe	4.531694941666938
ˈɔ	ˈo	4.516153029874601
l	l	4.397288102925049
l	l_u	4.351478767122175
ˈa	ˈa	4.094605913259143
o	o	4.0848309197209165
t	t	4.0721924480829035
n	n	4.051747645712293
v	β	3.996136302971464
a	a	3.945370499638389
ˈo	ˈo	3.8545195807505683
ˈo	ˈu	3.7751742068868386
j_ˈe	ˈe	3.7326707329385447
ˈe	ˈi	3.571154024035765
j	r	3.5651918458445904
d	ð	3.5073423615016903
o	u	3.3588738868054553
e	i	3.1840665427737105
r	r_u	3.158072979821511
r	r	3.0984110448546613
t	t_u	3.0198921311970883
<#	<#_i	2.9246365785947384
ˈe	ˈe	2.9171243999952146
s	ʃː	2.907239465241276
i	i	2.854597760108228
ð	z	2.720593062087486
e	e	2.600362428769789
j	ʣ	2.5014732251108844
ʧ	ʧ	2.501343802817973
l	l_i	2.46945689486798
ŋ	n	2.2977624079678947
#>	ŏ_#>	2.2038220392252534
ʧ	j	2.1937347169712846
ˈɛ_l	ˈe	2.0934439003886913
ˈa_r	ˈa	1.7962337699973039
r	r_e	1.7939496593927728
l	sː	1.6687332306124603
r	rː	1.631577856155613
l	ɖː	1.5425039185302478
#>	e_#>	1.3733626174827422
<#_ð	<#	1.3358960199010892
t	ð	1.22897998566506
p_j	p	1.1685322875483402
o	u_z	1.1038174538814804
#>	ŭ_#>	1.1019110196126267
l	ɖː_u	1.0551150839133332
a	e	0.9961051674971063
<#_j	<#	0.9358960199010893
θ	ʒ	0.8544277330996704
n	nː	0.8509834711527718
k	k_r	0.8399748855280574
s	sː	0.8248467971828795
d_e	i	0.6810423711939654
e	ˈe	0.2755296828893354
o	ˈo	0.21093968640158942
l	r	0.1460393421391499
o	i	0.0887126349590768
#>	i_#>	-1.228087705880647
#>	u_#>	-0.9169998044306308