Phone1	Phone2	PMI
z	ʒ	7.7056768951626715
w	w	6.842992717768194
θ	ʧ	6.161740398875146
d	d	6.018497374214467
ɡ	ɣ	5.961174803706839
ŋ	n_u	5.756499154707512
ɡ	ɡ	5.685076406230444
ŋ	n_i	5.618585645917419
o	u_z	5.558560496185136
t	t_i	5.499118970805175
#>	ŭ_#>	5.452126818014064
l	l_u	5.444220777462662
m	m	5.425361725289552
j	ʣ	5.403265063520858
ˈu	ˈu	5.38179339534207
f	f	5.341315073821338
p	p	5.315921032822867
l	ɖː_u	5.296827658629421
ʧ	j	5.196478552696797
l	l_i	5.123969515850301
s	ʃː	5.035254947106167
s	s	5.035254947106167
ŋ	ŋ	4.976679110643376
d	ð	4.934834847952127
j_ˈe	ˈe	4.838803428899456
b	b	4.811058122673181
t	t_u	4.762153376638969
ˈi	ˈi	4.6606880594364535
ˈɛ	ˈe	4.63800486994639
v	β	4.597753078547421
k	k	4.579472588882969
r	r_i	4.490340458448452
<#	<#_i	4.433504937135767
#>	ŏ_#>	4.361701454411252
ð	z	4.275559044116303
ˈɔ	ˈo	4.20779731373079
v	b	4.18149227026479
ˈa	ˈa	4.125392099392702
n	n	4.028222915966745
θ	ʒ	4.026121579215902
t	t	4.023453829140654
e	e	4.021279121508707
l	l	3.967132271426163
a	a	3.8234151499081124
ˈe	ˈi	3.809676835243064
o	o	3.7912926647735783
ˈo	ˈu	3.7364104465940953
ˈo	ˈo	3.735781743529206
ʧ	ʧ	3.6977782181057357
k	k_r	3.5015379493142085
r	r_u	3.3709438521889568
e	i	3.325334093732931
s	sː	3.300713379462873
<#_j	<#	3.2712760908084384
n	nː	3.268130936707739
j	r	3.2668099940575317
i	i	3.1675923964677075
l	ɖː	3.126095645165318
ˈe	ˈe	3.1098658295965613
r	r	3.0717770906192947
o	u	2.9627818260151804
r_n	rː	2.8614656344069394
r	r_e	2.6917666708407557
<#_ð	<#	2.6488207277825504
r	rː	2.5523596058808407
#>	e_#>	2.3371735824702444
ŋ	n	2.3094341094088287
v	j	1.982992014777511
a	j_a	1.8037177717276223
t	ð	1.7533123454466821
l	sː	1.3691758346968923
ˈi	i	1.2973256101511155
r	j	1.2451101627432148
p_j	p	1.1195806325627018
d	rː	1.0678526915090192
a	ʣ_a	0.9940908675070735
a	e	0.9913800131790691
o	ˈo	0.877404248143402
<#	<#_a	0.7956391259363305
o_l	u	0.7735155164506053
e	ˈe	0.696301328811181
#>	i_#>	-0.5786645071215037
#>	u_#>	-0.4663662004210955
o	i	-0.06999492157441081
l	r	-0.06967763201803354
o	a	-0.053973059056855635