Phone1	Phone2	PMI
w	w	6.653519994464045
ɡ	ɣ	6.348329280000171
θ	ʧ	5.9525144477710805
ŋ	n_u	5.856715533959686
t	t_i	5.713314499831244
p	p	5.709134997813776
z	ʒ	5.599556143987448
m	m	5.313285268628303
d	d	5.264860807933482
f	f	5.061432791250958
s	s	5.040536521780771
j_ˈe	ˈe	4.991183683805851
ŋ	ŋ	4.979413578736096
l	l_u	4.915103771237956
b	b	4.848520915144327
l	l	4.808459952588235
ˈɛ	ˈe	4.745877980587938
ˈi	ˈi	4.733892529226283
k	k	4.611968145928573
ŋ	n_i	4.591135363800635
r	r_i	4.586995504014523
ˈu	ˈu	4.509609015068865
v	b	4.435098075972619
d	ð	4.35316275006149
ˈɔ	ˈo	4.320659767089477
t	t	4.294222301008332
ˈa	ˈa	4.225575295218545
n	n	4.090191627265872
v	β	3.957592973594073
ˈo	ˈu	3.92374999997446
ˈa_r	ˈa	3.8529673780968143
a	a	3.810488476083981
ʧ	j	3.6819677025849487
ˈo	ˈo	3.675949857247633
ˈe	ˈi	3.5682149446616256
j	r	3.479060277107741
ˈɛ_l	ˈe	3.461897119601587
o	u	3.2401938145640816
i	i	3.176492055652102
<#	<#_i	3.130252920736956
e	i	3.11987424129436
ˈe	ˈe	3.1158481951168566
r	r	3.0178860662438742
e	e	2.9067483678196773
ð	z	2.7155114190684646
t	ð	2.701330291955754
o	o	2.469706289402712
j	ʣ	2.3302740318597315
r	rː	2.322854945699065
ŋ	n	2.313813158621062
ɡ	ɡ	2.227178650337103
o	u_z	2.21672066302615
#>	ŭ_#>	2.206630210296362
s	ʒ_i	2.111125525780388
d_e	i	2.0947531086227618
s	ʃː	2.0306827449116724
r	r_e	1.95250764721528
k	k_r	1.9452098251738987
t	t_u	1.8140098277904009
r	r_u	1.7879035154690102
s	sː	1.742367413757576
θ	ʒ	1.735590772846798
l	sː	1.5799218370271948
<#_ð	<#	1.3373001054366438
l	l_i	1.1675381291397575
p_j	p	1.132160045950544
l	ɖː_u	1.129599245659349
#>	ŏ_#>	1.103315105148181
a	j_a	1.0840564483914394
#>	e_#>	0.971440534940922
<#_j	<#	0.937300105436644
n	nː	0.8560323131570728
l	ɖː	0.8396604493884435
a	e	0.7243030707301262
o	ˈo	0.4684521497232021
l	r	0.3311671402640088
ˈi	i	0.2971491398870515
e	ˈe	0.1930005669614712
o	a	0.1850269326693266
o	i	0.0068145201464002
#>	i_#>	-1.1052342404169977
#>	u_#>	-0.965394428990726
a	u	-0.0494698679096421