Phone1	Phone2	PMI
f	f	8.258240414553462
ʧ	ʧ	7.608199117860471
ɡ	ɡ	7.122390246401412
r	r	7.105595483972725
ɲ	ɲ	7.0020110011994605
ʃ	x	6.3625601349604635
ɣ	ɣ	6.352627312075148
ŋ	ŋ	6.33131706601407
d	d	6.145751437093558
i	i	5.961727849188544
ð	ð	5.796659787848204
ˈu	ˈu	5.7223882453366
ʝ	x	5.661480587272727
w	w	5.442873973048378
j	j	5.414308162737364
b	b	5.370575894623667
ʎ	ɟ͡ʝ	5.2905183639118825
m	m	5.288618752126059
β	β	5.263413785445102
ˈi	ˈi	5.257659854320828
p	p	5.247847948820968
θ	θ	5.239208137536305
t	t	5.077065380787033
l	l	4.923529667935975
k	k	4.71838678407726
ˈo	ˈo	4.674741553321507
s	s	4.612472156970023
ʎ	ʝ	4.424631890989967
e	e	4.408135888362643
ˈa	ˈa	4.315592333251812
ʎ	l	4.146468568305625
ʝ	ʝ	4.107087104133457
n	n	4.039938320818518
a	a	3.6989282707072775
ˈe	ˈe	3.696757005035549
j_ˈe	ˈi	3.6642478243558565
ɾ	ɾ	3.556208172489957
u	ð_o	3.401356080616968
o	o	3.396391211704034
u	o	3.363432620434138
m	m_b	3.2691500049624755
ŋ	n	3.235920635661929
<#_ɡ	<#	3.1444143086670286
ˈe_ʝ	x	2.734477971192029
<#_f	<#	2.6905796655176273
w_ˈe	ˈo	2.28223162515403
ˈo	w_ˈe	2.157717916956432
ˈe_ʎ	ʝ	1.48145813885102
ʎ	ˈi_ʝ	1.2731819685669885
b_ˈo	b	1.2462267478202549
f_ˈi	ˈi	1.1396540573017284
e	ɾ_e	0.9231101194708726
f_a	a	0.9093833763740523
w	ˈo	0.7841460255554286
j	ˈi	0.4821097921571088