Phone1	Phone2	PMI
f	f	8.23060965924853
ʧ	ʧ	7.500749171473573
r	r	7.305394980723454
ɲ	ɲ	7.016097570256811
ɡ	ɡ	7.014940300014516
ɣ	ɣ	6.593298305650289
ʃ	x	6.44977239283296
ŋ	ŋ	6.223867119627173
d	d	6.158125603450224
i	i	5.875135846228706
ˈu	ˈu	5.802990973572613
ð	ð	5.689209841461307
ʝ	x	5.653618212643961
j	j	5.384575253754939
w	w	5.362006109151372
β	β	5.3560792664290044
b	b	5.348746078028523
ˈi	ˈi	5.244032742340858
p	p	5.2116517123504496
θ	θ	5.203710224832027
ʎ	ɟ͡ʝ	5.183068417524986
m	m	5.181168805739162
t	t	5.022436699266613
l	l	4.96279230485614
k	k	4.685106072387008
s	s	4.671836368618371
ˈo	ˈo	4.656186935784583
ʎ	ʝ	4.636568973080516
e	e	4.395696241497277
ˈa	ˈa	4.274514113362948
ʎ	l	4.077841636932031
n	n	4.072746912973507
ʝ	ʝ	4.060689954206125
a	a	3.7538458686701976
ˈe	ˈe	3.6315776290338273
ɾ	ɾ	3.566802721883764
u	ð_o	3.371827872223268
o	o	3.3520660518016623
w_ˈe	ˈo	3.345890686438384
u	o	3.3422935193520598
ŋ	n	3.2112737901543
m	m_b	3.201828480527673
<#_ɡ	<#	3.1444143086670286
<#_f	<#	2.818065649640685
ˈe_ʝ	x	2.6958906918420875
e	ɾ_e	2.365592696079755
ˈo	w_ˈe	2.219415538981874
u	u	1.554977976441018
ˈe_ʎ	ʝ	1.4875407871146022
j_ˈe	ˈi	1.255171543117228
b	b_w	1.160355931541506
f_a	a	0.9033048616782956
w	ˈo	0.8922699345657784
ˈe	ˈi	0.5560141472880287
j	ˈi	0.46125184873005
ˈo	ˈe	0.0153875055900155