Phone1	Phone2	PMI
f	f	8.650043941996051
ɡ	ɡ	7.31547287616306
r	r	7.256235161381125
ŋ	ŋ	6.641282027011116
ɲ	ɲ	6.609867534386428
d	d	6.44711129614302
ɣ	ɣ	6.386701638208114
ˈu	ˈu	5.9999128540844575
ʧ	ʧ	5.836631510323912
ð	ð	5.746737727986984
ʝ	x	5.625025566488167
w_ˈe	ˈo	5.561015369974634
i	i	5.53782770390153
b	b	5.491341728441473
j	j	5.42507392497942
w	w	5.396529514625197
m	m	5.341804143086385
θ	θ	5.314106563807743
β	β	5.289657158548176
ˈi	ˈi	5.281929701477686
p	p	5.278805330019277
ʝ	ʝ	5.0577253129447435
l	l	4.959215939644792
t	t	4.915068427336078
k	k	4.774857528470836
ʎ	ɟ͡ʝ	4.679975173059387
ˈo	ˈo	4.51750993651312
s	s	4.51073249461718
ʃ	x	4.508312563828019
ʎ	ʝ	4.298597053937684
n	n	4.1751222063389655
ˈa	ˈa	4.158724602308972
e	e	4.144853461461699
ʎ	l	4.086745521404745
a	a	3.830251258115207
ˈe	ˈe	3.7030648780354407
ɾ	ɾ	3.5646655869506296
o	o	3.55342304912135
ʃ	ɟ͡ʝ	3.4044719085711717
ŋ	n	3.3104457312303994
u	o	3.3056387096703865
m	m_b	3.281488157182675
ˈi_β	ˈi	3.2252953743418873
u	u	2.966235371781199
ˈo	w_ˈe	2.8465331628796515
ˈo	ˈo_ð	2.3950684645107643
j_ˈe	ˈi	2.372305977196434
<#_ɡ	<#	2.3111803037728866
ˈa	ˈa_ð	2.2964705961462766
<#_f	<#	2.006012816165344
i	e	1.8872858957896086
ˈe	ˈe_j	1.7821578452991644
f_a	a	1.6731941688255072
ˈe_ʎ	ʝ	1.448943928743762
e	i	1.3132345286536102
b	b_w	1.270110078425266
ʃ	θ	1.2455286585558993
#>	ð_#>	1.2029900682931944
ˈi	ˈi_x	1.1873688280818997
ˈe	ˈe_ɣ	1.0117897138763978
f_ˈa	ˈa	0.9953021045259624
n	ˈe_n	0.7973911509295525
u	ɣ_o	0.7706411880854936
e	ɾ_e	0.704736144588837
j	ˈi	0.6285420898687596
ɲ	n	0.5162366758736251
ˈo	w	0.3883739269420683
ˈe	ˈi	0.2854282737409187
ˈo	ˈe	0.16119929714237663