Phone1	Phone2	PMI
f	f	8.231375316827915
ʧ	ʧ	7.434138628087556
ɡ	ɡ	7.392951637202405
ɲ	ɲ	6.940637644252961
ŋ	ŋ	6.602865040851518
r	r	6.589660143820267
d	d	6.511196659264515
ˈu	ˈu	6.071023542315042
ɣ	ɣ	5.990491149557397
ð	ð	5.790946881291943
ʃ	x	5.761970938183682
β	β	5.753315372800873
i	i	5.53035556806596
ˈi	ˈi	5.430936989526678
b	b	5.403228255216884
ʝ	x	5.316364624927954
j	j	5.310791558365149
p	p	5.307721510070313
w	w	5.22759798002559
m	m	5.200019136657862
θ	θ	5.155027775501558
l	l	5.1234547774272325
ʎ	ɟ͡ʝ	5.038435085843153
t	t	4.969609957036877
k	k	4.86824858251877
ʝ	ʝ	4.698169892918456
ˈo	ˈo	4.632144190067432
s	s	4.612826832699575
w_ˈe	ˈo	4.426656054209666
m	m_b	4.389011246851069
ˈa	ˈa	4.328093679136227
ʎ	l	4.257484115590247
n	n	4.218964754613837
e	e	4.207414971772325
a	a	3.810244981696941
u	u	3.698846914573864
ɾ	ɾ	3.5809966086736877
ˈe	ˈe	3.562711226121475
ˈo	w_ˈe	3.452193759155888
o	o	3.4480595315187723
ʎ	ʝ	3.3682608158971354
u	o	3.245308643449246
ŋ	n	3.244958958748604
ˈe_ʎ	ʝ	2.9755298241094943
e	ɾ_e	2.4162833320567008
<#_ɡ	<#	2.330842721949419
<#_f	<#	2.1394549421307723
ˈa	ˈa_ð	1.8921376263179528
j_ˈe	ˈi	1.326843261192344
ʃ	θ	1.2922032222649051
ˈi	ˈi_x	1.2816610679349818
#>	ð_#>	1.2079056728373276
b	b_w	1.1354341720212429
ˈo	ˈo_ð	1.0464477622328066
j	ˈi	0.9814473163337468
u	ɣ_o	0.8878310461191014
i	e	0.8455738776481734
f_ˈa	ˈa	0.8397893475996826
f_a	a	0.7871824664329237
u	ð_o	0.6506513184866229
<#_e	<#	0.6378974086054966
r	ɾ	0.5820573527258937
e	i	0.516313399471051
ɲ	n	0.4242492179552516
ˈe	ˈi	0.0546482797015673
ˈi	ˈe	0.0183224727861029
ˈo	ˈe	-0.0231334310802942