Phone1	Phone2	PMI
f	f	8.263644618894988
ʧ	ʧ	8.07487689465252
i	i	7.2209188003420826
ɡ	ɡ	7.119392604216351
ɲ	ɲ	6.802296919463786
r	r	6.773152113352806
ŋ	ŋ	6.592893204129749
d	d	6.4999147697296005
ɣ	ɣ	6.318642177244129
ð	ð	5.968263443675836
ˈu	ˈu	5.9030732759991436
ʃ	x	5.751803303848558
w_ˈe	ˈo	5.609058010391518
j	j	5.549181863610348
β	β	5.4879539244165025
ʝ	x	5.475344424053763
b	b	5.3603544136909065
θ	θ	5.354210022698971
p	p	5.326361467887156
w	w	5.2319436957208625
ˈi	ˈi	5.175623526017145
m	m_b	5.12122692172947
t	t	5.045886480056371
m	m	5.024662319722619
l	l	4.981230530299061
ʝ	ʝ	4.818493195965718
ʎ	ɟ͡ʝ	4.797346799383134
ˈo	ˈo	4.727464518404393
ˈe_ʎ	ʝ	4.67301295468975
k	k	4.594580779948403
s	s	4.569620358010185
e	e	4.28331750668117
n	n	4.176840256994077
ˈa	ˈa	4.143725607458486
ʎ	l	4.129905373143645
ʎ	ʝ	4.087732269166151
e	ɾ_e	4.081728882010138
ˈi	ˈi_x	4.053440611572766
u	ð_o	3.767623089678661
a	a	3.739280112239076
u	u	3.7060245656063096
#>	ð_#>	3.6237170185119827
ˈe	ˈe	3.606595413910203
ɾ	ɾ	3.5003046312367125
o	o	3.4847853221945986
ˈo	w_ˈe	3.462531804940264
ŋ	n	3.302855341988142
u	o	3.2355919670373
<#_ɡ	<#	3.1889607476202904
ʃ	ɟ͡ʝ	2.969738122625718
<#_f	<#	2.934910926830755
ˈi_β	ˈi	2.410283584612179
b	b_w	2.3925199301858147
u	ɣ_o	2.0749946205573
f_ˈa	ˈa	2.0727624117692534
ʃ	θ	1.9839590402747376
e	i	1.7617669102255744
i	e	1.6650477797258407
f_a	a	1.6572449063516443
j	ˈi	1.4582608110921214
ˈe	ˈe_j	1.3495164658163392
j_ˈe	ˈi	1.1952086783569014
ˈo	ˈo_ð	1.1423641204671804
ˈe	ˈe_ɣ	0.9780180940880087
ɲ	n	0.5929488876425612
ˈe	j_ˈe	0.3800739301542153
<#_e	<#	0.3189487043027483
r	ɾ	0.2886760196402947
ˈe	ˈi	0.2113243771502788
ˈi	ˈe	0.05798184385113153
ˈo	ˈe	-0.009138593479437195