Phone1	Phone2	PMI
f	f	8.705545087939877
ʧ	ʧ	7.5093464468647735
ɲ	ɲ	7.374057685973568
i	i	6.979561334974149
r	r	6.960554268036952
ɡ	ɡ	6.906549717534085
ɣ	ɣ	6.549456895162604
ŋ	ŋ	6.499545023915795
d	d	6.222793942060728
ˈu	ˈu	6.028772860540173
ð	ð	5.978047837560802
ʃ	x	5.766729604290517
ʝ	x	5.469721418210998
j	j	5.4640872393274424
β	β	5.4036888745565905
ˈi	ˈi_x	5.316207088072876
b	b	5.295110918905364
w	w	5.28993601886381
p	p	5.239667413288845
θ	θ	5.2324305896725525
m	m_b	5.219061702584817
ˈi	ˈi	5.059044584399751
l	l	4.971194276099661
m	m	4.950553381157841
ʝ	ʝ	4.945462712908917
t	t	4.887628032735927
ʎ	ɟ͡ʝ	4.787565744865872
k	k	4.731270424598668
s	s	4.689155122487513
ˈe_ʎ	ʝ	4.680593521924737
ˈo	ˈo	4.58159327544014
w_ˈe	ˈo	4.487597335621306
ʎ	ʝ	4.307458158949126
e	e	4.271366544809828
ʎ	l	4.222358175761205
ˈa	ˈa	4.1963343566865285
n	n	4.112131808693462
a	a	3.759114726585023
ˈo	w_ˈe	3.6561330048864744
ˈe	ˈe	3.6205946709892847
ɾ	ɾ	3.5442101110099533
ˈi_β	ˈi	3.4659519863785517
o	o	3.4012240214689275
u	o	3.341596566753598
e	ɾ_e	3.1279754838144087
ŋ	n	3.0748639215668754
u	u	3.060583637273427
<#_f	<#	3.042693434939952
ˈe	ˈe_j	2.7448343959244634
<#_ɡ	<#	2.5902148013139756
ʃ	θ	2.516362359964899
j_ˈe	ˈi	2.4919813542570175
u	ð_o	2.2071397159059445
f_ˈa	ˈa	2.109083744835237
i	e	2.0173018389869983
f_a	a	1.8599324619548452
ˈa	ˈa_ð	1.482838714429134
b	b_w	1.368667782992653
ˈe_ʝ	x	1.2934710993746479
ɡ_w	w	1.2861159091837897
j	ˈi	1.2667770021095455
#>	ð_#>	1.2019968177145244
ˈo	ˈo_ð	1.1520642637124558
e	i	1.1201581872178665
ʃ	ɟ͡ʝ	1.0091466095133503
ɲ	n	0.9252707251685577
r	ɾ	0.9043942687739361
u	ɣ_o	0.7962193107124472
ˈe	ˈe_ɣ	0.7699074305765676
ˈe	j_ˈe	0.7636083851391315
w	ˈo	0.516432413183842
<#_e	<#	0.3130398491799452
ˈe	ˈi	0.1495552555153449
ˈo	ˈe	-0.13468698344459068