Phone1	Phone2	Surprisal	OOV_Smoothed
a	a	0.0816633874775727	4.69703354057162
b	b	-0.0	4.69703354057162
d	d	-0.0	4.69703354057162
e	e	0.08051927350756491	4.69703354057162
f	f	-0.0	4.69703354057162
i	e	0.8791121858735017	4.69703354057162
i	i	1.1319514951996665	4.69703354057162
j	j	0.1511650022685913	4.69703354057162
j	-	3.8053855173235234	4.69703354057162
k	k	-0.0	4.69703354057162
l	l	0.2035988551827685	4.69703354057162
l	-	3.50857744071705	4.69703354057162
l	ɟ͡ʝ	4.514442915467751	4.69703354057162
m	m	-0.0	4.69703354057162
n	n	0.08681129370664041	4.69703354057162
o	o	-0.0	4.69703354057162
p	p	0.03537618309620452	4.69703354057162
r	r	-0.0	4.69703354057162
s	s	0.038458763514369436	4.69703354057162
t	t	0.10640686806669086	4.69703354057162
t	ð	3.8139796392546272	4.69703354057162
u	o	0.9441438074927828	4.69703354057162
u	u	1.0581061554487876	4.69703354057162
w	w	0.22742802072579496	4.69703354057162
w	-	3.09936657606674	4.69703354057162
ð	ð	0.18513975302683716	4.69703354057162
ð	-	3.456610210183204	4.69703354057162
ŋ	ŋ	-0.0	4.69703354057162
ɡ	ɡ	0.10481157110509975	4.69703354057162
ɡ	-	3.834984996726107	4.69703354057162
ɣ	ɣ	-0.0	4.69703354057162
ɲ	ɲ	-0.0	4.69703354057162
ɾ	ɾ	-0.0	4.69703354057162
ʃ	x	-0.0	4.69703354057162
ʎ	x	0.745707385240988	4.69703354057162
ʎ	ʝ	1.4116003511647612	4.69703354057162
ʝ	-	0.1837014714747459	4.69703354057162
ʝ	ð	3.0642075231747365	4.69703354057162
ʧ	x	0.1514482943989684	4.69703354057162
ʧ	θ	3.3269309105928437	4.69703354057162
ˈa	ˈa	0.16159453340529584	4.69703354057162
ˈe	ˈe	0.10317528680479925	4.69703354057162
ˈe	ˈo	4.310710005305265	4.69703354057162
ˈi	ˈi	0.07476881658360081	4.69703354057162
ˈi	ˈe	4.307408819519367	4.69703354057162
ˈo	ˈo	-0.0	4.69703354057162
ˈu	ˈu	0.12674449706247937	4.69703354057162
ˈu	ˈo	3.5716796845667336	4.69703354057162
β	β	-0.0	4.69703354057162
θ	θ	-0.0	4.69703354057162