Phone1	Phone2	PMI
ɡ	ɡ	7.265361269340817
ɲ	ɲː	6.976099360236256
b	b_w	6.936596463781531
ʒ	ʤ	6.392892040477821
l	l_ə	6.296724464139163
u	u	6.107164868862105
d	d	6.02323254258565
f	f	5.837011275452467
m	m	5.776572112028041
t	tː_ə	5.719020071247857
w	ʦː_ə	5.6239867463993445
ʎ	kː_j	5.621558940257437
n	n_t	5.618661882699269
m	mː	5.552000762470935
ˈɔ	w_ˈɔ	5.550135150146207
ˈe	j_ˈɛ	5.395907733981856
i	i	5.331932531987802
ʎ	lː_ə	5.15105565731328
s	s	5.138365664532082
ˈa	ˈa_n	4.973217127001671
p	p	4.959641522247489
b	v	4.932341681593504
w	v_ə	4.876611167945565
r	r	4.803226035159598
ˈi	ˈi	4.641967748050816
p	k_j	4.627269945147802
ˈu	ˈu	4.615366344131106
s	ʃ	4.568481165600879
r	ɾ_ə	4.493444963222004
ˈo	ˈu	4.476739291627056
ˈo	ˈo	4.455442713115243
ŋ	ŋ	4.4192290304257495
ʃ	ʃː	4.4113498250543115
ð	t	4.381926005542937
k	k_ə	4.354731397309708
ˈa_l	ˈa	4.321310600272076
β	v	4.205545938144117
β	p	4.195517695135196
k	k	4.148861516513895
ˈɔ	ˈɔ	4.138289759081846
ʒ	j	4.042918154998452
ˈɛ	ˈe	4.04169923587299
ˈa	ˈa	4.028541789672624
ʎ	l	3.927435336597735
n	n	3.923993575596811
ɾ	r	3.887656736272879
w	w	3.8854956861041465
t	t	3.8806200891980662
ʎ	ʎː	3.8468114600578556
ˈɛ	j_ˈɛ	3.824149107705649
ˈɔ	ˈo	3.691446187735198
ɾ	ɾ	3.630441694566207
ɣ	k	3.5120464581688964
<#	<#_w	3.508457787385975
ˈe	ˈɛ	3.435442110484161
l	l	3.4201272534045795
ˈi	ˈi_n	3.3287460259127224
ŋ	ŋ_k	3.241568830651725
ə	a	3.213515015226837
b_ə	v	3.192223611286766
ˈe	ˈe	3.101378608330169
r	ɾ	2.9601808823163673
ˈɛ	ˈɛ	2.8683476990548784
u	j	2.8432452042950365
<#_ə	<#	2.822788605456365
k	kː	2.781459823183246
ˈe	ˈi	2.6856890440469385
j_t	tː	2.6447896199186403
ɾ	ə_ɾ	2.633678232807926
ɣ	ɡ	2.6325187653193556
#>	o_#>	2.6156635244432125
ˈɛ	ˈi	2.6006424987728605
t	t_ə	2.4484649811451327
ˈu	ˈɔ	2.4397195664081828
#>	i_#>	2.2836335250201376
ə	ə	2.014116275738272
s_#>	#>	1.913042546899508
l	k_j	1.249334939663576
j	tː	1.239342922211072
ˈɛ_w	ˈe	1.2017696914167346
ə_s	ʃ	1.1981061491875078
w	ʃ_ə	1.1492529887139216
ə	ə_ɾ	1.063818700508312
ˈa	ˈa_ɾ	0.791666355168362
ˈi	j_ˈɛ	0.765781419312353
t	tː	0.7292370300075376
l	lː	0.6818811262399027
l	j	0.4101747527392816
ə	i	0.3571434726490831
<#_p	<#	0.10753135718855991