Phone1	Phone2	PMI
ɡ	ɡ	7.360230775244549
ɲ	ɲː	6.938559006350475
u	u	6.91219750093781
l	l_ə	6.678062320410255
ŋ	ŋ	6.158421943249176
ʒ	ʤ	6.043096196016957
d	d	6.022519862844916
ˈɔ	w_ˈɔ	6.01208464716907
f	f	5.66667194068428
m	mː	5.535105543952275
m	m	5.535105543952275
ˈe	j_ˈɛ	5.521847130614686
ʎ	lː_ə	5.469085053959987
n	n_t	5.213442181531815
w	ʦː_ə	5.174678011410868
s	s	5.149166523972081
p	p	5.105129575636044
i	i	4.972736305455021
b	v	4.928377761603878
ˈi	ˈi	4.889968326528755
r	r	4.684019716878345
ˈu	ˈu	4.651858463875956
β	v	4.622419855578161
ˈo	ˈo	4.56574508388486
s	ʃ	4.544599050731252
ˈa	ˈa_n	4.543505631098163
k	k_ə	4.54317215186803
ʎ	kː_j_ə	4.455304893214929
t	tː_ə	4.394460519957386
ˈo	ˈu	4.375605206055308
r	ɾ_ə	4.338306524404635
ʃ	ʃː	4.239911895770743
ʒ	j	4.202570362713954
ˈɛ	ˈe	4.150331847762725
k	k	4.105204082968778
ˈa	ˈa	4.040204159368786
ʎ	l	3.9350390127785193
ð	t	3.93026107158879
ʎ	ʎː	3.8526427294850194
ɾ	r	3.805190491110182
ˈɔ	ˈo	3.802726683187492
l	l	3.737173136161204
t	t	3.715185597203521
ɾ	ə_ɾ	3.68356096483234
ˈɔ	ˈɔ	3.606087593232071
ɾ	ɾ	3.59137943890672
n	n	3.530025107897961
ˈɛ	j_ˈɛ	3.464836672481927
ˈe	ˈɛ	3.4581244089741427
ˈi	ˈi_n	3.3738215747388374
t	t_ə	3.2524277542911406
w	w	3.2339205478496296
ə	a	3.219695541695941
n	nː	3.2046987357869905
β	p	3.0732849737999657
w	v_ə	3.0380868649338577
ˈɛ	ˈɛ	2.9995564593977404
r	ɾ	2.8362236643864214
ˈe	ˈe	2.762140922605334
ɣ	ɡ	2.760518867001467
k	kː	2.6707239470843667
ˈe	ˈi	2.54826770914442
j_t	tː	2.4835134286209053
t	tː	2.419210612380575
ˈɛ	ˈi	2.273377006457287
ə_s	ʃ	2.1789840958404723
ˈu	ˈɔ	2.08447202980342
ə	ə	1.9432396444374125
l_ˈa	ˈa	1.6877879802968736
ə	i	1.5532509265728929
b	b_w	1.3073651862905753
<#_ə	<#	1.1581210485333229
#>	i_#>	1.1418167625100688
b	b	1.07188527000246
w	ʃ_ə	0.9959620787020568
ɣ	k	0.9204626644227598
l	j	0.7085472567159836
w	ə	0.6717265184964863
s_#>	#>	0.5476935238662877
ˈe	ˈa	0.4140662790515
u	ə	0.406799516379949
p	k	0.3683770965298137