Phone1	Phone2	PMI
β	β	6.806938563567432
ŋ	n_e	6.609821774146723
d	d	6.181417062538368
o	o	6.1370159079317546
ð	ð	5.994371741400809
ˈu	ˈu	5.881389178123699
#>	ŭ_#>	5.853630439146802
f_w	f	5.833842609131164
m	m	5.696386235105058
#>	ŏ_#>	5.604607939579496
f	f	5.451401618861294
j_ˈe	ˈe	5.352604793328995
p	p	5.342603947876841
l	l_e	5.2800727809192205
ɣ	ɣ	5.273993813768609
ʧ	t	5.08302803767539
w_ˈe	ˈo	5.009428493323315
θ	ɣ_e	4.850992474443472
b	b	4.786577713265012
l	l	4.757479511225075
ɾ	r_e	4.708189070009935
s	s	4.621808519186067
ʝ	k_r	4.562352975223865
t	t	4.547548966142488
n	n	4.4523871722155866
ˈi	ˈi	4.391298664336615
ɡ	ɡ	4.383852188053705
k	k	4.270416104478348
ˈa	ˈa	4.262343566328951
s	z	4.244381410231857
i	i	4.195617352228682
j	j	3.9185880300781655
ʎ	l	3.909984670964784
ˈo	ˈu	3.8921967423224952
#>	ĕ_#>	3.811005262968849
ʎ	ɖː	3.794740530119961
a	a	3.793482112931127
ˈo	ˈo	3.7427093954064703
ɾ	e_r	3.736727701306193
u	u_z	3.6999915206967744
u	u	3.646288763555654
e	i	3.5220556290351914
θ	k	3.443737110206481
ˈe	ˈe	3.2074179031898336
r	r	3.2070955717561938
ˈe_j	ˈe	3.063996662276224
ɲ	ɲː	3.0194487177368283
ŋ	m	3.00263472987619
ˈe	ˈi	2.945852323621332
ɲ	nː	2.92679938448563
ɾ	r	2.833146274542488
u	ð_u	2.7972278870534537
e	e	2.7530233147466863
o	ˈo	2.5012712926357383
θ	ɣ	2.4191646157749167
<#_ɡ	<#	2.195967763690005
e	i_n	2.083487328186508
b_j	b	2.0768390618612003
ʃ	j	1.395370706434791
ˈe	ˈo	1.0686099137100369
ʎ	r	1.046965517785721
k	b	1.044722194688796
ˈo	ˈa	0.994427116242768
u	ɖː_u	0.9747129025419824
t_j	t	0.9484401393517804
j	ˈe	0.7329523477829348
e	ˈi	0.6650913776287052
ˈe	e	0.5920920867807744
e	a	0.109797231446114
#>	e_#>	-2.2746718476024657
a	ˈa	-0.1433589055818671