Phone1	Phone2	PMI
ŋ	n_e	6.816478850842572
β	β	6.632856264973396
o	o	6.108434231386772
ð	ð	6.05315006938227
θ	ɣ_e	6.015175332805257
d	d	6.014712479801686
m	m	5.903339452341155
#>	ŭ_#>	5.853630439146802
ˈu	ˈu	5.726681879903384
f	f	5.674734595120959
j_ˈe	ˈe	5.517520722393238
p	p	5.5158714146476795
ʧ	t	5.451974128330543
ɾ	e_r_e	5.09198924343279
ɣ	ɣ	5.089611755449451
w_ˈe	ˈo	5.081793486868178
ʎ	ɖː	5.004455492450424
b	b	4.85207568341277
t	t	4.844804262615146
l	l	4.8134590023598856
s	s	4.757712314047209
ˈa	r_ˈa	4.6270280971947715
ʝ	k_r	4.590671624803149
ʃ	j	4.535200493487526
k	k	4.534904637626802
n	n	4.404393416138681
j	j	4.290593152917037
ˈi	ˈi	4.233196968885146
ɡ	ɡ	4.224779032691127
ʎ	l	4.222532739741844
s	z	4.178285533198921
ˈo	ˈu	4.078781068815264
ɾ	r_e	4.078496481770777
ˈo	ˈo	4.05136924557584
ˈa	ˈa	4.040526936213985
l	l_e	3.996457609038892
a	a	3.900142271404319
u	u_z	3.858152967079402
i	i	3.828066206564652
e	i	3.7516295150311225
u	u	3.7172648809407263
ˈe	ˈi	3.6105387640716184
ˈe	ˈe	3.5420807549416082
<#_a	<#	3.481340350625131
θ	k	3.4294660318991355
ˈe_j	ˈe	3.215322967997235
ɲ	ɲː	3.1337990986641646
r	r	3.093023416886073
ɲ	nː	3.0116090404531346
b_e	b	2.9512601611007425
u	ð_u	2.922651035168294
ɾ	e_r	2.9203312908511383
e	e	2.660386417137479
ɾ	r	2.6097297920398628
#>	ŏ_#>	2.2916476757452595
u	ɣ_u	2.23958446784548
<#_ɡ	<#	2.195967763690005
o	ˈo	1.9677467833761269
β_e	e	1.831997822191354
ŋ	m	1.6294747264486507
ɾ_n	rː	1.5067312946550646
θ	ɣ	1.4712328443585845
ŋ	m_b	1.4255526262596327
s	z_ŏ	1.2019656797880187
e	i_n	1.0700689030341144
ˈe_l	l	1.048259933622155
ɡ_w_ˈe	ˈo	0.9534331663883812
a	ʣ_a	0.9360608308653887
w	ˈo	0.887668717066109
ˈi_β	ˈi	0.8653382318682838
<#_ʎ	<#	0.846461675947897
ɾ_β	r	0.7209586501133296
ʎ	p	0.47370999011588755
#>	e_#>	-0.8571792793523979