Phone1	Phone2	PMI
ŋ	ŋ	7.247677216684832
ɲː_o	ɲ	7.035621798921783
o	o	6.544778971169841
ɡ	ɡ	6.227593037153902
ˈu	ˈu	6.117435389005194
ʤ	ʒ	6.063701334769438
b_w	b	6.007194687869016
m_e	m	5.901918735782698
e_r	e	5.828057230124182
ˈo	ˈo_w	5.802278830524408
t_o	t	5.667742001188719
ˈɔ	w_ˈɛ	5.652638198498267
b	b	5.617328645093104
v	v	5.5132431283569
f	f	5.390180730654435
k_w	k	5.335716394078764
ɲː	ɲ	5.258222604342126
ˈi	ˈi	5.233888725605064
d	d	5.225484141738371
m	m	5.131873174574946
ˈo	ˈo	5.112108614324904
i	i	5.075643199985829
sː_o	s	5.075069287880292
ʧ_e	ʃ	5.048027079897171
kː	d	4.950580719559334
p	p	4.94839032019045
k_o	k	4.941595737577112
ˈe	ˈe_j	4.923985448546143
n_o	n	4.914442018718265
t_e	t	4.911045060969624
j_o	l	4.909953381231309
ˈɔ	ˈɔ	4.8762124778440175
ʧ	ʧ	4.767021759748244
tː_o	t	4.645699808291586
e	e	4.599554707253573
lː_o	l	4.589292134578789
ʎː	j	4.576518907334102
r_e	ˈe	4.532069353946968
ʧ	ʨ	4.476268364081793
p_o	p	4.41220660268447
r_o	r	4.410716212357099
n_e	n	4.3834624112888045
ˈa	ˈa	4.3207822911440426
i	e	4.2553765805878205
k	k	4.200452851653763
s	s	4.181027782118065
t	t	4.047851629077778
l	l	4.042885613520543
n	n	3.984743994465264
k	ʨ	3.8781829969076647
r	r	3.8109901355674336
ˈe	ˈe	3.7673276572272174
s	ʃ	3.7641052929338055
lː	l	3.741594311471976
l_o	l	3.734196728697857
j	l	3.666395870617594
a	a	3.54719447749782
ˈɛ	j_ˈɛ	3.40383886452759
ˈi_r	ˈi	3.3970601473489213
ˈɛ	ˈɛ	3.3838570621221287
t	d	3.0386204207485448
#>	s_#>	2.8592034226177576
tː	t	2.652230286772309
r_e	j	2.573638525980107
j	j	2.375846680976481
ˈɔ	w	2.2260521801558144
tː_e	t	1.8399643363470493
ˈa	ˈɛ	1.8140444925151875
r_e	e	1.4828831032752054
ʧː	ʧ	1.39698147171571
ɡ	k	1.2060896950912636
ˈu	ˈo	1.1442030284921465
e	j	1.1059131481330626
ʃː	ʃ	1.0326079613237082
p	v	0.8798809328289564
kː	ʨ	0.8109391377470825
ʧ	ʃ	0.8082748620475158
r_e	r	0.6451321064891711
o	e	0.5138478408764076
o_#>	#>	-1.7519441853368969
e_#>	#>	-0.5505165865192043