Phone1	Phone2	PMI
ŋ	ŋ	7.584224984977701
ɲː_o	ɲ	6.771225252873905
b_w	b	6.4492971579865435
k_o	k	6.328606824706752
ɡ	ɡ	6.194859409114485
ʤ	ʒ	6.162402213106358
v	ˈɛ_f	6.134353815794961
e_r	e	6.0475094376550524
o	o	6.042575763517889
ˈu	ˈu	6.0059341637198935
ʧ	w_ʃ	5.926011857625685
b	b	5.896458620510104
t_o	t	5.843232094362411
m_e	m	5.794686401009951
d	d	5.441016554156849
ˈo	ˈo	5.346104452619937
sː_o	s	5.3361804714476
ˈi	ˈi	5.254092598748331
v	v	5.165139096724964
k_ˈa	ʨ	5.1627090693621795
#>	j_#>	5.155425431747198
t_e	t	5.142792376221318
f	f	5.119659701861729
r_e	ˈe	5.1146034165793735
j_o	l	5.016322754419192
m	m	5.00700690853034
i	i	5.001460925250086
kː	d	4.997168777073394
tː_o	t	4.966404092077861
ˈɔ	w_ˈɛ	4.95281520357906
l_e	l	4.888063295454269
ˈɔ	ˈɔ	4.876701864194202
ˈe_r	ˈe	4.876279028874315
n_o	n	4.847358343854202
p	p	4.804029274464214
ˈe	ˈe_j	4.801329221147326
r_o	r	4.747881389963721
ʎː	j	4.689836100054702
ˈa	ˈa	4.657609759435735
n_e	n	4.626886941030497
ˈɛ	j_ˈɛ	4.573681376748871
lː_o	l	4.49207712616722
l_o	l	4.462206692065275
ʧ	ʧ	4.451977953779696
e	e	4.437893526143048
k	k	4.428219702171557
k_w	k	4.3958282927954775
i	e	4.377560465790456
t	t	4.287365042510092
ʧ	ʨ	4.265407374892165
s	s	4.2349864654969505
n	n	3.990808052602312
k	ʨ	3.964696390582606
r	r	3.846204265054396
ɲː	ɲ	3.84312971051023
s	ʃ	3.7980781218793496
l	l	3.779578681541697
lː	l	3.733486805495142
ˈɛ	ˈɛ	3.582594797824834
j	l	3.539509295651225
a	a	3.5316783577171127
w_ˈɔ	w	3.4664494068439238
s_ˈa	s	3.325993946629997
p_j	p	3.3121951213268748
ˈe	ˈe	3.307357253205533
ˈi_r	ˈi	3.3067657129473247
t	d	3.1738514668878746
p_o	p	3.1687801018660147
r	ˈɛ_r	3.0468009091165142
ˈɔ	w	2.9558791132042557
j	j	2.9172105549509375
#>	s_#>	2.8592034226177576
tː	t	2.8023180378651613
i_#>	#>	2.7776139720477655
p	v	2.6205592795228623
ɡ_o	k	2.4004557580852364
e	ˈe	2.0728194507415645
tː_e	t	2.0141654161486997
ˈu	ˈo	1.8359486291365965
l_ˈa	l	1.723591570648814
o	ˈɛ	1.581614999575421
ʧː	ʧ	1.4493408409786432
#>	e_#>	1.382492251072763
a	n_a	1.1552522324319126
ʃː	ʃ	1.1212131499411915
m_ˈa	m	1.093030002926595
ˈo	ˈo_w	0.9283928315703587
kː	ʨ	0.7967339598118846
#>	f_#>	0.7598563243043844
a	s_a	0.7325764481920931
#>	ˈe_#>	0.6932552590483183
ɡ	k	0.6278593111644482
ˈe	ˈi	0.6071503287417075
ˈo	ˈɔ	0.495239371937498
ˈa	ˈɛ	0.43834881010233995
#>	r_#>	0.40585871038576055
o_#>	#>	-1.3147442324768202
e_#>	#>	-0.36459445209748387