Phone1	Phone2	PMI
ˈi_n	ˈẽ	8.096872862242128
ʦ	z	6.269464818699355
b	b	6.22358322308117
ʎ	ʎ	6.152354461036115
f	f	5.773942215165226
ˈɨ_n	ˈɐ̃	5.760781617911021
l	l	5.711071187856203
d	d	5.671712048259704
ç	f	5.371042301226203
ˈi	ˈi	5.361262836521799
ˈu	ˈu	5.245168446366378
o̯ˈa	ˈɔ	5.154910533632696
ʤ	ʒ	4.968182928188075
m	m	4.9239644092098525
n	n	4.905653005645917
v	v	4.843490357791353
p	p	4.60465721147309
ˈe	ˈɛ	4.525313630781593
k	ɣ_u	4.503400123347444
j	v	4.473231307801191
p	β	4.433764815628531
ʦ	s	4.412523128960921
r_i	ɾ	4.346138739377431
e̯ˈa	ˈe	4.319574684267751
ʣ	ʒ	4.261950569992738
ˈa	ˈa	4.200801285586767
t	ð_u	4.178670810056508
t	t	4.167078374277964
n	ɲ	4.158259886812676
r	ʁ	4.126029298920368
i	ɨ	4.043876785666593
s	s	3.8764572251345375
t	ð	3.873368692644385
k	k	3.799473619919435
ˈo	ˈɔ	3.74290531887406
ˈo	ˈo	3.740226375527005
a	ɐ	3.737202600194534
ʣ	d	3.7203429858857824
ˈu	ˈo	3.505162719296111
ə	ɐ	3.436356549461568
u	u	3.415603492272034
r	ɾ	3.340231265325222
ˈe	ˈe	3.300831381387242
ˈu_n	ˈo	3.1903862792187145
ɲ	m	3.163063409012965
ʦ_i	ʃ	3.15783676962744
e̯ˈa	ˈɛ	2.9837403390147976
ʎ	j_ʎ	2.9672102978837573
k	ɣ	2.881504441504344
w	v	2.8357125841906576
s	ʃ	2.798608194040051
j	ʃ	2.772758113757934
e̯ˈa	ˈɐ	2.749488328163139
k_ʎ	ʎ	2.731655206506712
<#	<#_i	2.3619827634015427
p	j	2.3526316584995066
#>	j̃_#>	2.344134357365111
b	v	2.2280397329970247
n	ɲ_u	2.1445599536562163
s	i_ʃ	2.112721735104968
ˈe	ˈɐ	1.9593830529115976
ˈi	ˈɐ	1.9055048606357223
k	p	1.8927978318361487
o̯ˈa	ˈo	1.819729801572858
#>	ʃ_#>	1.7081448686380123
ˈu_n	ˈõ	1.632533094061333
<#_a	<#	1.6277738357578084
i	ˈe	1.5213148247476538
i	ɫ	1.4959412066193871
ˈa	ˈɛ	1.4716583492540458
r	ɫ	1.3901706257314332
ˈa	ˈɐ	1.2658944791567648
ˈu	ˈõ	1.1776402930756733
ʃ	ʃ	1.0528054611256004
ə	ɨ	0.979099231211386
ʃ	s	0.9776402930756736
i	ɐ	0.9128223457321096
n_ə	ɐ	0.8601436069323338
ˈi	ˈe	0.6779741413097837
i	i	0.6163653338205083
ˈa	ɐ	0.5874766226444943
i	j	0.4163653338205081
ˈa	ˈo	0.4133571213035559
<#_k	<#	0.0467776120348554
ə	u	0.03672064913176
i_#>	#>	-0.6244511500101996
#>	u_#>	-0.4802549405140567