Phone1	Phone2	PMI
c	k_r	7.896047749612856
lː	ɖː	6.677567961008431
d	d	6.179785457467848
p	p	5.301825358520445
m	m	5.273909700610019
f	f	5.267003072965849
ʎ	ʣ	5.022654266587885
v	b	5.009003450169169
ˈu	ˈu	5.000295219905055
i	i	4.885256331119287
ɟ	ɡ	4.875043012043729
ˈa	ˈa_r	4.849325348502066
s	s	4.802785157859708
tː	t	4.775669132205197
l	l	4.714770009634284
ˈi	ˈi	4.671818193605648
ʧ	ɣ	4.568265005523212
b	b	4.530130579120591
ˈe	ˈe	4.479689583213236
ŋ	m	4.442979071824447
n	n	4.40798991055418
kː	k	4.325155196746129
e	e_r	4.240132805549748
k	k	4.211694730391484
t	ð	4.205750661145503
ˈo	ˈo	4.113680829939708
t	t	4.104622651533553
ˈɔ	ˈo	4.08308973650372
ˈɛ	ˈe	4.076233438342886
#>	ŭ_#>	4.058840594469226
sː	s	4.010864397085722
ˈa	ˈa	3.9774860671910894
ŋ	ŋ	3.923281529615343
a	a	3.86899504939708
u	u_z	3.761148377213351
ɡ	ɡ	3.693912693992326
ɲ	n_ʣ	3.5494677885447063
r	r	3.5490168698619504
k	ɣ	3.5338389755037363
ɟ	b	3.5116611662895587
ʧ	k	3.5005792049164226
u	u	3.422382093281728
j	r	3.383717095887606
ˈɛ	ˈi	3.206264982258394
ʃ	i_s	3.1151153617438125
e	e	3.0221868630966395
#>	ă_#>	2.869970273000272
ˈɔ	ˈu	2.8221157384692157
u	o	2.73434630651636
rː	rː	2.6811685266206253
ˈo	ˈu	2.48367449806716
z	z	2.468047602451084
lː	l	2.3710927569344427
d	ɖ	2.334802801890448
s	i_s	2.306965329219669
p	β	2.220857874778849
ˈa	ˈa_e	2.0729631736515857
v	β	1.9581083216489872
w_a	a	1.889728984802021
k_w	b	1.8476378285929167
<#	<#_i	1.835634195779804
ˈɔ_j	ˈo	1.8110242187010883
ˈi_v	ˈi	1.603560530815375
ˈa_l	ˈa	1.6030984986779349
ɡ	ɣ	1.5402383402246025
ɟ	j	1.5233225158606274
i	o_z	1.491701759799121
ɲ	ɲ	1.368604286252198
ʦː	ʦ	1.348885203933308
ɡ	b	1.3488520846029797
e	n_e	1.309153662932951
ˈu	ˈo	1.2491215594483118
#>	ŏ_#>	1.2010001362116736
e	e_n	1.0513675037261985
d_e	i	1.0381187356305992
r	r_ˈa	1.0357039997165676
i	e	1.0034312160988974
j	z	0.935602624793456
ɲ	n	0.9332120642411028
j	β	0.9332120642411028
ʃ	s	0.8928852920071728
ˈɔ_d	ˈo	0.8893663760692441
ˈe	ˈi	0.8553611519495454
e	i	0.8247163902860845
v_e	e	0.6839880533121591
v_ˈa	ˈa	0.6690509614650859
d	ð	0.6471382235022759
ˈo	ˈa	0.5488783254408285
ˈo	u	0.548510675232398
e	r_e	0.417382503437736
a	e	0.0192807805057898
#>	e_#>	-0.7606711471468182
e	a	-0.0655077354108732
u	e	-0.0349353406585866
l	r	-0.0084130917038686