Phone1	Phone2	PMI
c	k_r	8.997586161131872
ɲ	n_ʣ	8.364936810186554
lː	ɖː	7.4313986823739
ʎ	ʣ	7.275147045267692
ŋ	ŋ	7.254879311916788
ʃː	s_k	7.250304164969549
k_w	b	6.959300400807112
ɲ	ɲ	6.708886857914745
d	d	6.525491734420667
ɟ	ɡ	6.4302497264273715
ˈa	ˈa_r	6.071150389765482
m	m	5.853392848162126
u	u_z	5.798418207812818
f	f	5.754880591462374
ˈu	ˈu	5.650077869631312
p	p	5.647263246167191
v	b	5.4142772384083155
ʃ	i_s	5.373567909200055
b	b	5.320588634031778
s	s	5.252865290111414
ˈɔ_j	ˈo	5.252065089780458
i	i	5.248826071536976
tː	t	5.211946518702099
ʧ	ɣ	5.172778437950836
ˈi	ˈi	5.143381753783985
l	l	5.137876285214082
ʦː	ʦ	5.019533557542962
e	e_r	4.987973772683128
k	k	4.930281612788132
i	o_z	4.924440115274006
ˈe	ˈe	4.805595724233055
t	ð	4.744360601183121
t	t	4.701272762819384
n	n	4.6187653304976175
p	β	4.6073287771999185
ˈɔ	ˈo	4.596149956787121
ˈa	ˈa	4.540911881001369
ŋ	m	4.476401106734108
ˈo	ˈo	4.4749901688773654
e	e_n	4.377288172054166
ɡ	b	4.363599831315739
#>	ŭ_#>	4.348966018133348
ɟ	b	4.343624090471841
a	a	4.3228683012800895
ˈɛ	ˈe	4.270066167994664
kː	k	4.110218356580875
z	z	4.07480740495304
k	ɣ	4.069149274617091
j	r	4.0552127098362964
r	r	4.032873032536059
d	ɖ	3.9690127191789486
u	u	3.947592288293548
ʧ	k	3.783812770619596
ɟ	j	3.7551370529966897
r	r_ˈa	3.7474323378696752
ˈi_v	ˈi	3.734779952773077
ɡ	ɡ	3.7142249638867617
ˈɛ	ˈi	3.5042127762675204
u	o	3.4202939220268402
e	e	3.4190763245410483
ˈɔ	ˈu	3.3344237406374133
sː	s	3.2930992304056295
rː	rː	3.2263779233207
w_a	a	3.218892991219108
<#	<#_i	3.1010689631434047
ˈo	ˈu	3.10083748650236
ˈɛ_lː	ˈi	2.9349509693192743
v	β	2.846808933095648
o	u	2.8285983281963096
m	m_i	2.821244379883505
ɡ	ɣ	2.7443310819674207
ˈɔ_d	ˈo	2.6434714520826956
ˈa_l	ˈa	2.5314880522588408
ˈa	ˈa_e	2.4313153815965065
ˈɛ_d	ˈe	2.401179489567604
#>	ŏ_#>	2.2651803734923583
d	ð	2.230748635549378
v_e	e	2.212931515807469
ʃ	s	2.1891659333564024
e	n_e	2.108000251506612
i	e	1.9535909784607755
lː	l	1.9489653038645178
#>	ă_#>	1.7256798509321594
e	r_e	1.5580619787052976
d_e	i	1.4378919026807806
s	i_s	1.371820397942228
e	i	1.2399539267086954
ˈu	ˈo	1.181549010488875
v_ˈa	ˈa	1.135959585714567
ˈe	ˈi	1.0333932175732155
ˈɛ	i	0.9926502990315483
r	e_r	0.90906512438598
ˈo	u	0.7321108677683577
lː	s	0.7062679796341486
#>	i_#>	0.5991729017219598
a	e	0.4207554893542689
ˈo	ˈa	0.32925519421059457
u	e	0.24526673709463384
e	a	0.11672672150923438
u	a	-0.13702452908662036