Phone1	Phone2	PMI
lː	ɖː	6.387824263995904
ɟ	ɡ	6.37639103079889
ɡ	ɡ	6.170931040060701
d	d	6.100796540042969
ŋ	ŋ	5.763115863808754
ʎ	ʣ	5.564209661774988
m	m	5.382752129909541
p	p	5.342886947737115
f	f	5.244596807077033
s	s	5.187517329519351
ˈu	ˈu	5.159136382699649
v	b	5.002483026755791
tː	t	4.947381698977262
ˈi	ˈi	4.837381590422875
b	b	4.780244998449112
l	l	4.752795517830514
sː	sː	4.6913266320787566
i	i	4.569131188079564
ˈe	ˈe	4.478833968298632
c	k_r	4.477535115596654
ʧ	ɣ	4.3888287581456265
t	t	4.240442585430717
k	k	4.22482867618996
ˈa	ˈa_r	4.174448879613265
t	ð	4.171183003709409
p	β	4.16963722551488
n	n	4.107289363878557
ˈo	ˈo	4.075783112079439
ˈa	ˈa	4.037316252782468
ˈɛ	ˈe	4.018047551908263
ˈɔ	ˈo	3.930627336253079
#>	ŭ_#>	3.8346266427341886
a	a	3.796648386554032
u	u_z	3.778304286694397
<#	<#_i	3.56518767203463
r	r	3.519166943688236
u	u	3.469464729268891
j	r	3.450258087319583
k	ɣ	3.3247057489894973
ʧ	k	3.2653519624629195
e	e_r	3.224099324718284
e	e_n	3.2104407258854044
r_n	rː	3.1730851375170106
ˈa	ˈa_e	3.122054622236264
ɲ	ɲː	3.090003656112713
e	e	3.044447609626034
lː	l	3.009097002963116
ˈɛ	ˈi	2.9828571453422605
ˈɔ	ˈu	2.9637501268704485
ʃ	s	2.830655218567093
rː	rː	2.6787145955654705
v	β	2.591896487225281
kː	k	2.5849531124672134
u	o	2.4721460966722875
d	ɖ	2.4589134282284912
v_e	e	2.429196469073771
ŋ	m	2.42845683402686
ɟ	j	2.218638427478696
ˈo	ˈu	1.9111833055939944
k_w	b	1.8248686271680423
ˈɔ_j	ˈo	1.807447466049695
#>	i_#>	1.8003208212228632
ˈi_v	ˈi	1.6803312372704844
ʃ	i_s	1.4988777831646416
d	ð	1.498202505706508
o	u	1.4603851074599137
i	o_z	1.456815463988985
#>	ă_#>	1.4289316485663766
ʃː	s_k	1.42688038079922
z	z	1.2733727069597025
#>	ĕ_#>	1.194946648277914
#>	ŏ_#>	1.194946648277914
ɟ	b	1.1864400521442349
d_e	i	1.1670807487719572
c	k	1.0895040042047797
a	j_a	1.0487690908345222
e	i_r	1.0206075466173528
lː	sː	1.0025027924437546
ˈa_l	ˈa	0.9129282253789952
ˈɔ_d	ˈo	0.903467082423324
ˈɛ_d	ˈe	0.8308496504161071
ˈe	ˈi	0.8270560977197621
i	e	0.8030775555805526
j	z	0.7944195451404793
ˈu	ˈo	0.747860974927344
e	n_e	0.7055449225603387
ɡ	ɣ	0.7032836483852414
ɲ	n	0.6801882049012542
e	i	0.6580360556683494
r	r_ˈa	0.6370429611135502
ˈo	ˈa	0.5872499434974432
d	r	0.3647666904855661
ˈɛ	i	0.2618691004899108
a	e	0.0884826721535165
#>	e_#>	-0.3520263909318733
u	e	-0.1407690807886047
e	a	-0.0884541772811289
u	a	-0.0342274015215944