Phone1	Phone2	PMI
c	k_r	7.521364179420993
ʎ	ʣ	7.054741232833448
lː	ɖː	6.934456529809036
ɟ	ɡ	6.698958421491914
ŋ	ŋ	6.683706956889806
ɡ	ɡ	6.45139334786156
d	d	6.382048613800725
m	m	5.617881006436246
#>	ŭ_#>	5.564325250262451
f	f	5.370395417282451
i	i	5.338553979362577
p	p	5.246521511052557
ˈu	ˈu	5.242192406548159
ˈa	ˈa_r	5.201439722143952
s	s	4.973144872257207
k_u	k	4.954411468975535
l	l	4.81729796782577
b	b	4.803560916682738
ʧ	ɣ	4.778253469538301
tː	t	4.772877874143963
v	b	4.729123759902205
ˈi	ˈi	4.629927239441428
u	u_z	4.5592342162518
ˈo	ˈo	4.556071207382173
t	ð	4.510349509775318
ˈe	ˈe	4.496421190257214
t	t	4.388238884177881
v	β	4.335490466201987
<#	<#_i	4.245087862585769
n	n	4.201084141857031
k	k	4.141712087445527
ˈɔ	ˈo	4.104484664792751
ˈa	ˈa	4.061875882932375
a	a	4.024336117906428
p	β	3.9619403625301204
ɲ	n_ʣ	3.9484216060715274
e	e_r	3.7895597691667677
ˈɛ	ˈe	3.7776416720162858
m_u	m	3.734788439154228
k	ɣ	3.6191845752169534
u	u	3.600294568677574
kː	k	3.5964257432707374
ʧ	k	3.580847994738314
r	r	3.364949123167549
ˈɛ	ˈi	3.298901492174883
v_e	e	3.2668830734140673
r_n	rː	3.03891275097881
ˈɔ	ˈu	2.967916241117951
e	e	2.9638655458642824
r	e_r	2.8146716925041795
w	b	2.791306056344613
e	e_n	2.786927348571071
lː	l	2.715334063002599
j	r	2.605588804600989
ŋ	m	2.266660522766694
u	o	2.2590366070508243
k_w	b	2.018610312490137
ʃ	s	1.9248230366628976
ɡ_w	b	1.827122453052438
#>	o_#>	1.1365989167363366
ˈe	ˈi	1.1294575500477027
ŋ_ɡ	m	1.0149990322852924
e	r_e	0.9899052156707778
e	i	0.77309383322811
r_ˈo	r	0.5923012964162462
<#_k	<#	0.06928783174189831