Phone1	Phone2	PMI
c	k_r	8.01302782030689
ʃ	i_s	7.9505614687305455
ŋ	ŋ	7.5632175323591095
ʎ	ʣ	7.038030676003617
sː	sː	6.36384725505868
ɟ	ɡ	6.149568852883502
ɡ	ɡ	6.148718836757123
lː	ɖː	6.112143097745286
d	d	5.922093602404103
#>	ŭ_#>	5.394065781890005
m	m	5.324333298017819
p	p	5.285740295001146
ˈa	ˈa_r	5.133936862074683
e	e_n	5.111238628422199
ˈu	ˈu	5.08561558028716
s	s	5.07062003324447
f	f	5.040026004456748
d	ɖ	4.947501543722236
tː	t	4.911453823614063
b	b	4.874759561627811
ɲ	ɲː	4.854026204594705
v	b	4.850279622483034
i	i	4.82732927363074
l	l	4.799681425889623
ʧ	ɣ	4.770554213552287
ˈi	ˈi	4.754243470794563
lː	sː	4.7376081216911645
u	u_z	4.733949262950433
kː	k	4.630864661436613
rː	rː	4.588104136586375
p	β	4.388654929567098
ˈe	ˈe	4.332609584868431
k	k	4.287166975259737
n	n	4.174554621191318
e	e_r	4.12746598096728
ɟ	j	4.081832606070263
t	t	4.077895557755268
t	ð	4.054382345967733
i	o_z	4.013475163607941
ˈa	ˈa	3.979267832840721
ˈo	ˈo	3.9562820202421642
ˈɔ	ˈo	3.9531783791138
ˈɛ	ˈe	3.905160055671986
a	a	3.7805145247489236
ˈɔ_j	ˈo	3.775352319758053
z	z	3.7241844475435526
r	r	3.7096164524105086
k	ɣ	3.6652356195719213
ˈa_l	ˈa	3.641153594471464
ˈa	ˈa_e	3.629911411799613
<#	<#_i	3.5940657818900035
#>	ŏ_#>	3.5817758105738884
u	u	3.5373928617498502
j	r	3.485689806045427
ʧ	k	3.281248309544917
e	e	3.182562557014944
v	β	3.1808193051915157
ˈɛ	ˈi	3.143701960809871
k_w	b	3.1357630246571904
n_u	n	3.091184666447947
ɟ	b	2.9928666709082363
u	o	2.857618916790561
ˈɔ	ˈu	2.7757457251286497
w	b	2.6091405839247863
ˈo	ˈu	2.5987427718078187
o	u	2.3666838961672623
ŋ_k	m	2.2795416417222683
ŋ_ɡ	m	2.036210659832921
r	r_ˈa	2.0051666694575765
d	ð	1.919120656672003
lː	l	1.897151638416161
ˈi_v	ˈi	1.8548978890049015
ŋ	m	1.6581208956285032
v_ˈa	ˈa	1.619057223266229
ʃː	s_k	1.6054580940250123
ɲ	n	1.4563387024288512
i	e	1.2038111185584346
ˈu	ˈo	1.192442660859956
e	i_r	1.1096545485718956
e	n_e	1.0937683363043398
d_e	i	1.0756321465019678
v_e	e	0.992624646646199
ˈɔ_d	ˈo	0.9898829958469906
j	z	0.9013276158327035
#>	i_#>	0.8991390325248139
ˈɛ_d	ˈe	0.886968361281039
w_a	a	0.7700217003246947
ˈe	ˈi	0.5851184725779566
ɡ	ɣ	0.5469563904028029
ɡ	b	0.4878652136975686
ˈɛ	i	0.46254221944875923
e	i	0.2527000393187551
ˈo	ˈa	0.1513616516688025
#>	e_#>	-0.17806986610662992
u	a	-0.046215931663563824
a	e	-0.025293428204759917
u	e	-0.014789882744550833