Phone1	Phone2	PMI
c	k_r	7.8490390930831735
lː	ɖː	7.160394779914588
ŋ	ŋ	6.490469677298464
d	d	6.395533798831217
ɟ	ɡ	6.346061632778551
p	p	5.58103772465464
ʎ	ʣ	5.434852546612887
m	m	5.2262295573009485
ˈu	ˈu	5.213521267993297
s	s	5.196011101156599
f	f	5.162331957428983
ˈi	ˈi	4.9340156270911475
v	b	4.8561406267878615
tː	t	4.811647345213604
ɡ	ɡ	4.702045959763032
ʧ	ɣ	4.608300753208243
ˈe	ˈe	4.5945674410144886
l	l	4.554830348404613
b	b	4.504349906335012
kː	k	4.49323083720347
i	i	4.440868494420897
k	k	4.279841922867621
t	t	4.215510032588417
n	n	4.210408936724373
t	ð	4.155788148699347
ˈa	ˈa	4.061245008385896
ˈa	ˈa_r	4.013045547560923
a	a	3.991784508073128
ˈɛ	ˈe	3.8694736077209053
ˈɔ	ˈo	3.8394741768697105
ˈo	ˈo	3.7766977170842706
rː	rː	3.6560237594302127
r	r	3.643255000813134
j	r	3.5944197622238443
k	ɣ	3.5419421518015333
p	β	3.500659492466019
u	u	3.4429051492251284
ʧ	k	3.340486693834976
e	e_r	3.1886136732155297
#>	ŭ_#>	3.131402097862904
ˈɛ	ˈi	3.0842769524000833
e	e	3.0749925989987124
e	e_n	3.027334815242818
r_n	rː	3.0090434654606018
sː	sː	3.002887555118161
ŋ	m	2.9327745356454336
ˈɔ	ˈu	2.8920497258286613
u	u_z	2.862170610873348
v	β	2.75655409043048
k_w	b	2.7389466037897083
i	o_z	2.6916240614505256
<#	<#_i	2.49492674936519
#>	ŏ_#>	2.3878505403825923
u	o	2.2997177291030204
ˈo	ˈu	2.2567094427570864
d_e	i	2.195790720128592
e	n_e	2.122713822165591
ʃ	s	1.908758952999377
ˈa	ˈa_e	1.82443772168418
lː	l	1.793943710204557
ˈɔ_j	ˈo	1.7388584183314593
ɲ	n_ʣ	1.7290464520365472
ˈi_v	ˈi	1.70408815503922
v_e	e	1.675307061046707
ɡ	b	1.6450077031867687
r	e_r	1.61910639389506
ʃ	i_s	1.4657806388147112
o	u	1.4361113107291956
#>	ă_#>	1.4279102704797588
d	ð	1.411043360140014
d	ɖ	1.401018824603183
ɲ	ɲː	1.3899905137646908
w_a	a	1.319528607653935
s	i_s	1.3049288406657573
z	z	1.2887084565852667
ɟ	j	1.248316249675503
#>	ĕ_#>	1.1939252701912961
j	z	1.0243228376077942
lː	sː	0.9348310422135502
i	e	0.9002555936101759
#>	i_#>	0.8991390325248139
ˈa_l	ˈa	0.8908610018921047
ˈu	ˈo	0.8427963771924676
ˈɔ_d	ˈo	0.8234735591065636
v_ˈa	ˈa	0.8229328639259753
ɟ	b	0.7296475389651199
ɡ	ɣ	0.6516149728371572
e	i	0.49636132727618254
ˈe	ˈi	0.48790154734769375
ˈo	ˈa	0.4024428370431086
a	i	0.27443869699205303
a	e	0.14009490514292222
e	a	0.07723209005603773
l	r	0.04701986415216679
u	a	0.02572300294372637
#>	e_#>	-0.3726321642516544