Phone1	Phone2	PMI
c	k_r	7.924120024559364
ŋ	ŋ	6.9745637082184135
ʎ	ʣ	6.914776344776072
lː	ɖː	6.62975576995962
ɟ	j	6.290725202625514
sː	sː	6.199860536876417
ɟ	ɡ	6.054668952107259
ʃ	i_s	6.052454189350593
ɡ	ɡ	5.978713992720681
d	d	5.833771578916221
#>	ŭ_#>	5.459431618637298
m	m	5.411860334067035
ˈa	ˈa_r	5.297114386125715
f	f	5.260985727630112
ɲ	ɲː	5.116856871451551
ˈu	ˈu	5.116165549995509
p	p	5.104912767968829
z	z	5.0991241715794935
v	b	4.979235818058731
b	b	4.971686251232748
s	s	4.863401878709428
ʧ	ɣ	4.826695522770391
ˈɔ_j	ˈo	4.815273844244983
ˈi	ˈi	4.802434947423569
tː	t	4.801967372981226
d	ɖ	4.800688037059214
u	u_z	4.789160790845756
i	i	4.765152121442059
kː	k	4.640665364890995
l	l	4.632731115601776
v	β	4.545250817770269
rː	rː	4.385712446375308
k	k	4.335167270479553
lː	sː	4.234986469138705
ˈe	ˈe	4.214175965361818
o	u	4.191608270594199
n	n	4.180989947301989
ˈa	ˈa	4.134906233192683
t	t	4.118850554303885
t	ð	4.057251518997834
p	β	4.036942767391904
ˈɔ	ˈo	3.964513995732826
ˈo	ˈo	3.8867187628170643
a	a	3.8602118339022087
ˈɛ	ˈe	3.8540559792648073
<#	<#_i	3.8339665946914185
e	e_r	3.7976705954342886
e	e_n	3.6761604727591637
k	ɣ	3.6721523229482185
u	u	3.57323196989111
ʧ	k	3.5278556904897744
r	r	3.476041669122686
ˈo	ˈu	3.326044787236554
j	r	3.2871379866831334
d	ð	3.275749073027394
ˈɛ	ˈi	3.2033611707883396
k_w	b	3.0689946718911334
e	e	3.037776549523392
ˈɔ_d	ˈo	2.9667857640314357
u	o	2.9431741354773284
ˈi_v	ˈi	2.8146172420143505
ˈɔ	ˈu	2.7700046606646183
r	r_ˈa	2.73659712774698
lː	l	2.640948916734972
v_e	e	2.5863578653422796
ŋ	m	2.343149648624819
ŋ_ɡ	m	2.266701133820964
n_u	n	2.1413662084975496
e	i_r	2.111744849637529
r	e_r	2.0347426428595434
j	z	1.8329918480620402
w	b	1.7998645990788151
#>	i_#>	1.783772647454919
ˈɛ_d	ˈe	1.7639885024736333
r_n	rː	1.7411557443667705
i	e	1.6539201105192043
ˈe	ˈi	1.4710117430854341
ɡ	b	1.3417596402593106
i	o_z	1.2725559516386866
m	m_i	1.1993170448074113
#>	ŏ_#>	1.186672561393942
#>	ĕ_#>	1.186672561393942
l	e_l	1.1676538954416071
ŋ_k	m	1.1137030831751868
d_e	i	1.0262852754668048
e	n_e	1.0163260721479659
ɡ	ɣ	0.8662194862171761
w_a	a	0.7753327955843828
ˈu	ˈo	0.7614290500515033
ɟ	b	0.7421902426957502
ɲ	n	0.6802146824782666
e	i	0.5877739914658264
ˈo	ˈa	0.2668529420329125
a	i	0.13516256211776528
u	e	0.07552147913672318
e	a	-0.460435908140876
#>	e_#>	-0.2530578076553729
<#_k	<#	-0.08129743918298303
u	a	-0.024717666970316136