Phone1	Phone2	PMI
c	k_r	7.743459325405038
ʎ	ʣ	7.261184050655109
ɲ	ɲː	6.682590836233606
ɟ	ɡ	6.617621846620016
ŋ	ŋ	6.573458095717301
sː	sː	6.452190217544596
lː	ɖː	6.322931009519182
rː	rː	6.241104233415313
ʃ	i_s	6.202908214657605
d	d	6.027856871621779
ɡ	ɡ	5.52161011172249
m	m	5.3931184314039715
p	p	5.28549612637756
#>	ŭ_#>	5.266804946291946
ˈu	ˈu	5.205306878181797
ˈa	ˈa_e	5.1565418688470475
f	f	5.1469872650755075
ˈa	ˈa_r	5.07568385595808
k_w	b	5.072877036809743
s	s	4.945271578922621
b	b	4.93563600474261
d	ɖ	4.853543240608448
v	b	4.795277664002587
l	l	4.766509080077835
ˈi	ˈi	4.723423373990086
tː	t	4.702874678379235
i	i	4.696114158706762
u	u_z	4.690970072105308
ʧ	ɣ	4.506482463219517
kː	k	4.384067393200883
ˈe	ˈe	4.33080918691242
p	β	4.2883960403165835
k	k	4.2190293996208235
t	t	4.152101299204929
n	n	4.149905804758961
t	ð	4.133048510205767
ŋ	m	4.07695020637643
ˈo	ˈo	4.058395293448605
ˈa	ˈa	4.012742101302139
v	β	3.933161731538822
ˈɔ	ˈo	3.874820221747228
ˈɛ	ˈe	3.8189105960692773
ˈɔ_j	ˈo	3.818569408281533
ˈa_l	ˈa	3.7966489781050727
a	a	3.783401791579068
lː	sː	3.77408394799588
e	e_r	3.763908657422991
k	ɣ	3.733361642569896
w_a	a	3.6552965608639743
r	r	3.639175399897654
e	e_n	3.5932352406981374
u	u	3.5739739056467736
ʧ	k	3.511413671920496
j	r	3.4977607991696855
ɡ	b	3.4010626712326633
o	u	3.389921483547755
ˈo	ˈu	3.3844704581012404
v_e	e	3.3741321764075782
ˈɛ	ˈi	3.2210138111623885
ʃː	s_k	3.183938768748994
e	e	3.0963856548526776
<#	<#_i	3.0341051998353694
ˈɔ_d	ˈo	2.963298115075737
ˈɔ	ˈu	2.8902149720225405
u	o	2.835086227604038
ˈi_v	ˈi	2.8035460563155756
r	r_ˈa	2.7569861578245622
ɟ	j	2.68906096306145
z	z	2.6244839823369173
l	e_l	2.364961406931998
ɡ	ɣ	2.2750439992215026
r	e_r	2.1704107824822643
e	i_r	2.116863949496957
n_u	n	2.105135128525627
e	n_e	1.8726772054655874
#>	i_#>	1.7941707308680968
lː	l	1.750201644944125
ˈɛ_d	ˈe	1.7494452423755615
i	e	1.6182956394984884
d	ð	1.4779473052292345
ɲ	n	1.4420321706038852
ˈu	ˈo	1.3824558471924158
i	o_z	1.3073039314416317
#>	ŏ_#>	1.1918716031005308
#>	ĕ_#>	1.1918716031005308
s	i_s	1.1049320912211686
ʃ	s	1.0491763718957121
d_e	i	1.0236006885590783
j	z	0.8889100572801976
e	i	0.8454619087337716
ɟ	b	0.8149310840012436
ˈe	ˈi	0.23516861690248514
ˈɛ	i	0.15505420588755187
a	i	0.0008870626559718736
#>	e_#>	-0.33226101416589565
e	a	-0.30275039714682567
u	e	-0.04725307029571098
a	e	-0.016266598922146963