Phone1	Phone2	PMI
c	k_r	7.734164878070671
lː	ɖː	7.182076577216829
ŋ	ŋ	6.927821543332762
ʎ	ʣ	6.776004608746411
ɟ	ɡ	6.467383204840163
d	d	6.305946170770053
m	m	5.582476907987198
ˈu	ˈu	5.396656353608058
#>	ŭ_#>	5.288160893474265
ˈa	ˈa_r	5.257156796609688
f	f	5.197827521356458
p	p	5.170704404205657
ɡ	ɡ	5.140404831913791
b	b	4.995361390561332
v	b	4.952472666083935
s	s	4.94331805894774
i	i	4.898384460810565
ʧ	ɣ	4.8037787347859
u	u_z	4.766327519374898
l	l	4.7212801437298495
ˈi	ˈi	4.667342381956243
tː	t	4.592980748842188
ˈe	ˈe	4.300462503787673
k	k	4.220035194609829
n	n	4.1725055260494495
t	ð	4.150935287378962
p	β	4.144847800816663
ˈa	ˈa	4.143015202606891
t	t	4.1391278109207645
e	e_r	4.070914374190104
ˈɔ	ˈo	3.980434124425438
ˈo	ˈo	3.933519818268137
ˈɛ	ˈe	3.884718181758106
a	a	3.874375097092324
<#	<#_i	3.733924631573441
j	r	3.647812047938781
r	r	3.585855817222165
k	ɣ	3.5674720838223624
v	β	3.55253425929833
u	u	3.4931045834929835
ˈo	ˈu	3.431662260820923
kː	k	3.4280948458719687
ʧ	k	3.4069825941832885
e	e	3.187322530978198
ˈɛ	ˈi	3.0862610478710164
u	o	2.85028064723857
ˈɔ	ˈu	2.7279492849399056
ŋ	m	2.318339958893285
k_w	b	1.9503514470891887
ʃ	s	1.8339387889963352
i	e	1.7694382113043552
s	i_s	1.1280831299829022
e	i	1.1235453398441424
w	b	0.9378502777826556
v_e	e	0.7961163375537634
ˈe	ˈi	0.2841006663770179
u	e	-0.1046485972746471
#>	e_#>	-0.0407581396674288
u	a	-0.0317949891310774