Phone1	Phone2	PMI
ˈaː	ˈa_r	6.587614462855027
ʤ	k_r	6.561720002806816
ʤ	ʣ	6.286844888167308
d	d	6.0457612356412485
ŋ	n_u	6.045335787114909
w	o	5.810428499629157
p	p	5.7140975929035855
ʒ	ɣ	5.691354139781988
f	f	5.4168192649016795
i	i	5.386577461714587
z	ɡ	5.37536697928255
m	m	5.335340853367523
l	ɖː	5.289936225691732
j	e_r	5.2343045071050005
ɡ	ɣ	5.212470041133267
ɡ	ɡ	5.209540685940387
ˈy	ˈu	5.119948592997707
t	t	5.107882229712205
v	β	5.097515038616013
ˈyː	ˈu	5.036615473010616
ˈe_j	ˈi	5.012614014299513
ŋ	n_e	4.864255998225305
ˈeː	ˈe	4.781293866613223
s	s	4.75551221313244
ˈiː	ˈi	4.685787754061343
b	b	4.684496871536962
ˈɔː	ˈo	4.597105791295556
k	k	4.495905263217914
ˈa	ˈa	4.439847891668334
ˈi	ˈi	4.435216553698692
l	l	4.363208272249001
ˈøː	ˈo	4.328125019507015
ˈø	ˈo	4.252576068343402
ˈu	ˈu	4.239763725401074
<#	<#_i	4.184292854861467
ˈɔ	ˈo	4.104029614301859
v	b	4.08139625135836
a	a	4.063245190071048
ˈuː	ˈu	4.045763185860549
<#	<#_a	3.988400344243908
n	n	3.9274651265785105
#>	ŭ_#>	3.8809534134546166
ˈɛ	ˈe	3.8796923290989263
u	u_z	3.8247969969664313
e	e_r	3.822501371091565
ˈe	ˈe	3.8161489192976843
u	u	3.7501847045234884
r	r	3.4745544682384217
ˈaː	ˈa	3.464186456370061
ˈu	ˈo	3.4623078029819143
ŋ	n	3.336221391405269
d	ð	3.3277130039458567
ˈɛː	ˈa_ð	3.0902103819037205
ˈe	ˈi	3.082011934284823
ˈuː	ˈo	3.077720914172744
#>	i_#>	2.991300258182931
e	e	2.7143845068814465
v_e	e	2.709437733942102
s	k	2.367281510715814
j_a	e	2.2121591605471953
ˈɛː	ˈe_rː	1.9547084044607452
ˈɛː	ˈa	1.9357563423001922
a	r_a	1.7679321091478468
ʃ	s	1.7569318573253123
n_u	u	1.7170383358136243
e	i	1.6637067400071028
j	e	1.6113233896209103
r_n	rː	1.4756353140385685
n_j	n	1.4602157798313944
ʃ	f_r	1.4514604405369937
#>	o_#>	1.2918863237274596
w	m_b	1.288466819303498
r	ˈe_rː	1.1921895004838512
<#_ʤ	<#	1.1258713240159222
r	o_r	1.0851638019468948
ŋ	m	0.9966523601713755
ɡ_w	b	0.970923189220772
e	e_n	0.9691185499338099
<#_z	<#	0.8918863237274595
ˈɛː	ˈe	0.7363728623356905
t	ð	0.587915415100356
w	ˈa	0.583799474733633
j	r	0.4203333237575399
#>	e_#>	0.27316534091904016
s	t	0.25385178131936204
<#_k	<#	0.02391632315053449