Phone1	Phone2	PMI
ŋ	ŋ	7.059390419517478
j	x	6.89454047409092
ɡ	ɡ	6.401999123956887
ɖː	ʝ	6.304967998757955
f	f	6.302412447716824
d	d	6.019104998014492
ˈe	j_ˈe	5.806723849640609
ɣ	ɣ	5.77619676080301
ð	ð	5.636365762003806
p	p	5.5793363826507525
m	m	5.38673523078006
β	ˈe_β	5.377986686601145
n_i	n	5.226760257375195
ˈu	ˈu	5.053853236123526
ˈa_i	ˈa	5.029885017396729
m	m_b	4.988050590447324
l_i	l	4.949756402057717
b	b	4.932438233292216
k	k	4.870793509293811
ˈo	w_ˈe	4.765292706755316
s	s	4.659304076093993
ʒ_i	θ	4.595765720083019
r_i	ɾ	4.594812464050305
t	t	4.581648181867984
z	s	4.566941425944597
e	e	4.5313174532902485
w	w	4.528320053794967
l	l	4.371730902790302
n	n	4.359959950616085
i	e	4.190029126955273
ˈi	ˈi	4.165181406132533
ˈa	ˈa	4.107812408130934
ɣ	ˈe_ɣ	4.041021092434939
i_n	e	3.979531808308768
ʒ	θ	3.8939674996148224
ˈo	ˈo	3.691559152799492
rː	ɾ_n	3.669999283955811
t	ʧ	3.627879570853022
r	ɾ	3.6078813653623336
ʣ	x	3.59430969528287
a	a	3.49771561512464
ˈu	ˈo	3.4192375286512284
u	o	3.4184190431771886
ŭ_#>	#>	3.316992500144232
o	o	3.2268988508273764
t_e	t	3.103356027362996
β	β	2.891530464842237
ʧ	θ	2.67561283823661
ˈe	ˈe	2.65227965850726
e	ɾ_e	2.4248628786653024
ɲː	ɲ	2.418047508527525
r	r	2.361562850972542
ŏ_#>	#>	2.332029999423076
nː	ɲ	2.323099761462787
u_z	o	2.29300976157645
ˈi	ˈe	2.218077165676653
z_ŏ	s	1.86064426839604
<#_f	<#	1.8469940766460533
e_r	ɾ	1.7694426164010353
z_ĕ	s	1.6605959352530275
ˈo	w	1.489831568532087
ʧ	θ_j	1.4865871081634725
u	u	1.4627482667296638
ɡ	ɣ	1.438522779658881
ˈe	j	1.294051800203565
a	ɾ_a	1.237560210944307
<#_a	<#	1.2
d	d_j	1.1799006681472577
ĕ_#>	#>	1.1660149997115377
<#	<#_w	1.1660149997115377
b	b_w	1.090310243796942
b	b_j	1.090310243796942
f_ˈi	ˈi	1.058172353314574
ˈi	ˈe_j	1.0360801987863193
ˈe	ˈe_j	1.0032811760283449
j	j	0.9752488559188696
f_ˈa	ˈa	0.9358854108981044
a	l_a	0.9295191316160576
r	o_ɾ	0.8989458203190841
ʦ	θ	0.8505490222289808
ˈe	ˈi	0.8332747736850793
i	i	0.7316354215963281
e_#>	#>	0.7169925001442312
n	ɲ	0.6427986526086561
#>	l_#>	0.6
ˈa	ˈo	0.5769864842136179
d	ð	0.5584097089173085
i	ˈi	0.550310193623269
ˈo	ˈe	0.4345291134323381
b	β	0.3616268992965427
i	ˈe	0.2388116580362423
i	o	0.1546419409965731
r	l	0.1166972617399121
i_#>	#>	-1.42855377833483
#>	ɾ_#>	-0.5574151203410569
u	a	-0.1489395091398611
ˈo	o	-0.1185298342556453
a	e	-0.0298565055451343
ˈa	ˈe	-0.0044574927890218