Phone1	Phone2	PMI
f	f	8.156037366202144
ŋ	ŋ	7.424588649831165
ɡ	ɡ	6.702931934840009
ɖː	ʝ	6.428052831883711
d	d	6.102463251678061
ˈe	j_ˈe	5.839515887559864
ɣ	ɣ	5.769680483254865
ˈu	ˈu	5.628965933965712
ð	ð	5.623617938690589
m	m	5.528384929179189
p	p	5.4247388522090505
ʧ	θ	5.376800470246037
β	ˈe_β	5.312380836154764
ʒ	θ	5.230746845479797
j	x	5.20250302550542
l_i	l	5.10363543494869
ʣ	x	5.103537587194932
n_i	n	5.085990946876861
b	b	5.035745972876815
ˈo	w_ˈe	4.975080119392188
e	e	4.944072116463339
w	w	4.815365651341041
β	β	4.8045466961209575
ɲː	ɲ	4.753845340594125
k	k	4.668856427454651
z	s	4.656521028022234
s	s	4.63634371968839
l	l	4.586221288322785
t	t	4.509406759830175
ŭ_#>	#>	4.490827503317319
r_i	ɾ	4.374065133473378
ˈi	ˈi	4.281879608177152
n	n	4.248364690789227
ˈa	ˈa	4.129116774775814
i	e	4.092285226935043
ˈu	ˈo	3.836060916410212
a	a	3.6615202456800375
t	ʧ	3.6507930755201095
nː	ɲ	3.626091900332968
r	ɾ	3.5877215774851487
ˈo	ˈo	3.587381847965232
ʒ_i	θ	3.497896138011157
m	m_b	3.464053891451389
u	o	3.420575473550395
o	o	3.3035657195782533
e_r	ɾ	2.8375405459723715
ɣ	ˈe_ɣ	2.748969334933446
ˈi	ˈe	2.4333826516008967
r	r	2.407633520641645
ˈe	j	2.376065233927712
ˈe	ˈe	2.242355011533912
<#_f	<#	2.0378832829425604
i_n	e	1.9810836586034275
z_ŏ	s	1.8578858465583217
ˈo	w	1.7958451305546648
ŏ_#>	#>	1.267970000576925
e_#>	#>	1.1362656212851725
j	ɾ	1.1248301582848264
f_ˈi	ˈi	1.1004897262969988
u_z	o	0.798919294750531
i	ˈe	0.7304189120976828
ˈa	ˈo	0.6137529034767771
i	o	0.1712231998067215
i_#>	#>	-1.4555110943967453