Phone1	Phone2	Surprisal	OOV_Smoothed
a	a	-0.0	4.917672669823924
b	b	-0.0	4.917672669823924
bː	bː	0.5354123505876706	4.917672669823924
bː	-	1.6894804564044263	4.917672669823924
d	d	0.01572094995944022	4.917672669823924
e	e	0.28935095090156093	4.917672669823924
e	u	3.617128106493525	4.917672669823924
e	a	4.191868789272187	4.917672669823924
e	i	4.887960639053634	4.917672669823924
f	f	-0.0	4.917672669823924
i	i	0.10631122680523918	4.917672669823924
i	e	3.815229721102118	4.917672669823924
j	j	0.06499188081233946	4.917672669823924
j	-	4.5047370138741085	4.917672669823924
k	k	-0.0	4.917672669823924
kː	kː	-0.0	4.917672669823924
l	l	0.030024853193276205	4.917672669823924
lː	lː	-0.0	4.917672669823924
m	m	0.025289739349348996	4.917672669823924
n	n	0.07945990786061655	4.917672669823924
nː	nː	-0.0	4.917672669823924
o	u	0.059948629883890305	4.917672669823924
p	p	-0.0	4.917672669823924
r	r	0.08136045092861513	4.917672669823924
r	-	4.188783938782573	4.917672669823924
rː	rː	-0.0	4.917672669823924
s	s	0.016251618858216972	4.917672669823924
sː	sː	-0.0	4.917672669823924
t	t	-0.0	4.917672669823924
tː	tː	-0.0	4.917672669823924
u	u	-0.0	4.917672669823924
v	v	-0.0	4.917672669823924
w	w	-0.0	4.917672669823924
z	z	-0.0	4.917672669823924
ŋ	ŋ	-0.0	4.917672669823924
ɡ	ɡ	0.3746606042414095	4.917672669823924
ɡ	k	2.1283886994575383	4.917672669823924
ɲː	ɲ	-0.0	4.917672669823924
ʃː	ʃ	-0.0	4.917672669823924
ʎː	ʎ	-0.0	4.917672669823924
ʤ	ɟ	0.08911044837652729	4.917672669823924
ʤ	ʤ	4.061353858082569	4.917672669823924
ʤː	ɟ	-0.0	4.917672669823924
ʦ	ʦ	-0.0	4.917672669823924
ʦː	ʦː	-0.0	4.917672669823924
ʧ	ʧ	0.03624435647767467	4.917672669823924
ʧː	ʧː	-0.0	4.917672669823924
ˈa	ˈa	-0.0	4.917672669823924
ˈe	ˈɛ	0.10889164471643784	4.917672669823924
ˈe	ˈe	3.7819045916419385	4.917672669823924
ˈi	ˈi	0.11142962391584464	4.917672669823924
ˈi	-	3.7499178645869726	4.917672669823924
ˈo	ˈɔ	0.6724929302774335	4.917672669823924
ˈo	ˈo	1.4243840027484433	4.917672669823924
ˈu	ˈu	-0.0	4.917672669823924
ˈɔ	ˈɔ	0.4772891830143693	4.917672669823924
ˈɔ	ˈo	2.219184354320522	4.917672669823924
ˈɔ	ˈu	4.8341210773158805	4.917672669823924
ˈɛ	ˈɛ	0.7147606808106661	4.917672669823924
ˈɛ	ˈe	1.5007177254614221	4.917672669823924
ˈɛ	ˈa	4.74405188747901	4.917672669823924