Phone1	Phone2	Surprisal	OOV_Smoothed
a	ə	-0.0	4.811042324821159
b	b	0.0701978219165046	4.811042324821159
b	-	4.3961528903601	4.811042324821159
d	d	-0.0	4.811042324821159
e	e	-0.0	4.811042324821159
e̯ˈa	ˈe	0.8383553609273365	4.811042324821159
e̯ˈa	e̯ˈa	1.18206825712337	4.811042324821159
f	f	-0.0	4.811042324821159
i	e	0.18068179601281556	4.811042324821159
i	i	3.9367939329389174	4.811042324821159
i	ə	4.25387656625818	4.811042324821159
j	j	-0.0	4.811042324821159
k	k	-0.0	4.811042324821159
kʲ	p	-0.0	4.811042324821159
l	l	0.015957611676409363	4.811042324821159
m	m	-0.0	4.811042324821159
n	n	-0.0	4.811042324821159
o̯ˈa	o̯ˈa	-0.0	4.811042324821159
p	p	-0.0	4.811042324821159
r	r	-0.0	4.811042324821159
s	s	-0.0	4.811042324821159
t	t	-0.0	4.811042324821159
u	u	-0.0	4.811042324821159
v	v	-0.0	4.811042324821159
w	w	-0.0	4.811042324821159
z	ʤ	0.6659845085225464	4.811042324821159
z	z	1.4354109705030487	4.811042324821159
ŋ	ŋ	-0.0	4.811042324821159
ə	ə	0.26282600434861114	4.811042324821159
ə	e	3.23463262134585	4.811042324821159
ə	-	4.051492302495031	4.811042324821159
ɡ	ɡ	-0.0	4.811042324821159
ɲ	j	-0.0	4.811042324821159
ʃ	ʃ	-0.0	4.811042324821159
ʎ	j	0.16084944693789663	4.811042324821159
ʎ	-	3.2446610648408	4.811042324821159
ʒ	ʒ	-0.0	4.811042324821159
ʦ	ʧ	0.202904629087483	4.811042324821159
ʦ	ʦ	2.9301561544882215	4.811042324821159
ʧ	ʧ	-0.0	4.811042324821159
ˈa	ˈa	-0.0	4.811042324821159
ˈe	ˈe	-0.0	4.811042324821159
ˈi	ˈi	0.17303084544066355	4.811042324821159
ˈi	ˈɨ	3.505857161259995	4.811042324821159
ˈo	ˈo	-0.0	4.811042324821159
ˈu	ˈu	-0.0	4.811042324821159
ˈɔ	ˈɨ	-0.0	4.811042324821159