Phone1	Phone2	Surprisal	OOV_Smoothed
a	ə	-0.0	4.804214043715618
b	b	0.10351313567451229	4.804214043715618
b	-	3.8523277331397088	4.804214043715618
d	d	-0.0	4.804214043715618
e	e	-0.0	4.804214043715618
e̯ˈa	ˈe	0.6776480389510854	4.804214043715618
e̯ˈa	e̯ˈa	1.4157442197379755	4.804214043715618
f	f	-0.0	4.804214043715618
i	e	0.2101360620309994	4.804214043715618
i	i	3.701891827438548	4.804214043715618
i	ə	4.090529864454983	4.804214043715618
j	j	-0.0	4.804214043715618
k	k	-0.0	4.804214043715618
kʲ	p_j	-0.0	4.804214043715618
l	l	-0.0	4.804214043715618
m	m	-0.0	4.804214043715618
n	n	0.014617480597141486	4.804214043715618
o̯ˈa	o̯ˈa	-0.0	4.804214043715618
p	p	-0.0	4.804214043715618
r	r	0.016683601776885663	4.804214043715618
s	s	-0.0	4.804214043715618
t	t	-0.0	4.804214043715618
u	u	-0.0	4.804214043715618
v	v	-0.0	4.804214043715618
w	w	-0.0	4.804214043715618
z	z	0.7086528153451289	4.804214043715618
z	ʤ	1.3654671523088489	4.804214043715618
ŋ	ŋ	-0.0	4.804214043715618
ə	ə	0.36803524117227243	4.804214043715618
ə	e	2.7554581228600408	4.804214043715618
ə	-	3.6976225389163377	4.804214043715618
ɡ	ɡ	-0.0	4.804214043715618
ɲ	j	-0.0	4.804214043715618
ʃ	ʃ	-0.0	4.804214043715618
ʎ	-	0.8033073140802888	4.804214043715618
ʎ	j	1.2278069575404473	4.804214043715618
ʒ	ʒ	-0.0	4.804214043715618
ʦ	ʧ	0.2998690206602541	4.804214043715618
ʦ	ʦ	2.413700394095469	4.804214043715618
ʧ	ʧ	-0.0	4.804214043715618
ˈa	ˈa	0.17228886086780357	4.804214043715618
ˈa	ˈe	3.151152279590594	4.804214043715618
ˈe	ˈe	-0.0	4.804214043715618
ˈi	ˈi	0.30792691659547383	4.804214043715618
ˈi	ˈɨ	3.5647969342965835	4.804214043715618
ˈi	ˈe	3.875780473728474	4.804214043715618
ˈi	f_ˈi	4.659372208886199	4.804214043715618
ˈo	ˈo	-0.0	4.804214043715618
ˈu	ˈu	-0.0	4.804214043715618
ˈɔ	ˈɨ	-0.0	4.804214043715618