Phone1	Phone2	PMI
ˈuː	ˈyː	6.950801182610843
ð	z	6.579428881302161
ˈɔ	ˈɔ	6.515043262324688
ɲ	ɲ_u	6.471626381959926
ˈʌu̯	ˈuː	6.409782339297311
i	i	6.361850315613401
b	b	6.311731205703532
ˈo	ˈy	6.304963925693045
m	m_e	6.290215129661117
ˈe	ˈi	6.200227348373216
ɡ	ɡ_u	6.166481507531203
z	ʒ_e	6.087694682481579
ˈɔː	ˈɔː	6.034945588464259
w	w	5.918918190113557
ʧ	ʤ_u	5.844451939612094
ˈɛ_r	ˈaː	5.827263996782509
z	ʒ	5.800445290513672
d	d	5.797222042362527
ˈʌ	ˈu	5.704180804746171
s	s_u	5.619096742739658
f	f	5.584203499430852
ˈiː	ˈeː	5.37463419194768
t	t_u	5.242376719031876
t	t_e	5.241296885784405
ˈɔː	ˈøː	5.228036486084885
p	p	5.026589037667547
ɲ	ɲ	5.01936821293224
m	m	4.970551391186363
ɡ	ɡ	4.8195339855198265
p	p_u	4.804394314230733
n	n	4.794374085856002
v	v	4.776353120695808
ˈæ	ˈe	4.713461829615336
e	j	4.707021702547046
l	l	4.686473052472582
l	l_u	4.618560722098008
ˈɔ	ˈø	4.588729599650375
ˈaː	ˈa	4.5612786637993015
k	k	4.559373546734688
f_j	ʃ	4.423699535625418
ˈo	ˈu	4.422026878531601
k	k_u	4.396018433406286
ŋ	ŋ	4.372235399524244
r	r	4.35837045652598
θ	s	4.218206709301902
j	j	4.062296039884208
e_r	r	3.95504362064759
s	s	3.943663159199217
ˈʌu̯_l	ˈuː	3.8989253406147992
v	v_e	3.864175356991926
a	a	3.844639962489868
ˈa	ˈa	3.783811008355651
ˈaː	ˈɛː	3.7820180755006216
ˈa	ˈe	3.734963608018275
t	t	3.6974066127988783
j	ʤ	3.610551515227968
ˈɛ	ˈɛ	3.5473060465817525
ˈɛ	ˈɛː	3.524906233502123
ˈɛ	ˈaː	3.404793725923779
e_n	n	3.3761810747236547
ˈɛ_l	ˈaː	3.295000433167917
ˈuː	ˈøː	3.1952646548038235
s	ʃ	3.119564312512596
e_r	e	3.0533694327371026
#>	o_#>	2.59674123853187
r	j	2.5527444159066026
ˈɛ	ˈe	2.539052400420094
d	d_u	2.5038234053576884
u	w	2.443286660503992
n	n_u	2.4200091872092013
b_j	ʤ	2.369005993588184
#>	i_#>	2.2647112391087947
ˈɛ	ˈeː	2.199513274834996
ʤ	ʤ	2.1864564671395628
ˈiː	ˈiː	2.1384909091748736
ˈiː	ˈe	2.0965140900378727
ʧ	ʤ	2.012843150571463
j	ʧ	2.003560867747648
n	ŋ	1.953078307378819
r_e	r	1.9443802051831915
l_#>	#>	1.7638010929814798
p_j	ʧ	1.574144417538096
ˈiː_r	ˈiː	1.3663627226717092
ˈɛ	ˈa	1.3616020817101937
ˈɛ_d	ˈɛː	1.2493702225274776
ˈɛ	w_ˈɛː	1.114031874806405
u	u	0.8247491113625184
e	e	0.7664676785499117
ˈa	ˈeː	0.4883196651099958
#>	e_#>	0.1526543337076946
#>	u_#>	-0.4250444585726184
r_#>	#>	-0.0539698133871142