Phone1	Phone2	PMI
z	ʒ_e	7.534247936863985
ʧ	ʤ_u	7.0071231422979325
ˈuː	ˈyː	6.806471099499244
ð	z	6.6755680940175
b	b	6.4867091536362045
ɲ	ɲ	6.442806323283125
ˈʌu̯	ˈuː	6.339522756900681
ˈo	ˈy	6.310679508142157
ˈɔː	ˈɔː	6.301573363496827
ˈɔ	ˈɔ	6.299604616714942
i	i	6.252299013230854
ɡ	ɡ_u	6.238199114878525
ˈe	ˈi	6.200934541356974
ɲ	ɲ_u	6.181757176693732
ˈʌ	ˈu	5.890215646383084
d	d	5.88420461974315
m	m_e	5.8321696445725
f	f	5.784753339736307
w	w	5.7365312262805
ˈɛ_r	ˈaː	5.735390742521832
s	s_u	5.6288489328360525
t	t_u	5.544746151522724
t	t_e	5.543666318275252
ˈɔː	ˈøː	5.494664261117451
p	p	5.135888657357196
ˈiː	ˈeː	5.116871191310046
ˈiː	ˈe_j	5.049127841173298
ɡ	ɡ	4.923195860902722
ˈæ	ˈe	4.828862394975759
m	m	4.819189162197743
v	v	4.737968239079522
n	n	4.68595546019978
k	k	4.6812333939242
ˈaː	ˈa	4.676235361558056
ŋ	ŋ	4.609676215737381
f_j	ʃ	4.468435639024359
l	l	4.465414823272913
r	r	4.436069759563205
ˈɔ	ˈø	4.390002059973042
k	k_u	4.349140627833898
ˈo	ˈu	4.34714952758506
e	j	4.340722101513715
l	l_u	4.319342105540714
θ	s	4.2891088984601
l_ˈɛ	l	4.280341150411538
ˈɛ	ˈaː	4.12733416617629
e_r	e	4.055279507065775
s	s	3.921699647390121
z	ʒ	3.9201292845414346
j	ʤ	3.915974618472798
ˈʌu̯_l	ˈuː	3.9122770425459326
ˈɛ	ˈɛ	3.8616874020403316
ˈɛ	ˈɛː	3.859362527806322
t	t	3.8593284711964846
ˈa	ˈa	3.8311485146013977
a	a	3.79780792904474
ˈa	ˈe	3.787116331965991
v	v_e	3.768775025154519
ˈaː	ˈɛː	3.753921102266658
ˈɛ	w_ˈɛː	3.723092147448549
j	j	3.6941366253598833
p	p_u	3.601374921736342
#>	i_#>	3.3970668586631922
ˈuː	ˈøː	3.2690739521492187
s	ʃ	3.2003648751913127
e_n	n	3.1799915891089645
e_r	r	2.8336424138770635
ˈiː_r	ˈiː	2.753644085898921
ʧ	ʤ	2.681319215479906
u	w	2.3647094934000017
j	ˈeː	2.3245627898978687
ʤ	ʤ	2.238468471764514
n	n_u	2.212699237766859
l	ˈe_l	2.1942055146210895
j	ʧ	2.046493730958256
l_#>	#>	2.0046292363375247
e	e	1.8045976697816244
n	ŋ	1.8035480921381617
r_a	a	1.676559194815996
a	j_a	1.6445419615229482
p_j	ʧ	1.533542642924435
ˈɛ_d	ˈɛː	1.296909828957472
r	j	1.2712075415845494
ˈɛ_l	ˈaː	1.0871592118891282
l	ˈe_l_u	1.060510494724363
ˈa_j	ˈe	0.9777878799733392
r_e	r	0.9533897750976171
t_e	t	0.8715587094888736
u	u	0.7884426334124361
ˈiː	j	0.7807111192400474
#>	ˈiː_#>	0.7323556195543974
ˈɛ	ˈeː	0.6710229843994067
#>	e_#>	0.4068348635411213
<#_p	<#	0.10435946459592112
r_#>	#>	-0.5324332979428663
#>	u_#>	-0.1401344502066875