Phone1	Phone2	PMI
f	f	8.513503279318009
j_t	ʧ	8.218838802889879
ˈɛ	j_ˈe	7.1070056551481695
ʁ	r	6.872949013790029
ɡ	ɡ	6.835224623625687
w̃	n_o	6.73409227300712
ʒ	x	6.387702256372918
ʎ	x	6.284032701452211
ɣ	ɣ	6.281568025692686
d	d	6.2391647500301834
ˈɐ̃	ˈa_n	6.203598749466013
ˈẽ	j_ˈe	6.067170143271994
ɲ	ɲ	5.9050790071823265
ˈu	ˈu	5.632257862674928
ð	ð	5.629015604608526
t	n_t	5.565931442239809
ˈi	ˈi	5.438174424149694
ˈɔ	w_ˈe	5.43680550061267
j	j	5.341008980780642
β	β	5.254279826598129
p	p	5.23329413855831
ʃ	o_s	5.087729704704826
ˈo	w_ˈe	4.998837413589527
m	m	4.99824499483524
ɫ	l	4.987494053836867
b	b	4.895196513151999
k	k	4.834227029798171
t	t	4.731557751694106
n	ɲ	4.687977292490651
ʃ	ɟ͡ʝ	4.632879898111712
l	ʝ	4.500610915155367
ˈɐ_j	ˈe	4.424192935358309
v	b	4.345491018639605
l	l	4.342211747437958
ɨ	e	4.3340279702771864
z	θ	4.320611987584437
i	e	4.27526910357004
ˈa	ˈa	4.221924972288228
ˈo_j	ˈo	4.2077008043090025
w	l	4.177721739962328
v	β	4.126253260933676
ˈo	ˈo	3.962416479280078
n	n	3.9268651556082377
ˈɔ	ˈo	3.9099679971360533
s	θ	3.8676236119608007
j̃	e	3.841167256440575
s	s	3.838602876680851
ˈe	ˈe	3.706605669784533
ð_ɨ	ð	3.6935447019158847
ɾ	ɾ	3.610744984866944
ɐ	a	3.6066200741233225
ʃ	s	3.5622878202728163
ɐ	n_a	3.5314004526904332
ˈɐ̃	ˈa	3.460405569800161
u	o	3.368395734123746
#>	n_#>	3.332452840941608
ˈo_w	ˈo	3.19553844487902
ɲ	n	3.176128512682256
ʃ	θ	3.1087253827793755
i	i	3.095827917347819
<#_f	<#	3.0849275664348523
ˈõ	ˈo_n	3.0078851069275307
ˈɐ	ˈe	2.8902293909912133
w̃	ˈo_n	2.8644123324795365
ˈõ	n	2.756582020513478
w	w	2.679157532118486
ˈɐ	ˈa	2.604094617525169
ɔ	o	2.580423431815884
ɨ	ɾ_e	2.5746105039207454
b	m_b	2.504394359389116
l	ˈi_ʝ	2.312882955489192
ˈũ	ˈu	2.232822974409958
ˈũ	ˈu_n	1.7942262148325079
w̃	n	1.6914114389845596
ɨ	i	1.6466146399510557
ʒ	θ	1.6409558242327233
ˈo	w	1.6311463279064864
ɲ	ˈa_ɲ	1.6170930445986986
ˈẽ	n	1.5432721329903156
t	ʧ	1.5274373083256292
ɾ	ˈe_ɾ	1.2672711651324235
f_ˈi	ˈi	1.259017767909304
v	ˈe_β	1.2573970479229168
ˈõ	ˈe_n	1.2534443969586309
ˈõ	w_ˈe	1.1043618021856427
ɐ̃	e	1.0710682914912881
m	m_b	0.9339618354426561
ˈe	ˈi	0.8596140958502313
ˈõ	ˈo	0.8014836308072267
ˈu	ˈo	0.7844029392633244
u	x_o	0.6966220232005496
ˈẽ	ˈe	0.3834939728688716
#>	e_#>	-0.04267938765577463
ɨ_#>	#>	-0.009204102567726698