Phone1	Phone2	PMI
ɔ	o	6.487871803670907
b	b	6.19920040818469
a	a	6.190044158951194
ˈɛ	j_ˈe	6.156819700555627
w	v	6.144317203054986
ɪ	i	5.900721686948111
ɡ	ɡ	5.8064368754460185
ɡ	ʤ	5.627654062969346
i	j	5.565141607522694
f	f	5.299090301658008
d	d	5.274570230330175
k_ʊ̃ː	k	5.240235005161567
p_ʊ̃ː	p	5.186488758453454
ˈɪ	ˈe	5.093047124319059
d	z	5.066441833430706
l	l	5.039768851410074
s	ʃ	5.014629295268213
ˈuː	ˈu	4.9627056318972445
t_ʊ̃ː	t	4.935338367593712
ɔ	u	4.916142973520016
ˈoː	o̯ˈa	4.8245442264429546
n_ʊ̃ː	n	4.802355962851744
oː_#>	#>	4.758024407263625
m	m	4.747633975911034
ɫ	l	4.730325120770993
ˈiː	ˈi	4.596887305561698
s	s	4.589058289257953
ˈʊ	ˈu	4.573919350540475
p	p	4.572661325816077
j	ʒ	4.477793884550648
ˈɔ	ˈo	4.354036850944925
<#_h	<#	4.343946541685346
ˈaː	ˈɨ	4.305045220162567
lʲː	l	4.262302398346957
t	ʦ	4.091605227945683
ˈoː	ˈo	4.036652370528918
ˈa	ˈa	3.9503160956185233
ãː	ə	3.899503593019658
ˈɔ	o̯ˈa	3.875080258208582
ˈaː	ˈa	3.849692330582957
kː	k	3.795403312491293
n	n	3.790533123357665
k	ʧ	3.788078807440441
lʲː_ʊ̃ː	l	3.7592014945647394
t	t	3.72267446428274
k	k	3.689648177380783
ˈu	ˈu	3.4526609433350264
sː	s	3.430018762614984
s_ʊ̃ː	s	3.413410869154052
ˈa	ˈɨ	3.3473128652112587
r	r	3.285208138644529
oː	u	3.256672033054913
a	ə	3.1209110575861674
ɛ̃ː	e	3.115700370922755
ˈoː	ˈu	3.07852237286302
ˈeː	ˈe	3.047339851515679
ɛ	e	3.0216001967374906
w	w	2.9061416635092194
ˈɛ	ˈe	2.756166405471507
tː	t	2.718571469329876
ŋ	n	2.6965377958092738
ˈɔ	ˈu	2.580771611406634
ˈɛ	ˈi	2.5386361181003334
i	w	2.5229562562256027
ɫ_ʊ̃ː	r	2.522321411060577
ˈeː	e̯ˈa	2.3950933301290966
kʷ	ʧ	2.3537004460291846
ˈɛ	ˈa	2.353123498038226
ˈeː	ˈi	2.325241406381833
s_#>	#>	2.234719129717655
ɪ	e	2.1985997557869603
ʊ̃ː	u	2.142706622438872
ʊ_ɫ	e	1.9776303721332675
aː	e	1.5752222408465038
w_ʊ̃ː	w	1.4044323299848318
ŋ	ŋ	1.298567211194015
k	p	1.2192579503648269
ˈɪ	ˈi	1.2108669604417668
sː_ʊ̃ː	s	1.1165773791601237
ʊ̃ː	ˈo	1.0974353924160538
#>	j_#>	0.9977369373544333
ɛ	i	0.983268822296312
ŋ	m	0.6942503111298831
ʊ̃ː	e	0.6913530400636322
ʊ̃ː	ə	0.6446545597918545
ɫ	r	0.5476062827209018
w	j	0.5235563094967122
ɛ̃ː	ə	0.4891424721112106
k	t	0.4410463822229256
ˈa	ˈi	0.2196290264713837
ãː	e	0.1306345215771949
ʊ̃ː_#>	#>	-0.952395423549894
ɛ	ə	-0.0763803747864135