Phone1	Phone2	PMI
z	z	7.1448301048488965
ɡ	ɡ	6.330405478493463
ð	ʒ	6.097938495978083
d	d	5.810979958800856
ˈa_r	e	5.756240609064252
e	œ	5.705873749718355
ˈɛ_l	oʊ̯	5.534762340277985
ˈi_ŋ	ẽɪ̯̃	5.499274137797387
ˈɔ	ɑɔ̯	5.421930055899782
p	p	5.143172295408727
b	b	5.115024137872177
ˈu	y	5.103427193709651
ˈi	ɪ	5.092402509398103
n_a	n	4.917815981079343
t	t	4.914130285896239
f	f	4.889847175485089
ˈa_ŋ	ã	4.874072560814966
a	a	4.858273372788914
ˈe_ŋ	ã	4.822882264992979
m	m	4.817294519366417
ˈɔ	o	4.569971124243831
ˈɛ	æɛ̯	4.535528497087404
ˈe	w_ɛ	4.5275417963754565
v	v	4.519813258208092
s	s	4.469068019023886
k	ʃ	4.355083954813344
s_t	t	4.34259183137412
n	n	4.312997284050439
θ	s	4.247367924511004
o	ɔ	4.236582654419072
j	j	4.226413419611079
ɡ_o	øʏ̯	4.171123559611783
k	k	4.151895646039539
l	l	4.143515978906136
m_a	m	4.13323865731295
ŋ	ẽɪ̯̃	4.112413520327608
l_a	l	3.806605165595317
ˈi	i	3.801266612642865
ˈa_ŋ	ẽɪ̯̃	3.778071292222812
ˈo	u	3.746907945724305
ˈa	æɛ̯	3.4896323775061404
r_a	ʁ	3.488891414011301
r_o	ʁ	3.364664191356373
e_r	ʁ	3.360120176056356
k_w	k	3.315783849161884
ˈa	a	3.266189075585151
ˈo	aœ̯	3.2254931959910587
o	øʏ̯	3.188213016562272
ˈo_ŋ	ɒ̃ʊ̯̃	3.0070024954418324
j	l	2.994673306855068
r	ʁ	2.981416571093344
ˈe	ɛ	2.936563956171577
ʧ	j	2.9338825008674463
ˈu	u	2.9138551666103565
t	ɥ	2.900104458959275
ˈo	ɔ	2.72840783055701
t_#>	#>	2.7133430322295435
n	ã	2.6803970981805487
e_#>	#>	2.4909736600474908
s_#>	#>	2.473558870615014
k_a	ʃ	2.443944742414656
ˈo	œ	2.4080733159959298
o	u	1.9756818533616007
r_e	ʁ	1.9636312907753548
ˈa	e	1.947280605425192
v	v_w	1.9078610121435045
ˈe	æɛ̯	1.4339379073295753
<#_s	<#	1.4010255930123563
ˈa	ɛ	1.3954992698962474
d	ʣ	1.1655769675433016
t_a	t	1.107124979996295
ˈo	øʏ̯	0.963448821261974
k	e_k	0.9307007354073497
o_#>	#>	0.8919388128509601
ˈe_d	ɛ	0.8196557306123837
ˈɛ	i	0.7664683956253796
ˈɔ	u	0.5771025411736953
ˈɛ	ɛ	0.5745893457575088
a	æɛ̯	0.5280677641088979
l_#>	#>	0.3498450103851581
a_#>	#>	-0.2590678613637664