Phone1	Phone2	PMI
k_ʎ	ʎ	6.963935573464196
f	f	5.967381318125908
o̯ˈa	ˈɔ	5.851523224740253
a	a	5.571102111731478
l	l	5.50915902318917
r_i	h	5.410806177672777
n_t	ʧ	5.354814596932058
d	d	5.29635520129546
n	j̃_u	5.2677708703506045
ʣ	ʒ	5.003411645660568
m	m	4.962293528267417
b	b	4.961784419914313
ˈu	ˈũ	4.917847713644407
ˈi	ˈĩ	4.8972210721011935
v	v	4.891355470447037
ˈi	ˈi	4.880898318990464
j	v	4.843244608839328
p	p	4.7399220476031525
n	n	4.72525884431589
ˈu	ˈu	4.649877713067482
k	ɡ_u	4.576713612276324
ʦ	z	4.432736943451138
t	t	4.416712989805704
ˈo	ˈo	4.404991001956248
ç	f	4.3732521202393535
ˈe	ˈɛ	4.366846675652167
ˈa	ˈa	4.326788930567753
ˈi	ˈẽ	4.288342248229504
u	o	4.254386874730579
r	ɦ	4.202508656252711
e̯ˈa	ˈe	4.195157003103776
r	ɾ	4.128711672463084
ˈi_n	ˈe	4.046165617092126
ʦ	s	3.9659631212122903
k	k	3.839963631069609
w	v	3.818950516061526
i	i	3.807637118431734
s	s	3.7167355796901576
t	ʧ	3.674467014471835
ˈu	ˈõ	3.636314194863121
n	j̃	3.617650553649158
ɡ	ɡ	3.543270983213724
ˈe	ˈe	3.540172257920761
ʤ	ʒ	3.527105272086908
ə	ɐ	3.4646967974196223
t	d	3.323501507012516
u	u	3.2350396053433905
ɲ	m	3.201634362942669
s	ʃ	3.190018230175168
e̯ˈa	ˈɛ	3.115066883817617
ʃ_t	s	3.0652564559308098
b	v	2.990420202561376
ˈu	ˈo	2.913374151038716
ˈɨ_n	ˈɐ̃	2.8353607820675544
ʃ	s	2.77242697354627
i	e	2.50894479432986
ˈa	a	2.507542101739947
<#	<#_e	2.506608996212838
k	ɡ	2.442864810000744
ʣ	ʤ	2.441295171057309
p	b	2.384388216963783
r	h	2.370678550283083
j	j_ʃ	2.324547497241987
ˈo	ˈɔ	2.231234543576293
#>	ʃ_#>	2.0882866011669554
t	d_u	2.05213307216051
k	p	1.9655570695843336
ˈu_n	ˈo	1.908776731883323
ə	a	1.8740427315859676
p	j	1.8488750990645024
i	ˈe	1.831435272106907
ˈa	ˈɛ	1.5757691991282254
ʦ	k	1.4080771693840783
<#_a	<#	1.2955673704830026
ˈɨ	ˈɐ̃	1.262435692296925
ʎ	ʎ	1.2139831935499177
ə	i	1.1258263910582798
i	ɐ	1.053084299417111
s	e_ʃ	1.047608105175425
n_ə	ɐ	0.9549660574921373
i	w	0.8822248841269758
ˈa	ˈo	0.587786090602141
ə	u	0.2446536638860906
#>	u_#>	-0.5460387536572732