Phone1	Phone2	PMI
e_s	e	7.338523492066405
d	d	6.069314479567919
ʝ	ʎ	5.784182625002597
ˈa_ɾ	ˈa	5.629185399242649
o	o	5.611336886613839
ɡ	ɡ	5.454903248763726
ʃ	ð	5.296741454409013
ˈi	ˈi	5.295907932406695
m	m	5.201181741900665
n	n	5.177825518735438
f	f	5.122656256408115
w_ˈe	ˈoː	5.083472976614448
t	t	4.98339371663074
p	p	4.873287540708595
j_ˈe	ˈe	4.870916276176413
w	w	4.768959771510568
b	b	4.763370177239577
s	s	4.640999422509465
ˈo	ˈɔ	4.612976160664807
e	ɛ	4.565616256329958
u	o	4.532621637174792
ˈo	ˈo	4.51589079523076
b	v	4.441487523778586
l	l	4.303293595570506
β	v	4.210817206547371
ʎ	l	4.162746542927254
k	k	4.129130616259376
s_t	t	4.086384335073725
θ	s	3.972835877327652
e	ə	3.9661496120054256
ˈa	ˈa	3.887881371884827
ɣ	ɡ	3.8558965613443066
k	ʃ	3.735347010518118
r	ʁ	3.674617861138064
ˈe	ˈɛ	3.5389172661216275
ˈa	ˈaː	3.493578785208977
ˈa	ˈɑː	3.47312562912515
j	j	3.4510139923984573
j	ˈi	3.448310850417315
ˈu	w	3.359423189709671
ɾ	ʁ	3.311743592092609
a	a	3.219659536591117
ˈu	ˈu	3.2184640378921485
ˈo	w	3.215075688492332
ˈe	ˈɛː	3.184406395934174
β	b	3.125286738764979
ŋ	ˈĩ	3.02976553035493
ʎ_u	l	2.9858840460660683
θ	z	2.973033881395615
ˈe_n	ˈɛ̃	2.921385815555522
ˈo	ˈoː	2.8305694158260266
ɾ	ð	2.654110575533602
ˈu	ˈɔ̃	2.65317993981021
ʝ_u	ʎ	2.517498656772871
θ	ʃ	2.50345811034707
s_#>	#>	2.482803660603088
u	j	2.4812556521437448
ˈa	ˈɑ̃	2.433877822792186
ˈo	ˈu	2.343509504464884
a	ə	2.314296193645513
ɾ_t	ʁ	2.203855881439095
ŋ_#>	#>	2.1908888052080018
ˈe	ˈi	2.022318496775145
e	o	1.9792686225186509
l_u	l	1.811117091218207
a	i	1.6653727767818844
ˈe	ˈe	1.636679277773492
ˈa	ˈe	1.483106610290413
ɾ	ð_ə	1.4808227152356992
ŋ	ˈɔ̃	1.4694960031291784
u	ˈoː	1.092391081031219
u	ˈɛ̃	1.0673693957270711
ˈa	ˈɛː	1.055853532424092
ˈi	ˈe	1.0508000053958255
f_w	f	0.9629750231230536
e_#>	#>	0.9361015517045556
ð_ɾ	ð	0.8982547823828609
ɾ_u	ʁ	0.8721022098891753
u	ˈe	0.7117934584376424
ˈa	j_ˈe	0.6998724597342898
ˈe	ˈø	0.6232033207788896
k	t	0.4704372672218982
ˈa	j	0.4467698665250507
#>	ʁ_#>	0.2534960621729971
u_#>	#>	-0.37917857532368
#>	ə_#>	-0.1440306476446585
ɾ_#>	#>	-0.1350473073126022