Phone1	Phone2	PMI
ɡ	ɡ	5.709152620300172
v	v	5.649702596065831
m	m	5.453581344767932
d	d	5.121191018930416
p	p	4.971539783770077
ˈu	ˈy	4.593445373987827
t	t	4.575962208864716
f	f	4.527415653649361
n	n	4.371144975936541
ə	ɔ	4.216826390520176
ˈi	ˈi	4.121533198600452
k	k	3.952481327555024
e̯ˈa	ˈe	3.8819708008778058
ˈo	ɥ_ˈɔ	3.876049033016025
i	e	3.868364450872569
ˈu	ˈu	3.832629415982879
b	b	3.7508426069656897
u	e	3.7188669432915273
s	s	3.6772100078227137
ˈe	ˈe	3.665424896281093
ˈo	ˈɔ	3.503654296992054
r	r	3.442217747030221
l	l	3.4175202677155783
r	ɾ	3.3525871976019603
ˈa	ˈa	3.326592070704511
b	β	3.137376755745102
ˈe	ˈɛ	3.0536167172165225
<#_j	<#	3.0002495590793203
u	u	2.9931719456856656
ʎ	l	2.9868872781062605
ŋ	ŋ	2.9672709345101955
ˈi	ˈɛ	2.909896312468692
ʦ	s	2.8957364881353604
ˈɔ	ˈa	2.839222963801751
ʎ	ʎ	2.8082466702610507
ˈu_k	ˈu	2.6574872672050547
<#	<#_e	2.548756508066151
s	e_s	2.290010114808064
ʎ_u	l	2.244597309550193
r_n	r	2.111870331036723
z	d	2.003974911803584
n_#>	#>	1.9799306015970264
o̯ˈa	ˈu	1.882800153086028
l	w	1.8546959730571817
o̯ˈa	ˈɔ	1.7844855020510964
ˈo	ˈu	1.7094634930977337
i	ɾ_e	1.683992733386087
n_t	n	1.6752897078840836
ˈɔ_n	ˈa	1.5388562470539449
p	β	1.4837368395236796
ʦ	ʦ	1.454930956805648
ˈa	ˈɛ	1.427889299414185
t	j	1.3994536029537237
d	t	1.1961423123190142
t_i	t	1.1908746504392491
ʦ	t	1.1134726815380855
t	w_t	1.1111389955832702
ˈe	j_ˈɛ	1.062651114194887
w_ə	w	1.0552602694167217
w	w	0.993956649294654
r_#>	#>	0.8991710053774342
m	ɡ	0.8816618197348969
<#_w	<#	0.849585502688717
z	ʤ	0.8350238220954653
r	l	0.8234383220501336
ʒ	ʤ	0.7861001621582328
ʃ	s	0.7764674722498961
ˈa_r	ˈa	0.775007563625778
#>	s_#>	0.7637940073449951
k	ɣ	0.7039534563729545
i	ˈɛ	0.6873917878081998
ə	a	0.6570570144402402
ˈe	ˈa	0.5668077891534695
r_i	l	0.5533026722701442
ˈi	ˈe	0.4295563096902531
ˈo	ˈɛ	0.405085576963383
i_#>	#>	0.3470485596817419
<#	<#_f	0.3208142647337722
#>	e_#>	0.2161635055216654
ə_#>	#>	-0.2791857352662278