Phone1	Phone2	PMI
v	v	6.347597726541176
ɡ	ɡ	6.305418370041452
m	m	6.049847094509213
d	d	6.000464268527465
p	p	5.609522857873641
t	t	5.42075285661018
ˈu	ˈy	5.190900976995344
f	f	5.124967877903217
ˈo	ɥ_ˈɔ	4.946257973078276
n	n	4.910985308311943
ə	ɔ	4.767403715776884
ˈi	ˈi	4.644990635587294
u	e	4.600644034001951
ˈu	ˈu	4.565699400012924
i	e	4.507738077104486
k	k	4.504153154336465
ˈe	ˈe	4.4979747740784015
i_#>	#>	4.229340286531118
e̯ˈa	ˈe	4.216170856101493
s	s	4.16232585767167
ˈɔ	ˈa	4.118414657621628
r	r	4.072528965532825
r	ɾ	4.057777519060864
ˈo	ˈɔ	4.027077845261831
l	l	4.023637948748462
b	b	3.941899261778656
ˈa	ˈa	3.813581375807472
b	β	3.592839660339593
ʦ	s	3.561382703596148
ˈi	ˈɛ	3.484335443953644
<#_j	<#	3.379999459705588
ʎ_u	l	3.349365630020144
ŋ	ŋ	3.341307110638989
ʎ	ʎ	3.2649948286874277
ʎ	l	3.108136636462615
#>	s_#>	3.069046199742375
r_n	r	2.8456180155769126
ˈe	ˈɛ	2.804985815204086
s	e_s	2.7739224946470653
<#	<#_e	2.622735926167991
ˈu_k	ˈu	2.5269736512820837
n_t	n	2.4598370533073277
o̯ˈa	ˈu	2.297011328164263
ˈɔ_n	ˈa	2.237489618677443
l	w	2.2311949788588814
n_#>	#>	2.1769747300273767
z	d	2.1630845442588607
u	u	2.1560258010787217
ˈa	ˈɛ	2.0778630464933587
o̯ˈa	ˈɔ	1.9495083241275557
ʃ	s	1.9058134482451776
r_#>	#>	1.6882300287605587
p	β	1.61662994461488
ʦ	ʦ	1.6140613859532376
t_i	t	1.5841001686344698
ə	a	1.5501411653694714
t	w_t	1.52867647824459
r	l	1.4284803232112244
w_ə	w	1.3759717717350004
ˈo	ˈu	1.3408880389441484
d	t	1.3326404298137189
ˈe	j_ˈɛ	1.2830284903961169
ˈi_n	ˈe	1.2484725041319529
i	ɾ_e	1.243001128870024
#>	e_#>	1.1883404506507702
w	w	1.1373187065492547
ˈa_r	ˈa	1.1077511046879978
m	ɡ	1.0250238769894977
<#	<#_f	1.0047413984230482
#>	k_#>	0.9872430203734336
ˈɔ_j	ˈa	0.9603579858547564
r_i	l	0.9484577835050242
z	ʤ	0.9297686322655824
ə_#>	#>	0.8830318789701577
i	ˈɛ	0.8779769163961552
k	ɣ	0.8424263238381394
ˈe	ˈa	0.7893347849819845
<#_w	<#	0.722119258897935
t	j	0.6846351215917206
ʦ	t	0.6650017845141747
ˈi	ˈe	0.6350930541091022
n	ŋ	0.6255252481116125
ˈo	ˈɛ	0.456122960642484