Phone1	Phone2	PMI
b	b	6.811237070011175
ˈo	ɥ_ˈɔ	6.228210236921188
f	f	6.042922942532071
ɡ	ɡ	5.650725719300217
ˈi	ˈi	5.156717007831915
d	d	5.103592261286507
p	p	5.066387168942484
t_i	t	5.030837191460448
m	m	5.019458525448393
v	v	5.009897575944173
b	β	4.729193915812403
ŋ	ŋ	4.725807790310253
e̯ˈa	ˈe	4.629966628880338
ˈo	ˈɔ	4.6270923462325015
w	w	4.498984098254692
ˈu	ˈy	4.474831759505316
ə	ɔ	4.22620934188005
i	e	4.199838146151467
n_t	n	4.190852763353898
t	t	4.189215607559014
k	k	4.087702656812865
s	s	4.082358835225789
ˈu	ˈu	3.992286291786988
n	n	3.9565627189874264
u	e	3.922287337066158
ˈe	ˈe	3.740606936495601
o̯ˈa	ˈɔ	3.602399476153852
r	ɾ	3.5646661801460633
ʦ	s	3.511968015502109
ˈa	ˈa	3.5008958692519623
r	r	3.500411554500925
ʎ	l	3.47627537336732
w_ə	w	3.463586862813327
ˈɔ	ˈa	3.4485420189034515
z	ʒ	3.406223752323527
l	l	3.368162026900222
z	d	3.3164853596362613
r_n	r	3.2828637700981953
m_i	m	3.214938848260552
ˈe	j_ˈɛ	3.177590305814152
ʎ_u	l	3.147551371209501
d	t	2.9940436903813152
o̯ˈa	ɥ	2.966064469258723
ˈu_k	ˈu	2.955771662527737
ˈi	ˈɛ	2.9497179235606743
ˈi_n	ˈe	2.9348583615697645
l	w	2.7641156131633293
<#	<#_e	2.7596570196658323
ˈe	ˈɛ	2.7183424754077423
t	j	2.6998259741847135
p	β	2.3939504056014482
w_ˈo	ˈɔ	2.373438608793166
ˈɔ_j	ˈa	2.125581665178164
ʒ	ʒ	2.1225503306484312
ʦ	ʦ	2.0329245018226105
u	u	2.0135656744347807
n_#>	#>	1.9908311131967074
t	j_ɾ	1.8398728693489192
ʃ	s	1.8266434038013875
ˈa	ˈɛ	1.7198694455566998
<#_w	<#	1.6837813462515796
<#_j	<#	1.42623887034169
#>	s_#>	1.3486151914935411
ʦ	t	1.2231645943720046
n	ŋ	1.1835175636263155
ˈo	ˈu	1.096840310869976
k_ʎ	l	1.0318529316830531
ˈu_n	ˈu	0.9787486721351192
j	ˈɛ	0.9545080441169362
i_#>	#>	0.8392864255442872
ˈɔ_n	ˈa	0.7792500432572342
<#	<#_f	0.7432313704859212
r	l	0.7320291256821305
k_ʎ_u	l	0.7275194398606084
m	ɡ	0.7210378325612392
o̯ˈa	ˈu	0.682043154198771
ˈi	ˈe	0.5887199318746366
ə	a	0.5711630529743175
#>	k_#>	0.5162360513417421
ʦ	k	0.4716288027743337
i	ˈɛ	0.4270729225987201
ə	e	0.36294769026586166
#>	e_#>	0.12567201937736988