Phone1	Phone2	PMI
b	b	6.977252228533673
ɡ	ɡ	6.210911608690813
u	u	5.827999408226881
z	d	5.294430887536603
ʎ	ʎ	5.263621674465905
ʦ	ʦ	5.196841527155217
v	v	5.139682846645758
m	m	5.054009282656607
ˈo	ɥ_ˈɔ	4.819148975946322
o̯ˈa	ˈɔ	4.749287149618347
p	p	4.723746763233718
ˈo	ˈɔ	4.7155440879722335
ˈi	ˈi	4.700455451182339
ˈu	ˈy	4.644007427973037
f	f	4.585633137080334
e̯ˈa	ˈe	4.566402048380373
t	t	4.523956865222791
w	w	4.409095063600236
w_ə	w	4.386752694715538
i	e	4.3454595015222255
d	d	4.343161568697207
t_i	t	4.1555854460542925
n	n	4.154162451392465
ʎ_u	l	4.109482833986081
s	s	4.103982215266188
ˈu	ˈu	4.067805035216454
k	k	3.927490705251039
ə	ɔ	3.921245501390776
ˈu_k	ˈu	3.865937954359781
<#	<#_e	3.832327011043331
r	r	3.790381078434691
r	ɾ	3.788081950667125
ˈe	ˈe	3.702393573778822
ˈa	ˈa	3.4992720454313004
ˈɔ	ˈa	3.488236380495129
ŋ	ŋ	3.479030099984676
l	l	3.4728146022742887
u	e	3.438634394871627
r_n	r	3.3927014535774633
ʒ	ʤ	3.2976519808629723
m_i	m	3.1681683858835115
ˈi_n	ˈe	3.090336563409905
b	β	3.081670789993071
p	β	2.973376804928701
ˈɔ_j	ˈa	2.918261782497208
z	ʤ	2.83853620162183
ʃ	s	2.712835692502352
ʎ	l	2.6756140249878615
l	w	2.5660900818854313
ˈe	ˈɛ	2.5340445630310766
ˈi	ˈɛ	2.3889006407268965
ˈe	j_ˈɛ	2.339175881778055
o̯ˈa	ɥ	2.215832700152963
ʦ	t	2.1986427395977532
ʦ	s	2.1863568263587534
ˈu_n	ˈu	2.1320013398018673
ˈo	ˈu	2.127050779650713
d	t	2.048843526741958
n	ŋ	2.0416408800194117
ˈa	ˈɛ	1.9385354604853646
n_#>	#>	1.8969231017412578
j	ˈɛ	1.8014799639735273
n_t	n	1.776722783075564
#>	s_#>	1.7119875122897357
<#_w	<#	1.699171005377434
<#_j	<#	1.4416285294675446
ˈi	ˈe	1.432955394409807
t	j	1.3709469058205457
ʃ	j	1.3604968107120534
ə	a	1.123848512372317
<#	<#_f	1.0794352943455479
s	e_s	1.0662153768438487
t_#>	#>	1.0532870677313508
t	j_ɾ	0.9886315680714451
i	ɾ_e	0.9084221235696088
k	ɣ	0.8616272973332283
kʲ	p	0.8609597688930928
i_#>	#>	0.8137333064267803
r_i	l	0.7749883504188659
k_ʎ_u	l	0.7638665619207053
ˈe	j	0.7400767962156272
r	l	0.739273063811062
ˈɔ_n	ˈa	0.7253271168621047
o̯ˈa	ˈu	0.6095193102793595
ʦ	k	0.5826617115456112
#>	k_#>	0.5316257104675964
ˈe	ˈa	0.5179240201690185
ˈa	j	0.3950982438425009
i	ˈɛ	0.33822926142665966
ə	e	0.07658367551037895
#>	e_#>	0.0495855026887171