Phone1	Phone2	PMI
b	b	6.6588028447813175
ˈo	ɥ_ˈɔ	6.197021350927741
f	f	5.946745939380217
b	β	5.832946241392324
ɡ	ɡ	5.710070231881074
ˈi	ˈi	5.163454639246012
d	d	5.162936773867362
m	m	5.11955838666307
p	p	5.027361062257405
v	v	5.024763604257739
t_i	t	5.020472694449398
ŋ	ŋ	4.78515230289111
ˈo	ˈɔ	4.588816666519644
ˈu	ˈy	4.55237100409567
e̯ˈa	ˈe	4.53695461916082
w	w	4.516996658678383
t	t	4.189991444044937
n_t	n	4.163521548082796
ə	ɔ	4.155605089489088
i	e	4.1331079696705295
k	k	4.106841861698809
s	s	4.088207285633649
ˈi_n	ˈe	4.0304904631224385
ˈu	ˈu	3.9868180365215733
n	n	3.974627584966338
u	e	3.948646985570225
ʎ_u	l	3.8997975611828064
ˈu_k	ˈu	3.8935189579555143
ˈe	ˈe	3.7662315282813084
r	ɾ	3.5557194548089117
o̯ˈa	ˈɔ	3.537404536721774
ˈa	ˈa	3.5279600235433586
z	ʒ	3.4972973178820257
ˈɔ	ˈa	3.496107793673594
r	r	3.4940463259196517
w_ə	w	3.4873947471031297
ʎ	l	3.457415354973348
ʦ	s	3.4408971887670265
l	l	3.3438765729016775
r_n	r	3.3406566546764607
z	d	3.284756306658619
m_i	m	3.266247437300342
d	t	3.0184030664620356
o̯ˈa	ɥ	2.928366796862276
ˈi	ˈɛ	2.909562504247367
ˈe	ˈɛ	2.9056877608444225
l	w	2.7674385419056384
<#	<#_e	2.7596570196658323
t	j	2.7192641940600426
w_ˈo	ˈɔ	2.3380555692184695
p	β	2.32452368022736
ˈɔ_j	ˈa	2.1829020511238246
ʒ	ʒ	2.107906325072292
u	u	2.0349904918817634
ʦ	ʦ	2.0182804962464713
n_#>	#>	1.9908311131967074
ʃ	s	1.8679753559585526
t	j_ɾ	1.8633796359580188
ˈa	ˈɛ	1.6943267186813376
<#_w	<#	1.6837813462515796
<#_j	<#	1.42623887034169
#>	s_#>	1.3486151914935411
ʦ	t	1.2791457555461672
n	ŋ	1.1688735580501763
ˈo	ˈu	1.0897466948768955
k_ʎ	l	1.0298360788487195
ˈu_n	ˈu	0.9787486721351192
<#	<#_f	0.9393583055125351
ə	ʎ_ɔ	0.9205261803587446
ˈe	j_ˈɛ	0.9161407711006083
j	ˈɛ	0.8979428371146682
i_#>	#>	0.8661050046617439
ˈɔ_n	ˈa	0.7792500432572342
r_i	l	0.768673944457463
m	ɡ	0.7581774864574125
o̯ˈa	ˈu	0.7233751063559362
i	ɾ_e	0.7073987899112888
r	l	0.6935819517543125
ˈe	j	0.6836154994122634
ˈi	ˈe	0.5852620487461028
ə	a	0.5565190473981784
#>	k_#>	0.5162360513417421
ˈo	ˈɛ	0.44132724020073166
ʦ	k	0.438255648435698
i	ˈɛ	0.4270729225987201
ə	e	0.3657962529397904
#>	e_#>	0.08378134625157992