Phone1	Phone2	PMI
ˈe_n	ˈẽ	8.046132857193534
ʎ	j_ʎ	7.7158586459912355
ŋ	w̃	6.901267323420219
ɡ	ɡ	6.846810143906868
r	ʁ	6.607237813128852
w	w	6.420371051193232
ʃ	ʒ	6.3861453185349655
d	d	6.369291140175431
ʎ	ʎ	6.234017532160475
i	i	6.226152582224463
ð	ð	6.210430615285191
ɲ	ɲ	6.187169318541228
f	f	6.186499367887515
ˈu	ˈu	6.156737065460527
ɣ	ɣ	6.088479472528184
ˈɑ	ˈɐ̃	5.9304874919699495
ˈi	ˈi	5.882547087075542
ˈɛ	ˈɛ	5.822083801778354
ˈɔ	ˈɔ	5.799849568240956
n	n	5.7689462609625455
β	β	5.396720365289516
ˈa_n	ˈɐ̃	5.340961443583282
m	m	5.178903516755557
p	p	5.119227971604645
j	j	5.104269147353498
b	b	5.04899500158793
ˈi_ŋ	ˈĩ	5.036923982892078
k	k	5.0242426918721135
ʧ	ʃ	4.992728840306779
t	t	4.976583906559403
e	i	4.871948136246782
l	ɫ	4.69972046952011
l	l	4.646783640909533
ˈo	ˈo	4.597724649630726
ɪ	ɨ	4.595081956853982
ˈe	ˈe	4.529670938438524
ˈo	ˈõ	4.504271158020446
b	v	4.308827111366979
n_t	t	4.305708443450541
β	v	4.249779784695308
ˈa	ˈa	4.10993833388064
θ	s	4.072835083444663
e	ɨ	4.034847534507106
θ	z	4.009511900422164
s	s	3.9747712339282826
ˈe	ˈɐ	3.8971385288817126
m_b	b	3.8814418934729336
s	ʃ	3.734338985903632
ɪ	ɐ̃_j̃	3.690738970870671
ɐ	ɐ	3.623208055649069
ʊ	u	3.5561595606058183
a	ɐ	3.5390147449296925
ɾ	ɾ	3.508482172512553
o	u	3.3890157245540258
ˈɔ	ˈo	3.38569075470081
i	ĩ	2.9812352003060782
ŋ_ɡ	ɡ	2.9088647473992784
ʃ	ʃ	2.8156837414085043
θ	ʃ	2.797023443010008
ˈɑ_ŋ	ˈɐ̃	2.6528833993688394
ˈa	ˈɐ	2.277830810618941
o	w	2.131239704807783
l	l_ɨ	2.0367026692542343
ˈo	ˈu	1.9793629608792616
u	u	1.9632950034307053
ŋ_k	k	1.95727394000791
r	ɾ	1.801830727012625
ˈi_n	ˈĩ	1.6888772508982466
ˈo_n	ˈõ	1.5989109025793449
s	z	1.5738556803709285
ˈu	ˈũ	1.4220113316090708
ɲ	j_ɲ	1.3707346153038589
o	o	1.275556623552862
ŋ	j̃	1.250589201170107
ˈi	ˈĩ	1.225833096198612
ˈo_j	ˈu	1.2026649753687415
ˈe	ˈɐ_j	1.1956608007671106
e	ẽ	1.1850742695644063
o	ɔ	1.182049224551708
n_d	d	1.1474709696568834
ɐ	j_ɐ	1.0214566074047011
ˈa	ˈɐ̃	0.9992967287303882
ˈe	ˈɨ	0.9061735511374558
v	v	0.8247299521735469
ˈi	ˈe	0.5461721584134325
i	ɨ	0.5386030813075743
ˈɑ	ˈa	0.520175930237236
ˈo	ˈɔ	0.4887856237072007
e	j	0.4884804541308605
ˈo	ˈɐ̃	0.3717931235629695