Phone1	Phone2	PMI
ˈi_ŋ	ˈĩ	8.821087798460791
ˈe_n	ˈẽ	8.40668431275119
ɟ	j_ʎ	7.552423105522421
m_b	b	7.005933885778969
ɡ	ɡ	6.777124933734832
w	w	6.599845459833227
ŋ	w̃	6.576909333622275
ɟ	ʎ	6.436093419975195
r	ʁ	6.336039988152498
d	d	6.260572744977074
ɲ	ɲ	6.21811729556156
ɣ	ɣ	6.191873195973546
i	i	6.179934089380805
i	ĩ	6.089874991612082
ʃ	ʒ	6.012978612366493
ˈu	ˈu	5.9883500128315275
ŋ_ɡ	ɡ	5.923012007281443
f	f	5.880228257143706
ˈɛ	ˈɛ	5.85114504536552
n	n	5.826356822302842
ð	ð	5.7383399456965165
e_n	ẽ	5.664892486487826
ˈɑ	ˈɐ̃	5.539267031345777
ˈi	ˈi	5.412615487836293
β	β	5.409022752136288
ˈɔ	ˈɔ	5.353678100912286
n_t	t	5.340577611933109
m	m	5.178909606750204
b	b	5.177394851437197
j	j	5.158820935519407
p	p	5.139065813368008
e	i	5.112226833263431
ˈa_n	ˈɐ̃	5.020646428244874
θ	z	5.008575947421206
l	ɫ	4.9181065503419745
l	l	4.878244788697293
ʧ	ʃ	4.841373063670399
k	k	4.812902090133996
ˈo_n	ˈõ	4.75175156995271
ɪ	ɨ	4.728294785235263
ˈe	ˈɨ	4.715492589992319
t	t	4.7121669729091895
ˈe	ˈe	4.617042096196332
ˈo	ˈo	4.6097815178842225
ˈa	ˈa	4.371267358433106
b	v	4.354054279187162
β	v	4.306875379100179
θ	s	4.041965000308266
e	ɨ	3.9806882711457696
s	s	3.9728615381234174
ˈe	ˈɐ	3.8931909269489213
ˈɑ_ŋ	ˈɐ̃	3.864200054796925
ɪ	ɐ̃_j̃	3.7754641415917
s	ʃ	3.6983242360586126
ɐ	ɐ	3.6179779085543022
ɾ	ɾ	3.6166106119550534
a	ɐ	3.6157481519466455
ˈi_n	ˈĩ	3.5526611337600196
u	u	3.5050631417283022
ʊ	u	3.4744720399619626
o	u	3.4475450851070693
ŋ	j̃	3.3199726824763403
ˈo	ˈõ	3.2818052552028645
ʃ	ʃ	3.150040723200394
θ	ʃ	3.128726238049597
ˈɔ	ˈo	3.0944344298280706
ɲ	j_ɲ	2.935316766938045
o	o	2.662222666545481
ˈa	ˈɐ	2.5302117298177897
ˈo_j	ˈu	2.493322283598322
o	ɔ	2.3741460163948345
ˈu	ˈũ	2.3570537869160586
o	w	2.328551443445072
l	l_ɨ	2.080166925867009
s	z	2.0208311042380624
ˈe	ˈɐ_j	1.9002741971905786
v	v	1.898208878963237
ˈu_ŋ	ˈũ	1.676733761836515
ˈo	ˈu	1.647553710501468
ˈa	ˈɐ̃	1.4497194089517613
e	j	1.4466766276531156
ˈɑ	ˈa	1.3359489530367061
ˈo	ˈɔ	1.329717940152506
i	ɨ	1.3046306556769596
ˈo	ˈɐ̃	1.2835413798490194
r	ɾ	1.1454180104901772
w	j	1.1147904077228508
#>	j̃_#>	1.0658247192583132
ˈi	ˈe	1.0632052684847244
ŋ_k	k	1.0427487615480526
ɪ	ɐ̃	0.9254856243774648
ɐ	j_ɐ	0.8778759125381417