Phone1	Phone2	PMI
ˈe_n	ˈẽ	9.956314165533495
ɟ	j_ʎ	8.80856479148897
ŋ	w̃	7.935908518822587
ɡ	ɡ	7.214606157978006
r	ʁ	7.137332526688491
w	w	7.120690880106641
i	i	7.029577697945057
d	d	7.009535210811718
n_t	t	7.002576988835586
ʃ	ʒ	6.759963596007138
f	f	6.748974661819823
ɟ	ʎ	6.676926654897512
ð	ð	6.640489099896792
ˈa_n	ˈɐ̃	6.618336815830879
ˈɑ	ˈɐ̃	6.581736558103261
ˈu	ˈu	6.564420143674256
n	n	6.50112431478752
ˈɛ	ˈɛ	6.473826153319938
ɲ	ɲ	6.37761102138413
ɣ	ɣ	6.343937021773873
ˈɔ	ˈɔ	6.209722058661704
m	m	5.953044036012141
ˈi	ˈi	5.910009205459152
β	β	5.764913261750265
b	b	5.73022487806386
p	p	5.7289565722446
e	i	5.600184451057284
k	k	5.552861173186713
j	j	5.533468261150221
l	ɫ	5.309730947161528
t	t	5.307982274392656
l	l	5.258171395667999
ˈo	ˈo	5.218897190250472
ŋ_ɡ	ɡ	5.209500542452751
ɪ	ɨ	5.1254394073882645
m_b	b	5.099656315939014
θ	z	5.079367652868741
ˈe	ˈe	4.978792981792833
b	v	4.97098022669768
ˈa	ˈa	4.94750894315501
e	ɨ	4.7473186163096
β	v	4.4798267276220205
s	s	4.461266219361371
θ	s	4.364740239803868
ˈe	ˈɐ	4.291417814905107
ɾ	ɾ	4.23328640780196
ʧ	ʃ	4.215658572039741
s	ʃ	4.189110574858989
ʊ	u	4.104722309139697
o	u	4.094553114595117
ˈo	ˈõ	4.01333793941944
e_n	ẽ	3.9933499863854713
ɐ	ɐ	3.952516068135343
a	ɐ	3.94117644024246
ŋ_k	k	3.936024783937512
ʃ	ʃ	3.849527112691794
ˈi_n	ˈĩ	3.742269607780728
ˈe	ˈɐ_j	3.572209852820749
ˈɑ_ŋ	ˈɐ̃	3.408831283300295
ɲ	j_ɲ	3.289384834235531
u	u	3.2540745137908003
θ	ʃ	3.2356818756102266
ˈi	ˈĩ	3.157258514584297
ˈɔ	ˈo	3.124034637042807
ˈa	ˈɐ	3.0284296254749146
v	v	2.9587798949935604
ɪ	ɐ̃_j̃	2.9220520313052725
i	ĩ	2.91729705359018
l	l_ɨ	2.6576398259396186
#>	j̃_#>	2.5243573614128465
s	z	2.395494010219423
ˈo	ˈu	2.3515546272203727
ˈi_ŋ	ˈĩ	1.9509334662993407
ɪ	ɐ̃	1.9504481622663452
ˈo_n	ˈõ	1.8865478473218684
r	ɾ	1.848816371564876
o	w	1.8311368136342296
ˈo	ˈɐ̃	1.6447928990547502
o	ɔ	1.5144240061491203
o	o	1.3957643539383533
ˈu	ˈũ	1.3942590066113765
ˈɑ	ˈa	1.1658034487080882
ˈa	ˈɐ̃	0.9250477108561352
ˈe	ˈɨ	0.8893210493060606
w	j	0.7424100583780152
ˈi	ˈe	0.687032103828861
ˈo	ˈɔ	0.6687739633078805
i	ɨ	0.5368119312671358