Phone1	Phone2	PMI
ˈɛː	ˈɛ_o	6.697199842003725
ɲ	ɲ	6.373477665396086
b	b	6.060883775493346
m	m_e	6.042569570742933
f	f	6.040794123206228
l	ɰ_o	5.739700477711804
j	j	5.667995439004215
ɡ	ɡ	5.547122753205362
ʃ	z_e	5.501446204224238
ˈa_j	ˈe	5.392312200910372
ˈɔː	ˈɔ	5.376344123597559
t	t_e	5.312586967718294
s	s_o	5.207039096039386
t	d_o	5.146571968006757
w_n	ŋ	5.143039864703572
p	p	5.109999023319114
l	l	5.102526121852413
v	v	5.073309755667948
ˈe	ˈe	5.0659033948281325
d	d	5.0596742253496245
ˈuː	ˈo	4.902687625410191
ˈeː	ˈe	4.897676734981929
ˈi	ˈi	4.767878425156591
ˈiː	ˈi	4.738792949345491
m	m	4.716391515600107
ˈɛ	ˈɛ	4.617812319814897
ŋ	ŋ	4.586920460558247
ˈɔ	ˈɔ	4.545024882648453
k	k	4.479152272869917
ɲ	ɲ_o	4.478989239663102
l	ɰ	4.3345708419024165
ˈa	ˈa	4.260348104154658
ʨ	k	4.224413155302629
ˈa_w	ˈɔ	4.175039169354952
ʧ	s	4.080665559373061
ˈaː	ˈa	4.071197044399376
n	n	4.043506558027122
ˈu	ˈo	4.018350146937621
t	t	3.9854614523817
r	r_o	3.955395766317524
s	s	3.867478959435366
ˈɛː	ˈɛ	3.809468676895034
ʨ	t_o	3.80202154350727
ɡ	ʤ	3.768800441115809
ˈu	ˈu	3.7495468351156784
t	t_o	3.685281460908761
l	j	3.605440756418364
ˈɛ	ˈe	3.5868055960685346
ʃ	z	3.4891776387483056
n	ŋ	3.447982275591422
r	r	3.355013319495223
ˈi	ˈu	3.337205504748771
u	o	3.2832732986807973
ə	a	3.222420052182992
ˈɔ	ˈa	3.17799673282478
#>	i_#>	3.039136573665372
ʃ	s	2.979757041767772
ˈiː	ˈu	2.787873260707843
o	o	2.524051143823024
i	e	2.5080089609999896
j	ˈɛ	2.336898498202535
ˈo	ˈɔ	2.113137158000094
ˈiə̯	j	2.110136244549128
ə	e	1.8497015329727708
s_#>	#>	1.8300350470437392
ʎ	ʧ_o	1.8111459357588409
<#_l	<#	1.811028334733128
s	z	1.801891377465012
n	n_o	1.733369386198079
l_ə	a	1.704745980755386
ə_r	r	1.5944427772297831
m	ŋ	1.4136107022629398
ʎ	ʧ	1.4002219789056614
ˈa_w	ˈa	1.366573015837922
ˈu	ˈɔ	1.242101749573986
#>	e_#>	1.1286940611444554
p_l	p	1.036101385201486
ˈe_l	ˈe	0.9628692785804188
ʥ	z	0.9616826425027812
f	v	0.606999631077515
ʨ	t	0.253629898396943
#>	o_#>	-0.6191683155203694
ə	o	-0.2460616889949784