Phone1	Phone2	PMI
rː	rː	9.141934098861542
ɖː	ɖː	8.236534177669325
ɡ	ɡ	7.594354821169601
lː	ʣ	7.58488693020313
β	β	7.564979795492947
ŋ	ŋ	7.556971598140385
j	k_r	7.500578799660171
d	d	6.974233145929823
v	v	6.931621053649135
ð	ð	6.8544056315754
j	j	6.783290675693038
z	z	6.731554754321397
o	o	6.629933659401134
nː	nː	6.45278136733634
ŭ	ŭ	6.392422291027154
ʒ	ɣ	6.271940843795791
f	f	6.220549449923635
p	p	6.1833814083856495
ɣ	ɣ	6.070589630652114
ˈu	ˈu	6.04615031101286
m	m	5.607043129941687
t	t	5.594312025454738
b	b	5.471508131307432
l	l	5.3532010576822335
s	s	5.299063884320924
ĕ	ĕ	5.276705202612184
ˈe	ˈe	5.186175994075007
ˈi	ˈi	5.173582440312394
ʦ	ʦ	5.034732638303296
ˈo	ˈo	4.962626639540518
k	k	4.837474774090067
ʧ	k	4.7610114928267055
ŏ	ŏ	4.698128965702547
n	n	4.664418735878592
ˈa	ˈa	4.6230569739121
a	a	4.299266008337104
u	u	4.175431402653907
i	i	4.067353928163348
e	e	3.92727515518839
r	r	3.884182159105311
d	ɖ	3.6826536185855785
w	w	3.581090559992258
ʃː	s_k	3.57581062158924
i	e	3.4290480290792136
ɲ	ɲ	3.2768214752013725
ɡ_w	b	2.681028210229393
ʤ	ʣ	2.67970403491246
ŋ	m	2.6683942120204134
ˈa	ˈa_r	2.041723760465941
n_ʤ	ŋ	1.9866123707860688
a	r_a	1.86879039186722
ă	ă	1.6258811636788486
j	e	1.4929135038209935
k_w	b	1.438765949053562
ˈi	ˈi_e	1.3898096007807137
u	o	1.210141405884021
e	i	1.138533308220644
ʧ	k_r	1.1241175551646418
ʃː	s	1.0749036632461548
k	b	1.0254758270168112