Phone1	Phone2	PMI
nː	nː	8.129092981445579
sː	sː	7.864707362468106
rː	rː	7.851763570372413
ʣ	ʣ	7.424706934189042
ɖː	ɖː	7.114949156555507
β	β	6.882853298994452
ɡ	ɡ	6.732611403733239
z	z	6.670395719924017
d	d	6.478225786591387
ʦ	ʦ	6.418278673877248
o	o	6.405434003721365
ð	ð	6.103143128845571
f	f	5.821478060777563
j	j	5.805670759273977
ɣ	ɣ	5.768074684764106
j	k_r	5.713373464624184
ʒ	ɣ	5.612926451627696
p	p	5.475969917673634
ˈu	ˈu	5.25723896893988
m	m	5.119193778236552
b	b	5.114762044123562
t	t	4.973797423669372
ŭ	ŭ	4.926883823541086
s	s	4.925337371229635
l	l	4.835714213222784
ɲː	ɲː	4.814100255635765
ˈe	ˈe	4.765886334965335
ˈi	ˈi	4.619326818187503
ˈo	ˈo	4.523110144913466
ʧ	k	4.314335658529362
k	k	4.267381077320839
n	n	4.197623612241533
ŋ	m	4.055576670391374
ˈa	ˈa	4.006665726882444
a	a	3.893669680334627
u	u	3.7268289001133055
r	r	3.574192089760128
i	i	3.551176312590299
e	e	3.4815088505486225
v	v	3.198077433366917
ŏ	ŏ	3.137193740654562
i	e	2.9035843739918
ˈa	ˈa_r	2.782891817750975
w	b	1.9727934010501609
j	e	1.763264692699868
ĕ	ĕ	1.5965332259541067
u	o	0.5837700841634977
k	b	0.5650913009989389