Phone1	Phone2	PMI
sː	sː	7.792511255923302
ɖː	ɖː	7.394744424379076
ɡ	ɡ	6.800639652822771
β	β	6.77466284988687
ĕ	ĕ	6.607086401293618
j	k_r	6.38937783943032
o	o	6.374816467504828
z	z	6.372867901452566
ð	ð	6.312352716881429
rː	rː	6.244506401074944
d	d	6.062829290701655
f	f	5.815962269721828
p	p	5.696839573643855
ʒ	ɣ	5.58916700594584
ɣ	ɣ	5.5756782074623406
ʣ	ʣ	5.530599256927323
ˈu	ˈu	5.523040401401935
b	b	5.18997920088168
m	m	5.107653927994428
t	t	5.03183101138827
j	j	4.943663248569923
l	l	4.939791064077627
ˈe	ˈe	4.882442627722314
ʃː	s_k	4.874806505214292
s	s	4.851958239593543
ŏ	ŏ	4.702766339170915
ɲː	ɲː	4.687782045816684
ˈi	ˈi	4.674183428922685
v	v	4.646946282671008
ˈo	ˈo	4.538132557032911
nː	nː	4.511387940126308
ŭ	ŭ	4.373397891008701
k	k	4.359403462924823
n	n	4.326045920192111
ʧ	k	4.278034001158574
ŋ	ŋ	4.033885123581622
a	a	3.968132090826492
ˈa	ˈa	3.920119845017797
u	u	3.611494311053702
i	i	3.5211921187290955
r	r	3.495489223053508
e	e	3.3631590483289706
d	ɖ	3.323411872482202
ʦ	ʦ	3.288345284920512
i	e	2.8450044337558933
ʤ	ʣ	2.669761241714691
ŋ	m	2.4620497652153466
ˈa	ˈa_r	2.06963025229064
ɡ_w	b	2.0587943412557963
ˈi	ˈi_e	1.9256733749634145
n_ʤ	ŋ	1.5889173931692533
w	w	1.5856711018802798
bː	bː	1.5281519603732898
ă	ă	1.5131676670190592
u	o	1.1592777567292163
ˈi_n	ˈi	1.1585167744802434
j	e	1.1547287193630449
k_w	b	1.0876253803678542
ʧ	k_r	0.9426109864008504
k	b	0.8488485751845786
a	r_a	0.8035662487446247
ˈa	ˈa_ɣ	0.6565114838854427
e	i	0.6280854059701892