Phone1	Phone2	PMI
ɖː	ɖː	7.651465540947944
ɡ	ɡ	6.826634530571308
z	z	6.812076411644468
β	β	6.591569697035374
ɲː	ɲː	6.386403301242916
j	k_r	6.32287648404352
d	d	6.259103524039078
nː	nː	6.247592948135045
rː	rː	6.235934409871239
ð	ð	6.2059587476777835
o	o	6.1594900937167285
ʣ	ʣ	6.141924816975627
sː	sː	5.989702140818696
ŏ	ŏ	5.913537784030509
p	p	5.8600520968259495
f	f	5.710897843005107
ɣ	ɣ	5.610849352952145
ʒ	ɣ	5.4673407296298135
m	m	5.191412011081084
ˈu	ˈu	5.150063973147294
b	b	5.113666978246522
ŭ	ŭ	4.972590410182294
j	j	4.965035390695939
t	t	4.960346547980308
s	s	4.9562127656489015
ˈe	ˈe	4.889861639552646
ˈi	ˈi	4.786403854825798
n_ʤ	ŋ	4.674137640126791
l	l	4.673539135780305
ˈo	ˈo	4.619959850018552
v	v	4.58806271646157
k	k	4.56904281768647
ʧ	k	4.479429557753208
n	n	4.112138188178287
ˈa	ˈa	3.946185167108582
a	a	3.859567920973668
ŋ	ŋ	3.7943636864758457
u	u	3.690086865357053
ŋ	m	3.6009979969472563
i	i	3.560568274211979
r	r	3.543052503285709
ĕ	ĕ	3.3555250770322145
e	e	3.3490840861459095
ʦ	ʦ	3.2513385446519885
w	w	3.205601528642849
ʃː	s_k	2.9408724390050507
i	e	2.905315396390492
ʤ	ʣ	2.5066777236458107
d	ɖ	2.243446832010268
w	b	1.7800658107467358
w_a	a	1.5344818251468946
bː	bː	1.5258634770830484
ˈa	ˈa_r	1.4006172394712877
u	o	1.269693553132358
j	e	1.1743982589733692
k_w	b	1.120861015977941
ˈi	ˈi_e	1.0290249809934875
e	i	0.725344115217482
a	r_a	0.6135768811774186
ɡ	b	0.5789495135418594
k	b	0.36334901114160495
u	e	-0.26222024609028605