Phone1	Phone2	PMI
ʦ	ʦ	8.786426647484303
ĕ	ĕ	8.55244164719584
v	v	8.484471646618916
ŏ	ŏ	8.386426647484303
nː	nː	8.06584976574062
sː	sː	8.059006622673037
rː	rː	7.944433449843279
ŭ	ŭ	7.899834766029082
ʣ	ʣ	7.3007284404178545
β	β	7.175197558333995
ɖː	ɖː	7.070533242313259
w	w	6.927023414138752
ɡ	ɡ	6.916692345999477
ʃː	s_k	6.652715921741573
ɲː	ɲː	6.464562419841142
bː	bː	6.464562419841142
d	d	6.334736230935666
j	k_r	6.242977460065551
j	j	6.152878731461957
z	z	6.096993211745091
o	o	6.095929448354105
ð	ð	5.915747718485578
ʧ	k_r	5.691562875366741
ʒ	ɣ	5.65758233300981
f	f	5.642722917604464
ɣ	ɣ	5.605474537045964
p	p	5.5488264737095285
ŋ	ŋ	5.49076190286195
ˈu	ˈu	5.443791947769504
m	m	5.324094649330561
b	b	5.036803410092747
t	t	4.896705762359141
s	s	4.849329185155917
l	l	4.844445456888362
ˈe	ˈe	4.735128138850171
ˈi	ˈi	4.682119544151929
ˈo	ˈo	4.590441639201717
k	k	4.506817364678283
ʤ	ʣ	4.297580337082715
n	n	4.1934491468045145
ʧ	k	3.985321482402653
ˈa	ˈa	3.912949847967859
a	a	3.80979166969236
ŋ	m	3.7470490080555057
i	i	3.6626421667256737
u	u	3.6585379594714116
r	r	3.6309504325818063
e	e	3.4811655735577447
ă	ă	3.4596472299795993
n_ʤ	ŋ	3.3511535355294315
d	ɖ	3.338428115002662
i	e	3.0450790375965546
ɡ_w	b	2.174315909022584
ˈa	ˈa_r	1.9421462219000916
ˈi	ˈi_e	1.805601954962523
w	b	1.727704732265318
j	e	1.429623790170927
u	o	1.202868502429961
ŋ_ɡ	m	1.1578496193769003
k_w	b	1.0720809596161254
e	i	0.8372702488125875
k	b	0.6664140040086496