Phone1	Phone2	PMI
ĕ	ĕ	9.061434238726642
ʦ	ʦ	8.774516737140098
v	v	8.608501737428563
n_ʤ	ŋ	8.516835141107515
nː	nː	8.469628594937904
ɲ	ɲ	8.359479237861256
ŏ	ŏ	8.11045673829395
rː	rː	7.73969230269798
ɖː	ɖː	7.455484770047833
lː	ʣ	7.286845022437407
β	β	7.209786991260449
ă	ă	6.964146269842905
ɡ	ɡ	6.916220048114061
ʤ	ʣ	6.71966496844089
ŋ	ŋ	6.663527945909794
j	j	6.359192994381109
d	d	6.335856862510998
o	o	6.318330158429687
j	k_r	6.308424373723726
z	z	6.280602675436701
ŭ	ŭ	6.220816361305498
ð	ð	6.007008493036299
ʒ	ɣ	5.702300165132734
f	f	5.616573020314497
ɣ	ɣ	5.57004826519421
ˈu	ˈu	5.454922764583214
p	p	5.4048179437835175
w	w	5.375285322433415
m	m	5.270874023542663
b	b	5.05030862952258
ʃː	s_k	5.019413173109608
l	l	4.948470485391143
t	t	4.946443159095886
s	s	4.736852400894823
ˈe	ˈe	4.732159220341863
ˈi	ˈi	4.7271978592036765
ˈo	ˈo	4.552703420665221
ŋ	m	4.4404903084979575
k	k	4.427340887190094
ɡ_w	b	4.413676379719312
ʧ	k	4.255230263792609
n	n	4.162184545437105
ˈa	ˈa	3.9405010953677024
a	a	3.8216167094934064
u	u	3.6273774637990144
i	i	3.566498308343448
r	r	3.532712043052173
d	ɖ	3.45344911694037
e	e	3.4388990761384695
ʧ	k_r	3.3606206894626443
k_w	b	3.3569927351013837
i	e	2.999768572055946
a	r_a	2.484150787260937
j	e	1.3906379616103208
ˈa	ˈa_r	1.2945429670889959
u	o	1.2015418585803563
e	i	1.146336794259275
ʃː	s	1.0773371109398862
ˈi	ˈi_e	0.8620357115748682
k	b	0.3072961150711069