Phone1	Phone2	PMI
mː	mː	9.599306458904374
ă	ă	9.399306458904375
bː	bː	8.848328958471681
ʦ	ʦ	8.663366457750525
ĕ	ĕ	8.482313958760143
v	v	8.414343958183219
ɲː	ɲː	8.248328958471681
w	w	8.15731326126335
sː	sː	8.124493315259867
ŭ	ŭ	8.124493315259866
ʃː	ʃː	8.097351458038986
nː	nː	8.087249553503273
ŋ	ŋ	7.52691264257434
rː	rː	7.381764411273549
ʣ	ʣ	7.215629212015104
ɖː	ɖː	6.932435553300636
ŏ	ŏ	6.908546674006559
lː	lː	6.707763664005883
ɡ	ɡ	6.705545814250248
o	o	6.660675941213108
z	z	6.48559785248552
β	β	6.481482953023013
j	j	6.32443290891357
ʤ	ʣ	6.115907379605492
d	d	6.037767506429152
ʃː	sː	5.998980838773051
ð	ð	5.813178636426414
tː	tː	5.756186329995276
d	ɖ	5.686790005996458
ɣ	ɣ	5.681596831350854
f	f	5.602195461746277
p	p	5.468351527866582
w	bː	5.36107426656269
ˈu	ˈu	5.31594413632086
ʒ	ɣ	5.296768965243797
m	m	5.242306546180579
b	b	5.235008091130172
ŋ	m	5.023179279696476
l	l	4.993882506939591
t	t	4.940512042458239
ɖ	ɖ	4.812813742013619
s	s	4.792507178234518
ˈi	ˈi	4.736964122751382
ˈo	ˈo	4.656564673147229
ʧ	k	4.632660104663122
ˈe	ˈe	4.475343784182513
k	k	4.467133128897247
ʤ	ɡ	4.3841429485115375
n	n	4.184808115247573
ˈa	ˈa	4.078294278733834
a	a	3.8574866100974283
ʤ	z	3.7280284774730537
u	u	3.6871614764175913
j	k_r	3.653108646675797
i	i	3.523522146343573
r	r	3.4885191083236546
ʒ	ɡ	3.448705070329103
ʃː	s	3.394131241468612
e	e	3.3438281041451625
ɡ	b	2.90803163136887
i	e	2.885087552421463
n	ŋ	2.5927355549561892
w	b	2.4853577360481705
d	ð	2.0575186999356765
u	ŏ	1.9667672273831707
ʒ	s	1.817679119379026
j	e	1.784802895462196
j	r_e	1.5402207215952974
u	o	1.5203960497338325
z	ɣ	1.4433686693764307
rː	ˈe	1.382373444918389
v	bː	1.2878641815055087
j	k	1.1686673763262148
e	i	1.1469348113265254
w_a	a	0.8477245774985638
k	bː	0.7832904417506088
ˈo	o	0.6959487582657573
b	ɡ	0.4497165649387494
k	b	0.0154740252457236
u	e	-1.0998548446552747
a	e	-0.5234961094811983
a	ˈa	-0.43962486187537947