Phone1	Phone2	PMI
f	f	6.362188993036836
ˈi	ˈi	5.707851038359962
b	v	5.667768130057404
d	d	5.114546790091991
ɡ	ɡ	4.948101541321784
w	w	4.831143915000128
m	m	4.826798640543392
p	p	4.825792932013414
ˈu	ˈu	4.593468666661503
s	s	4.450722598846545
ˈo	ˈu	4.114401293210229
t	t	4.114270150987829
k	k	4.059090703654734
ˈɛ	e̯ˈa	4.014852247378614
ˈe	ˈe	3.8475519938351903
ˈɔ	ˈo	3.66800498565784
ə	ə	3.5784139802130164
ʎ	l	3.551251324169073
ˈa	ˈa	3.517981699325419
ɾ	r	3.4330626830364994
r	r	3.424544523514809
n	n	3.4084073880942087
ˈɛ	ˈe	3.2483700432346496
l	l	2.972519607420253
ˈɔ	o̯ˈa	2.8131388838624347
ˈa	ˈɔ	2.8054515696814724
s	ʦ	2.801279576935864
ɲ	n	2.582603371736307
#>	n_#>	2.500047452540936
ʒ	j	2.452056343109012
b	b	2.4428643256116365
m	m_i	2.232021838296605
l	ʎ	2.0985748379221305
t	t_i	2.073379637412692
β	p	1.9156239126870247
ʎ	ʎ	1.867475871492328
ə	u	1.7184310678110348
<#	<#_w	1.6915274761983523
ʎ	ʎ_u	1.6886298985452328
l	r	1.65130900521583
i	i	1.6100739255614651
ˈe	ˈi	1.4743912431992463
u	u	1.4231078598878484
ʒ	ʒ	1.3541859698415102
ɣ	k	1.3285694310047742
ə	i	1.3163269519011325
d	z	1.2814877419606847
#>	j_#>	1.2457637380991762
ʒ	z	1.2260077738268715
ˈɛ	ˈi	1.1988755027427649
ə_s	s	1.1302103382357855
β	b	1.0711784699857414
n	n_t	1.0417421057521057
ʎ	k_ʎ	0.9458688718998116
ˈa	ˈɔ_j	0.930105122531594
u	r	0.9171168436101408
#>	t_#>	0.8915274761983524
f_ˈi	ˈi	0.8907073891358686
ŋ	ŋ	0.8407778512967315
ɾ	e̯ˈa	0.8089123223343948
ð	t	0.7703422072503434
t	ʦ	0.7644952418164533
ˈu	o̯ˈa	0.7056481553111897
ˈɔ	ˈu	0.6994375414199316
ŋ	n	0.6935359029013682
ˈe	ˈa	0.6558752287716619
l	r_i	0.6507942393985477
ˈe	i	0.6171021229832123
<#_ə	<#	0.6117787378107138
ˈo	ˈo	0.5554156492819987
t	d	0.5407075562784047
ˈɛ	ˈa	0.4341361707263405
<#_f	<#	0.3777937375222512
#>	i_#>	0.0750539110660687