Phone1	Phone2	PMI
f	f	6.402814821025608
w	w	6.062476468555314
b	v	5.991957106925674
d	d	5.579999153286611
p	p	5.011763792797599
m	m	4.93318387288663
ɡ	ɡ	4.83328555977016
ˈi	ˈi	4.471716639194631
s	s	4.465391001947453
ˈe	ˈe	4.244563988092433
ˈɔ	ˈo	4.198737010991834
ˈo	ˈu	4.096066786676598
k	k	3.981835446437373
t	t	3.8588772651551206
r	r	3.71770281391392
ɾ	r	3.622191247452687
ˈa	ˈa	3.6054000016000556
ˈa	ˈɔ	3.580799210789092
ʎ	l	3.501834332238948
ə	ə	3.4110626121758574
n	n	3.300268259888038
ʒ	j	3.2084914456730056
ˈɛ	ˈe	3.153579258813268
ˈu	ˈu	3.1225627492503163
i	i	3.1168901209246953
l	l	2.8953095242939435
s	ʦ	2.801040853259185
ˈɛ	e̯ˈa	2.5530937298450795
l	ʎ	2.5401257012874914
ə	u	2.243960896361981
#>	n_#>	2.0845551926473913
ɲ	n	1.9291871009733184
n	n_t	1.8915004967285416
t	t_i	1.8013655247848162
<#	<#_w	1.6837813462515796
ʎ	ʎ_u	1.6685593619183567
ˈu	o̯ˈa	1.6489294606265112
ˈɔ	o̯ˈa	1.6117768617786616
ˈe	ˈi	1.3973477419323126
ʒ	z	1.3861970306712883
t	d	1.3634100601678873
m	m_i	1.3445986493767756
ə	i	1.3343713716658332
l	r	1.3173983744831472
ɣ	k	1.2875181599329526
t	ʦ	1.2814028379941669
β	p	1.1031895308155195
ˈɛ	ˈi	1.0786779626447922
ʒ	ʒ	1.0449043295175158
ˈo	ˈo	1.0182618288670968
#>	ʦ_#>	1.0079056728373277
t	p_t	0.9763381985805873
ʎ	k_ʎ	0.9719170365778614
u	r	0.9643710798398242
ˈe	ˈa	0.956658119107981
ˈɛ	ˈa	0.9499067246898473
d	z	0.9314157146664044
b	b	0.88242973015267
ŋ	ŋ	0.8788893298059783
f_ˈi	ˈi	0.8713541565517449
ə	t_ə	0.8131394830155564
l	r_i	0.7837202857801218
s	ʃ	0.7688134840495644
ˈe	e̯ˈa	0.7338248688077769
<#_ə	<#	0.7248981729815587
t_ɾ	t	0.6477322713217044
ˈu	ˈo	0.594001233429713
ʎ	ʎ	0.40122676924844985
<#_f	<#	0.373920672548865
ˈɔ	ˈu	0.31005836175386714
ŋ	n	0.18700300607851886
#>	i_#>	0.10812065925612709
#>	ə_#>	-0.25728033225164426