Phone1	Phone2	PMI
f	f	6.963895515670862
ɡ	ɡ	5.856546695150396
b	v	5.798706139104455
ˈi	ˈi	5.4323604709889874
d	d	5.284768385618746
n	n_t	5.081438930766135
m	m	4.963751485622398
p	p	4.570736011916521
ˈɔ	ˈo	4.546038170290909
ˈu	ˈu	4.4318906800498485
s	s	4.273909927338743
i	i	4.253826033124266
k	k	4.234564939220653
ˈo	ˈu	4.219412652777965
t	t_i	4.10176054389901
ɾ	u_r	4.059103776124365
ˈɛ	e̯ˈa	3.8767352403948605
r	r	3.7474990931175167
β	b	3.692542401998695
ˈa	ˈa	3.568596657040364
ŋ	ŋ	3.5637084505810366
ə	ə	3.5134261999582894
ʎ	l	3.472061830030611
l	ʎ	3.441164218773756
s	ʦ	3.4036407989942523
ˈɛ	ˈe	3.397021385275864
ʎ	ʎ_u	3.393958627203079
ˈa	ˈɔ	3.3230414722801855
ɾ	r	3.2963285218816676
t	t	3.2845354960111917
ˈe	ˈe	3.2799800722727066
l	l	3.2657355683308626
ˈɔ	o̯ˈa	3.1892707462058554
n	n	3.1879637210714162
p	kʲ	3.143916355994179
#>	n_#>	3.0434383659174125
ɲ	n	2.9460416754987473
ɣ	k	2.9190128440666183
b	b	2.885613535918894
<#	<#_j	2.85247774068338
w	w_ə	2.776034621585687
ʒ	ʒ	2.7442866845912377
ə	u	2.7104914374133755
d	z	2.695379347271789
ˈu	o̯ˈa	2.6516752039004676
t	d	2.646123663865894
ˈe	e̯ˈa	2.566206228644658
<#	<#_w	2.5256720193773696
m	m_i	2.498360886523731
ʒ	z	2.4164123668741433
ə_s	s	2.335446796009129
ˈe	ˈi	2.3291436679019286
ʒ	j	2.1559939357600486
t	p_t_i	2.08071688620949
<#_ə	<#	2.0577020188004447
w	w	2.0077755937230033
j	p	1.9204594040694685
ˈa	ˈɔ_j	1.8665410211967337
l	r	1.8100347616328336
ʎ	k_ʎ_u	1.8096875389975926
ə	t_ə	1.723683361429743
β	p	1.638052435181941
w	ʦ	1.593828560958319
ˈɛ	ˈi	1.534227112472449
ˈu	ˈo	1.3923918368800265
s	ʃ	1.3637395263955925
t_ɾ	t	1.3311083074710692
ə	i	1.311394533637874
ˈa	ˈɔ_n	1.3025667401020102
#>	j_#>	1.2418906731257902
<#_f	<#	1.2387545177908263
t	ʦ	1.234050925654929
ˈɛ	ˈa	1.2164675357635006
ˈo	ˈu_k	1.1773795957835795
ʎ	k_ʎ	1.095090867725262
ˈe	ˈa	1.086610925716312
#>	i_#>	1.0830144828393555
ŋ	n	1.056625712700727
s	j	1.0437799261194813
u	r	0.9185596214812917
w	ə	0.8565443491727264
ˈo	ˈo	0.8051998986863094
β	r	0.7348853482623704
ˈɔ	ˈu	0.7246120053294423
ʎ	ʎ	0.7007368498937184
ˈi	ˈe	0.6403661491137002
l_#>	#>	0.62623887034169
ŋ	b	0.6195559660944154
ˈa	ˈe	0.23004945007324254
#>	u_#>	0.16171478586935312