Phone1	Phone2	PMI
f	f	6.454787540619491
ɡ	ɡ	6.196219471697245
b	v	5.816546221329592
ˈi	ˈi	5.713812758012933
d	d	5.337849280710375
ʒ	ʒ	5.156456710152334
w	w_ə	5.0793437001827
m	m_i	5.029109485996562
m	m	4.830298573354101
ˈa	ˈɔ_j	4.7180576240843095
p	p	4.605509722465686
s	s	4.577357299551794
i	i	4.355682622957386
ˈɔ	ˈo	4.298633842418442
ˈu	ˈu	4.133687983775002
k	k	4.031542736617044
ˈo	ˈu	4.015219912249722
ˈɛ	e̯ˈa	4.009201234669307
ˈɔ	o̯ˈa	3.9597962693534683
n	n_t	3.9420805499261404
ɣ	k	3.815566028403197
r	r	3.8100640916348265
b	b	3.7613024676590925
w	ʦ	3.7235142986810708
ˈɛ	ˈe	3.6653336149278037
ɾ	r	3.587367789311359
t	t	3.5796672684224853
s	ʦ	3.553511429095585
ə	ə	3.5502149102340486
ˈa	ˈa	3.5443378004891435
ʎ	l	3.458731819845979
l	ʎ	3.4223557345089066
ˈe	ˈe	3.4134189621231563
ŋ	b	3.256207678412991
t_ɾ	t	3.197114809610067
n	n	3.170047843822089
l	l	3.1314072616044797
#>	n_#>	2.8969015901591657
d	z	2.8179001972173072
ˈa	ˈɔ	2.720751495216625
w	w	2.709511241071237
ˈe	ˈi	2.681843210794838
ˈe	e̯ˈa	2.613946069172331
ə	u	2.606287457093143
ˈu	o̯ˈa	2.6051975465107056
ʒ	j	2.5273175829617847
<#	<#_w	2.5079454540089605
β	b	2.504262254609653
t	d	2.414974935325282
ə_s	s	2.290457750674575
<#_ə	<#	2.156967953576267
<#	<#_j	2.1216317401441263
ʎ	ʎ_u	2.074040178978013
ɲ	n	2.068212787969226
ʒ	z	1.9977467435173537
ʎ	k_ʎ_u	1.9922006064650954
t	t_i	1.9644197282771783
p	kʲ	1.9454821594511729
t	p_t	1.8857190069465006
ʎ	k_ʎ	1.6838442005553658
ˈɛ	ˈi	1.5591235534313914
l	r	1.4364054417549141
<#_f	<#	1.421027952422417
ˈa	ˈɔ_n	1.4185876677368776
t	ʦ	1.2848206701609097
#>	j_#>	1.235981818002987
u	u	1.2122356391543545
t	p_t_i	1.2017832976295262
ˈe	ˈa	1.1969053926636208
ˈu	ˈo	1.1774266103484425
ə	i	1.175323835282722
ˈo	ˈo	1.1537051532661269
#>	i_#>	1.1343799300096213
ʎ	ʎ	1.0653548127787984
ˈo	ˈu_k	1.0528350463149663
j	p	0.9806829371300599
u	r	0.9497483524584205
ˈɔ	ˈu	0.9055790341339653
u_l	r	0.8096397251477654
ˈɛ	ˈa	0.7370335652430624
l	r_i	0.7211161063599302
ŋ	n	0.6286425781353109
s	ʃ	0.6038003898505656
s	j	0.588811334029529
<#_b	<#	0.15580593074655008