Phone1	Phone2	PMI
o	u	6.327614718554662
b	b	6.080631685935391
v	v	5.98867706086824
ˈe	j_ˈe	5.956334344372964
ɡ	ɡ	5.529588226190905
d	d	5.484684935082717
f	f	5.000089715560284
ð	ʤ	4.873596067442465
ʎ	kʲ	4.776028300841308
ˈi	ˈi	4.72589820383446
m	m	4.71219582318446
ʃ	k	4.64314901398796
s	s	4.625175853850156
ˈɛ̃	ˈɨ_n	4.568414684270255
p	p	4.431718978047084
ˈo	ˈo	4.394007263239426
t	t	4.380871012148712
ˈoː	o̯ˈa	4.373278218718987
ˈa	ˈa	4.31497553675671
ˈɛː	ˈe	4.311103052084859
l	l	4.22925558082014
ˈĩ	ˈi_n	4.185826874407826
w	ˈu	4.150041092843386
a	ə	4.040658249924694
k	k	3.9248130847427354
ˈoː	ˈo	3.619749029666546
s	ʧ	3.615669280843452
n	n	3.549771524092872
ˈaː	ˈa	3.475399231439949
d	z	3.466304167522541
ˈɑ̃	ˈɨ_n	3.2544462984917777
ʎ	j	3.0545062905544453
#>	j_#>	2.988191371212077
ʁ	r	2.956792216778444
ˈɔ̃	ˈu	2.9561864276576117
ˈe	ˈe	2.6780725681889432
ˈɑː	ˈa	2.586628421764069
#>	n_#>	2.5463049259486024
ə	e	2.538613757221992
k	s_k	2.5243292894079383
#>	t_#>	2.50174594537498
w	ˈo	2.4616283692211534
ʁ	e_r	2.3707396799967344
f	w	2.12620918067586
ə	ə	2.1095477513467
s	ʃ	2.083933784221646
#>	k_#>	1.9813680164805552
j	ˈe	1.839544296346379
ˈe	ˈi	1.6699356731069128
ˈe	ˈa	1.6400309866578346
w_ˈɛː	ˈu	1.619784431979855
ə	e_r	1.6033817462253108
ˈɛ	ˈa	1.5584957206424024
ð	t	1.384979513886785
ˈɛ̃	ˈi_n	1.344176520534616
l	r	1.2143665572511693
#>	p_#>	1.0971658617403812
ˈɛ̃	ˈi	1.0228342039838625
ˈɑː	i	1.0046455835422443
ˈu	ˈu	0.9790107461231448
ˈɛ	j	0.8568192042723247
ˈɛ	ˈe	0.8031106923622596
ʁ	r_e	0.7866580328806075
j	ˈa	0.7488581972520613
ð	r	0.6699248769084891
ˈaː	e	0.6492493289394273
ˈi	ˈe	0.5641143428872073
o_#>	#>	0.229195861163456
#>	e_#>	-0.5431222453730572