Phone1	Phone2	PMI
b	b	6.349372840325706
ɡ	ɡ	5.718147042885506
u	u	5.495752085223268
ˈi	ˈi	5.468514827436739
j_ˈe	ˈɛ	5.278467415470647
p	p	5.065690975539089
ˈu	ˈu	5.0197866949720815
d	d	4.977408371935358
f	f	4.677592236482411
v	ʋ	4.667716553613616
m	m	4.538901813300237
s	s	4.458068748282593
ˈa_r	ˈa	4.3833671673832155
n	n	4.264605759699618
l	l	4.21026917347535
k	k	4.1927158359581655
ˈo	ˈɔ	4.187491870874027
e	e	4.013894145456937
ˈɨ_n	ˈãː	3.9362615693407554
ə	a	3.845437080051752
ˈe	ˈe	3.7941802877996613
ˈa	ˈa	3.742487043392379
t	t	3.688678940378011
e̯ˈa	ˈe_j	3.5729158239802086
a	a	3.3726545601677236
ʤ	ʤ	3.2820035309011373
r	r	3.184229437258081
ˈo	ˈøː	3.0400143105045556
ˈu	ˈy	2.885936442195425
e	a	2.7118204286844323
kʲ	ʧ	2.62729479190337
ʒ	ʤ	2.554350549222645
w	f	2.539080967617531
w_#>	#>	2.4585664779758534
t	d	2.3878443927705355
ˈɨ	ˈa	2.376987038504177
ˈe	ˈɛ	2.3431732502766938
e̯ˈa	ˈe	2.3153328397548707
ˈɨ_j	ˈãː	2.231717790184585
u	o	2.170675838659166
ʧ	ʧ	2.153180273811336
t	t_e	2.083637374477475
t_e	t	2.080247814848213
o	u	2.0630582509917774
ˈi_r	ˈi	2.0171652563351774
j	j	1.9918294889467225
ʧ_e	s	1.9333471709186498
ˈe_r	ˈɛ	1.9240914213693796
p_t	t	1.6837897339581291
ˈe	ˈeː	1.6814764513582443
n	ˈẽː	1.6337916456895711
n	ɲ	1.6337916456895711
ˈo	ˈø	1.6279763759267059
ʧ	k	1.4974164017478317
ˈi	ˈe	1.4495152122731627
u_#>	#>	1.4286167939835337
p_t	ʧ	1.354781852687449
ˈo	ˈu	1.3061139251256042
ˈu_n	ˈũː	1.2474244998143642
ʦ	ʦ	1.2279905338187502
ˈu_n	ˈø	1.177877296171436
ˈa	ˈɛ	1.1681050157698616
#>	f_#>	1.096586794560459
j	ʋ	1.0789533136245155
z	d	1.053096710235522
p	k_w	1.048155529409479
r	l	1.0124068602885647
ʃ_t	s	1.0048353028265262
o̯ˈa	ˈø	1.003748275311362
ŋ	ʤ	0.9818679481904671
n_#>	#>	0.9606467934066091
d	t	0.9594372488714776
p_j	p	0.945865571774625
n_t	t	0.9348747179772661
ˈa_r	ˈaː	0.924381233998439
u	e	0.902118894577297
ʃ	s	0.8599661998194282
ʦ	t	0.8571055834503424
m	ɲ	0.8533605070016052
ˈu	ˈyː	0.8337445398040149
#>	r_#>	0.8043525300713775
o̯ˈa	ˈɔ	0.8037482753113621
ˈa_p	ˈa	0.7542296069135505
t	ʧ	0.7540949715410166
e	i	0.7480174998694303
ˈa	ˈaː	0.7381832443637666
ə	e	0.7126155774187488
l	j	0.6590113333121914
ˈau̯	ˈɔ	0.6408256070302547
p	ʋ	0.5765359653961563
ˈe	ˈa	0.1967925312829641
e_#>	#>	-0.8782521334197795
ə_#>	#>	-0.15782688562313732
#>	s_#>	-0.1064377505240685