Phone1	Phone2	PMI
b	b	6.988284059279295
u	u	5.82516897350678
ˈi	ˈi	5.689693753122272
ɡ	ɡ	5.653189731510063
ˈɨ_n	ˈãː	5.63877377581578
j	j	5.202206932286167
j_ˈe	ˈɛ	5.167482281330896
ˈu	ˈu	5.136743493954096
ˈo	ˈɔ	4.979541647413721
p	p	4.933327542002345
d	d	4.922324791635154
ˈu	ˈy	4.864109278530247
ʤ	ʤ	4.76859302519457
f	f	4.693219401104075
v	ʋ	4.681888227722223
m	m	4.591634120209043
ˈa_r	ˈa	4.577424795289053
n	n	4.521501823974544
k	k	4.411427685373601
s	s	4.3409124929523575
e̯ˈa	ˈe_j	4.304837805960941
ˈa	ˈaː	4.158300616661835
e	e	4.079306713982255
t	t	4.012238165479875
ə	a	3.841256509907781
l	l	3.816819546378178
ˈe	ˈe	3.728677235453186
ˈa	ˈa	3.506514152189467
ˈe	ˈɛ	3.491028156529473
r	r	3.169200759911951
ʧ	ʧ	3.051936656343244
a	a	2.653797547164295
e	a	2.500552280649376
e	i	2.496654914435237
ˈo	ˈøː	2.2241478690090988
o̯ˈa	ˈɔ	2.1870629482375685
ʒ	ʤ	2.090499516164731
ʧ	ʦ	2.0462294385574067
ˈi_r	ˈi	1.9858151218131568
p_t	t	1.8621211298732363
ˈo	ˈø	1.832276265908568
t_e	t	1.823950406603887
ʃ	s	1.8102925151986429
ʧ_e	s	1.7724305814664183
e̯ˈa	ˈe	1.7456037143676322
n	ɲ	1.5922647454775605
ˈu_n	ˈũː	1.5279845176359477
t	d	1.4881545827726077
ʧ	s	1.359447666336412
r_e	e	1.1764576215808678
l	j	1.1636322998770383
r	l	1.1009165095953333
z	d	0.961452032130114
w	f	0.9501173392188214
ʃ_t	s	0.937284654909112
<#_j	<#	0.933805353101926
#>	r_#>	0.930816407312406
kʲ	ʧ	0.9268730491964922
ˈo	ˈu	0.880308518381814
ˈa	ˈɛ	0.7937659859848771
#>	f_#>	0.6625765910568712
n_#>	#>	0.5946065904799461
d	t	0.488461092164131
k	ʧ	0.4845722281577497
t	ʧ	0.4689717257574951
ə	e	0.3855464575981794
e_#>	#>	-0.1116608139696868