Phone1	Phone2	PMI
m	m	5.365407319636716
p	p	5.176779656203574
v	v	5.041590082021946
d	d	4.937921234339845
t	t	4.542300840495915
k	ʨ	4.3319755518049625
ɡ	ɡ	4.207910575682802
k	k	4.177739289904138
ˈu	ˈu	4.175301408102556
r_i	r	4.0992527353305
ˈa	ˈaː	4.026796115975952
f	f	4.013435237520713
s	s	3.993168368626096
b	b	3.855528508526641
l	l	3.794084320844312
r	r	3.5222016957787416
ʦ	ʧ	3.513070984436531
ˈi	ˈɛ	3.5057619162351825
n	n	3.4325613724247885
ˈe	ˈe	3.431893922692704
ˈi	ˈiː	3.358382690509688
ˈo	ˈɔ	3.269839626505298
ə	ə	3.2209889000679364
ˈa	ˈa	3.1882671003874727
ʃ	ʃ	2.942172456185908
t_i	t	2.763295655527494
ˈɔ	ˈa	2.6877745409549805
i	ə	2.458968600670476
s	ʃ	2.4471466838818987
ʎ	ʎ	2.290789542338498
ˈo	ˈu	2.262425802833216
n_i	n	2.171251164401587
z	ʃ	2.163646104289213
t	t_ə	2.112448161741088
e̯ˈa	ˈeː	2.0388128885970533
ˈɔ	ˈa_w	1.99659199423152
e̯ˈa	ˈe	1.97462234892366
ʎ	l	1.953336124671165
ˈu	ˈuː	1.9059973219401627
i	ˈe	1.8774764428516024
ŋ	ŋ	1.869213507286064
m_i	m	1.7858314078802418
ˈe	ˈɛ	1.714232180662533
r	l	1.6686165101019874
ˈi	ˈi	1.5682334539508336
w	ˈɔ	1.2423771440145024
ˈu	ˈiː	1.1672064402166304
k_ʎ_u	ʎ	1.1513377371878193
w_ə	f	1.1356211503455271
ˈe	ˈɛː	1.102230254960626
d	t	1.066218192781391
w	f	1.0478527724830726
w	j	0.9766240104380176
ʎ_u	ʎ	0.9118643438349224
ˈi	ˈa_j	0.8682751714231169
ˈo	ˈɛ	0.8588949764293113
ʧ	ʧ	0.837082701742264
<#_w	<#	0.8299494239009364
ˈe	ˈa	0.7377639560444329
ˈa	ˈɛː	0.7236737642167899
#>	ʃ_#>	0.7011781859459915
<#_j	<#	0.7011781859459915
u_#>	#>	0.6833056102219611
l	w	0.6811012389070601
p	w	0.6336795063391437
ˈu	ˈi	0.6030977014538016
<#	<#_f	0.602356371891983
#>	f_#>	0.5959644236124739
e̯ˈa	ˈa	0.5069439491883069
#>	s_#>	0.3619794233240115
ˈa	ˈɛ	0.3557790249048024
i_#>	#>	-0.4972422570814215
#>	ə_#>	-0.332806814342471