Phone1	Phone2	PMI
ɡ	ɡ	5.446801472704383
m	m	5.3971137065391614
p	p	5.345172091970317
ˈo	ˈɔ	5.0703589483258105
d	d	5.016726474146696
v	v	4.756559250337917
k	ʨ	4.438527928386683
s	s	4.184301893730254
ˈu	ˈu	4.171171942775861
f	f	3.892595071367803
l	l	3.853586440502857
t	t	3.8263361957930666
ˈa	ˈaː	3.752142260099821
b	b	3.667782675062216
r	r	3.645439834583087
t_i	t	3.612948003865864
ˈi	ˈiː	3.6095069927471255
ˈɔ	ˈa_w	3.594796460899512
n	n	3.579467676575096
ˈi	ˈɛ	3.502954265100048
ə	ə	3.2323373440314147
w	f	3.032609451355139
ˈa	ˈa	2.9784464570885145
t	t_ə	2.861465693204072
s	ʃ	2.741959225040477
i	ə	2.6023183660825997
ˈu	ˈuː	2.5508425422947014
r_i	r	2.357494902423181
k	k	2.298833477166994
ˈe	ˈɛ	2.2465388446620183
n_i	n	2.242995157371987
ˈo	ˈu	2.152430202206832
ʦ	ʧ	2.129943930698144
ʎ	l	2.077016272390867
k_ʎ_u	ʎ	2.0744636194533164
e̯ˈa	ˈeː	2.0371781520530714
e̯ˈa	ˈe	2.020472285325705
ˈe	ˈe	1.9953820532640056
w	j	1.866388917475844
ˈu	ˈiː	1.6700769598389775
<#_w	<#	1.6639485347113556
#>	s_#>	1.5730095672592428
j	ˈɛː	1.4490273425581108
<#_j	<#	1.406406058801466
ˈɔ	ˈa	1.3569458578182672
p	w	1.3423572108315405
ˈo	j_ˈɛ	1.3191913487886324
ʦ	t	1.3145270998063034
ˈe	ˈa	1.2962617064997417
e_#>	#>	1.2319742673556775
ˈa	ˈɛː	1.1503041998312489
z	ʃ	1.139168902057736
l	w	1.1367143584977148
ʧ	ʧ	1.1320348424138795
ʎ	ʎ	1.06302991245126
r	l	1.0446916032139784
j	j	1.0185514281839707
ʃ	ʃ	1.0104230312845013
ŋ	ŋ	1.0104230312845013
m_i	m	0.996111182222948
ʎ_u	ʎ	0.9549390427336364
ˈu_k	ˈu	0.9516326979556584
e̯ˈa	ˈa	0.9191855156971668
ˈe	ˈɛː	0.910923099390338
ʒ	ʥ	0.8669663856236
ˈi	ˈi	0.8604297227084082
e̯ˈa	ˈa_j	0.8361838489328639
<#	<#_f	0.723398558945697
t	d	0.7195732667903588
ˈu	ˈi	0.667649223436407
k	w	0.6580875617519094
#>	f_#>	0.5979892670672153
d	t	0.5839588857678313
r_u	r	0.5621261819344856
ˈa	ˈɛ	0.3342782933128281
u_#>	#>	0.303596760198482
#>	r_#>	0.248201619900759
ə_#>	#>	-0.4967969705992671
i_#>	#>	-0.3417497644292144