Phone1	Phone2	PMI
b_w	b	9.005454313948608
ʤ	ʤ	8.830467246035004
ʃː	ʃː	8.81836288809297
ʦː	ʦː	8.589313482547638
kː	kː	8.407525378385776
u	u	7.879698952330654
ŋ	ŋ	7.810354690740407
ʎː	ɟː	7.771585276058113
nː	nː	7.5776549442838315
m_j	m	7.573265499185788
d	d	7.496196478499396
r	ʐ	7.370368018771893
w_ˈɔ	ˈɔ	7.309964276104919
ɡ	ɡ	7.248745101184935
j_ˈɛ	ˈɛ	7.2142810937267665
sː	sː	7.20225357900472
j	j	7.141631606324395
j_ə	j	7.110428297903366
lː	ɖː	7.088628913713396
rː	ʐː	7.08526107886049
w	w	7.051919750476703
ɲː	n_ɕ	7.043948600152671
ɲː	ɲː	6.994392324707319
tː	tː	6.93144557717969
ˈe	ˈe	6.695695934160559
f	f	6.565613975677626
e	i	6.328561724550375
s	z	6.264524740411089
s	s	6.188503998577198
m	m	6.0780780832611905
ʃ	ç	5.915104384496489
mː	mː	5.853872458931661
ʃ	ɕ	5.686199758831644
ʦ	ʦ	5.661361614954387
i	i	5.635988591134587
mː	m	5.622078341019741
ʃ	ʃ	5.5981118843522575
ˈa	ˈa_r	5.55797068679759
p	p	5.4955176466454905
v	v	5.480773134895202
ˈɔ	ˈa_w	5.47027948976332
k	k	5.469174653143341
ˈɔ	ˈɔ	5.336219250806131
l	l	5.325615953176329
ˈo	ˈo	5.307965372242123
ˈɛ	ˈɛ	5.268567478596347
r	r	5.135911558888661
ˈu	ˈu	5.052932998956297
ˈi	ˈi	5.048535827327764
t	ʈ	5.023801448376157
t	t	5.023801448376157
v_j	v	4.80382091567599
ˈo	ˈu	4.722175603809888
ˈe	ˈi	4.68886979755136
n	n	4.642714925437806
<#_w	<#	4.570860389353842
a	a	4.491001684106531
ɾ	ɾ	4.3772933744034335
ˈa	ˈa	4.33053149624396
v	b	4.237751162068058
ɾ	ɽ	4.220552663118917
o	ʊ	4.139568107002153
b	b	4.12376652889484
ˈa	ˈa_ɾ	4.076300987084404
ɾ	r	3.6296150538024095
r	ɾ	3.52620544787573
ˈo	ˈɔ	3.2545935071244445
ʃː	ʧː	3.168413939311582
i	ɪ	2.89579469977623
ə	ʊ	2.7425551960490453
ə	a	2.3557737003178434
ə	ɪ	2.3101493807893343
k_j	c	10.85838681524669
kː_j	cː	10.551821839769492
ˈu	ˈɔ	1.8573440065063895
k_w	k	1.6522663094805878
ˈɛ	ˈi	1.6396329867992903
p_w	p	1.4996741489407577
l_w	l	1.3627745140863436
sː	ɖː	1.2664126312303436
ə	ɪ_r	0.8621139057288485
ˈe	ˈɛ	0.6587507598508484
ə	i	0.5699281089307692
ˈi	ɪ	0.21421806347347494