Phone1	Phone2	PMI
ʤ	ʤ	8.082404377156795
u	u	8.021463678506151
ʎː	ɟː	7.225048060105605
ɡ	ɡ	7.089797168884784
w	w	6.8857335913192514
nː	nː	6.874070559672911
kː_j	cː	6.794345256040487
d	d	6.793992748286011
tː	tː	6.587062490466582
ɲː	ɲː	6.55094243199117
b_w	b	6.545256089922782
j	j	6.516859495538699
lː	ɖː	6.295022549121166
e	i	6.08652737175984
kː	kː	6.058123558473037
ʃː	ʃː	6.03685446799372
f	f	6.032067182503745
m	m	5.98016547483916
s	s	5.860473839067722
ˈe	ˈe	5.804054698763737
j_ˈɛ	ˈɛ	5.782995150738362
w_ˈɔ	ˈɔ	5.701093099716232
r	ʐ	5.696973551920238
ŋ	ŋ	5.576173430162607
i	i	5.4482697360675685
k_j	c	5.44743277316262
ʃ	ɕ	5.203549296048661
v	v	5.143495973964332
ʃ	ʃ	5.095694573357045
ˈɔ	ˈɔ	5.014704697882487
k	k	4.948475980433889
l	l	4.854295951955423
p	p	4.84755569317929
mː	m	4.83583739471091
ˈɛ	ˈɛ	4.770283553837198
t	ʈ	4.61764474334069
t	t	4.61764474334069
ˈi	ˈi	4.394651167702064
ˈu	ˈu	4.392878203142466
ʦː	ʦː	4.276358007660735
ʃ	ç	4.252856623235368
ˈo	ˈu	4.222810843297266
n	n	4.105226059050083
ˈa	ˈa_r	4.052113907734608
r	r	4.022350494748703
ˈa	ˈa	4.009047112902939
a	a	3.9656063787545137
ɾ	ɾ	3.91298005369439
v	b	3.8532537515978658
ˈe	ˈi	3.824877096383001
ˈo	ˈo	3.780631256549059
sː	sː	3.3578620032565736
ɾ	ɽ	3.095971890253886
r	ɾ	2.7114478734588467
ɾ	r	2.5481191968832744
j_ə	j	2.5437888706022473
ˈa	ˈa_ɾ	2.4805794955280946
v_j	v	2.4668581941438528
i	ɪ	2.419316847189932
ə	ʊ	2.1890113123795842
<#_w	<#	2.1624893665639067
b	b	2.136347480962499
ə	a	1.821089158808442
ˈo	ˈɔ	1.8104093405424184
ə	ɪ	1.8065865238776893
mː	mː	1.7312595951031162
ʦ	ʦ	1.5652445953915788
ˈɛ	ˈi	1.5281107196726647
ɲː	n_ɕ	1.4011157244450017
o	ʊ	1.2785296741160275
ˈu	ˈɔ	1.217396418632852
ʃː	ʧː	1.2151820751565074
s	z	1.1873229655927564
m_j	m	1.1725166348136238
p_w	p	1.1349137009028873
ɲː	n	1.0186234636488658
l_w	l	0.9689508720074697
k	c	0.9212223994676819
ə	ɪ_r	0.6370082207357377
ˈe	ˈɛ	0.600093828814956
ə	i	0.1915499966240769