Phone1	Phone2	PMI
ʦ	ʦ	8.833395070643531
u	u	8.77603875359234
kː_j	cː	8.749795432691199
ʤ	ʤ	8.504623832688587
kː	kː	8.018581599893771
ʦː	ʦː	7.746477569056989
ʎː	ɟː	7.5407025401602
b_w	b	7.267747566535995
ŋ	ŋ	7.225061253159647
r	ʐ	7.1922661061374225
ʃː	ʃː	7.1859544992693545
j_ə	j	7.06015399649619
ʃː	ʧː	6.914400117092978
sː	sː	6.900286154359284
d	d	6.732424835735956
nː	nː	6.624941053612741
w	w	6.605543797890899
ɡ	ɡ	6.580052584305292
j	j	6.5267193174551545
lː	ɖː	6.457748478060183
ɲː	ɲː	6.42225034640206
b	b	6.410797228722668
tː	tː	6.367607975104457
e	i	6.241503938345461
m_j	m	6.016032615007376
w_ˈɔ	ˈɔ	5.94710238645637
f	f	5.921066785346224
s	s	5.819914439465717
m	m	5.732055858665719
ˈe	ˈe	5.684531684729049
j_ˈɛ	ˈɛ	5.523370425436485
r	r	5.395920940431201
i	i	5.343961982788756
ʃ	ɕ	5.228083281493039
k	k	5.13640882823055
ˈɔ	ˈɔ	5.095687356638542
ʃ	ʃ	5.082513520565918
v	v	5.036447187079631
rː	ʐː	4.98235924548814
mː	mː	4.8700124847024195
p	p	4.86562415856402
v_j	v	4.793441123166837
l	l	4.778909780320941
ˈɛ	ˈɛ	4.728140723662459
t	t	4.575590647693547
ˈi	ˈi	4.484903635526127
ˈu	ˈu	4.363800379158874
ʃ	ç	4.331406270212712
t	ʈ	4.228197528860305
mː	m	4.217559611395485
ˈo	ˈu	4.195147716396186
n	n	4.0761134192504285
a	a	3.947506632865576
ˈa	ˈa	3.9408415506764807
ɾ	ɾ	3.9070671418497076
ˈa	ˈa_r	3.896007923465568
ˈo	ˈo	3.8768344824764167
ˈe	ˈi	3.8710908025323034
v	b	3.8051518730747587
ˈa	ˈa_ɾ	3.64147031039822
s	z	3.566248936646704
ɾ	ɽ	3.5097453573952446
<#_w	<#	3.458819249776316
r	ɾ	3.4572053597678534
o	ʊ	3.26950804332319
ˈo	ˈɔ	3.084628819246801
k	c	2.9945265372597705
ɾ	r	2.8808206447793543
i	ɪ	2.623097688031698
ˈɔ	ˈa_w	2.338745450516224
ə	ʊ	2.162774845311923
k_j	c	2.0127462191763676
ə	ɪ	1.8391705908280684
ə	a	1.792095960434231
t	ʈ_ɽ	1.753826871261826
ɲː	n_ɕ	1.5504502618124056
ˈe	ˈɛ	1.5064157402983789
p_w	p	1.1432569766315448
ˈu	ˈɔ	1.123782649014454
sː	ɖː	1.0704173453524801
l_w	l	1.022811959909675
ɲː	n	0.663613536981263
ˈɛ	ˈi	0.5630527490472959
ə	ɪ_r	0.5320498616393043
ˈi	ɪ	0.007403664854065629
ə	i	-0.010641022587927523