Phone1	Phone2	PMI
u	u	7.7778628097536
kː_j	cː	7.260695798626391
nː	nː	6.931205397265652
k_j	c	6.909718298193697
ɲː	ɲː	6.879306031628966
ŋ	ŋ	6.866819778288179
d	d	6.784171459237507
tː	tː	6.717605018325036
ʃː	ʃː	6.693866443163863
ɡ	ɡ	6.6789620059006
b_w	b	6.548309555981354
j	j	6.373964891877583
ʦː	ʦː	6.362565832684298
ʦ	ʦ	6.264520833549685
kː	kː	6.227426737785239
lː	ɖː	6.200014831996234
f	f	6.061939963328699
m	m	5.86402114895581
j_ˈɛ	ˈɛ	5.8456468995282345
s	s	5.832233747697438
w_ˈɔ	ˈɔ	5.675106578201769
ʎː	ɟː	5.623706610069812
j_ə	j	5.540164654536782
i	i	5.469669945374621
mː	m	5.462831295689572
ʃ	ɕ	5.316945158972601
w	w	5.276133010948533
ʃ	ʃ	5.249371231221324
k	k	5.080389708329768
ˈe	ˈe	5.052276968539129
p	p	5.045224803007839
ˈɛ	ˈɛ	4.958840942901949
v	v	4.953213443303588
ˈɔ	ˈɔ	4.953069772240594
ʤ	ʤ	4.931847185970797
l	l	4.899062834482539
sː	sː	4.879974919473354
t	t	4.621663637794714
ˈu	ˈu	4.569818297225151
ˈi	ˈi	4.384466734923821
ˈo	ˈu	4.340580376467722
r	ʐ	4.205441035095211
ˈe	ˈi	4.102835971016531
n	n	4.090759595944853
a	a	4.0495488430817375
ˈo	ˈo	3.9570220463538464
ɾ	ɾ	3.924508408419948
ˈa	ˈa	3.849038383607515
ˈa	ˈa_r	3.84895172019509
v	b	3.774191166919769
t	ʈ	3.477909990130839
e	i	3.4340716743056583
v_j	v	3.428785225154418
r	r	3.3720672374827445
b	b	3.351417796253191
ɲː	n_ɕ	3.156479826144184
ʃ	ç	3.1462649917128767
ɾ	ɽ	3.080182593108116
<#_w	<#	3.0713646436341047
r	ɾ	3.0384516713432426
rː	ʐː	2.8932236754333216
ɾ	r	2.743734303860123
i	ɪ	2.387361929029953
ˈa	ˈa_ɾ	2.351587194637559
s	z	2.3068424847646973
ə	ʊ	2.184646652725809
ə	a	1.835508665732588
o	ʊ	1.820353488323663
ə	ɪ	1.7664064966999269
mː	mː	1.4735572402300354
ʃː	ʧː	1.2138915236905086
k_w	k	1.1957739841114112
m_j	m	1.1469447286759074
ˈɔ	ˈa_w	1.1112259841874146
ˈɛ	ˈi	1.006441725280343
l_w	l	0.94950887489012
t	ʈ_ɽ	0.9030482011142394
ˈu	ˈɔ	0.8880636139823783
ə	j_ɪ	0.6442651669678587
ə	ɪ_r	0.6390349656794836
ˈo	ˈɔ	0.5961796149798535
ˈe	ˈɛ	0.5061853571022072
ɲː	n	0.4723276739891703
u	ʊ	0.4416025812956237
ə	i	0.4227676464071291