Phone1	Phone2	PMI
k_j	c	8.480539213061974
kː_j	cː	8.480539213061974
b_w	b	8.400725401567342
kː	kː	8.222948660647916
ŋ	ŋ	7.903227583622621
u	u	7.777474708041992
ʎː	ɟː	7.772930692741975
r	ʐ	7.600487116612411
lː	ɖː	7.591944153063386
j_ˈɛ	ˈɛ	7.535213218593542
nː	nː	7.487864464212454
ʃː	ʃː	7.397502042299082
ɡ	ɡ	7.37718492254874
w_ˈɔ	ˈɔ	7.3264879705566095
d	d	7.227368167404416
tː	tː	7.0720851570511805
ʦː	ʦː	7.055634106114345
w	w	6.957240208449854
j	j	6.953922992401735
ɲː	ɲː	6.740230946285399
f	f	6.596085818475862
ʤ	ʤ	6.528225328908458
m	m	6.464544166379019
mː	m	6.426637445283105
s	s	6.420866374761311
i	i	6.025603533220526
ʃ	ɕ	5.789205182639914
ʃ	ʃ	5.693199650453337
ˈɛ	ˈɛ	5.653407658862413
v	v	5.628972888643687
p	p	5.578233030007607
k	k	5.547018731479556
sː	sː	5.533465024531308
l	l	5.3635727841277685
ˈɔ	ˈɔ	5.329227000886303
ɲː	n_ɕ	5.188541918217973
ˈe	ˈe	5.143249884697162
e	i	5.127775301152201
ˈu	ˈu	5.099592378134799
t	t	5.05979488765159
ʦ	ʦ	5.045151169115426
j_ə	j	5.015659002251668
ˈi	ˈi	4.830211530582516
ˈo	ˈu	4.751022760496326
t	ʈ	4.712401768818348
n	n	4.624765838195897
a	a	4.606766014563172
ˈa	ˈa	4.482640977691197
ɾ	ɾ	4.433588792544296
ˈe	ˈi	4.342798963031207
ʃː	ʧː	4.322232966476405
ɾ	ɽ	4.227047959529755
r	r	3.980943480639551
ˈo	ˈo	3.804959293561925
v	b	3.539594862469224
ˈa	ˈa_r	3.487514624376048
ʃ	ç	3.473617199283796
ɾ	r	3.463182446785019
<#_w	<#	3.462692741566631
ˈa	ˈa_ɾ	2.9970653280474013
m_j	m	2.982010951933992
p_w	p	2.8446856055100933
r	ɾ	2.710073566123603
ə	ʊ	2.699847015938546
ˈɔ	ˈa_w	2.6806125977731696
s	z	2.590274973355487
b	b	2.533292272176585
i	ɪ	2.433667181019809
ə	ɪ	2.368224293456623
ə	a	2.3542490932200395
o	ʊ	2.212481383567673
t	ʈ_ɽ	2.197060072948411
ˈe	ˈɛ	1.9391454081258608
rː	ʐː	1.586594833666177
v_j	v	1.4958818112903736
ˈu	ˈɔ	1.427019207093556
ˈo	ˈɔ	1.2892505080380694
k	c	1.1726260359433551
ˈɛ	ˈi	1.010184900936121
ə	i	0.5206583956082904
u	ʊ	0.4884489090656426
ɲː	n	0.412521889749496
ˈi	ɪ	0.171851895060442