Phone1	Phone2	PMI
ʦ	ʦ	8.859970603576164
kː_j	cː	8.818881497874571
sː	sː	8.463229365044295
u	u	8.441143302113453
ʦː	ʦː	8.241023102566546
ʃː	ʃː	7.79525936446737
ʎː	ɟː	7.59083554871426
r	ʐ	7.51595644575796
kː	kː	7.489569657781901
ŋ	ŋ	7.356850548425798
b_w	b	7.310083353941601
k_j	c	7.04894810989439
ɡ	ɡ	6.881321061335525
nː	nː	6.83160945183519
d	d	6.817341118401601
ɲː	ɲː	6.632828746355284
j	j	6.60965196925577
ʤ	ʤ	6.579892727282409
w	w	6.577473540462242
ˈo	ˈo	6.26376419190396
lː	ɖː	6.256823306242829
ˈe	ˈe	6.1415336311818205
s	s	6.1239146351470986
tː	tː	6.11637504988791
ʃː	ʧː	6.035092209737589
f	f	5.907828048858491
e	i	5.892304227390309
w_ˈɔ	ˈɔ	5.824692011801159
j_ə	j	5.794391555080563
mː	mː	5.553776463073885
j_ˈɛ	ˈɛ	5.548288940277153
m	m	5.5101380484064695
<#_w	<#	5.43073466619342
ʃ	ç	5.328494817086619
i	i	5.269382421208981
ʃ	ɕ	5.104586254637766
k	k	5.102303611871222
ʃ	ʃ	5.094509816798157
b	b	5.004691591048579
rː	ʐː	4.977212286030728
v	v	4.937774829194197
mː	m	4.9251755476853125
p	p	4.913560566448184
l	l	4.910859812889475
ˈɔ	ˈɔ	4.881137181077047
ˈɛ	ˈɛ	4.659710487819257
m_j	m	4.643812915211217
ˈɔ	ˈa_w	4.571207480118946
ˈi	ˈi	4.519797080273087
ˈu	ˈu	4.43921590226198
t	ʈ	4.420356144617431
t	t	4.420356144617431
r	r	4.279413632490141
n	n	4.088871467716797
ˈe	ˈi	4.067333290741144
ˈo	ˈu	4.059671335957364
a	a	4.011906679382403
ɾ	ɾ	3.998487387694488
ɾ	ɽ	3.898846545857445
ˈa	ˈa	3.884095528529347
ˈa	ˈa_r	3.7937051081338624
v	b	3.7389041418224256
v_j	v	3.503760547739341
ˈa	ˈa_ɾ	3.038520693111661
ɲː	n_ɕ	2.964636527519416
ɾ	r	2.8571292214951605
r	ɾ	2.823588018776826
o	ʊ	2.6598846263678526
p_w	p	2.277445126372151
ə	ʊ	2.184006372332336
i	ɪ	2.101950874944423
ˈo	ˈɔ	2.015214943344938
ə	ɪ	1.8248872801643403
ˈɛ	ˈi	1.8205540076009448
ə	a	1.8152591591948315
ə	ɪ_r	1.796454121293923
ɲː	n	1.6479484882273732
ˈu	ˈɔ	1.299565630678308
ˈe	ˈɛ	1.2716247606801545
k	c	1.0249102204415244
sː	ɖː	0.9784568054505448
ˈi	ɪ	0.0222980173937774
ə	i	-0.2018581154029421