Phone1	Phone2	PMI
ʃː	ʃː	8.21831157054204
ʦː	ʦː	7.762120307775829
ʎː	ɟː	7.556345278879041
ŋ	ŋ	7.240703991878488
d	d	6.748067574454796
u	u	6.731139944629397
kː_j	cː	6.725919111926638
nː	nː	6.640583792331581
w	w	6.624909672243209
ɡ	ɡ	6.595695323024133
ɲː	ɲː	6.518535497897312
j	j	6.515825391107474
lː	ɖː	6.473391216779024
tː	tː	6.383250713823299
kː	kː	6.263294785871978
f	f	5.936709524065066
w_ˈɔ	ˈɔ	5.910231036904132
s	s	5.880570489311513
m	m	5.679966983678993
b_w	b	5.662984682371865
r	r	5.659792398276759
j_ə	j	5.5709887159849485
j_ˈɛ	ˈɛ	5.51512133256078
ʃ	ɕ	5.343249410046857
i	i	5.320016845985216
ʃ	ʃ	5.21417208115813
ˈɔ	ˈɔ	5.141560488686973
k	k	5.106705645977907
v	v	4.983127528754567
p	p	4.839292961367552
e	i	4.826745902144822
ˈo	ˈu	4.772356840092197
l	l	4.731452153894196
ʤ	ʤ	4.714889012727604
ˈe	ˈe	4.703242432069104
ˈɛ	ˈɛ	4.684324193805487
t	ʈ	4.5756328840121325
t	t	4.5756328840121325
ˈi	ˈi	4.469838242681867
ˈu	ˈu	4.41478043836567
ˈe	ˈi	4.091249194170379
n	n	4.062494096249959
ˈa	ˈa	4.05395291738624
a	a	3.9434750235009615
ɾ	ɾ	3.844592756266337
v	b	3.742061859809088
r	ɾ	3.7360733054517854
v_j	v	3.4900159071673853
m_j	m	3.44198793900886
mː	m	3.3492481455365697
ˈa	ˈa_r	2.9542254987719034
r	ʐ	2.874462316374005
ɾ	ɽ	2.856119229287502
ɾ	r	2.8289461561735663
o	ʊ	2.582027612630854
i	ɪ	2.562215847463486
<#_w	<#	2.439212833184211
ə	ʊ	2.1758022339471106
k	c	1.966865815405963
ə	ɪ	1.818164950021231
ə	a	1.805352929689355
sː	sː	1.6478933431695475
b	b	1.3960357291574057
ˈo	ˈo	1.286519840728025
ʃ	ç	1.1002955355906945
ˈu	ˈɔ	0.9551046019204824
ˈa	ˈa_ɾ	0.8085677343405882
ɲː	n	0.5036270043814159
ˈɛ	ˈi	0.2901263763521864
ə	i	0.2079492936334106
ˈi	ɪ	0.09382994034168