Phone1	Phone2	PMI
k_j	c	9.270318354722344
kː_j	cː	8.963753379245148
ʤ	ʤ	8.312988548500522
ʃː	ʃː	8.300884190558486
ʦː	ʦː	8.071834785013154
kː	kː	7.890046680851293
b_w	b	7.417385853424262
u	u	7.3622202547961715
ŋ	ŋ	7.292875993205924
ʎː	ɟː	7.25410657852363
nː	nː	7.060176246749348
d	d	6.978717780964914
r	ʐ	6.85288932123741
sː	sː	6.785137672977544
ɡ	ɡ	6.731266403650452
rː	ʐː	6.668145172833312
j	j	6.624152908789913
lː	ɖː	6.571150216178913
w	w	6.5344410529422206
ɲː	ɲː	6.476913627172837
tː	tː	6.413966879645207
ˈe	ˈe	6.195709804876144
ɲː	n_ɕ	6.181368706269466
f	f	6.048135278143143
m_j	m	5.985197038661443
j_ə	j	5.835498515425519
e	i	5.832466067799194
s	z	5.7470460428766055
w_ˈɔ	ˈɔ	5.721895815580574
s	s	5.6710253010427145
j_ˈɛ	ˈɛ	5.637991371013134
m	m	5.5780919539767755
<#_w	<#	5.573536352687256
mː	mː	5.558531229084736
ʃ	ç	5.397625686962006
ʦ	ʦ	5.355472834735564
ʃ	ɕ	5.168721061297161
i	i	5.139892934383406
mː	m	5.104599643485257
ʃ	ʃ	5.080633186817774
v	v	5.007008579437526
p	p	4.978038949111007
k	k	4.951695955608858
ˈo	ˈo	4.895631642250966
ˈɔ	ˈɔ	4.818740553271648
l	l	4.808137255641846
ˈɛ	ˈɛ	4.7642324697402625
r	r	4.618432861354178
ˈɔ	ˈa_w	4.607699595880115
ˈi	ˈi	4.577213171159114
ˈu	ˈu	4.535454301421814
t	t	4.506322750841674
t	ʈ	4.506322750841674
ˈa	ˈa_r	4.47545978488165
ˈo	ˈu	4.204696906275405
ˈe	ˈi	4.195225440212412
n	n	4.131065497035227
a	a	3.9735229865720476
ɾ	ɾ	3.8801893121429485
b	b	3.8175532430316625
ˈa	ˈa	3.8130527987094776
v	b	3.7408911631263955
ɾ	ɽ	3.7193646926106454
o	ʊ	3.6255868948134373
ˈa	ˈa_ɾ	3.2137210932011993
ɾ	r	3.128427083294138
r	ɾ	3.02050548815196
ʃː	ʧː	2.967327391330849
ˈo	ˈɔ	2.7371148095899613
ə	ɪ_r	2.621122159338376
v_j	v	2.5654755636171913
i	ɪ	2.3817307049135352
ə	ʊ	2.229095224658607
ə	a	1.8424457129236886
ə	ɪ	1.7951290776455406
ˈu	ˈɔ	1.3398653089719064
k_w	k	1.3247684800357695
ˈɛ	ˈi	1.2862453874238131
p_w	p	1.1721763194959396
sː	ɖː	1.1660316100621542
l_w	l	1.0352766846415251
ˈe	ˈɛ	0.558369738682659
ə	i	0.05108083742845253
ˈi	ɪ	0.010773614283015586