Phone1	Phone2	PMI
ŋ	ŋ	7.038710311747522
ð	ð	6.8337042643100645
ɲ	ɲ	6.473217712580366
ɡ	ɡ	6.414173940699814
ʃ	ʒ	6.3388157906675
f	f	5.8827005167881445
i	i	5.7806465018820905
j	j	5.777485062108145
β	β	5.707044438535479
d	d	5.67639261806902
ˈu	ˈu	5.525694324511187
n_t	n	5.471625642325905
w_ˈe	ˈɔ	5.403320992073038
ɣ	ɣ	5.377440206821628
o	u	5.286240948024869
r	r	5.190572026539452
w	w	5.128253950573213
k_u	k	5.106508970898624
l	l	5.074237779182054
j_ˈe	ˈe	5.056376302398049
b	b	5.0531964220992185
ɾ_u	ɾ	5.046431440820085
p	p	5.012360731797109
m	m	4.986193484638957
ˈo_ɾ	ˈo	4.9245433184668626
ˈi	ˈi	4.769929058582442
ˈa_ɾ	ˈa	4.697703017126103
ʎ	p_l	4.690485646345726
t	t	4.557275500354248
k	k	4.509898622493436
n	n	4.46716735594079
j_ˈe	ˈɛ	4.459609718110394
ʝ	ʎ	4.452270987219852
ʎ	ʎ	4.3496917290598045
ˈo	ˈo	4.3055290658171685
ʝ_u	ʎ	4.281136730122783
ŋ_#>	#>	4.04302136029787
ˈa	ˈa	4.034735440768671
s	s	3.9755711308544432
ˈe	ˈɛ	3.8166840603745165
ˈe	ˈe	3.796457161615017
ʧ	t	3.782189210417393
ˈo	ˈɔ	3.7618064825083892
ɾ	ɾ	3.7202148649115903
ˈu_n	ˈu	3.7076256064311615
θ	w	3.6965599009180403
ɾ	r	3.596403822384593
<#_ɡ	<#	3.515407431631242
θ	s	3.4630828407193888
β	w	3.4101253186399085
l_u	l	3.291054441672368
s	z	3.251936274862599
ɣ	ɡ	3.1982813778245665
a	ə	2.915650314247398
e	ə	2.86355492495552
ˈa_n	ˈa	2.8569655293480554
ɲ_u	ɲ	2.8379036435928007
#>	t_#>	2.7307047940772398
e	i	2.4128413182833
ʎ_u	ʎ	2.3450829762383
ɣ	k	2.2899274650722883
t	l_t	2.2177465832566376
ˈi_ɾ	ˈi	2.1761944669994775
ˈo_ŋ	ˈo	2.0787317869488455
ɾ_o	ɾ	2.0507109262960075
t_e	t	2.022124231403847
e_#>	#>	1.951025016551645
#>	ˈi_#>	1.8391365736653715
ˈa_ð	ˈa	1.7565300497851175
w_ˈe	ˈu	1.5471095562456891
ʝ	ˈu_ʎ	1.5025261812793722
#>	ʎ_#>	1.4505896913447627
ˈe_β	w	1.1934866418190027
ˈu	ˈo	1.1858457118434864
β_e	w	1.1670337290768527
m_e	m	1.152955863498573
#>	w_#>	1.1084577873859751
ɾ_u	r	1.0055627446653317
ɾ	w_ɾ_ə	0.9508935627796644
ɾ	w_ɾ	0.9502975146976997
u	ʎ	0.9495300976386076
ˈe	ˈɛ_w	0.9065648695050312
w	ˈɔ	0.7039704887488576
#>	s_#>	0.6391365736653714
ˈe	ˈi	0.49551090050132557
ʎ	l	0.440075283108469
u_#>	#>	0.41168580670247495
ɾ_#>	#>	-0.19006459744379342