Phone1	Phone2	PMI
ŋ	ŋ	6.85130910013393
ɲ	ɲ	6.707531438943292
ð	ð	6.645720821012126
ɣ	ɣ	6.615166068139818
ɡ	ɡ	6.50989652602265
ʃ	ʒ	6.501193681481516
d	d	5.938537337186292
w	ˈɔ_w	5.824265589592919
ˈu	ˈu	5.788093972557418
f	f	5.689982885707477
w_ˈe	ˈɔ	5.657314072630996
i	i	5.591979890116813
β	β	5.586820041728003
ʝ_u	ʎ	5.5615180146445855
j	j	5.537375694591882
l	l	5.245032231910414
n_t	n	5.232595852888877
o	u	5.187108585245182
p	p	5.13689528056274
r	r	5.10999319158041
m	m	5.063452089822035
k_u	k	5.013476993354358
b	b	4.8889800107593215
ˈo_ɾ	ˈo	4.859253321657043
ˈa_ɾ	ˈa	4.783661732748171
ʝ	ʎ	4.695093365729396
ʎ_u	ʎ	4.621394396409007
ˈi	ˈi	4.596071853187727
w	w	4.5921691988361335
j_ˈe	ˈe	4.579584245906043
j_ˈe	ˈɛ	4.551572748198215
k	k	4.53049278073448
t	t	4.515496490765764
l_u	l	4.438257383731436
ʎ	ʎ	4.423854403709012
n	n	4.41395191386694
ˈo	ˈo	4.325628989487042
s	s	4.002391388083829
ŋ_#>	#>	3.996363947809922
ˈa	ˈa	3.95578656494387
ɾ	ɾ	3.848487422760256
ʧ	t	3.839645320339387
ˈe	ˈe	3.802377179205851
ˈo	ˈɔ	3.711720802836427
θ	s	3.705195210685863
u	u	3.4453215270148614
ˈe	ˈɛ	3.419965311087856
b_j	b	3.4079479179220264
ɾ	r	3.4065175179161105
a	ə	2.8890957407515336
t_e	t	2.8860697829822763
θ	w	2.8820635474543983
ɲ_u	ɲ	2.83319795351974
ˈa_n	ˈa	2.7338578984564634
e	ə	2.661352324324087
β	w	2.53488470249589
e	i	2.2234240066952804
ˈo_ŋ	ˈo	2.212540391837336
ˈe_ɾ	ˈɛ	2.1741317597643
u	ə	2.1368985721512908
p_j	p	2.1024377277173385
ˈi_ɾ	ˈi	2.0782268176579977
#>	t_#>	2.0300350470437394
e_#>	#>	1.9528450972431968
<#_ɡ	<#	1.923154844732756
t_j	t	1.881952985198527
ʎ	l	1.8544900631075425
ɾ	w_ɾ_ə	1.8466309988162664
ˈe	ˈi	1.8333065579545844
e	u	1.764153417693758
s_u	s	1.7381266136487306
ˈo	ˈa_l	1.658188538323989
s	z	1.4993570833837548
f_w	f	1.1742157057430735
ɾ_u	r	1.166091116194799
ˈe	ˈɛ_w	0.9521629905591278
u	w	0.7788569150522167
o	ə	0.5641852455079709
ɣ	k	0.5358716476179477
u_#>	#>	0.2620585146679972
ˈe	ˈɔ	0.220882756662529
ɾ_#>	#>	0.0231287483427728