Phone1	Phone2	PMI
ɣ	ɣ	7.365621739271191
ŋ	ŋ	7.1835358371475895
ʦ	ʦ	7.111663644960753
z	z	7.093881198236114
ɡ	ɡ	6.815724072085968
ð	ð	6.557831367736763
i	i	6.407283496112725
ʎ	ʎ	6.3496287257117
ɲ	ɲ	6.245044857527507
ʒ	ʤ	6.169415327598986
β	β	6.164978283051229
ˈɔ	ˈɔ	6.001995548584482
j	j	5.903849432972738
d	d	5.816913925352206
u	u	5.701486338462529
h	f	5.6264848102537455
ˈy	ˈy	5.423545849468989
ˈɛ_t	ˈɛ	5.2421767375002
t	t_ɾ	5.240436000131184
w	w	5.167951302102773
m	m	5.134430670857371
a	a	5.112417415008318
p	p	5.110268495506393
ˈu	ˈu	5.10236540114362
w	ɥ	5.064403211721085
b	v	4.938050962715904
b	b	4.926439561804955
ˈi	ˈi	4.814098288662557
j_t	ʧ	4.741680515609432
n	n	4.717390134937844
r	r	4.705282000422829
ˈe	ˈe	4.59732936209714
t	t	4.563273399131275
k	k	4.555254140740006
ˈɛ	ˈɛ	4.518901673856857
y	y	4.501155541627316
ɾ	ɾ	4.392696887899018
ʃ	s	4.366529874204653
ˈu_ŋ	ˈu	4.299379159380555
s	s	4.137056363258335
e	e	3.9860768230914756
ɔ	ɔ	3.9753433015772037
l	l	3.837771940117719
ˈa	ˈa	3.6565319246928114
ʤ	ʤ	3.437170715835563
ʎ	l	3.435593099296694
e	ɾ_e	3.3393175784421145
ˈe	ˈɛ	3.240230819147208
ð	z	2.9249784970143273
ˈɛ_w	ˈɛ	2.9229805227445436
ˈa_ŋ	ˈa	2.576481854681768
t	ʧ	2.1933038333334736
ˈi_ŋ	ˈi	2.172828688934772
ˈy	ˈu	2.113108097557559
ˈe_ŋ	ˈe	2.0559289045975966
ŋ	n	2.0343031842022765
m_i	m	2.02842819984761
e	r_e	1.849487022329241
ˈi	ˈe	1.617853349734273
<#_a	<#	1.5868251045839636
#>	l_#>	1.4005062037951244
ɔ	n_ɔ	1.3714174517271938
β	β_ɾ	1.3403102656844315
r	ɾ	1.2568392923766265
r	ɾ_e	1.2434514682346391
ˈi	ˈi_n	1.2316736071958683
e_h	f	1.0654673284690834
l	l_ɥ	1.0532735392614114
a_r	r	1.0482359997191408
ˈi_z	ˈi	1.0044802358022218
ˈe_ð	ˈe	0.9182509172701636
ŋ_#>	#>	0.8779610013392015
j_ʃ	s	0.8506843660416266
ɔ	ɾ_ɔ	0.8401114889371645
j_ˈe	e	0.8366065004633472
j	ʧ	0.8091445874513752
<#_e	<#	0.8067892314414855
ɾ_ˈa	ˈa	0.7681555691370512
β	w	0.6459557176260431
ɾ	l	0.5922197738123526
ˈe	e	0.5302032784527337
z	ɾ	0.5235140609125754
e	ˈi	0.43532461486557067
ˈa	ˈɔ	0.42882216143275675
ˈɛ	ˈa	0.34355897540879754
a	ɔ	0.216758195618079
#>	e_#>	-0.7468179396225989