Phone1	Phone2	PMI
i	i	7.781195628988949
ɣ	ɣ	7.368782877608994
ʦ	ʦ	7.33697680554119
j_t	ʧ	7.31735663484212
ŋ	ŋ	7.269285740563391
z	z	6.905566099060429
ɲ	ɲ	6.719109137779044
ɡ	ɡ	6.705738196814552
ð	ð	6.656781656559037
β	β	6.242392939192618
ʒ	ʤ	6.232026490171131
ʤ	ʤ	5.971716018945802
h	f	5.929485438314689
u	u	5.882299081738013
ˈɔ	ˈɔ	5.806881287598487
ʎ	ʎ	5.794247901554873
d	d	5.769720177778424
ˈy	ˈy	5.566707888851691
j	j	5.548890756646262
ˈu_ŋ	ˈu	5.4308684730027705
a	a	5.314645815292583
y	y	5.1845853375179285
m	m	5.13893130863373
b	b	5.074946808314187
w	w	5.034474376805885
b	v	5.030655341293706
r	r	4.971054737000232
ˈi	ˈi	4.9656665003875515
w	ɥ	4.954488255428157
p	p	4.937500265668533
t	t_ɾ	4.929820470755638
ˈu	ˈu	4.922011439009561
ˈɛ_t	ˈɛ	4.892773002656136
ˈɛ_w	ˈɛ	4.762782470181096
n	n	4.666706123311636
ˈe_ŋ	ˈe	4.611879030966641
ˈi_ŋ	ˈi	4.5991707241241
ˈe	ˈe	4.430816508088754
ɾ	ɾ	4.3977678922995205
k	k	4.393615017067915
t	t	4.388162888742348
l	l_ɥ	4.356471188817908
ˈɛ	ˈɛ	4.304959022807994
ʃ	s	4.14334800644048
ɔ	ɔ	4.068650936130764
e	e	4.021479113381124
s	s	3.967847460097832
l	l	3.884520198394722
ˈa	ˈa	3.6986014616942464
t	ʧ	3.416889415707032
ˈi	ˈi_n	3.335624601346834
e	ɾ_e	3.2019722816714844
ˈe	ˈɛ	2.988279202434995
ʎ	l	2.9617282083071266
ð	z	2.823400619093743
j_ˈe	e	2.681513791485888
r	ɾ_e	2.6761137671731983
ŋ	n	2.5379667254378058
ˈa_ŋ	ˈa	2.529641189415613
a_r	r	2.5050213273431012
β	β_ɾ	2.3702150438410152
ˈy	ˈu	2.2743362176453235
ˈe_ð	ˈe	2.156386431223215
#>	l_#>	2.1236826864036766
m_j	m	2.065130124444563
k_w	k	1.8831791937243598
e	r_e	1.8631605034231535
ˈa_w	ˈa	1.7116223013445273
j	ʧ	1.535298686391519
ˈi	ˈe	1.5351883313851455
z	ɾ	1.4774004352471415
<#_a	<#	1.3252820810553703
r	ɾ	1.2603306986789675
ð	j	1.23863028428711
e_h	f	1.1877502297703288
ˈi_z	ˈi	1.1756391172378369
i_#>	#>	1.0885886991697455
m_i	m	1.0387394823834224
ŋ_#>	#>	0.9662629881957664
<#_e	<#	0.8168256238266176
ˈe	ˈɔ	0.7302768186487631
ɔ	n_ɔ	0.6833796900356525
ˈa	ˈɔ	0.6728577862938807
ɾ	l	0.48922250889797186
e	ˈi	0.3372664717132683
ˈɛ	ˈa	0.3061284805697291
ˈe	e	0.15530194787005208
a	ɔ	0.13581159853991825
#>	e_#>	-0.8437376549965657