Phone1	Phone2	PMI
i	i	7.977266145988899
ɣ	ɣ	7.280114821243059
ʦ	ʦ	7.269621337264231
z	z	7.006195351987324
ɡ	ɡ	6.918734595124588
ŋ	ŋ	6.914888031553789
ð	ð	6.773736004624562
ɲ	ɲ	6.755767399041224
β	β	6.2033319561062354
ʒ	ʤ	6.103112522133498
u	u	5.962493153256474
h	f	5.835727095268819
ˈɔ	ˈɔ	5.83342396734306
ˈy	ˈy	5.770193341704184
d	d	5.724713505057256
ʎ	ʎ	5.715646180298966
j	j	5.680512459174029
a	a	5.3663398562323055
t	t_ɾ	5.348679712676524
m	m	5.1460683615440335
w	w	5.144275628006891
ˈɛ_t	ˈɛ	5.133027860241741
ˈu_ŋ	ˈu	5.126012500794867
ˈi	ˈi	5.090625077291863
b	b	5.060295932224268
w	ɥ	5.025500272467649
p	p	4.992925993722403
b	v	4.92049638343083
r	r	4.874648821068354
n	n	4.786576924030367
ˈu	ˈu	4.7748909571693305
t	t	4.547571565554534
ˈe	ˈe	4.524057600000035
ɾ	ɾ	4.516282534236894
ˈɛ	ˈɛ	4.514369345645587
k	k	4.302499642447749
s	s	4.137052885253649
j_t	ʧ	4.086777856969642
ɔ	ɔ	4.018855863818074
e	e	3.94823887009869
l	l	3.745503444077469
ˈa	ˈa	3.742252323439538
ˈɛ_w	ˈɛ	3.72303760439924
ʤ	ʤ	3.670472305413605
e	ɾ_e	3.250475029507079
ˈe	ˈɛ	3.094213502020107
ʎ	l	3.085275342719988
t	ʧ	3.0565130616258607
ð	z	2.9160986188230598
j	ʧ	2.8397578236579992
ˈa_ŋ	ˈa	2.676755352468648
ʃ	s	2.5779906640951658
ˈe_ŋ	ˈe	2.1292262870060257
l	l_ɥ	2.098982856255824
ˈi_ŋ	ˈi	2.063298802643642
e	r_e	1.9959454430456864
r	ɾ_e	1.8238817748115823
ŋ	n	1.8040866403311864
k_w	k	1.7556094419317505
j_ˈe	e	1.6008495885272869
y	y	1.5171871613313557
<#_a	<#	1.4968782800808849
#>	l_#>	1.4916269050964208
a_r	r	1.2237019639859066
ŋ_#>	#>	1.2224542509619778
ˈi	ˈi_n	1.1152562345139123
ˈi_z	ˈi	1.110396573148304
z	ɾ	1.081474150352847
m_i	m	0.9679795687675684
ˈa	ˈɔ	0.9480210942849362
m_j	m	0.906184250042738
ˈe_ð	ˈe	0.9043149355084604
ˈɛ_j	ˈa	0.8653125503415009
r	ɾ	0.8319108020956085
<#_e	<#	0.8168256238266176
ˈy	ˈu	0.7679339371825576
ð	j	0.6960846944258744
ɔ	n_ɔ	0.5905923338413206
ˈi	ˈe	0.5285038670046291
ˈe	e	0.462738716004775
ɾ	l	0.4587769327248457
ˈe	ˈɔ	0.4025110032686869
a	ɔ	0.3028352051389762
e	ˈi	0.1578895467572192
#>	e_#>	-0.6035551162113665