Phone1	Phone2	PMI
j_t	ʧ	9.096192821978317
i	i	8.358920618014306
ɣ	ɣ	7.946507866634351
ʦ	ʦ	7.914701794566548
ŋ	ŋ	7.836121172784273
z	z	7.483291088085786
ɲ	ɲ	7.2968341268044
ɡ	ɡ	7.283463185839909
ð	ð	7.2345066455843945
ˈu_ŋ	ˈu	7.202372966023198
β	β	6.820117928217975
ʒ	ʤ	6.772351776236237
ʤ	ʤ	6.531948439721091
h	f	6.507210427340046
u	u	6.46002407076337
ˈɔ	ˈɔ	6.384606276623844
ʎ	ʎ	6.3719728905802295
d	d	6.347445166803782
ˈy	ˈy	6.130355012298768
j	j	6.12661574567162
t	t_ɾ	6.0762224611576325
ˈi_ŋ	ˈi	6.019814936618084
ˈe_ŋ	ˈe	5.9419626228023565
a	a	5.89237080431794
m	m	5.716656297659086
b	b	5.652671797339544
b	v	5.591887898280668
r	r	5.5487797260255896
ˈi	ˈi	5.543391489412909
y	y	5.531162749103013
p	p	5.51522525469389
ˈu	ˈu	5.492404733919148
l	l_ɥ	5.317224631167844
w	w	5.30300366456864
ˈɛ_t	ˈɛ	5.283758823144274
n	n	5.244431112336993
w	ɥ	5.18903254290245
ˈe	ˈe	4.984401640858744
ɾ	ɾ	4.975492881324878
k	k	4.971340006093271
t	t	4.908853434634361
ˈɛ	ˈɛ	4.903789215939601
ʃ	s	4.721552466925068
ɔ	ɔ	4.6463759251561205
e	e	4.593909660134243
s	s	4.546542216381241
l	l	4.457397734287725
e	ɾ_e	4.405408715206824
ˈa	ˈa	4.276502415968648
ˈi	ˈi_n	4.060305945278456
t	ʧ	3.9375799615990448
j_ˈe	e	3.7490199290309016
r	ɾ_e	3.640889980869786
ˈa_ŋ	ˈa	3.5971473269606262
ˈe	ˈɛ	3.53986751749046
ʎ	l	3.534605744200129
a_r	r	3.2163513769342846
ð	z	3.1713785991570593
ŋ	n	2.9901284571314926
ˈy	ˈu	2.8950372659541035
ˈe_ð	ˈe	2.860703279086689
β	β_ɾ	2.848303837013459
m_j	m	2.776460174035746
ŋ_#>	#>	2.5964733720682167
k_w	k	2.596432061148643
<#_a	<#	2.5214224109072294
e	r_e	2.345170010878581
w	l	2.1994275901290923
ˈi	ˈe	2.104784923511034
#>	l_#>	2.1033498923440255
r	ɾ	1.8380556877043248
z	ɾ	1.8198110522255073
j	ʧ	1.76303560284269
<#_e	<#	1.7106008038507157
e_h	f	1.545366928315572
ˈi_z	ˈi	1.53383109188005
ð	j	1.46596759283063
m_i	m	1.3969314570256357
j_ʃ	s	1.3012130117191392
ˈa	ˈɔ	1.243544889626778
ɾ_ˈa	ˈa	1.126117494190873
ˈe	ˈɔ	1.0646561042560174
ɾ	l	1.0621000447909745
ɔ	n_ɔ	0.9228082633693451
i_#>	#>	0.779104281940728
e	ˈi	0.6818337907874826
ˈe	e	0.6699296199818524
ˈɛ	ˈa	0.5653695001711381
t	l	0.39893018321118545
a	ɔ	0.3669591759801913
#>	e_#>	0.29949925728239857