Phone1	Phone2	Surprisal	OOV_Smoothed
a	a	0.019133276315862972	4.6936490840555765
b	b	-0.0	4.6936490840555765
d	d	-0.0	4.6936490840555765
e	e	0.1249084747392614	4.6936490840555765
f	f	-0.0	4.6936490840555765
i	i	0.46567399096737244	4.6936490840555765
i	e	1.85795364661182	4.6936490840555765
j	j	-0.0	4.6936490840555765
k	k	-0.0	4.6936490840555765
l	l	0.06139333236261213	4.6936490840555765
l	-	4.58512839360851	4.6936490840555765
m	m	0.08259812505977722	4.6936490840555765
m	m_b	4.167615557052294	4.6936490840555765
n	n	0.007355018693935415	4.6936490840555765
o	o	-0.0	4.6936490840555765
p	p	-0.0	4.6936490840555765
r	r	-0.0	4.6936490840555765
s	s	-0.0	4.6936490840555765
t	t	-0.0	4.6936490840555765
u	o	0.023833994310103995	4.6936490840555765
w	w	-0.0	4.6936490840555765
ð	ð	-0.0	4.6936490840555765
ŋ	n	0.8411593654552537	4.6936490840555765
ŋ	ŋ	1.178517752258611	4.6936490840555765
ɡ	ɡ	-0.0	4.6936490840555765
ɣ	ɣ	-0.0	4.6936490840555765
ɲ	ɲ	0.23963696085844327	4.6936490840555765
ɲ	n	2.7080043630961326	4.6936490840555765
ɾ	ɾ	0.010009626850528254	4.6936490840555765
ʃ	x	0.7580368782909375	4.6936490840555765
ʃ	ɟ͡ʝ	1.8369528417974932	4.6936490840555765
ʃ	θ	2.9569383972603056	4.6936490840555765
ʎ	l	0.731054291824681	4.6936490840555765
ʎ	ɟ͡ʝ	2.3260498116030086	4.6936490840555765
ʎ	ʝ	2.335647575755903	4.6936490840555765
ʝ	x	0.3731561645637135	4.6936490840555765
ʝ	ʝ	2.133473701649525	4.6936490840555765
ʧ	ʧ	-0.0	4.6936490840555765
ˈa	ˈa	0.005050948173242237	4.6936490840555765
ˈe	ˈe	0.06434444636448539	4.6936490840555765
ˈi	ˈi	0.02222636955071193	4.6936490840555765
ˈo	ˈo	0.39709595050378343	4.6936490840555765
ˈo	w_ˈe	2.1979348953431526	4.6936490840555765
ˈu	ˈu	-0.0	4.6936490840555765
β	β	-0.0	4.6936490840555765
θ	θ	-0.0	4.6936490840555765