Phone1	Phone2	Surprisal	OOV_Smoothed
a	a	0.00951392202055038	4.700516130289035
b	b	-0.0	4.700516130289035
d	d	0.14180692556915003	4.700516130289035
d	-	3.417089208115843	4.700516130289035
e	e	0.22801483692538477	4.700516130289035
e	a	3.705445056427832	4.700516130289035
e	ˈe	4.6344164127297	4.700516130289035
f	f	0.021708635308882986	4.700516130289035
i	i	-0.0	4.700516130289035
j	j	0.32728635066052886	4.700516130289035
j	ʤ	2.476168734990297	4.700516130289035
k	k	-0.0	4.700516130289035
l	ɰ	1.4290667873112084	4.700516130289035
l	o	1.7699793073907033	4.700516130289035
l	l	2.2025292579664892	4.700516130289035
l	ɰ_o	3.081191304315091	4.700516130289035
m	m	-0.0	4.700516130289035
n	n	0.03964129777837179	4.700516130289035
o	o	0.01796968602002753	4.700516130289035
p	p	-0.0	4.700516130289035
r	r	0.033737635437405836	4.700516130289035
s	s	0.3682890243182639	4.700516130289035
s	s_o	2.626886134414707	4.700516130289035
s	z	3.979233786444594	4.700516130289035
t	t	0.7249360375457721	4.700516130289035
t	t_e	2.486318976001258	4.700516130289035
t	t_o	2.9558514513442433	4.700516130289035
t	d	3.51241838583919	4.700516130289035
v	v	-0.0	4.700516130289035
w	w	-0.0	4.700516130289035
z	z	-0.0	4.700516130289035
ð	z	-0.0	4.700516130289035
ŋ	ŋ	0.08539431334363927	4.700516130289035
ŋ	m	4.1209691190958955	4.700516130289035
ɡ	ɡ	-0.0	4.700516130289035
ɲ	ɲ	-0.0	4.700516130289035
ʧ	ʧ	-0.0	4.700516130289035
ˈa	ˈa	-0.0	4.700516130289035
ˈe	ˈe	0.3872549954893715	4.700516130289035
ˈe	ˈɛ	2.5259232598192023	4.700516130289035
ˈe	e	4.016520520470764	4.700516130289035
ˈi	ˈi	-0.0	4.700516130289035
ˈo	ˈo	0.1869212231655386	4.700516130289035
ˈo	ˈɔ	3.040715743968327	4.700516130289035
ˈu	ˈu	-0.0	4.700516130289035
ˈɔ	ˈɔ	-0.0	4.700516130289035
ˈɛ	ˈɛ	-0.0	4.700516130289035
θ	s	0.07466089485864416	4.700516130289035
θ	-	4.309439222742614	4.700516130289035