Phone1	Phone2	Surprisal	OOV_Smoothed
a	a	-0.0	4.699233856458459
b	b	-0.0	4.699233856458459
d	d	0.07985132169227693	4.699233856458459
d	-	4.215047788220266	4.699233856458459
e	e	0.1497543495376243	4.699233856458459
e	a	4.632814803163543	4.699233856458459
f	f	0.022353427976523243	4.699233856458459
i	i	-0.0	4.699233856458459
j	j	0.11628387547282276	4.699233856458459
j	ʤ	3.6907948386974656	4.699233856458459
k	k	0.005899103230992069	4.699233856458459
l	l	1.5332452098575198	4.699233856458459
l	ɰ	1.6863167187863524	4.699233856458459
l	ɰ_o	2.184462422523061	4.699233856458459
l	-	3.0140653465851623	4.699233856458459
m	m	-0.0	4.699233856458459
n	n	-0.0	4.699233856458459
o	o	0.05633417545120206	4.699233856458459
p	p	-0.0	4.699233856458459
r	r	0.059699660720371875	4.699233856458459
s	s	0.37112457611318894	4.699233856458459
s	s_o	2.516313582452537	4.699233856458459
t	t	0.7154751342191552	4.699233856458459
t	t_o	2.4277637075297647	4.699233856458459
t	t_e	2.6516066814118275	4.699233856458459
t	d_o	4.44224079678382	4.699233856458459
v	v	-0.0	4.699233856458459
w	w	-0.0	4.699233856458459
z	z	-0.0	4.699233856458459
ð	z	-0.0	4.699233856458459
ŋ	ŋ	0.07453047769664525	4.699233856458459
ŋ	m	4.311896869930831	4.699233856458459
ɡ	ɡ	-0.0	4.699233856458459
ɲ	ɲ	-0.0	4.699233856458459
ʧ	ʧ	-0.0	4.699233856458459
ˈa	ˈa	-0.0	4.699233856458459
ˈe	ˈe	0.3355870650903591	4.699233856458459
ˈe	ˈɛ	2.8765764633253617	4.699233856458459
ˈe	e	3.808461521264033	4.699233856458459
ˈi	ˈi	-0.0	4.699233856458459
ˈo	ˈo	0.1044837295887554	4.699233856458459
ˈo	ˈɔ	3.839342754926177	4.699233856458459
ˈu	ˈu	-0.0	4.699233856458459
ˈɔ	ˈɔ	-0.0	4.699233856458459
ˈɛ	ˈɛ	-0.0	4.699233856458459
θ	s	0.09190087183499135	4.699233856458459
θ	-	4.018250535496743	4.699233856458459