Phone1	Phone2	Surprisal	OOV_Smoothed
a	a	-0.0	4.700516130289035
b	b	-0.0	4.700516130289035
d	d	0.07818422971476938	4.700516130289035
d	-	4.2446605024884745	4.700516130289035
e	e	0.1208630160132175	4.700516130289035
e	a	4.333248748657432	4.700516130289035
f	f	0.02167588749192479	4.700516130289035
i	i	-0.0	4.700516130289035
j	j	0.41837507313129385	4.700516130289035
j	ʤ	2.1833268756994375	4.700516130289035
k	k	0.03621158364331688	4.700516130289035
l	ɰ	1.6111663482721759	4.700516130289035
l	o	1.7961069916691295	4.700516130289035
l	l	1.9065815927720233	4.700516130289035
l	ɰ_o	3.083238492259843	4.700516130289035
m	m	-0.0	4.700516130289035
n	n	0.028849470207939393	4.700516130289035
o	o	0.05790111083389422	4.700516130289035
p	p	-0.0	4.700516130289035
r	r	0.014457790137743644	4.700516130289035
s	s	0.39380462260128013	4.700516130289035
s	s_o	2.8093381064301277	4.700516130289035
s	z	3.377529273118389	4.700516130289035
t	t	0.6164784812363131	4.700516130289035
t	t_e	2.5867997628503483	4.700516130289035
t	t_o	2.8171776366011105	4.700516130289035
t	d_o	4.665787061680211	4.700516130289035
v	v	-0.0	4.700516130289035
w	w	-0.0	4.700516130289035
z	z	-0.0	4.700516130289035
ð	z	-0.0	4.700516130289035
ŋ	ŋ	0.012293664404008347	4.700516130289035
ɡ	ɡ	-0.0	4.700516130289035
ɲ	ɲ	-0.0	4.700516130289035
ʧ	ʧ	-0.0	4.700516130289035
ˈa	ˈa	-0.0	4.700516130289035
ˈe	ˈe	0.2826861540936568	4.700516130289035
ˈe	ˈɛ	2.688153679852868	4.700516130289035
ˈi	ˈi	-0.0	4.700516130289035
ˈo	ˈo	0.11599854983643422	4.700516130289035
ˈo	ˈɔ	3.6941983793639364	4.700516130289035
ˈu	ˈu	-0.0	4.700516130289035
ˈɔ	ˈɔ	-0.0	4.700516130289035
ˈɛ	ˈɛ	-0.0	4.700516130289035
θ	s	0.06233028474226534	4.700516130289035
θ	z	4.563742198375941	4.700516130289035