Phone1	Phone2	PMI
ˈɛ_l	ˈɛː	6.873950635431847
ɲ	ɲ	6.706913138009697
ˈe	ˈaː_r	6.048416851391092
b	b	6.044919889723465
u	u	5.951227920371647
ɡ	ɡ	5.948173872249325
ʤ	ʥ	5.621347407915373
f	f	5.62116831870251
e	ə_r	5.4243586991903205
p	p	5.42279266199771
u	o	5.386817927243158
ˈø	j_ˈɛ	5.3500012841043745
d	d	5.293556464548303
ˈɔ	ˈɔː	5.257007268388439
ˈɔ	ˈa_w	5.23372061425344
z	ʃ	5.1365313576287255
m	m	5.018996968602644
ˈy	ˈi	4.9404521697298645
ˈi	ˈiː	4.9148683042105095
ˈe	ˈeː	4.887762662783298
v	v	4.719245000540235
t	t	4.708787326459885
ˈu	ˈu	4.685122145615457
j	ʎ	4.480225456245964
k	k	4.399507283199217
ˈɔ	ˈɔ	4.318048637388449
ˈi	ˈi	4.296246423332214
ˈɛ	ˈɛ	4.289357755302529
ˈɛ	ˈɛː	4.219976709042202
l	l	4.09531300456626
k	ʨ	4.029037652802262
n	n	3.9856452292171674
s	s	3.9814983513215974
ˈu_j	ˈu	3.97544509671331
s	ʧ	3.9554688951294037
ŋ	n	3.8440020064568166
ˈɛ	ˈe	3.6271864836815753
#>	f_#>	3.609630790392448
a	ə	3.4243875193186484
ˈa	ˈa	3.4150293860784156
r	r	3.371025583616758
j	ˈa_j	3.2945088566412513
ˈa	ˈɔ	3.1299194723765105
ʤ	ʃ	3.1292431048490146
ˈa	ˈaː	3.0738712447401535
ˈa	ˈa_w	3.0444703262962016
s	ʃ	2.96531112226065
ˈu	ˈuː	2.84297470585154
t	ʨ	2.729670567160496
ˈy	ˈu	2.720411347365845
ˈø	ˈɔ	2.652212741526915
#>	s_#>	2.6086169164567687
ˈy	ˈiː	2.4824768687123386
ˈø	ˈo	2.4763879751674795
e	ə	2.4671251252918402
j	l	2.4642024086954013
ʧ	ʧ	2.39330886394172
ˈi	ˈɛ	2.3604072209252527
ɡ	w	2.2054534291377323
l	l_j	2.106909933664737
ˈɔ	ˈu	1.9488008554250864
ŋ	ŋ	1.944422776380532
ˈe	ˈa_j	1.7723946827506794
ʤ	ɡ	1.7693242394514948
j	ʥ	1.7275540834190557
b	v	1.5949759456182333
s	ʦ	1.5732210114932186
n_ˈɛ	n	1.542109770443354
ˈɛ	ˈa_j	1.5021575637044902
ˈø	ˈɛ_w	1.4562748153835896
ˈe	ˈa	1.3165501819832173
j	ˈe	1.2976040040151422
#>	t_#>	1.2480500011392928
j	j	1.2126677167732585
r	ə_r	1.2102093766302833
ˈø_v	ˈɔ	1.1466388572796051
ŋ	w_n	1.1350441802026219
l	ʎ	1.1033828483824657
#>	ʨ_#>	0.9523287135763724
#>	n_#>	0.9321269395372601
d	t	0.8480884728932913
<#_ˈa	<#	0.787207388253607
#>	l_#>	0.774414776507214
e	r	0.5256300673089223
v	f	0.5082768051802342
ˈɛ	j	0.4477522990898469
<#_l	<#	0.21097835169921447
#>	r_#>	-0.5984511112685691