Phone1	Phone2	PMI
ˈɛ_l	ˈɛː	6.595492244101643
ɡ	ɡ	6.320909239088104
b	b	5.862832269594539
u	u	5.714238784690929
ˈe	ˈaː_r	5.614836288691671
e	ə_r	5.527997634761387
f	f	5.526674183697508
ɲ	ɲ	5.4743655144073795
p	p	5.263399129928453
m	m	5.137428722861241
ˈɔ	ˈɔː	5.120680503162221
v	v	5.040571259115181
z	ʃ	4.936020207165
u	o	4.9307450345638975
d	d	4.846392960478104
ˈy	ˈi	4.78155754500521
ˈi	ˈiː	4.757440559865181
ʤ	ʥ	4.658546537078068
t	t	4.6392038832627955
ŋ	ŋ	4.61449118495061
ˈe	ˈeː	4.523746169102285
j	ʎ	4.501150046644713
ˈu	ˈu	4.4653780529379965
ʤ	ʃ	4.43538779637875
l	l	4.329672566530065
ˈi	ˈi	4.29977339102585
k	k	4.281804597127771
ˈɔ	ˈɔ	4.2340226623952075
ˈɛ	ˈɛ	4.137606053807185
k	ʨ	4.075523380145812
e	e	4.026578911207022
i	i	3.9813872282740483
ˈɔ	ˈa_w	3.8729777261708627
s	s	3.8471156439582614
s	ʧ	3.824447349343073
n	n	3.7618141262618976
ˈu_j	ˈu	3.7116698424334196
ˈa	ˈa	3.6415809695686563
ŋ	n	3.6197154497008945
j	j	3.540964316065078
ˈa	ˈaː	3.3985612275458457
a	ə	3.3840624285920957
ˈu	ˈuː	3.3828923667962902
r	r	3.3116705623506304
s	ʃ	2.8533957839044337
ˈɛ	ˈɛː	2.753475048419042
ˈa	ˈɔ	2.746708653719266
ˈy	ˈu	2.6876645666527796
ˈø	j_ˈɛ	2.680386425499195
ˈø	ˈo	2.675133152233725
ˈɔ	ˈuː	2.638732275570438
ˈy	ˈiː	2.495112423977037
j	l	2.4442611352141235
ˈɛ	ˈiə̯	2.2347783049793812
ˈa	ˈa_w	2.159387907366056
l	ʎ	2.136462799547989
w	w	2.121258977464867
e	ə	2.018684264999986
d	t	1.9932565957516053
ˈɛ	ˈa	1.9609401452733723
ˈe	ˈa	1.9428893918815429
ˈø	ˈɔː	1.9285902109621693
ˈe	ˈa_j	1.9132286793671518
ˈɛ	ˈe	1.8073525129210857
#>	s_#>	1.7135475798174022
s	ʦ	1.6360769268987834
ˈø	ˈɛ_w	1.537507642748857
f	f_j	1.5321915525737402
a	l_ə	1.51702879160399
t	ʨ	1.395309895852029
ˈɔ	ˈu	1.3852116912976429
ɡ	w	1.3345289362329509
ˈi	ˈɛ	1.243503676833925
b	v	1.2274639728280063
i	e	1.182908532675474
ŋ_ɡ	ŋ	1.1722658464621485
v	ʒ_ɡ	1.1701498535549488
ʤ	ɡ	1.1325297053291554
ˈø	u	1.101456627379856
n	w_n	1.0782635298274894
ʧ	ʧ	1.0776947703419562
l	l_j	1.053845116486516
ˈɛ	j_ˈɛ	1.0114759167960394
j	j_r	0.9839752120460525
ˈe	ˈiə̯	0.9619812528830834
z	s	0.8446293198109741
j_l	l	0.8051093637998535
a	i	0.7881722656494035
u	ə	0.7853473076570493
ˈø	ˈɔ	0.7826550993150235
j	ʥ	0.7596099305507394
t	d	0.5472338640642458
#>	l_#>	0.2725140158769417
e	r	0.10287035502192418
#>	n_#>	0.07705803117695834
#>	r_#>	-1.20385576149566
ˈa	ə	-0.01899067204294558