Phone1	Phone2	PMI
œ	ˈøː	7.497866070661319
ɔ̃	ˈũː	6.934183759391122
#>	u_#>	6.375039431346925
y	ˈy	6.332748531482481
ɛ̃	ˈĩː	6.230532274532033
ʒ	ʤ	6.039692564846752
ɡ	ɡ	5.974513260669447
ɑ̃	ˈẽː	5.838096403317979
b	b	5.720045043239845
n	n_a	5.702402778250973
u	ˈu	5.647463574515902
o	ˈɛ_l	5.558783137797781
d	d	5.344812130943529
ɛ̃	ˈãː	5.299366508243872
p	p	5.25869087369167
ɔ	u	5.166704797755693
ɔ	ˈɔ	5.160086231670315
#>	p_#>	5.10003154507754
i	ˈi	4.863385434884609
l	l_a	4.826255936717115
v	ʋ	4.7797811206214655
f	f	4.774855124291459
m	m	4.729741630608438
n	n	4.718442356681827
t	s_t	4.707777837653494
j	j	4.672285494594385
ɑ̃	ã	4.501462580558068
#>	ʦ_#>	4.317302212812158
ɲ	ɲ	4.276613398253405
e	ˈa	4.269051601131855
ʁ	e_r	4.25685957189183
ɑ̃	ˈãː	4.242545018052346
t	t	4.224540101141967
#>	k_#>	4.2156079138834395
#>	f_#>	4.179277088241335
i	ˈe	4.170461821814083
i_ʁ	ˈi	4.141852827509366
k	k	4.050862767083782
ə	e	4.014377963788941
ʃ	k_a	3.9868733383648567
s	s	3.9764614067129744
ʁ	r_a	3.93173867484813
ʃ	k	3.914292399709926
w_a	ˈɛ	3.8355621226884
o	ˈɔ	3.6842431824252504
l	l	3.619318881346297
#>	ʧ_#>	3.6035190315231924
ɥ	ˈy	3.559898777481251
w_a	ˈe	3.4094386950554605
#>	t_#>	3.2664304955391597
ʁ	r	3.1717307807989688
ɛ	ˈa	3.17035531483321
s	ʧ	3.092491265156426
#>	m_#>	2.9406649458087073
a	ˈa	2.85389710635901
ɛ̃	ɲ	2.829760795083843
a	a	2.6952091118107577
<#	<#_ˈa	2.569909093978916
ʁ	r_e	2.434201019178163
ɡ	ʤ	2.3536766960905973
l	j	2.2382670970658367
#>	s_#>	2.198134874830912
j	ˈe	2.1896789979311446
k	ʧ	2.086162222837611
t_ʁ	s	2.0692178068854705
o	ˈɔ_s	2.047800894546695
ɛ	ˈɛ	1.9080808053739045
m	m_a	1.8556330421345018
w_a	ˈu	1.8272600763115436
ɛ	ˈaː	1.7895786462267014
ʁ	r_t	1.711209447968185
ɛ	ˈe	1.6595865025405414
z	z	1.4014711152419115
s	ʦ	1.3073252277760279
v	ʋ_e	1.1463619175832933
o	l	1.1412698435386748
j_ɛ	ˈe	0.9722442509737486
ɑ̃	n	0.919088874009393
ʁ	ˈɛ_r	0.8750848769709032
v_w	ʋ	0.8183685276230378
t	ʦ	0.7311360275856286
k_u	k	0.7205935365953204
j	ʧ	0.6532161161468021
#>	l_#>	0.585658762072364
ɛ	a	0.5681169006951597
#>	a_#>	0.43333615353574323
e_#>	#>	0.2987043124051268
t	s	0.24851844556232822
ʁ_#>	#>	-0.6745263889693409