Phone1	Phone2	PMI
e	e_s	7.230400382855438
e	ˈa_ɾ	6.764795469357871
ʒ	x	6.759271759844183
n	n_a	6.434086834360935
ʃ	k_a	6.16751363871533
d	d	6.148596549725989
ɡ	ɡ	6.128094375653158
y	ˈu	5.758961519862142
ɑ̃	ŋ	5.704317618526065
w	ˈu	5.687666798505295
l	l_o	5.613558445744667
m	m_a	5.487834622563453
p	p	5.259882490395978
œ	ˈo	4.987605587023184
t	t	4.973190896071352
j	j	4.877128318632825
i	ˈi_ɣ	4.770976262613831
f	f	4.645601255257525
v	b	4.477313439859011
l	l	4.406181130859025
m	m	4.388662189815842
u	ˈo	4.379186453261034
ɑ̃	ˈe_n	4.328251883274402
i	ˈi	4.303098690518011
o	ˈo	4.288899107434584
ə	e	4.2870722019960965
k	k	4.285455329864099
b	b	4.227381723538491
j	x_a	4.172424416919922
ʁ	ɾ_o	4.040827163198743
ɔ	w_ˈe	4.015905097608385
w_a	ˈe	3.944475416230094
b	β	3.905942353410525
s	s	3.840723426939789
ʃ	k	3.8152430354091735
v	β	3.76383427134264
k	k_w	3.701979052933955
ɛ	j_ˈe	3.644211288790956
s	θ	3.41156235971922
#>	θ_#>	3.336426943223258
n	n_o	3.3082278858909264
ʁ	r	3.2875103036511706
a	ˈa	3.2229259136897004
ʁ	ɾ_a	3.0900861044482277
a	a	2.950027468653148
ɔ̃	ˈo_n	2.8991074490926856
ɛ	ˈa	2.839181628991396
ɛ̃	ˈa_n	2.76945523474775
z	θ	2.75222371243684
n	n	2.6984092004519664
ʁ	ɾ	2.6256252859556195
t	s_t	2.5710493769694662
ɔ	o	2.539218777884117
ø	o	2.491525963960787
ɛ̃	ŋ	2.4038669097647016
ɛ	ˈe	2.3703635914665253
ʁ	ɾ_e	2.2510186850942664
#>	n_#>	2.196427794489779
f	f_w	2.016482371853092
ø	ˈo	1.9202252586669235
#>	e_#>	1.8912628200747503
ɡ	ɣ	1.8176112232063608
ʁ	ɾ_t	1.69224478556355
ɛ̃	o	1.6757380377097215
i	ˈe	1.621034867392834
<#_f	<#	1.5616632871519998
o	o	1.5246284648863846
#>	s_#>	1.4969231017412576
ɔ	ˈo	1.3866936726982149
#>	j_#>	1.332593002544486
b	b_w	1.3072029213264358
ɛ̃	n_o	1.28856571068169
ɥ	ˈu	1.1754512331831706
f	β	0.9460623654428668
l	ɟ͡ʝ	0.9396928867350576
ʁ	ð_ɾ	0.8781289211039152
ɛ̃	ˈi	0.847690660331439
ʒ	β	0.8432715929593313
ɑ̃	n	0.8150973073156622
u	o	0.7640248232904344
j	x	0.708491897709459
o	ˈe	0.6674630359333417
ɔ̃	o	0.5748050652194959
o	l	0.5151594564576322
w	ˈe	0.4081683334807708
a	ˈe	0.2575581928077661
#>	o_#>	-0.7710108005954844
#>	a_#>	-0.2379133500009685