Phone1	Phone2	PMI
m_b	ŋ	7.7305386471419695
ð	ð	6.424910483443508
d	d	5.729419420286727
ɡ	ɡ	5.657833222187208
t_e	t	5.638820807241536
ɖː_u	ʎ	5.600360211057598
o	u	5.600158817758314
f	f	5.551490310960867
t_u	t	5.538325499990057
m	m	5.317763322488257
β	β	5.140206311884484
p	p	5.016679697357275
ˈa_n	ˈa	4.928815232008178
b	b	4.911311100258797
r_e	r	4.83129597690248
b	v	4.830858453361095
i	e	4.818831315028663
n	n	4.740364884036556
r_u	ɾ	4.704596499130432
ɣ	ɣ	4.636098078759328
ʣ	ʎ	4.610969235280496
t	t	4.610563301071196
o_#>	#>	4.525139890622224
ˈu	ˈu	4.519750896952304
ˈo	ˈɒ	4.512434052217208
ˈu	ˈo	4.489258254978132
ˈe	ˈe	4.451147283686912
k	k	4.192931374056791
l_u	l	4.1626903298113085
z	s	4.143828883734854
l_e	l	4.045697829667077
ˈe	ˈæ	4.039277941065716
s	s	4.016476433849107
ɣ	ʤ	3.9010571558648293
l	ʎ	3.899441887229784
ɡ	ʤ	3.849136978523377
e	ˈi_w	3.836555970547062
ˈa	ˈa	3.8290179379251263
e	w	3.7724692334745464
ˈa	l_ˈa	3.7151902843986946
ˈi	ˈi	3.667040101222097
a	ɐ	3.6444475104564233
r	ɾ	3.6256818597463103
m_i	m	3.610863756389617
ŭ_#>	#>	3.4768624178224368
rː	r	3.432035498302179
a	ɞ	3.384570813248375
e	e	3.3123219424635613
ɣ_u	k	3.2792875034304605
ˈi_n	ˈi	3.260927535851859
a	a	3.252160111253513
#>	e_#>	3.2429692921920656
a	ɜ	3.2075508180398127
ð_u	t	3.072249767095229
ˈi	ˈæ	3.0470870316559933
r	r	3.01285451294927
#>	n_#>	3.0075412041018335
l	l	2.9517127772553238
i	i	2.945313352846425
#>	k_#>	2.780732283351089
j	i	2.7459136772069543
z_ŏ	s	2.7437431500327296
s_u	s	2.7414964067660246
β	w	2.726155852122817
ˈo	ˈu	2.6214574030510356
ˈo	ˈo	2.4932491682175013
t	ˈi_t	2.471251678784379
<#_a	<#	2.4250290114975432
a	l_ɐ	2.3410556094825608
ŏ_#>	#>	2.262569945311112
r_u	ʎ	2.20034219114175
p_r	p	2.147879786981248
b	ɡ	2.0582843290674195
r_e	ɾ	2.0248449986699213
n_ˈu	n	1.9692962835021002
u	ʎ	1.8833423237371796
ˈi	ˈe	1.7948351155857507
k	s	1.7416325616103316
ˈo	u	1.4909309907615766
r_u	r	1.434786232045655
#>	ɜ_#>	1.2889410657987959
nː	ɲ	1.2596973702287249
j	ʤ	1.1062719494460194
#>	w_#>	1.0532598883145246
o_r	ɾ	1.0152300244262
ˈa	w_ˈa	1.0135013725206974
#>	ɞ_#>	0.9719070083220297
rː_u	r	0.9530713139035317
ˈa_ð	ˈa	0.9500772219857054
s	ʃ	0.8287395080999478
#>	l_#>	0.816686007665029
ð	t	0.6091236333392158
ɣ	k	0.5679088294680705
<#_i	<#	0.5475123252006371
#>	t_#>	0.12186019023275092
e_#>	#>	-0.5824596610931246
<#_b	<#	-0.18468813045786797
u_#>	#>	-0.05339236678847082