Phone1	Phone2	PMI
ð	ð	6.245256677488377
o	u	5.896462487708166
ɣ_e	w	5.790264984644524
β	β	5.735813232531708
ɡ	ɡ	5.671148739352343
d	d	5.669001737016167
t_e	t	5.307020029633519
f	f	5.23059465235926
t_u	t	5.153917841215281
m	m	5.148131226315496
p	p	5.142369721178331
r_e	r	5.039669329862864
b	b	4.968681832920217
b	v	4.841504281758841
ɣ	ɣ	4.744968632812871
i	e	4.732993365470682
n	n	4.702060955002193
ˈo	ˈɒ	4.657511745862459
ˈu	ˈo	4.622915119382791
ˈu	ˈu	4.5707043110416805
ˈe_ɖː	ˈe	4.560679333278306
t	t	4.4949518572085
l_u	l	4.295231120195774
k	k	4.269979858481661
ɣ	ʤ	4.255832020710672
s	s	4.123083381981577
ˈa	ˈa	4.122694220506271
z	s	4.013892554806645
ɡ	ʤ	3.825812358757663
l	ʎ	3.7979166584716655
e	w	3.7969499172143
u	w	3.782631976516714
ˈe	ˈe	3.770587420960934
ð_u	t	3.747900459255918
ˈe	ˈæ	3.7166888051784417
ˈa_n	ˈa	3.6939904175166736
ˈi	ˈi	3.673629047481582
e	e	3.653347531119363
r	ɾ	3.612719234579084
rː	r	3.523268459420043
a	ɐ	3.3894086070720792
m_i	m	3.320333315211304
i	i	3.288083649798917
a	a	3.252497840526216
l	l	3.227667569639999
a	ɞ	3.068725193071297
ˈi_n	ˈi	3.049930438717085
ˈi	ˈæ	2.9107606716678456
a	ɜ	2.7676087625441657
ʣ	ʎ	2.613703263546883
u	ɜ	2.357446079120797
r	r	2.355508343906055
ŭ_#>	#>	2.3455774451668807
ɣ_u	k	2.20170547831323
ˈo	ˈo	2.150605624264744
l_e	l	2.026105534790296
#>	n_#>	2.0050274694012225
ˈi_ʣ	ˈi	1.9813636910041013
r	l	1.8824190942941792
ˈi	ˈe	1.7606981343786972
z_ŏ	s	1.7306964485117282
sː	s	1.6802416692076507
ˈo	ˈu	1.6652888240921389
r	d_ɾ	1.648951195392491
k	s	1.5043483657748589
#>	ʎ_#>	1.488641155633151
u	ʎ	1.450138311570642
e	ɜ	1.4310522936026722
ˈe	ˈi	1.3545635414157746
nː	ɲ	1.1872314401794386
j	ʤ	1.1843200779606704
ɖː_u	ʎ	1.1512934835311728
k_r	ʎ	1.0535595563850662
r_u	ʎ	1.0482161627080429
r_u	r	1.0163906663912834
o_r	ɾ	0.9339858490477626
s	ʃ	0.820217126884866
u	u	0.7104317889654477
u	e	0.5218923620502042
a	e	0.1304167634292806
e_#>	#>	-1.3187625242597745
u_#>	#>	-0.2614114479040306