Phone1	Phone2	PMI
ɲ	ɲ	6.905557905105581
b	b	6.423875464249621
ð	ʤ	6.119372174830336
u	u	5.976117063074145
ˈʌu̯	ˈo	5.878142516633859
ŋ	ŋ	5.794907241050294
ˈo	ˈu	5.618345630286377
f	f	5.590984732275823
d	d	5.427889997459011
i	i	5.335493742161056
ˈe_ŋ	ˈi	5.309306452271476
ɡ	ɣ	5.254921042073801
e	ɾ_e	5.19925090799772
ˈa_j	ˈæ	5.194847234494477
p	p	5.171720047640402
d	ð	5.106233282467856
ɡ	ɡ	5.064129272220741
ˈe	ˈi	4.96886283771066
m	m	4.921561282579137
s	ʃ	4.897694538389485
v	v	4.860775334702986
v	β	4.7483928091705625
ˈuː	ˈu	4.666423132464026
z	w	4.658900492617632
j	l	4.654054305534548
ʧ	ʎ	4.637100259808797
ˈɔː	ˈɒ	4.554807263259062
ˈiː	ˈi	4.492207007531175
ˈɔ	ˈɒ	4.46963490618263
n	n	4.468221294273026
θ	s	4.321096775506539
k	k	4.253287845148195
t	t	4.245659025511959
<#	<#_e	4.2138030518825
ˈaː	ˈa	4.057679083560313
s	s	4.0254296657622834
ˈæ	ˈe	4.003814306555228
w	w	3.983230987896475
ŋ	n	3.904606139179864
l	ʎ	3.8256889323922607
ˈʌ	ˈo	3.7314560836639497
a	a	3.65470088415442
r	r	3.548292131633308
a	ɐ	3.536965111912225
ˈa	ˈæ	3.5214164495835214
l	l	3.4885648258847493
a	ɞ	3.3395555639276986
ˈuː	ˈɒ	3.223616191319722
a	ɜ	3.2088152017577047
ˈɛ	ˈa	3.1788399858469747
e	e	3.020777162716364
r	ɾ	3.015085168493401
ˈɛ	ˈe	2.8711353659113885
ˈa	ˈa	2.6932674690054057
ɡ	k	2.656882271341345
ˈɔ	ˈo	2.639074165485984
ˈiː	ˈæ	2.636785263801813
ˈa_ŋ	ˈa	2.58452633808641
ŋ_#>	#>	2.570074994587432
#>	s_#>	2.457190856822198
z	s	2.399869419417493
v	w	2.2244135510044543
e_r	ɾ	1.9814597970328487
r_e	r	1.8170972755263095
e_n	n	1.803074898983934
d	t	1.652144749944907
ˈa	ˈe	1.509711708042063
#>	w_#>	1.4782109486894142
ˈɛ	ˈæ	1.336365483934026
j	ʎ	1.2118095704016851
e	w_ɾ	1.2049606419612129
ŋ_n	n	0.9220447581468998
#>	e_#>	0.8437562335568138
e	ɾ	0.8254585846989697
i	e	0.8086239651985844
ˈɛ	ˈi	0.7633214957631922
e	w	0.7434608638710625
r	ɾ_ɜ	0.6652495691495915
#>	ɜ_#>	0.6508286923747201
a	ɾ_ɜ	0.5881971591344632
ˈaː	ˈe	0.5299613098733743
#>	ɞ_#>	0.45775596373407
#>	t_#>	0.0051070184214274
#>	ɐ_#>	-0.0134023212862868