Phone1	Phone2	PMI
ˈɑ	ˈɨ	6.510772250952264
ʃ	ʒ	6.419913557471034
o	u	5.975741492272554
ˈɛ	j_ˈe	5.887694290200055
a	a	5.807319512312079
b	v	5.800802370264845
ʃ	ʤ	5.583629429415007
ɡ	ɡ	5.405976844493421
t_ʊ	t	5.267633526753533
f	f	5.17453267958562
β	b	4.962905688102715
b	b	4.951850323391864
l	l	4.947249137567068
θ	ʧ	4.888604194311323
d	d	4.846731717286119
p	p	4.821190112844371
j	p	4.715701216021482
ŋ	n_e	4.683967525960163
ˈɔ	ˈo	4.602613429896015
s	ʃ	4.562701623649006
s	s	4.553798872833082
ɾ	r_e	4.543370527375388
m	m	4.534799032616726
ˈu	ˈu	4.501162770454664
ɣ_ʊ	k	4.47952423180421
k	k	4.463932828513499
ˈi	ˈi	4.45761579467588
ð_ʊ	t	4.35417116797364
ˈa	ˈa	4.347491219643036
ɣ	k	4.314348713064549
t	t	4.298350498186309
ˈɔ	o̯ˈa	4.276147620111529
ð	t	4.176572350667093
i	i	3.964849604058184
ˈe	ˈe	3.936752953837836
e	i	3.868525268036782
θ	ʦ	3.808840537017173
ˈo	ˈu	3.800724008946189
n	n	3.792215737758333
ʧ	f_l	3.717713574129053
d	z	3.699958723609262
ˈɛ	ˈe	3.585579949844808
ˈo	o̯ˈa	3.534017872770563
ɐ	ə	3.531755569399973
ɲ_ʊ	n	3.500148568643903
r	r	3.459742056507642
ɲ	n	3.406399509155047
ˈo	ˈo	3.2388122469369645
n_ʊ	n	3.2022725538371737
ɪ	e	3.200298396941
β	w	3.1246465439487703
s_#>	#>	3.079323169533663
s_ʊ	s	3.0572668252329533
ŋ	ʧʲ	3.0252023206846137
<#_e	<#	3.005952246819016
ˈa	ˈɨ	2.967520775456128
ˈe	ˈi	2.9551253029709343
ɐ	n_ə	2.936704570011367
θ	ʧ_e	2.761496362955746
ɾ	r	2.692702340952504
ŋ	n	2.6502986795197665
a	ˈa	2.579742278724141
ˈe	e̯ˈa	2.561111639348931
#>	r_#>	2.431291970814536
ˈu	ˈo	2.125814281187007
β	p	2.0534470061359484
ˈɛ	ˈa	1.95390574314364
ˈo	ˈu_n	1.6914404425496687
ɐ	a	1.368457021243965
l	r_e	1.2225161494900998
ʊ	u	1.1299436931990126
e_s	s	1.1279087819293236
j	t	1.0827396042550208
ɲ	j	1.0610391729020283
ˈe	ˈa	0.4728315488713659
ˈɔ	ˈu	0.4354926598257152
l	r	0.4321298259075096
ɐ	e	0.3725461516833717
ˈe	e	0.1193163433725749
ˈi	e	0.1024775012137548
#>	e_#>	-2.6618439815002057
ʊ_#>	#>	-0.7954324822615999