Phone1	Phone2	PMI
ʎ_ʊ	kʲ	8.404126879107542
ʧ	p_l	8.105943418633643
ʃ	ʒ	6.632578563511661
ɡ	ɡ	6.560084190953019
ˈɑ	ˈɨ	6.3337733394692695
ˈɛ	j_ˈe	6.313935832876964
ʃ	ʤ	5.844357301322375
b	v	5.837139035522755
a	a	5.789738152228799
o	u	5.615410159253547
t_ʊ	t	5.552266829739698
ɾ	e_r_e	5.398289689323989
f	f	5.32331838744125
l	l	5.194312036960166
d	d	5.066274749662969
ŋ	n_e	5.035485870836077
ɣ_ʊ	k	4.981172341012206
β	b	4.963015857665539
b	b	4.924946227044896
ð_ʊ	t	4.8587116056699875
p	p	4.817733975453017
s	ʃ	4.753218368114179
m	m	4.733338425266557
k	k	4.732679297725513
ʧ	f_l	4.697317496855123
θ	ʧ	4.69633281863901
s	s	4.686564877910294
ɣ	k	4.640197069994485
ˈi	ˈi	4.6400220734483275
ˈɔ	ˈo	4.639501095816929
ˈu	ˈu	4.630280459022276
ɾ_ʊ	r	4.609425266470038
j	p	4.575142920713265
ð	t	4.539534533001409
ˈɔ	o̯ˈa	4.499634031777071
θ_ˈi	ʧ	4.369259221483943
t	t	4.315342711165178
ˈa	ˈa	4.274814987422836
ŋ	ʧʲ	4.251899352623741
ɾ	r_e	4.22026999508255
θ	ʦ	4.1402196912651235
i	i	3.9983689865218808
ˈe	ˈe	3.9714971575231632
ˈa	ˈɨ	3.859019201377877
ɐ	ə	3.842107106770847
n	n	3.8157274264501346
d	z	3.726496046778624
ˈo	ˈu	3.638711473446907
ˈo	ˈo	3.6085679312270345
e	i	3.596454558704456
s_ʊ	s	3.538954094468216
ɲ	n	3.5126127386221864
#>	r_#>	3.5003418046389325
ˈɛ	ˈe	3.4799984018501586
ˈo	o̯ˈa	3.4523781140764465
s_#>	#>	3.3963156696778944
ˈe	ˈi	3.2711894615880484
ɐ	n_ə	3.2699138837346555
r	r	3.2606299385332087
n_ʊ	n	3.2576542563748863
ɪ	e	3.2220096958378397
l_ʊ	l	3.1862640092663375
a	ˈa	3.178897466658686
<#_e	<#	3.175551628130006
β	w	3.1599835594650054
w	j	3.063940321479646
#>	u_#>	3.05775625903556
ɲ_ʊ	n	2.9253993071484365
ˈu	ˈo	2.734393441411496
ŋ	n	2.7184069014796206
ɾ	r	2.539996311427579
ˈe	e̯ˈa	2.4667034914952395
ʎ	j	1.9922891010722048
e	ə	1.9025250770394149
j	t	1.8808060322042903
θ	ʧ_e	1.8740080454669052
ɐ	a	1.7349668770409927
ˈe	ˈə	1.7130190345324654
ˈɛ	j_ˈa	1.3888102780506753
β	p	1.3074764405515213
e_s	s	1.1735665213067061
f	f_r	1.1385108756502578
ɲ	j	1.0756151959746585
ʎ_ɐ	j	1.037507574649551
ˈɛ	e̯ˈa	1.0320258927136075
ˈɔ	ˈu	1.026540026235019
t_ɾ	t	0.9461147375140246
ˈe	j_ˈe	0.8999639340241539
<#	<#_j	0.8863691573930795
e	u	0.8049098879137613
ˈo	ˈu_n	0.7517272188954939
ˈɛ	j	0.5410419665143229
#>	n_#>	0.4401782704251052
<#_k	<#	0.30486625037324244
<#_b	<#	0.208630863399073
ʊ_#>	#>	-0.4747740161321412
#>	e_#>	-0.3875322089778131