Phone1	Phone2	PMI
u	u	6.717685466522946
ɲ	ɲ	6.543487829676824
ˈy	ˈy	6.406737835623175
ɥ_ˈɛ	ˈø	6.082076745762503
b	b	6.055966666467792
e	e_r	6.005756800466705
ʒ	ʤ	5.89870852425947
ˈa_w	ˈɔ	5.7409778393164945
ˈi	ˈĩː	5.48620673254209
d	d	5.324982771064947
ˈi	ˈi	5.261871021224439
ɣ	ɡ	5.217701852527802
p	p	5.2134222380651165
ˈu	ˈu	5.183353024451236
m	m	5.16874351267019
v	ʋ	5.111349666845346
ˈɔ	ˈɔ	5.010022122586587
ɡ	ɡ	4.943968542130766
ð	d	4.942419440949605
n	n	4.927164361363413
f	f	4.896656095128932
e	e	4.750075338756703
t	t	4.6007150930334015
ʧ	ʧ	4.347620148034122
ˈɛ	ˈɛ	4.291990781359934
β	ʋ	4.182082042814197
ˈa_j	ˈa	4.164526844326686
s	s	4.117356312044461
w	f	4.06569154160239
k	k	4.047921655755804
ˈe	ˈe	4.035905194750976
ˈu	ˈyː	4.034111543716316
ˈa	ˈaː	3.953660673418308
r	r	3.927590988455393
ʦ	s	3.8859056675134505
ɔ	a	3.6431404657115256
ˈa	ˈa	3.6007862051186095
ˈa	ˈãː	3.592844715413359
ɾ	r	3.586853448823626
l	l	3.5398601424424396
ˈɔ	ˈøː	3.4228827649587013
ŋ	ˈũː	3.3933953780068737
ɡ_l	ʤ	3.3773787272445945
a	a	3.3199359608226984
ˈɛ_n	ˈẽː	3.2823877124824956
#>	ʧ_#>	3.201476672734511
ɾ_e	r	3.189707175915571
β	b	3.181691677015504
ˈe	ˈeː	3.03661050311675
w	u	3.0354716220634117
j	ˈe	3.026174018462718
ˈɛ	ˈe	3.01474540432715
e	i	3.0093070756570635
ˈe	ˈɛ	2.9883586012567886
t_ɾ	t	2.67170789096331
l	j	2.670564469316198
<#_a	<#	2.6389266524516124
s	ʦ	2.613024044358704
ˈu	ˈũː	2.600111590829723
s	ʃ	2.4652960257739847
j	j	1.9395807516033956
ɥ	ˈø	1.6368270721033908
w	l	1.6344035786081408
e_#>	#>	1.509885635071187
n	t	1.4810520814597024
s	ʧ	1.2364239422630137
#>	ˈa_#>	1.2219816048483167
t	l_t	1.1029239524903705
j_ˈɛ	ˈe	1.0963964681408922
ɡ	ʤ	1.0813055563706804
#>	r_#>	0.9429768205944729
#>	t_#>	0.8939983022799272
#>	s_#>	0.5633605938021391
<#_s	<#	0.5216525134288194
l_#>	#>	0.0013572705636972215