Phone1	Phone2	PMI
b	b	6.936044132198444
ʣ	ð	6.415738630350967
f	f	6.06706025768584
u	u	5.919456957413825
ʦ	θ	5.814782782794331
ʤ	ð	5.647273322522564
ɡ	ɡ	5.555693948116995
ˈo	ˈɔ	5.212224701445841
ˈi	ˈæ	5.064747384172597
p	p	4.965083057581031
e_#>	#>	4.931595796914885
ˈi	ˈe	4.832167837262928
ˈu	ˈʌu̯	4.81042982633955
ˈu	ˈo	4.798292240999729
d	d	4.746649677589332
j	v	4.739104777366322
i	i	4.54440854368202
s	s	4.40160160770855
ˈɨ	ˈa	4.386625306887139
k	k	4.224084167176221
m	m	4.084255781905621
ˈi	ˈiː	4.0461255032943
v	v	3.9555862150639527
l	l	3.942089439938065
ˈo	ˈuː	3.9353573571319065
t	t	3.9135186427287145
r_i	r	3.855829661122092
ˈu	ˈuː	3.74835329527772
ə	a	3.7352114939354295
t_u	t	3.7256761860145615
ˈa	ˈɛ	3.58525336422584
ɲ	m	3.568097860233217
r	r_e	3.5543336966995183
k	ɡ	3.5135763691744675
o̯ˈa	ˈʌu̯	3.441380556095118
ˈa	ˈaː	3.3540278664913847
n	n	3.3202386643031785
n	ŋ	3.1607097048807486
ˈe	ˈɛ	3.158789253556141
e̯ˈa	ˈiː	3.11617625000013
e̯ˈa	ˈɛː	3.090599465907226
e̯ˈa	ˈa	2.987119374771613
p_t	t	2.9220266891909104
t	d	2.8773760173386047
ˈe	ˈa	2.875945683249848
t_i	t	2.85537963684385
r	r	2.537845497888754
i	e	2.53379614614116
<#_a	<#	2.50334378836237
r_i	e	2.36914380724415
r	e_r	2.222512904004786
r	l	2.204612332836044
ç	f	1.9814134113313508
ˈo	ˈɔː	1.8836300508797408
n	ŋ_n	1.868934998892541
ʦ	z	1.752726459560916
l	j	1.7502137144462366
o̯ˈa	ˈɔː	1.3980977688244
p	v	1.383295568721452
ʦ_i	z	1.3776185766204403
u_#>	#>	1.3521252261176324
a	u	1.2227535526122906
n	ɲ	1.1736894623480172
w	ˈɔː	1.1684795793837353
ʎ	j	1.1485482129701432
e̯ˈa	ˈa_j	1.1454983696912031
o̯ˈa	ˈɔ	1.1439335255539012
n_i	n	1.13545584565553
ʦ	t	1.1311509917863305
ʃ_t	s	1.105046854575828
e̯ˈa	j	1.1017288733269048
i	v_e	1.087620769011456
ʃ	s	0.998837229461756
ˈɨ	ˈɛ	0.977786061120909
w	v	0.9633483292588984
i	a	0.9219983722203268
u	e	0.906508526866378
j_i	v	0.8909689889975482
i_m	m	0.8881397915034425
m	ŋ	0.8805117864148267
ˈo	ˈo	0.8722031294670105
j_#>	#>	0.7423439286014191
#>	v_#>	0.6652858974244606
<#_k	<#	0.0558611150016554
i_#>	#>	-1.2960616257350488