Phone1	Phone2	PMI
i	i	6.7396812692949
ɲ	ɲ	6.471563895594167
ˈi	ˈi_r	6.382741104716952
f	f	5.985855954532306
w	v_e	5.748167975941501
ɣ	ɡ	5.603886932124622
ʒ	z	5.371283127729634
ˈu	ˈu	5.348997002942204
ɡ	ɡ	5.336213294811087
m	m	5.335735497678999
d	d	5.31229340999414
β	v	5.307132276224661
ɾ	a_r	5.244718514515885
p	p	5.135061770640238
n	ŋ_t	5.117480587788191
l	l	5.072637338461174
w	w	5.068475103335381
t	t_e	5.063340082084942
k	ɡ_o	5.011802358382788
ʎ	ʧ_o	4.933679078435906
b	b	4.9170153791341455
t	t_o	4.866239996023965
ŋ	ŋ	4.802783807507639
ˈi	ˈi	4.800728260807699
ˈo	ˈo	4.699350445432454
ˈa	ˈa_r	4.5875548041012015
l	ɰ_o	4.537974592580346
s	s_o	4.440902752822381
#>	i_#>	4.407817822478573
k	k	4.382952827510987
ˈɔ	ˈɔ	4.348446778717049
ʎ	ɰ	4.250503699372426
s	s	4.224661715889773
l	j	4.188603058595922
w	z_e	4.182172565626891
ˈɛ	ˈe	4.160362049810302
ˈe	ˈɛ	4.093603141411652
ʃ	s	4.092370846768268
b	v	4.080076846769955
n	n	4.022560352640832
t	t	3.9237873398534098
ˈa	ˈa	3.859152146849488
u	o	3.7427476155083945
ˈɔ	ˈo	3.503529883809466
ˈi	ˈi_ŋ	3.499421531745355
l	ɰ	3.470598429266644
r	r	3.449292979584971
ɾ	r	3.4142565861106324
<#_ə	<#	3.405077635887136
ʎ_ə	a	3.3698733749614367
ʎ	ʧ	3.3352313942385
ˈe	ˈe	3.319055042840265
ə	a	3.184235744682168
t	d_o	3.142877443020359
ˈɛ	ˈɛ	3.1047451679321343
#>	ŋ_#>	2.694371943629714
k	k_o	2.6888095030731427
n_d	n	2.680572483590415
r	r_o	2.6605844886560885
ˈa	ˈa_ŋ	2.5399520205164867
ˈu	ˈɔ	2.5054254762122365
ˈo	ˈo_r	2.454792604154145
ɡ	ʤ	2.4189149764989843
ð	d	2.199929679515283
ˈu	ˈo	1.99328143315856
j_t	t	1.957362869809284
s	r_s	1.8743127385835876
ʎ	o	1.8338003192954668
ə	e	1.8249163617588209
w	o	1.5875735281317611
ɲ	n	1.5098815927888012
<#_ʎ	<#	1.4881161165452972
#>	e_#>	1.4489434255726146
ˈo	ˈu	1.4126083153585958
ˈɛ	ˈo	1.1349895768607732
s_#>	#>	1.095194897852336
ʎ	j	0.9406188159189608
t	d	0.8746340085715819
w	e	0.7802892698453234
m	ŋ	0.7072845996596443
ə	e_r	0.5977971827778048
ˈe	ˈa	0.5896974684929681
ə	i	0.5696357398572663
#>	r_#>	0.4643377148237456
n	ŋ	0.4195007321177358
ə	o	0.1603377986514532
#>	o_#>	-0.6790636586576458