Phone1	Phone2	PMI
b	b	6.123446629476465
f	f	6.013425404879473
ɡ	ɡ	5.901426525857415
ʣ	ð	5.419822728268826
p	p	5.378953424582247
ʦ	θ	5.221389392634995
d	d	5.215135316662193
ˈu	ˈu	4.873079443923422
ˈe	ˈɛ	4.782633206747349
j	v	4.718199592028909
t	t	4.711728034156786
e̯ˈa	ˈe	4.63678704395882
k	k	4.5423327314599655
s	s	4.509804941087968
m	m	4.479128646698507
ˈi	ˈi	4.456062147350167
v	v	4.424578408647406
ˈo	ˈɔ	4.396155423301897
l	l	4.301762058045055
ʃ_t	s	4.248049708186228
ʤ	ð	4.0726797484071415
ˈu	ˈo	4.038320701321271
<#	<#_a	3.9863137138648352
u	o	3.9504583055964506
r_i	r	3.938349372012405
i	e	3.886987010492867
ʦ	z	3.8502168181250256
ˈɨ	ˈa	3.845765089434996
ˈa	ˈa	3.836759198059466
ʃ	s	3.774618680972866
n	n	3.728183895036228
ə	a	3.720890212896723
ˈo	ˈo	3.5460335612895797
p	k_w	3.509916608291138
o̯ˈa	ˈo	3.505308774697568
ˈi	ˈe	3.483890513624771
u	ʧ_o	3.448987070147044
k	ɡ_o	3.247766276909521
n	ŋ	3.1691389449460763
r	r	3.0925011877996105
l	j	2.9727921553762764
ˈa_v	ˈɔ	2.8931834920979163
ç	f	2.882254806225909
<#_a	<#	2.784080545409061
k	ɡ	2.5252246723533283
ˈu_k	ˈɔ	2.375017905557029
t_u	t	2.253124667919016
t	d	2.174111061678607
p_t	t	2.1034034953881164
n_i	ŋ	1.980856752927528
ɲ	m	1.9717685224439363
w	v_o	1.9390265659495245
ʣ	d	1.9238469481586853
ˈe	ˈe	1.821474688283592
m	ŋ	1.640797123006651
r	l	1.5549642638205996
ˈa	ˈɛ	1.55455373089732
a	ˈa	1.5400370132394494
o̯ˈa	ˈɔ	1.4995352138382694
ɲ	ɲ	1.4591768373931404
ˈi	ˈi_v	1.2187843360733062
j	ɲ	1.159393836699256
ʎ	j	1.1195779510301471
k	p	1.1141782344763875
ʧ	θ	1.0842830138099122
ə	w_a	1.047129305916647
e_#>	#>	0.9287712379549448
ˈə	ˈi	0.9165530088879223
n_e	ŋ	0.8684243065732854
r_i	l	0.8556212173341301
t_i	t	0.8160819603903567
i	v_e	0.8111682578196501
i	e_r	0.7632513220617403
p_t_i	t	0.7609111160797836
e̯ˈa_w	ˈe	0.7388986635873499
ɨ	a	0.6966458741777395
j_#>	#>	0.6947862376664824
i	i	0.6248723285602455
e̯ˈa	ˈɛ	0.6234817764318922
ˈu	ˈi	0.5550429877613074
i	o	0.4189771260447567
ʦ	t	0.3949196617838014
i	ˈe	0.24136476059864
u_#>	#>	0.2339850002884624
i	a	0.0767089917665684
i_#>	#>	-2.427382256314694
#>	o_#>	-0.5262709801440205
<#_k	<#	-0.0806535444678602