Phone1	Phone2	PMI
b	b	6.444581744809956
f	f	5.88281787218112
ɡ	ɡ	5.880772255979694
u	ʧ_o	5.727017649940374
ç	f	5.420797340283006
ˈu_k	ˈɔ	5.320331905906628
p	p	5.270570745721375
k	ɡ_o	5.201784489291502
ʦ	θ	5.198439897455957
ʣ	ð	5.093846183019613
d	d	4.964229210508117
ɲ	m	4.904044846094407
ɡ_ʎ	j	4.861417957563565
ˈi	ˈi_v	4.828655560889471
s	s	4.82419232494125
o̯ˈa	ˈo	4.818757978271195
j	v	4.808341644298123
ʤ	ð	4.796354610872348
ʃ	s	4.760078085859985
ˈo	ˈɔ	4.66179912094171
ʦ	z	4.648681691543358
ˈu	ˈu	4.618610540539645
m	m	4.599111709268635
ˈa_v	ˈɔ	4.531270143998785
n_i	ŋ	4.484227197597343
ʎ	j	4.476145533107528
k	k	4.393479522593671
v	v	4.362296495664664
e̯ˈa	ˈe	4.353698323855545
ʃ_t	s	4.343579360524988
t	t	4.34171336123434
ˈi	ˈi	4.198480345528784
l	l	4.188106681993284
e̯ˈa_w	ˈe	4.176195381137282
t_i	t	4.096341263142127
p_t_i	t	4.049486358858312
ˈo	ˈo	3.9986653000585743
ˈɨ	ˈa	3.9702072138792994
ˈə	ˈi	3.9587656144214356
ə	a	3.9326762302274116
ɲ	ɲ	3.9147459779088423
ˈe	ˈɛ	3.909444402111534
n	n	3.877212457538904
p_t	t	3.829703908780922
i	e	3.785704728952994
ˈa	ˈa	3.772856670719222
a	ˈa	3.7507371634352333
r_i	r	3.737684000166105
e_#>	#>	3.685864250999689
ˈu	ˈo	3.6820920772604393
o̯ˈa	ˈɔ	3.647175671600313
u	o	3.6389437168983254
ʣ	d	3.580282123271176
<#_a	<#	3.362386545730752
ˈi	ˈe	3.3571148743501693
l	j	3.2968777410257957
n	ŋ	3.22899378503307
t_u	t	3.072024113793902
r	r	3.031584500253529
k	ɡ	2.965849520437836
t	d	2.9247388101074594
i	e_r	2.8574752227977136
u_r	o	2.8426792095742126
ˈe	ˈe	2.725625900225342
ˈu	ˈi	2.668099565626926
<#	<#_a	2.6429321254998444
i_r_i	r	2.426432898705353
ʧ	θ	2.33125671452358
m	ŋ	2.3056124701846707
ˈa	ˈɛ	2.2801259572919066
p	k_w	2.1277239201698577
ə	w_a	2.099739760661015
j_#>	#>	2.0624431873843787
w	v_o	1.829957354270539
r	l	1.821608388209646
ˈe	j_ˈe	1.7923235978731558
p	v	1.5984412962190266
i	i	1.3253618733110248
#>	s_#>	1.295076974529163
r_i	l	1.1707082983067998
e	ŋ	1.0553427169772858
i	r_e	0.8956081559691433
ˈa	j_ˈe	0.7505827150743998
j	ˈɛ	0.6262930354168732
ʦ	s	0.4744946553176324
i	o	0.44889171209366235
i	ˈe	0.435220669648034
i	a	0.3495360535722429
u_#>	#>	0.2804666241191173
<#_k	<#	0.10175116161270659
i_#>	#>	-2.7077537650736123
#>	o_#>	-0.35765417607283984