Phone1	Phone2	PMI
f	f	6.77496449013183
b	b	6.518970715017285
ɡ	ɡ	6.485922300559743
ʣ	ð	6.009397345130835
d	d	5.915008931401616
ʦ	θ	5.830197563313505
p	p	5.804878128812076
r_i	r	5.559590246680793
j	v	5.528106150442
ˈu	ˈu	5.423610256464187
ʃ_t	s	5.420823586573891
t	t	5.27020531058514
o̯ˈa	ˈo	5.265590091536836
e̯ˈa	ˈe	5.1245626011591
ˈi	ˈi	5.000905822073533
ˈo	ˈɔ	4.9618796763251645
k	k	4.948017054711174
s	s	4.9422139408562735
ˈe	ˈɛ	4.919600942442599
m	m	4.914490317001161
<#_a	<#	4.688141473417006
ʤ	ð	4.673228164185826
l	l	4.607743933624204
i_#>	#>	4.543307658465062
i	e	4.536064070786092
u	o	4.535960979626046
ˈu	ˈo	4.511043055712856
ˈɨ	ˈa	4.44433332236357
ˈa	ˈa	4.390500608525227
n	n	4.292950770646409
ə	a	4.25043558994377
<#	<#_a	4.160571882290589
ʃ	s	4.125188885438345
p	k_w	4.088814983616133
v	v	4.046121078025068
ˈi	ˈe	4.007511582151027
ˈo	ˈo	3.948041942368874
k	ɡ_o	3.888532207200517
p_t	t	3.8752608998649816
n	ŋ	3.727123145961537
ˈa_v	ˈɔ	3.7027079586914295
r	r	3.5789862713562988
l	j	3.425883829801029
ç	f	3.3352770993944927
ɲ	m	3.277069926798776
ʦ	z	3.0322639184480717
#>	o_#>	2.9567839746218008
ˈu_k	ˈɔ	2.934238202314186
k	ɡ	2.9048819792740503
u	ʧ_o	2.8528441514582554
t_u	t	2.8282879879950604
ˈe	ˈe	2.7931201928116938
n_i	ŋ	2.5994124531729077
t	d	2.53100370115904
ʣ	d	2.294654384174948
r	l	2.161747252338871
w	v_o	2.1568010065290664
m	ŋ	2.030105926361517
ˈa	ˈɛ	1.8453056999087545
o̯ˈa	ˈɔ	1.6575671166177883
u_#>	#>	1.5961462649106846
ɲ	ɲ	1.5570671417212285
r_i	l	1.491625256372214
ˈi	ˈi_v	1.425429893513829
ə	w_a	1.368276409370799
p_t_i	t	1.3000931197234833
ʎ	j	1.2561131719663894
k	p	1.250189741208498
t_i	t	1.1598219988853535
ʧ	θ	1.1376948338707105
n_e	ŋ	1.1055822713040129
e̯ˈa_w	ˈe	1.0567521716942625
i	e_r	0.981025762641282
ˈə	ˈi	0.9555574212844522
a	ˈa	0.8756107968972229
j	ˈɛ	0.8505046204804512
j_#>	#>	0.8411963507395205
e̯ˈa	ˈɛ	0.7903017150374694
<#_k	<#	0.7862488887501055
e_#>	#>	0.764865847966803
ɨ	a	0.747429024384983
i	i	0.7059497799306387
i	o	0.6913097660382949
ˈu	ˈi	0.6634267760682225
ʦ	t	0.5873723598445891
i	a	0.325970705777311
ˈa	ˈe	0.2980599382214135
i	ˈe	0.2903492775303841