Phone1	Phone2	PMI
ˈɛ_n	ˈẽː	7.346549693960103
ɲ	ɲ	7.284961600775657
ɡ	ɡ	6.893155956986917
ˈu_n	ˈũː	6.781475922352085
ˈiː	ˈi	6.571923899946596
u	u	5.889300195491258
ˈuː	ˈu	5.648938577655187
b	b	5.587861800274415
ˈɛː	ˈɛ_l	5.562738034567135
ˈu	ˈu	5.495416242984536
d	d	5.432437723030103
p	p	5.3604585340128255
m	m	5.33222015479729
f	f	5.00188970324287
ʧ	ʧ	4.965696813238412
ˈa_j	ˈe	4.8572935050269885
ˈɔː	ˈɔ	4.708885933009888
v	ʋ	4.6232966736941075
ˈɔ	ˈɔ	4.590583006121434
n	n	4.585182424340131
s	s	4.503427015338175
t	t	4.49489250897303
ˈa_w	ˈãː	4.33458367333813
ˈaː_r	ˈa	4.307957558711822
ʃ	s	4.293815078629049
ˈɛ	ˈɛ	4.287480607144129
j	ˈe_j	4.255387664293046
ˈaː	ˈa	4.16039987856472
k	k	4.1511848130073465
ˈa_w	ˈɔ	4.069256584651998
ʎ	ˈø	3.97000733566404
ˈeː	ˈe	3.8157654135118935
ˈa	ˈa	3.7673791596335233
#>	u_#>	3.7487565080661516
l	l	3.736523042768323
r	r	3.6894419810415613
n_t	t	3.6547213016498197
ə	a	3.529880027976988
ʨ	k	3.4792027256084226
ˈɛː	ˈɛ	3.3388761132779607
ˈi	ˈy	3.221366188295453
ˈɔ	ˈøː	3.1478370860694285
n	ɲ	2.874376329370604
<#_ə	<#	2.864397795066704
ˈi	ˈi	2.7943385302419257
ˈe	ˈe	2.769138327051053
ˈɛ	ˈe	2.6692009610581935
ʨ	ʧ	2.627755607085414
l	j	2.5870827994296794
<#_ʎ	<#	2.4991710053774345
ˈi	ˈĩː	2.35863207662871
ʦ	ʦ	2.3506679847685423
#>	k_#>	2.2245952447230155
ˈɔ	ˈa	1.9677023843999049
j_r	ˈɛ	1.9606729033648556
ˈa	ˈaː	1.8945873188936875
n_#>	#>	1.8741117719962146
ə	e	1.7922011453943933
l_j	l	1.7734621611667079
r	e_r	1.702675429626048
j	ˈɛ	1.6615759708069864
ʃ	ʤ	1.6491010523177292
#>	ʧ_#>	1.5567647054187135
v	b	1.484949148758055
ˈa_j	ˈɛ	1.3399061824065992
ˈa	ˈãː	1.2717659219544282
ʨ	t	0.9740462723278005
ˈu	ˈyː	0.9507916545904335
ˈɛ	ˈø	0.923780137312543
l_#>	#>	0.9117710991426691
r_ˈa	r	0.7656797330883488
ˈa_w	ˈa	0.4738767413291961
#>	t_#>	0.36657800283294834
t	ʧ	0.3371428276081806
r_#>	#>	-0.005311346260101911