Phone1	Phone2	PMI
θ	ʧ_e	7.206963546088179
w	w	7.145463665026552
ɲ	ɲ	7.073923124174095
ŋ	n_e	6.666930222184344
ʃ	ɟ	6.531081804683555
ŋ	ŋ	6.509698763900252
ɡ	ɡ	6.414568351615338
f	f	6.273380526717328
ʝ	c	5.901475896499321
ˈu	ˈu	5.843999023773301
j_ˈe	ˈe	5.54601251099608
ˈi	ˈi	5.389827930725502
m	m	5.3335593072671355
d	d	5.278870768002679
w_ˈe	ˈɔ	5.229682951541929
ɣ	ɡ	5.203925226835746
p	p	5.166729419577271
θ	ʧ	5.1509186649636485
ˈa_ɾ	ˈa	4.985632861873176
s	s	4.983787572149016
b	b	4.910875904143305
l	l	4.832657861710516
b	v	4.707338645571212
j_ˈe	ˈɛ	4.615085803848351
ʎ	lː	4.5918903528397905
k	k	4.514974716000256
ɾ	r_e	4.5013336201304455
ʎ	l	4.4306420924904115
ʧ	tː	4.402352815557311
i	i	4.3790144753591065
ð	t	4.341397313290994
<#_a	<#	4.33270820933121
ˈe	ˈɛ	4.230698259675677
ˈo	ˈo	4.229040630086469
t	t	4.212379496885244
l	l_e	4.2113061944167995
β	v	4.160574128670996
o	ˈɔ	4.131878607878144
ˈa	ˈa	4.06361645071544
s_#>	#>	4.0606225840914725
n	n	4.017907228923068
ɣ	k	3.9058796641489333
ˈe	ˈe	3.853797061560425
<#_e	<#	3.7849894703666473
k	kː	3.7822854107320047
ɾ	r	3.7317203804941568
t	tː	3.721455510137785
ˈo	ˈɔ	3.721307136990689
a	a	3.7166623264639838
β	b	3.695687138571408
o	o	3.69158750252047
w_ˈe	ˈo	3.589343353426234
u	u	3.5567052558212136
e	e	3.475930029798252
e	i	3.426880955080605
β	p	3.376103157449835
ɾ	e_r	3.3419787218346766
r	r	3.0985983222615565
<#_ɡ	<#	3.067996970222416
ɲ_a	ɲ	2.8902169617678064
s	z	2.7762459149723213
ʎ	p_j	2.528323591841991
b_j	v	2.463954522429128
ˈo	ˈu	2.3245555752442715
ˈe_ɾ	ˈɛ	2.151043435614686
ð	d	1.9086792961565795
ɾ_e	r	1.893271538311676
n_a	n	1.8526499219077905
ˈe_ʝ	c	1.6502891970124214
l	lː	1.5719292210993854
ˈe_β	v	1.3109234746721785
ʝ	ʎ	1.294980497580105
j	j	1.2214032428181691
e_s	s	1.1220113769794928
<#_r	<#	0.892295889457231
o	j	0.8412641644177633
ˈe	j	0.6385465164657201
ʎ	j	0.5801761699980046
ɾ	j	0.3592698090743528
#>	e_#>	0.09387580575605999