Phone1	Phone2	PMI
ð	ʤ	7.523066854176327
ˈɔ	ˈɔ	6.216656311769226
j_ˈe	ˈiː	6.015863828586392
ˈa_r	ˈaː	5.883235377007527
ˈu	ˈu	5.875227814491044
ɡ	ɡ	5.685841498016779
p	p	5.448435513240179
e_r	i	5.3966077259211405
ˈɛ	j_ˈɛ	5.359224897601893
f	f	5.358019123317972
ˈi	ˈi	5.352753338262425
v	v	5.302035074710954
b	b	5.287510731635019
θ	ʧ	5.25930821101004
m	m	5.237322749265988
o	o	5.196075577918042
z	z	5.172432433195972
ɲ	ɲ	5.075572603271799
ˈe	ˈe	4.874335544292363
d	d	4.848037058057407
k	c	4.616299103869878
ˈo	ˈo	4.598932759047251
ˈo	ˈoː	4.53782308870755
ŋ	ŋ	4.463131505683592
s	s	4.458633072345486
n	n	4.431515600443646
k	k	4.2189648632092345
ˈa	ˈaː_t	4.144672728372006
ˈu	ˈuː	4.13890018586206
ˈa	ˈa	4.101320404811978
l	l	4.062103323466326
r	r	4.036298479951777
t	t	4.001342880676124
ˈɔ_ʧ	ˈɔ	3.866580676326308
ɡ_o	k	3.839840975919268
e	i	3.8314403949297415
u	u	3.652419792644245
o	u	3.6501795908760624
o	l_i	3.597754293779409
ˈe	ˈeː	3.5695983876186257
i	i	3.568979451532857
t_o	t	3.507018291597931
ˈo	w_ˈi	3.415244147144695
a	e	3.402232502930401
n	ɲ	3.268588044678476
ˈɛ	ˈɛ	3.2391164276830646
j	l	3.219816438659681
a	a	3.187600787085241
j	j	3.042731868096188
r_o	r	2.967049440205101
ŋ	n	2.7240302806563967
ˈe_r	ˈeː	2.708723441307085
e	e	2.6488549661578062
ˈɔ	w_ˈa	2.573630652507683
b	b_j	2.5052771500221827
m	m_j	2.4945946593782056
ˈe	ˈɛ	2.370487386215875
e_#>	#>	2.3588777621540937
ˈa	ˈaː	2.202348999374585
o	w	2.169791600134624
ˈɔ	v_ˈɔ	1.5823440658345882
ˈo	ˈuː	1.5298082495184433
ɡ_o	ˈuː	1.4926087993823702
a	l_e	1.490990995132668
ɡ	k	1.477424106429826
o	i	1.323920727409035
ˈi_r	ˈiː	1.2952189312765072
ˈɔ	w_ˈɛ	1.2427989081446629
w	w	1.220790687414213
b	b_w	1.2005796303655836
f	f_j	1.1950076249463746
n	ŋ	1.1233582768363328
e	a	1.054005335174597
v	v_j	1.0473794482263517
e_ɡ	i	1.0122114314207384
ˈo	w	0.937113424723466
ˈi	ˈiː	0.8938067280778798
ˈe	i	0.814651325712729
o	ˈuː	0.8140301457960655
j	ɡ	0.7602984805537862
ˈe	ˈi	0.7530885024516021
ŋ	m	0.6796537078630989
#>	f_#>	0.656021583838547
z	s	0.4968194544741921
o	a	0.4444307644850753
ˈɛ	ˈe	0.4227612311844398
ˈo	ˈi	0.3529633506113185
#>	s_#>	0.2879568323229059
t	d	0.2721517799320543
#>	i_#>	0.0501923147066437
<#	<#_v	0.0501923147066437
r_#>	#>	-0.7500268436017774
o_#>	#>	-0.0940547391439874