Phone1	Phone2	PMI
ð	ʤ	7.106822257175118
u	u	6.887204907958186
z	z	6.726092961749036
ˈu	ˈu	6.403892800808425
ɲ	ɲ	6.200938646634287
ˈɔ	w_ˈa	6.196184409915169
ˈa_r	ˈaː	6.17937946322789
j_ˈe	ˈiː	5.975877979663873
ɡ_o	k	5.965931590717292
ɡ	ɡ	5.9514268250303175
b	b	5.83390217333031
ˈi_r	ˈiː	5.825226099362502
ˈɔ	ˈɔ	5.6728279880514085
ˈo	w_ˈi	5.570978037683808
θ	ʧ	5.479669386368359
e_r	i	5.256917940679123
o	o	5.224676160988104
p	p	5.18398982145033
f	f	5.181826224080815
ˈi	ˈi	5.15166153924075
d	d	5.116112157044966
m	m	5.089015852134924
v	v	5.061157425719143
ˈɛ	j_ˈɛ	4.996395680790983
o	u	4.810598295409825
f	f_j	4.785564513567945
t_o	t	4.626115850531973
k	c	4.594773452776786
s	s	4.580207674930007
ˈo	ˈo	4.564849754203736
ˈe	ˈe	4.529071871492751
i	i	4.525892000150975
ˈe	ˈeː	4.372887568651786
ˈe_r	ˈeː	4.3439535207497055
k	k	4.334951936050375
ŋ	ŋ	4.31480372254859
ˈo	ˈoː	4.297929369219241
j	j	4.178676194172027
l	l	4.142437313425016
t	t	4.1345446291958
ˈa	ˈaː_t	4.095381106219773
ˈu	ˈuː	4.093848877102711
n	n	4.085902441534193
ˈa	ˈa	4.024298894832828
ˈɔ	w_ˈɛ	3.964006447812824
r	r	3.9552832635988784
e	i	3.9341218413920367
r_o	r	3.858337235049327
ˈo	ˈuː	3.841672147141237
o	l_i	3.733649259884947
n	ɲ	3.656924505746848
a	e	3.492094261143685
a	a	3.339634152997711
ˈɛ	ˈɛ	3.334833820577176
r_n	r	3.2076493376024664
w	w	3.1876370860890857
e_ɡ	i	3.177521374494026
w_a	e	3.146196214164364
ˈɔ	v_ˈɔ	2.9352529547243043
e_#>	#>	2.841489285874474
ˈɔ_ʧ	ˈɔ	2.825307383677099
j	l	2.818486694033401
ŋ	n	2.647803996283409
ˈa	ˈaː	2.608671991095906
e	e	2.6028387110285736
b	b_j	2.487226727359493
m	m_j	2.4203165905977406
z	ʧ	2.2567883302167218
ˈe	ˈɛ	2.178394987211357
ˈɛ	ˈe	1.9261209060741589
ˈe	ˈi	1.7154876163349038
o	i	1.6624141566540347
ʧ	l	1.4982076965779043
a	l_e	1.410653436610705
n	ŋ	1.378932951059353
v	v_j	1.183235758824125
o	w	1.1799224086938112
v_o	f	1.1454300792584826
ˈo	w	1.0529290153545152
e	a	1.0439160792721114
ˈi	ˈiː	0.972617318884207
z	s	0.9532867479499318
a	l_a	0.9293269368324651
j	ɡ	0.8706995433153608
#>	s_#>	0.7077173668611624
ŋ	m	0.652824449850329
ˈe	i	0.5368035938435156
o_#>	#>	0.533705015877183
t	d	0.3219372894401665
ˈe	ˈo	0.3055705836344228
#>	i_#>	0.0955147438348467
<#	<#_v	0.0955147438348467
r_#>	#>	-0.5915687904283925