Phone1	Phone2	PMI
ð	ʤ	7.197178597283747
ˈi_r	ˈiː	7.184820259995788
z	z	6.639801356894679
u	u	6.501583050137328
ɲ	ɲ	6.376667573678043
ˈa_r	ˈaː	6.275723061734321
j_ˈe	ˈiː	6.132449614901017
ˈe_r	ˈeː	6.103313292076283
ˈu	ˈu	6.067173243007967
ˈɔ	w_ˈa	6.004442224148431
ɡ	ɡ	5.856019013314181
b	b	5.643475004600613
ˈɔ	ˈɔ	5.518989745344997
θ	ʧ	5.46921596041736
e_r	i	5.446133014155192
p	p	5.37962588320427
f	f	5.219397433829377
o	o	5.198144621231717
ˈɔ	w_ˈɛ	5.178190572527209
ˈɛ	j_ˈɛ	5.119158092817568
d	d	5.092983814327601
o	l_i	5.068745192298795
ˈi	ˈi	5.066613736945227
m	m	5.003393500861752
v	v	4.889954479973829
ˈu	ˈuː	4.84586065491899
f	f_j	4.821997068100087
o	u	4.814587573889354
t_o	t	4.78571393438456
i	i	4.7758938366275405
r_o	r	4.773599317460169
ˈe	ˈe	4.734552928567794
ɡ_o	k	4.678137138385505
s	s	4.650876659468724
ˈo	ˈo	4.485629791736141
k	c	4.475807773160718
ŋ	ŋ	4.411040517344183
ˈo	w_ˈi	4.346815456542812
ˈɔ_ʧ	ˈɔ	4.32704233879302
j	j	4.316882526185422
ˈo	ˈoː	4.27081868635528
n	n	4.2356812410737845
ˈe	ˈeː	4.225403707702818
t	t	4.193146388839839
k	k	4.179954325138791
ˈa	ˈaː_t	4.164198791227964
l	l	4.110261199179883
ˈa	ˈa	4.108881381549146
e	i	3.9523316931330754
r	r	3.888919689364975
ˈo	ˈuː	3.8473271700456455
n	ɲ	3.750710127708616
m	m_j	3.5794009848486783
ˈɛ	ˈɛ	3.527951711476275
a	e	3.394307173605401
a	a	3.230473554666048
w	w	3.168614156167229
w_a	e	3.131279799761679
j	l	2.933943423639497
o	w	2.8792133244888163
ŋ	n	2.7209474982798065
e_#>	#>	2.6815744856993544
z	ʧ	2.642219722645493
ˈɔ	ˈa_w	2.61387936556408
e	e	2.530231447512149
ˈa	ˈaː	2.509598624369743
b	b_j	2.506690918492612
e_ɡ	i	2.214196260679747
ˈe	ˈɛ	2.0352560804933333
e	a	1.9788284461467225
ˈe	ˈi	1.8222587523973817
n	ŋ	1.585601425277877
ˈɔ	v_ˈɔ	1.4562080913008182
o	i	1.4490155134598783
a	l_e	1.3115938515736214
v	v_j	1.1720096468175252
ŋ	m	1.07772431601752
z_e	s	1.0140821325088747
ˈo	w	0.881739596791514
z	s	0.8482233982670458
ʧ	l	0.8394012567318775
ɡ	k	0.7392846445885427
ˈe	i	0.6979464286479331
ˈɛ	ˈe	0.6857552484956702
ˈe	ˈo	0.6816166535608994
#>	s_#>	0.5710540531180642
o_#>	#>	0.5637215385641353
v	f	0.4041215568401505
t	d	0.2241897326446153
<#	<#_v	0.1469322354741206
#>	i_#>	0.0489774118247069
r_#>	#>	-0.8218936709950044
#>	t_#>	-0.102427237476785