Phone1	Phone2	PMI
ð	ʤ	7.388361319191643
z	z	7.166339506244178
ɲ	ɲ	6.482477708650812
ˈa_r	ˈaː	6.148144399663209
b	b	6.008774023893556
ˈɔ	ˈɔ	5.94240690435746
ˈɛ	j_ˈɛ	5.905822178751593
ˈɔ	w_ˈa	5.866599936934218
θ	ʧ	5.690386748257582
ɡ	ɡ	5.674707019095017
j_ˈe	ˈiː	5.639411209282289
f	f	5.443447642053574
e_r	i	5.35819926818205
p	p	5.147197646588441
ˈi	ˈi	5.118883907073284
ˈɔ	w_ˈɛ	5.115802827054282
m	m	5.115681574861404
o	o	5.086894536767664
ˈu	ˈu	4.964584957852749
o	u	4.937886757827287
d	d	4.934592313223735
ˈe	ˈeː	4.861796999762921
v	v	4.779516699804655
k	c	4.60657511647487
ˈe	ˈe	4.597647019024905
e	i	4.577443537301276
r_o	r	4.558157454318692
s	s	4.553275107228241
ˈo	w_ˈi	4.513929774124158
ˈo	ˈoː	4.500130430317514
ŋ	ŋ	4.48484402009424
ˈo	ˈo	4.4386459902711755
j	j	4.417022662177058
k	k	4.384299054692141
t	t	4.351250753807525
n	n	4.242132931123782
ˈa	ˈa	4.0757231616805685
l	l	3.982039657832199
r	r	3.917891536228479
n	ɲ	3.8142411880992495
ʧ_o	l	3.651412390114958
a	e	3.607347010820063
i	i	3.5234153915445257
a	a	3.388577844140601
ˈo	ˈuː	3.2511083606470597
ˈa	ˈaː_t	3.1742644780978875
ʧ	l	3.0894669643133543
ˈa	ˈaː	3.007482653120415
ˈɛ	ˈɛ	2.8712642069151024
t_o	t	2.7338349225988186
e_#>	#>	2.4636955483522227
ˈi	ˈiː	2.455131300297695
ˈu	ˈuː	2.284458598858788
ŋ	n	2.272502279162115
#>	s_#>	2.2646443359726667
#>	ʧ_#>	2.187042220033199
j	l	2.140796404057258
ɡ	k	2.0710388151989094
v_ˈe	v	2.0319269800770257
r	a_r	1.7591530212955235
ŋ	ˈi_n	1.6514616034202947
#>	i_#>	1.5924349410484868
n	ŋ	1.5477369229776867
ˈe	ˈɛ	1.4267337926332522
ˈi_r	ˈiː	1.3834820905628546
o	w	1.3220806972135861
m	e_m	1.2503261023529049
u	u	1.1973782592944537
m	m_j	1.167318602497136
ɡ_o	k	1.0664895904186236
ŋ	m	1.0484761815246761
v	f	1.0194021707869996
z_e	s	0.9576254871738614
o	ˈuː	0.9568179248706541
<#	<#_j	0.8595361097281371
o	i	0.7696019306887592
o_#>	#>	0.7508509906823598
e	e	0.5313503010073457
<#	<#_v	0.4942496161849637
ˈe	ˈi	0.4387504576624163
#>	t_#>	0.33482190594697037
#>	ŋ_#>	0.13659414090509536
r_#>	#>	-0.23635276864500082