Phone1	Phone2	PMI
ˈɔ	w_ˈɛ	8.077120024312638
ð	ʤ	7.99820237573201
ɡ_o	k	7.734573234727724
ˈa_r	ˈaː	7.589705637560033
j_ˈe	ˈiː	7.43246784381588
e_r	i	7.069278470968056
ˈɛ	j_ˈɛ	6.624586344472107
ɡ	ɡ	6.522232403871426
b	b	6.111295184601973
m	m	5.943574433214259
p	p	5.92877241853035
ˈi	ˈi	5.870653306595419
θ	ʧ	5.856007347235928
v	v	5.571082373553809
o	o	5.563189806941864
f	f	5.557193366641985
ɲ	ɲ	5.422890508261767
i	i	5.315063640672521
d	d	5.297665381626815
ˈe_r	ˈeː	5.2477345908543445
s	s	5.205974140126492
ŋ	ŋ	5.185063146046953
ˈe	ˈe	5.163739138803947
k	c	5.161087266346275
ˈo	ˈoː	4.996001348631351
ˈu	ˈu	4.99451670589108
n	n	4.986925914914865
u	u	4.981670785462607
ˈɔ	ˈɔ	4.953275474770812
t	t	4.942172583324419
ˈo	ˈo	4.938877551390534
o	u	4.903348203264408
ˈe	ˈeː	4.8757255915107205
ˈa	ˈa	4.810549130233102
k	k	4.730992738591048
r	r	4.592101766321686
l	l	4.568151966524583
o_#>	#>	4.466566044591538
ˈo	ˈuː	4.456736626697579
e	i	4.396346938421311
ˈu	ˈuː	4.313754093567761
z	z	3.9993923204843647
a	e	3.933984038475526
ˈo	w_ˈi	3.903940485551568
ˈɛ	ˈɛ	3.7940591303015183
a	a	3.7913468790611806
t_o	t	3.78795894648868
j	j	3.657568318006847
n	ɲ	3.569345522495857
ŋ	n	3.535807049633485
r_#>	#>	3.529674418023953
ˈi_r	ˈiː	3.5216030334681268
j	l	3.360417412440308
ˈɔ_ʧ	ˈɔ	3.348590763686566
e_#>	#>	3.2736368024393427
ˈɔ	v_ˈɔ	3.199719141709596
e	e	3.197961118769926
o	l_i	2.835855502617292
ˈe	ˈɛ	2.71593649151024
f	f_j	2.7143998550249995
ʧ	l	2.625417414160656
ˈa	ˈaː	2.615678743685537
r_o	r	2.6105213136928143
z_e	s	2.5717662225704085
ˈa	ˈaː_t	2.554819758422731
#>	t_#>	2.4539613004867453
o	i	2.143862167826774
#>	s_#>	1.9271834998379125
n	ŋ	1.870996148431905
j	ɡ	1.738532330637926
m	m_j	1.5105774519572106
ˈɔ	ˈa	1.4622223678404171
ˈe	ˈi	1.460855188307651
w	w	1.4516972810873734
b	b_j	1.450967505062544
v	v_j	1.4347401525174628
o	w	1.4245773135899682
ˈe	i	1.3087483065932894
ˈo	w	1.0888815366010896
r_n	r	1.0550339420274222
ˈi	ˈiː	1.0534391163568704
ŋ	m	1.0343710997318858
#>	i_#>	0.9979719897260124
w_a	e	0.9808039998374214
ˈɔ	w	0.9546119156533248
ɡ	k	0.9385485434481357
a	l_e	0.8377164286290023
o	ˈo	0.7566493770308508
z	ʧ	0.7206306162704139
e	a	0.7038859576759706
v	f	0.6844657562082572
ˈe	ˈo	0.3986089674689052
t	d	0.3476793954722383