Phone1	Phone2	PMI
rː	ɾ_n	8.38577268525646
sː	sː	7.9245248933017765
ɖː	lː	7.66595682437953
n_ʤ	ɲː	7.664507154929875
ŋ	ŋ	7.58313548338246
j	kː_j	7.478579021902486
ʣ	ʎː	7.311394942347383
ʃː	ʃː	7.190818060603699
ɡ	ɡ	6.99793258356749
d	d	6.735431798320815
ɲː	ɲː	6.666916458080094
o	u	6.53196572255393
rː	rː	5.781484717044779
<#	<#_w	5.6104845059161645
f	f	5.472246938651746
ʒ	ʃ	5.439166044090655
m	m	5.437741491595246
ʧ	ʃ	5.336197169289588
ˈa_i	ˈa	5.231916476328757
p	p	5.225201977734075
ŭ_#>	#>	5.19702893483045
b	b_w	5.122586871508116
s	s	5.105286626465381
w	w	4.983846061232918
b	v	4.8599007623064265
l	l	4.843973998472215
ˈu	ˈu	4.829310272805863
ˈa_r	ˈa	4.771060998715622
ˈe	j_ˈɛ	4.691387432536538
ɣ	k	4.673563951762387
ˈo	ˈo	4.574517466995048
ˈo	w_ˈɔ	4.573072685706473
β	p	4.572822392667025
t	tː	4.521068071932599
ˈi	ˈi	4.468013606739762
k	k	4.378179635632829
r_ˈa	ɾ	4.316713720588512
m	mː	4.313112299736653
ˈe	ˈɛ	4.268844360944466
r	r	4.181194104951668
n	n	4.155722985613386
ð	t	4.1336547162261725
z	j	3.976777976609337
ˈa	ˈa	3.937194251496524
ˈo	ˈɔ	3.9045289727836563
<#_i	<#	3.852663862415888
r	ɾ	3.8503333571157303
t	t	3.8122766760104283
p	p_w	3.810967797991529
e	i	3.794487741105643
o	o	3.7719071439138596
m	m_j	3.7347465410426306
a	a	3.7313192102310877
e	e	3.656572373508284
i	i	3.6512396902721402
ˈi	ˈe	3.6486650848626154
b	v_j	3.6269135877857224
k	kː	3.590100174872221
ˈe	ˈe	3.4985227289229996
t	w_t	3.3710464374639724
nː	nː	3.1116439537950966
u	o	2.9924088955966557
β	v	2.9002442103467914
u_z	ə	2.8477088960182093
f_r	ʃ	2.7040273189904043
j	j	2.624809623335299
n	nː	2.585792190813732
s	ʃ	2.5786921217796044
i_n	ə	2.2724446907106763
e_#>	#>	2.244797161368263
t	t_j	2.210371243064691
i	ə	2.106767301222275
u	ə	2.10153754432744
ˈe	ˈi	2.05613648991159
e	ə	2.018517625550022
a	ə	2.009197335037176
ˈo	ˈu	1.9975040361940375
u	u	1.9302681641516337
ŏ_#>	#>	1.388502901067848
ă_#>	#>	1.388502901067848
ʧ	k_j	1.3100302518916316
i_s	ʃ	1.2684869907562746
ˈe_z	ˈe	1.259721830220945
l	l_w	1.172257580783402
p	k_j	1.0602548584371414
k	k_w	1.0552413305119404
ˈa	ˈa_v	1.0538470668121322
j_#>	#>	0.988502901067848
r_ˈa	ˈa	0.9692479824711473
ˈa_j	ˈa	0.8211928146324661
o_z	ə	0.6831885555772402
i	ɾ_ə	0.538214222647935
a_z	ə	0.484828006637717
f	ʃ	0.38411797277781656
j	ə	0.08104187060707378
i_#>	#>	-0.1837920339573065