Phone1	Phone2	PMI
rː	ɾ_n	8.294662446202063
ɖː	lː	8.036073072782463
lː	ʎː	8.026605181815992
ŋ	ŋ	7.94473175544281
m	m_j	7.737771171783811
n_ʤ	ɲː	7.699445798952985
ɡ	ɡ	7.3435317226484305
j	kː_j	7.033143895136285
o	u	7.009660820369739
d	d	6.878516935828605
ˈa_i	ˈa	6.762612099429077
ʦ	ʦː	6.507472591146755
m	mː	6.071976583482795
f	f	5.8996689661315225
f_r	ʃ	5.891497735009102
m	m	5.871908282143103
ɲ	ɲː	5.768909440702573
ʒ	ʃ	5.7518853264487575
s	sː	5.678260708808648
b	v	5.625049588659104
ˈo	w_ˈɔ	5.60217437059707
s	s	5.563397657504319
ʧ	ʃ	5.549230453876148
ˈu	ˈu	5.547585157553953
p	p	5.510350956025444
ˈe	j_ˈe	5.446185723766166
ˈe	j_ˈɛ	5.4299359403958825
w	w	5.428841412592151
t	t_j	5.387554773218556
t	tː	5.193008646176265
β	p	5.059656658593918
l	l	5.016569107636521
ˈo	ˈo	5.01655566955249
ˈi	ˈi	4.994953379074188
ɣ	k	4.983689313562307
ˈe	ˈɛ	4.8573389936275815
n	n	4.839598358550863
ð	t	4.8011585664709076
k	k	4.755895613606974
e_#>	#>	4.753784001295748
ʃː	ʃː	4.734069603720991
nː	nː	4.715980127067909
b	b_w	4.64638066880406
r	r	4.541379488579605
k	kː	4.473087174820279
ˈa	ˈa	4.456772989459622
p	p_w	4.441235360594721
i_n	ə	4.422433049430158
ˈo	ˈɔ	4.342214670670424
<#	<#_w	4.3189497161862525
u_z	ə	4.306791762429605
r	ɾ	4.277951324033084
t	t	4.267425894489379
a	a	4.265744505534048
o	o	4.25199498393822
e	i	4.238228370701551
ŭ_#>	#>	4.222145581315787
n	nː	4.217552257045877
t	w_t	4.073896210619179
i	i	4.002383523313698
ˈi	ˈe	3.984539521696961
ˈa_r	ˈa	3.829336764036361
<#_i	<#	3.7256885398925834
ˈe	ˈe	3.6008215529765426
β	v	3.369832504616544
i	e	3.1429273906758923
i_s	ʃ	3.081382376528855
u	u	3.0595605901742813
b	v_j	3.050760024236169
s	ʃː	2.9637146073936207
ˈe_z	ˈe	2.948446750453279
<#_b	<#	2.919903306666386
ˈo	ˈu	2.898266783884923
e	e	2.8329359146997604
u	o	2.7872113132159435
p	k_j	2.772675272942455
u	ə	2.652905676936742
e	ə	2.5749667863516255
r_ˈa	ˈa	2.5686115488248564
i	ə	2.5021125568292866
a	ə	2.442160150813978
j	j	2.349399358825252
j_#>	#>	2.2981818153279514
ˈe	ˈi	2.2678109070155728
s	ʃ	2.1529298264099923
i	ɾ_ə	2.10868182481491
a_z	ə	1.5648726665667678
ă_#>	#>	1.5366820710278661
rː	rː	1.4979402021271682
l	l_w	1.3355771700094843
k	k_w	1.3076113017635282
r_ˈa	ɾ	1.3008248440967103
b	b	1.2808622008439319
z	j	1.2487480236321975
j	v	1.163681527630853
j	ə	0.8683814837452037
f	ʃ	0.4773250107621423
o	ə	0.23983590912261415