Phone1	Phone2	PMI
rː	ɾ_n	8.685011636072407
ɖː	lː	7.662790591024468
ŋ	ŋ	7.220285614393421
ɡ	ɡ	6.701319606612946
d	d	6.531515137993531
o	u	6.075124747927749
ʣ	ʎː	5.891903863463655
ʒ	ʃ	5.663752973356933
ʧ	ʃ	5.506891963557221
p	p	5.346840702654782
f	f	5.3329704674616645
ˈo	w_ˈɔ	5.328777891755244
m	m	5.291241193072072
s	s	5.227435564053859
b	v	5.221059576551213
ŭ_#>	#>	5.1030181467437
ˈe	j_ˈɛ	5.026623223629545
w	w	4.958500720734762
ˈu	ˈu	4.890705966042887
ˈo	ˈo	4.721685104279198
l	l	4.562843981063965
ɣ	k	4.51718435960652
t	tː	4.506411495601604
sː	sː	4.4598083919835565
r	r	4.380274978567393
ˈi	ˈi	4.347677726748771
m	mː	4.287060744377032
k	k	4.256538152523019
ð	t	4.245382967998447
r	ɾ	4.097018331857911
n	n	4.075630073048792
ˈa	ˈa	3.957198352985444
ˈe	ˈɛ	3.9146623087372014
t	t	3.907233577191002
a	a	3.771794685933727
m	m_j	3.752631878013416
ˈo	ˈɔ	3.715640235034738
i	i	3.680743313895813
j	kː_j	3.568738822296459
β	v	3.565110168067925
ˈe	ˈe	3.4698652887786494
j	j	3.4120567317087005
ˈi	ˈe	3.3588612078024456
k	kː	3.313512653725004
u_z	ə	2.7735835030933487
β	p	2.7564606699362213
ʃː	ʃː	2.656614673220026
j_#>	#>	2.596756101305284
<#_i	<#	2.540890458670394
e	i	2.3513892821412354
e	ə	2.240610241947355
<#	<#_w	2.199140734780447
s	ʃ	2.1503943490784287
u	ə	2.1262180394633337
a	ə	2.059046368860824
i	ə	2.0524283783556467
e_#>	#>	1.6725285939802652
u	o	1.6339824448864042
ˈe	ˈi	1.4889789423051911
n	nː	1.3463369450826683
b	b_w	1.343532086553401
ˈo	ˈu	1.2392791959069611
i_s	ʃ	1.215020536522716
z	j	1.1924971114499747
k	k_w	1.1479277632075446
i_n	ə	1.096609138889798
ˈa_r	ˈa	1.0182959064602222
ĕ	ˈe	1.0010171966244654
o	ə	0.5068530167728575
u	u	0.4272497466571033
i_#>	#>	-0.4456412489618961
<#	<#_k	-0.0631858708531838