Phone1	Phone2	PMI
ŋ	ŋ	7.908414544983495
ɡ	ɡ	7.1575765058234255
j	kː_j	6.677392563743668
d	d	6.300858311190943
lː	ʎː	6.091531290668261
m	mː	5.579985250913353
ɖː	lː	5.574324145229268
f	f	5.4877778798161
m	m_j	5.366970557196089
ʧ	ʃ	5.296105622585716
m	m	5.140050781946079
b	v	5.122110897383661
p	p	5.096670297303241
ˈu	ˈu	5.0029596364623234
ʒ	ʃ	4.958602098835781
s	s	4.9585464438588085
rː	ɾ_n	4.8654716091128325
t	tː	4.623813090862335
ˈo	w_ˈɔ	4.602671383630738
ˈi	ˈi	4.5570312797576795
l	l	4.4813956287005245
ɣ	k	4.480743705018016
k	k	4.476827533425352
ð	t	4.399364282880034
n	n	4.356350363469972
ʦ	ʦː	4.350362239828283
r	r	4.191848293617842
w	w	4.172263815557826
ˈa	ˈa	4.129392812271044
ˈa_i	ˈa	4.086142412733944
k	kː	4.0698619048916616
ˈe	j_ˈɛ	4.041240460306862
ˈe	ˈɛ	3.994822873612574
r	ɾ	3.948258242864059
ŭ_#>	#>	3.9233996878237853
ˈo	ˈɔ	3.806328660728088
t	t	3.740805591006566
ˈi	ˈe	3.740680350385203
a	a	3.735378620491252
ˈo	ˈo	3.6271681946431724
i	i	3.6232131053372925
<#_i	<#	3.4735945497708034
<#	<#_w	3.237359729804789
s	ʃ	3.236493656042006
e	i	3.095542481267553
n	nː	2.9178523299122583
u	u	2.7268046532405164
rː	rː	2.659412800359401
β	p	2.580650099695745
o	u	2.5746160482760425
ˈo	ˈu	2.5014632365900935
p	p_w	2.44407974304488
β	v	2.4215083304855427
ɲ	ɲː	2.418667383674534
b	v_j	2.3990309790577755
f_r	ʃ	2.363685137466779
ˈe	ˈe	2.342015353406787
b	b_w	2.303018091888684
t	t_j	2.188446622479802
ˈe_z	ˈe	2.1485871252964532
ˈa_r	ˈa	2.126991707843171
e	ə	2.1048683466643974
t	w_t	2.085177248148293
u	ə	2.045035716728289
u_z	ə	2.0444398814288287
i	ə	2.021989717664972
r_ˈa	ɾ	1.9832905656061415
a	ə	1.898050431742227
s	sː	1.8710922143216455
ˈe	ˈi	1.7177966095346116
u	o	1.7032468730179575
i	e	1.6418661173231066
i_n	ə	1.5206341782152177
ʃː	ʃː	1.4670708081675203
n_ʤ	ɲː	1.457702357579756
ˈa_j	ˈa	1.4297467290899555
ŏ_#>	#>	1.4011249098387757
i	ɾ_ə	1.293681503021661
p	k_j	1.2599974602631465
nː	nː	1.2279752994895268
ˈe_ɖː	ˈɛ	1.1214343080579652
j	v	1.1191111962447646
o	o	1.0666388634638329
ˈe	j_ˈe	1.062594233108746
l	l_w	1.0581889718427464
j_#>	#>	1.0011249098387756
z	j	0.9670043831838425
e_#>	#>	0.9515413231914331
e	e	0.9028220205358906
s	ʃː	0.8927024175208359
o_z	ə	0.5667820862936239
ˈa	ˈɔ	0.2074406658466729
<#	<#_k	-0.35072795317848904
i_#>	#>	-0.30831826620010216