Phone1	Phone2	PMI
ŋ	ŋ	8.363204418532536
ɡ	ɡ	7.612366379372466
j	kː_j	7.544110750603233
d	d	6.755648184739982
lː	ʎː	6.449684073538268
m	m_j	6.245790773362971
f	f	6.048670696704896
ʧ	ʃ	5.936722229990828
ɖː	lː	5.932823273723429
ʒ	ʃ	5.76523370595243
m	m	5.709438627306136
b	v	5.601114537952811
p	p	5.572843211635584
ˈu	ˈu	5.5465395482501805
s	s	5.530402703635592
rː	ɾ_n	5.480594611804045
ˈa_i	ˈa	5.2946762556596685
ˈe	j_ˈɛ	5.108212388055005
t	tː	5.077511047309145
ˈi	ˈi	4.998995085822776
k	k	4.970493651940901
l	l	4.962250675163696
ɣ	k	4.960138383861713
n	n	4.900276567427825
ð	t	4.854655527551189
<#_i	<#	4.8280675801079305
m	mː	4.816035001505146
r	r	4.72676230178433
w	w	4.646705436647191
ˈo	w_ˈɔ	4.639014779520762
ʦ	ʦː	4.626883735128704
ˈa	ˈa	4.6054040756043575
k	kː	4.541052666952456
ˈe	ˈɛ	4.455490279506309
r	ɾ	4.455170175158444
ˈo	ˈɔ	4.448136205476171
<#	<#_w	4.251961601091208
t	t	4.198193227349297
a	a	4.19013553585686
ˈi	ˈe	4.170364047517471
ˈo	ˈo	4.106446693250835
i	i	4.081281585757136
s	ʃ	3.731266936770507
ˈe	ˈe	3.726026813189252
e	i	3.529680960746808
n	nː	3.3636639336234087
u_z	ə	3.2799746355229185
ŭ_#>	#>	3.227077325798906
u	u	3.2035544276876897
ˈo	ˈu	3.08397599749376
β	p	2.94159114089688
p	p_w	2.8835826036472416
rː	rː	2.838027524232173
b	v_j	2.8038988928776383
β	v	2.7677899142013844
o	u	2.752884426524661
b	b_w	2.727227390628784
e	ə	2.666673992491578
ˈa_r	ˈa	2.6525576418548416
ɲ	ɲː	2.5969357619231523
t	t_j	2.580914307330975
u	ə	2.565857496988329
i	ə	2.538773721506125
t	w_t	2.535297496218978
a	ə	2.376619247980587
ˈe	ˈi	2.180845126150912
s	sː	2.150897030365601
u	o	1.9961230535196963
i	e	1.884595112881449
e_#>	#>	1.8034900615932157
n_ʤ	ɲː	1.7464973359671805
i	ɾ_ə	1.7377753059104597
f_r	ʃ	1.5951609851771211
ʃː	ʃː	1.5637078988465527
p	k_j	1.4570006431353002
j_#>	#>	1.4512326027699884
ˈe_ɖː	ˈɛ	1.4320610937831817
ˈe_z	ˈe	1.4202823559724682
nː	nː	1.3316028859792772
l	l_w	1.2974406497653517
r_ˈa	ɾ	1.2501577285188334
j	v	1.1701319015677565
o	o	1.1486164966575727
e	e	1.0743900780799462
z	j	1.070631969673593
s	ʃː	1.0367867126363917
ˈa_j	ˈa	1.008264955056564
e_r	ə	0.983767222751306
<#	<#_k	0.9207920748744288
i_#>	#>	0.9199658482262724
i_n	ə	0.7193816037738333
o	ə	0.5233674966508631
ˈa	ˈɔ	0.3040777565257054