Phone1	Phone2	PMI
rː	ɾ_n	9.127600504799075
sː	sː	7.7184295908938
ŋ	ŋ	7.614283942731077
j	kː_j	7.5701285292997635
n_ʤ	ɲː	7.43932302774424
ɖː	lː	7.381398037415801
ɡ	ɡ	6.984994138091931
ʣ	ʎː	6.863120283439684
ɲː	ɲː	6.535700258628418
d	d	6.4710838866621385
m	m_j	6.445324232523429
o	u	6.284976317478117
ʃː	ʃː	5.955023530719029
<#	<#_w	5.682776784806319
f	f	5.509656628097196
m	mː	5.4280791619538
ˈa_i	ˈa	5.395990682023282
ʒ	ʃ	5.364524000260337
p	p	5.347384103876334
s	s	5.213044217135785
ŭ_#>	#>	5.155913095175825
ʧ	ʃ	5.150446134682057
m	m	5.144277881657443
o	o	4.978861885139196
w	w	4.925143877658183
b	v	4.859973026895715
ˈu	ˈu	4.856724271259101
l	l	4.653396714478374
t	tː	4.5404637543497115
ˈo	ˈo	4.4956618710056615
ɣ	k	4.4312818089545525
ˈe	ˈɛ	4.421234610226073
ð	t	4.355892762098357
ˈi	ˈi	4.342626129728777
r	r	4.298243195654378
ˈe	j_ˈɛ	4.292727865867407
ˈo	w_ˈɔ	4.291714553033221
n	n	4.285446046169394
nː	nː	4.271528922313246
k	k	4.239402334411705
p	p_w	4.054972455253904
ˈa	ˈa	4.03975872343787
<#_i	<#	4.011548022761263
β	v	3.9570290591766044
r	ɾ	3.9402172752560927
t	t	3.8603630217728715
b	b_w	3.848832972589112
ˈa_r	ˈa	3.8437945803646922
e	e	3.8242671203706786
ˈo	ˈɔ	3.8206551806017037
k	kː	3.7508149586123865
e	i	3.7230139190980838
i	i	3.7160691388814313
a	a	3.6354530071827957
f_r	ʃ	3.630254369674251
b	v_j	3.5783616294000646
n	nː	3.573904583516444
ˈi	ˈe	3.4959462703324102
β	p	3.4918605509141774
t	w_t	3.4715857298355677
t	t_j	3.431746731329223
ˈe	ˈe	3.4263191996685562
s	ʃ	3.230258899884655
r_ˈa	ɾ	3.2278399041948203
rː	rː	3.083692256263647
z	j	3.015655203995452
u_z	ə	2.87474685153883
u	o	2.8020653492157663
i_n	ə	2.323547312099607
ˈo	ˈu	2.3229794792173335
l	l_w	2.2508432971650953
u	ə	2.1049743058668957
e_#>	#>	2.1020519409795724
j	j	2.0809504545740865
i	ə	2.0050998025602005
a	ə	1.9974089673618174
e	ə	1.9797425469389678
ˈe	ˈi	1.8855032759765344
u	u	1.7897376158468636
i	ɾ_ə	1.6700184427386877
ŏ_#>	#>	1.3931568569324175
ă_#>	#>	1.3931568569324175
ˈe_z	ˈe	1.2042612923039244
k	k_w	1.1430926164519044
ĕ	ˈe	1.1209328830327407
b	b	1.044595271562921
r_ˈa	ˈa	0.9998560310379245
j_#>	#>	0.9931568569324176
ˈa_j	ˈa	0.805203330886172
o_z	ə	0.6823815616100376
ˈo	u	0.5622498365559464
a_z	ə	0.4817726448752718
j	ə	0.4711796831130613
ˈa	ˈɔ	0.14777925639928477
<#	<#_k	-0.6738023724328919
i_#>	#>	-0.5638297258959364