Phone1	Phone2	PMI
j	kː_j	8.486932042098047
ɖː	lː	7.732457628351749
ɡ	ɡ	7.176936112619038
ŋ	ŋ	6.988323270986638
d	d	6.568080078976696
i	i	6.2323002100977005
ʣ	ʎː	6.2188338302402
m_i	mː	5.924159405299736
m	m	5.824180970466354
f	f	5.681003771863269
<#	<#_w	5.663866836662655
ˈe	j_ˈɛ	5.646937365818867
s	s	5.571470119664724
ʧ	ʃ	5.3548596564764965
p	p	5.2865004835109675
w	w	5.192565741313047
ŭ_#>	#>	5.186025646599469
o	u	5.1263578526374705
b	b_w	5.118660897332707
r_i	ɾ	5.083285505202736
ˈu	ˈu	5.066224608804046
n_i	n	4.989464028342006
t	tː	4.890489366469461
b	v	4.8555656991955995
l	l	4.850116881575481
sː	sː	4.67285372847855
ˈo	w_ˈɔ	4.587418966903808
ɣ	k	4.50115368212846
ð	t	4.484502556783959
z_ĕ	ˈe	4.43269210318831
l_i	l	4.313112603479132
k	k	4.306734973496243
<#_i	<#	4.2698163053414655
r	r	4.233507757748636
n	n	4.218203431545702
ˈe	ˈɛ	4.207171330635898
ˈo	ˈɔ	4.181281308989348
ˈi	ˈi	4.163120154251215
t	t	4.146218885637384
ˈo	ˈo	4.094306684839111
m	m_j	4.070806773480623
ˈa	ˈa	4.047032755876821
ˈa_r	ˈa	3.8684919166222396
rː	ɾ	3.8329474116015176
r	ɾ	3.7882058742926454
a	a	3.6882220480555286
β	v	3.6077823734607333
ˈe	ˈe	3.477791535912394
e	e	3.3974867143077385
ˈi	ˈe	3.328908760064768
k	kː	3.16969452571847
r_ˈa	ɾ	2.9725328085396474
ʃː	ʃː	2.9401068513769864
u_z	ə	2.7989073737161796
β	p	2.7798266305972286
r_ˈe	ɾ	2.601472709244241
ʤ	ɲː	2.5554699707871524
ʒ_i	ʃ	2.4948934052981393
k	k_w	2.262194406582421
ʒ	ʃ	2.2250349936126956
u	ə	2.222189126018922
s	ʃ	2.216103186508123
e	i	2.2135423685388105
a	ə	2.093265642531891
t_i	t	2.0452342346647074
e	ə	1.984728577462602
ˈa_j	ˈa	1.9650460520535797
ˈa_l	ˈa	1.8477291806104357
<#	<#_j	1.8141782340592911
u	o	1.7733158299215939
m	mː	1.6861374523647037
ˈo	ˈu	1.469693117454956
e_#>	#>	1.2959001954130833
ˈe	ˈi	1.2805698866854214
i_s	ʃ	1.1822211601239863
i	e	1.1125577826986506
<#_d	<#	1.0971857339150597
ĕ	ˈe	1.0771177887128336
z	j	1.0618597500359246
r	ˈi_ɾ	0.9963996551250901
<#_a	<#	0.8655853671017611
j_#>	#>	0.8655853671017611
a	nː_ə	0.8165522505120734
n	nː	0.7113879675593131
<#_f	<#	0.13117073420352224
<#_p	<#	0.11579771993530466
<#	<#_k	-0.18955761255955156
<#_b	<#	-0.1308660919824159