Phone1	Phone2	PMI
f	f	8.539203272442279
w̃	n_o	7.291659982337118
ˈɛ	j_ˈe	6.993599100427694
ˈũ	ˈu	6.268345940145573
j_t	ʧ	6.264420044878232
ʎ	x	6.116115917795001
ʒ	x	5.861942223372006
ˈu	ˈu	5.7989553333136055
j̃	ɲ	5.762808041320524
ˈĩ	ˈi	5.665914099116184
ɡ	ɡ	5.487195643785875
ˈɐ̃	ˈa_n	5.480562015215241
ɡ	ɣ	5.455119824351719
z	θ	5.339440614401166
ˈɔ	w_ˈe	5.315109549368477
ˈo_w	ˈo	5.277557158013999
j	j	5.249506517261874
p	p	5.244928878063724
ʧ	n_t	5.217258053403431
m	m	5.120202770580528
ʃ	ɟ͡ʝ	4.977133291493725
d	d	4.965126497567424
ˈo	w_ˈe	4.905925860559466
d	ð	4.904538922504089
j_ʃ	θ	4.867812921111529
ˈi	ˈi	4.860323407532283
t	t	4.858371983745863
l	ʝ	4.803393892591106
ẽ	e	4.762096299943631
ˈẽ	j_ˈe	4.692516042015738
ʤ	d	4.687212962618462
w	l	4.674815983360104
k	k	4.67175250546474
h	r	4.579521532970791
ˈõ	ˈo	4.557044428890285
i	e	4.429383820016568
b	β	4.405805000122705
e	e	4.376760289100362
l	l	4.331316717249073
ˈɔ	ˈo	4.279853578918435
ˈo_j	ˈo	4.279230145513629
v	β	4.271946309582115
ʧ	t	4.247003910802739
ˈa	ˈa	4.203974644269008
s	s	4.163249179552809
n	n	4.132428991593866
ˈɐ̃_w̃	ˈo	4.1308940771402405
v	b	4.087927230102313
ʃ	s	4.069238689735927
n	ɲ	3.9350245227330434
s	θ	3.8433386094906448
ˈo	ˈo	3.821647390542118
b	b_w	3.795831704470475
ˈɐ̃	ˈa	3.789044500780476
ɦ	ɾ	3.739795192612474
ɐ	n_a	3.735803420528153
ʤ_i	ð	3.679154683095244
b	b	3.622687379074359
j̃	n	3.600430759269788
ˈe	ˈe	3.545023394653016
ɾ	ɾ	3.5416734849045546
#>	n_#>	3.5293451001006964
u	o	3.489579583136225
ɐ	a	3.4875827819323626
o	o	3.3640804751919298
a	a	3.309982880965645
h	ɾ	3.2633424473821946
ˈõ	w_ˈe	2.9675771105701134
<#	<#_w	2.687527298982378
ˈe_j	ˈe	2.612792232497527
ɡ	ˈe_ɣ	2.5449270744882133
ʒ	θ	2.5441205767495987
ˈẽ	ˈe	2.430857687379512
<#_f	<#	2.3818845053601474
k	ŋ_k	2.298501250579712
t	ʧ	2.268075328701072
f_ˈi	ˈi	2.2526213992948283
ˈẽ	ˈe_n	2.2162014028726182
w	w	2.182045414882086
ʃ	θ	2.108348466450122
ˈɛ	ˈi	1.9791221718389955
t	n_t	1.8085774200016755
ˈe	ˈi	1.5637985734277138
f_a	a	1.504715777648023
j	ʧ	1.290050677817155
v	b_j	1.210111710521864
ˈi	ˈe	1.157819283542291
b	m_b	1.0298401622413138
m	m_b	1.0043952785092778
i	ɾ_e	0.967248161127429
ˈo	w	0.965856187777872
ʤ	ð	0.9083640075300132
i	i	0.899556351833672
w̃	n	0.7368028483372007
ˈo	ˈe	0.6870518284447892
i_#>	#>	0.2175498905514397