Phone1	Phone2	PMI
ʒ	ʥ	6.924705359466988
u	u	6.75252098227689
ɲ	ɲ	6.385791590068929
ɡ	ɡ	6.1345949889394875
f	f	5.6310079797523995
ˈe_ʎ	ˈɛː	5.52201963997403
ˈi	ˈi_n	5.345812275025336
β	v	5.24806019178497
ð	d	5.240997434121138
n	n_t	5.197285813426218
m	m	5.132354528692542
p	p	5.129538306028668
ˈɔ	ˈɔː	5.0327969467343
d	d	5.0218422100229665
ˈu	ˈi	4.93636032162943
ʎ	ʎ	4.760061182736987
ˈɛ	ˈa_j	4.7169063306586265
b	b	4.670557628998702
ˈɔ	ˈa_w	4.642250847014882
t	t	4.633338882080566
ˈe	ˈa_j	4.5723385070353455
ˈɔ	ˈɔ	4.552088574646097
l	l	4.452998886003543
ˈa	ˈaː_r	4.399678690668573
ˈi	ˈiː	4.373334832498881
k	k	4.35214415314923
ˈo	ˈuː	4.350891717561976
ˈu	ˈiː	4.312139469179888
ˈe	ˈɛ	4.100929108877192
b	v	4.0895477792418315
ˈo	ˈu	4.039270223971199
s	s	3.9854585263955604
k	ʨ	3.9304824446348894
ˈɛ	ˈeː	3.9077221777443967
w	f	3.882201474607615
n	n	3.879390854061668
ɾ	ə_r	3.8306764184530193
ˈu	ˈu	3.8243427552130047
w	ʃ	3.7800572490320867
ˈa	ˈa_w	3.7666556661085733
s	ʧ	3.7651145134092006
ˈɛ	ˈe	3.6706690682290373
r	r	3.6417973105783696
ˈo	ˈuː_r	3.471546030511548
#>	i_#>	3.419222800062207
ˈi	ˈi	3.3733137416665664
ə	ə	3.372289370642071
ʎ	l	3.3512528115596223
ˈɔ	ˈu	3.243791801835242
ɾ	r	3.2265543459782733
ˈo	ˈu_n	3.1816095504277326
ɾ_ə	r	3.1639075747160743
ŋ	ŋ	3.124194205344323
ˈa	ˈaː	3.111200644738727
ˈi	ˈiː_r	3.087285145481327
ˈa	ˈa	3.0048337132669447
ˈa	ˈɔ	2.995730781416471
ʎ	l_j	2.9189645969838844
ʎ_ə	l	2.7701432334727896
u	o	2.7694943894423685
<#_ə	<#	2.7480244297592193
ˈe	ˈɛː	2.4575973001730587
#>	n_#>	2.42155517006173
ˈɛ	ˈiə̯	2.399086127802695
ˈi	ˈɛ	2.3350234580493745
m_ə	m	2.266861052820045
ʃ	s	2.244915785645687
ˈɔ_k	w	2.182114051037633
#>	ʨ_#>	2.0686608030795384
w	w	2.010433948742909
ˈɛ	ˈɛ	1.977799518137082
ɲ	n	1.6473232503313793
t	ʨ	1.5522139530263597
s	ʃ	1.445284217711679
ˈe	ˈe	1.301257320258221
p	ʃ_p	1.2303763706946955
ə_s	ʃ	1.120889152340394
n	n_ʨ	1.0160077019940985
b_ˈɛ	v	1.006599613491059
ɣ	r	0.8586902658140065
ʒ	ʃ	0.8425813399753528
ˈe	ˈa	0.8312259080513
ə	ə_r	0.7148138215974076
ʃ	ʃ	0.7130298727832413
#>	ʃ_#>	0.671770932777144
k_#>	#>	0.5559682858991499
#>	r_#>	0.5195726938122212
ə	i	0.4965996364270608