Phone1	Phone2	PMI
ˈu	ˈu	7.111044400294243
ˈõ	ˈɔ̃	6.882848232903547
ˈẽ	ˈɛ̃	6.833251095021313
ɡ	ɡ	6.409354479265728
ʎ_u	ʎ	6.330088299625091
ˈĩ	ˈĩ	6.239386722558822
d	d	6.028660348972441
ˈa_h	ˈa	5.998554910469773
ˈɔ	ˈoː	5.875961545694333
ʎ	ʎ	5.814390566160816
e	e	5.774010854078771
e_ʃ	e	5.721215399375326
j̃	ɲ	5.492425512689188
z	z	5.478018964433043
m	m	5.244152661844982
ˈi	ˈi	5.233794356658487
ˈɐ̃	ˈɑ̃	5.226102946512764
ʒ	ð	5.176240436228344
o	o	5.153843976937511
n	n	5.075491523635527
ˈa	ˈɑː	5.065698410940658
f	f	5.038961107824377
t	t	5.034803792130696
p	p	5.033005642660159
ˈa	ˈaː	4.851620545362378
l_u	l	4.825516302594793
b	b	4.686396854404051
v	v	4.6799357549487
ʃ	ʃ	4.625672260161911
u	o	4.579856558408007
k	k	4.475010701998087
s	s	4.440618359629271
h	ʁ_ə	4.379317503574404
ˈo	ˈɔ	4.326747595101966
ˈo	ˈo	4.291802961112939
l	l	4.20328090530883
ˈɛ	j_ˈe	4.158456351634007
ˈe	ˈɛː	4.024389502251721
a	a	4.014831217751535
ˈɐ̃_w̃	ˈɑ̃	3.984448094673447
w	l	3.916622184397423
k	ʃ	3.82139363071422
ˈɐ̃	ˈa	3.742068155110666
ˈe	ˈi	3.625210381918268
j̃	n	3.577036540960644
ˈa	ˈa	3.48559212804019
ɦ	ʁ	3.456533119678136
ˈɛ	ˈe	3.24468448498652
h	ʁ	3.233203521655842
ˈe	ˈɛ	3.20987216155528
ɐ	a	3.1464734664071905
b	v	3.1430562774795288
ɐ	i	3.137761043231349
ɾ	ʁ	3.0863753769516844
ʃ	s	3.0336690659167105
ˈɛ	ˈɛ	2.912669966269092
ˈo_ɡ	w	2.8926217444698734
e	ə	2.785831437708356
ʧ	t	2.783288544922721
ɾ	ð	2.7716548896389264
ˈo	ˈoː	2.7322049275933518
w̃_#>	#>	2.723226213446698
ˈũ	ˈɔ̃	2.664468992076761
ˈo	w	2.6239744632019324
w̃	ˈɔ̃	2.6103290542921083
ɐ	ə	2.5643655726296584
o	ɔ	2.523971957454102
ˈa	ˈe	2.522655295815185
v	b	2.458622412644909
ˈo_j	w	2.3352522020216977
j_ʃ	ʃ	2.2920527646025923
j	w	2.2361036061649293
h	ð	2.2279601875670108
u	ˈe	2.219381288741568
ʃ_#>	#>	2.0418268938569155
i_#>	#>	2.032320860800569
j̃_#>	#>	1.835985272711809
ɾ_u	ʁ	1.715398748534722
u	ˈø	1.6111715045494912
ˈĩ	ˈe	1.5954345011217057
ˈo	ˈø	1.487697938851019
ˈo	w_ˈe	1.465016867667036
h_ʧ	ʁ	1.3441854648768017
ˈe_j	ˈɛː	1.184748227766691
ˈo	ˈu	1.1567856160793717
j	j	1.0840305236517127
s	s_j	1.0571123479988485
i	o	1.0409372171234288
w	ˈoː	0.994855116363926
ˈɔ	w	0.9917855234972388
u	ˈoː	0.9001850062420219
ɐ	n_a	0.6026274914354268
k	t	0.5675173080739678
h_#>	#>	0.34717526851124
#>	ə_#>	-0.3798217195956102
u_#>	#>	-0.2422613752026793