Phone1	Phone2	PMI
ɲ	ɲ	8.109659461094898
e_r	e	7.341848877280478
ˈɛ_r	ˈe	7.255572633005181
ɡ	ɡ	6.704538656125319
ˈʌu̯	ˈu	6.660670379598641
ð	ʤ	6.500455017091885
u	u	6.430086702037817
z	z	6.4049805256210455
w	w	6.094510201663729
f	f	6.036823632312126
b	b	6.016513015792799
p	p	5.985911410255835
m	m	5.894515499993153
d	d	5.841341851317341
i	i	5.756350672195235
ˈe	ˈi	5.484902729080276
ʤ	ʤ	5.480672545615004
ˈo	ˈy	5.427739689479995
ˈɔ	ˈɔ	5.3986659090102345
v	v	5.397183670755895
j	j	5.094936873444866
n	n	5.073923284749708
k	k	5.021685290452848
l	l	4.978719679235998
ˈɔː	ˈɔ	4.9716442513362615
t	t	4.923444949487222
#>	e_#>	4.908217082002525
ʧ	j	4.906012889742644
ˈiː	ˈi	4.897845314903423
ŋ	ŋ	4.817973843586133
ˈaː	ˈa	4.702513330352021
ˈʌ	ˈu	4.5756068625348965
s	s	4.508481885253878
ˈuː	ˈy	4.49853406412376
r	r	4.480126627162529
ˈɛː	ˈɛ	4.449175943782252
a	a	4.333578589198169
θ	s	4.308438382895445
r_#>	#>	4.298389544232637
ˈo	ˈɔ	4.179846502540917
ˈɛ	ˈɛ	4.152324700901275
ˈi	ˈi	4.010229882054555
ˈuː	ˈø	3.943666193244533
t_e	t	3.929211862594233
ˈɔː	ˈø	3.9017123722546847
ˈɛ	ˈa	3.8193609280290497
ˈæ	ˈɛ	3.6369025041898175
j_l	j	3.4931577988743405
r_e	r	3.4661693576554207
ˈa	ˈa	3.394995718528638
ˈiː	ˈe	3.1422161305499645
ˈa	ˈe	3.032344691361135
ð	z	2.880291103789053
ʧ	ʧ	2.824930544120104
ˈa	ˈɛ	2.7944262960054456
ˈɔ	ˈø	2.784204728706007
ŋ	n	2.771799588860381
ˈo	ˈu	2.70698791481166
t	j_t	2.6952565856934614
e_r	r	2.5928615613378896
n_d	n	2.4780899473292246
ˈɛ_l	ˈa	2.444147697258411
ˈa	ˈə	1.9775614307295049
n	ŋ	1.9316249874491864
ˈɔ	ˈu	1.8891046450210704
d	t	1.723094481902976
e	ə	1.5228422108988613
z	s	1.5179663184431955
e_n	n	1.3896584011847546
ˈuː_ɡ	ˈø	1.3811434081942375
u	y	1.3802046254421425
f	f_ˈi	1.354693956432991
ˈa_j	ˈe	1.348544510742527
ˈiː_r	ˈi	1.322858215747167
ˈa	ˈi	1.320829948492508
ˈa	ˈe_j	1.3129847288811394
ˈɛ_d	ˈa	1.265537010886758
θ	ʧ	1.253912576621372
l	j_l	1.2453130221144983
ˈe	ˈe	1.211195668183911
j_r	j	1.1812943660458295
j_ˈɔː	j	1.165659885715062
ˈɔː	ˈu	1.1592596713107444
ɡ	k	1.148888631182923
e	e	1.1427709178125736
ŋ_n	ŋ	1.1309866126466366
ˈiː	ˈɛ	1.0518065429634424
ˈuː	ˈu	1.0386595197921735
#>	s_#>	0.984236547812662
l_#>	#>	0.9018870982545784
#>	l_#>	0.8642150682595092
ˈɛ	ˈe	0.8145099838659012
ˈaː	ˈu	0.6609532712230423
v	f	0.4941283248283636
ˈaː	ˈɛ	0.3952791700232609