Phone1	Phone2	PMI
ɲ	ɲ	6.716695983667884
i	i	6.5433803021338575
ɡ	ɡ	6.144232726717285
u	u	5.923512027509508
b	b	5.9211968298854565
ð	ʤ	5.710974392526848
z	z	5.608483629615126
f	f	5.557982229957213
e_r	e	5.510948119678882
ˈʌ	ˈu	5.435182944372344
ˈʌu̯	ˈu	5.366286728165904
d	d	5.308791072389332
ˈo	ˈy	5.298133895990198
m	m	5.282189823809564
ˈɛ_r	ˈe	5.212493545832388
p	p	5.188382589332575
ˈɛː	ˈɛ	5.035987611579681
ˈɔ	ˈɔ	4.946478652356797
ˈe	ˈi	4.899369254352291
ˈæ	ˈɛ	4.869646991736821
ˈuː	ˈy	4.76447892489957
ʧ	j	4.715158611665506
v	v	4.68756511632624
ŋ	ŋ	4.627821701520411
t	t	4.615956374929984
k	k	4.593580978101736
ʤ	ʤ	4.5187048704059185
ˈɔː	ˈɔ	4.500463721378379
n	n	4.313303481556475
l	l	4.289202095521704
j	j	4.288838694037693
ˈɔː	ˈø	4.286481256365748
ˈuː	ˈø	4.247486424755339
s	s	4.226226239398494
ˈa	ˈə	4.222778776001109
ˈaː	ˈa	4.119698525861493
ˈiː	ˈi	4.019730345310155
θ	s	3.9981984002013333
r	r	3.838398416107427
a	a	3.7242562284313236
ˈɛ	ˈɛ	3.467086074097341
ˈiː_r	e	3.453086844771051
r_e	r	3.3193942824974703
ˈɛ	ˈa	3.3095678476076955
ˈa	ˈe	3.2587553405734426
ˈa	ˈa	2.939741424451634
ˈiː	ˈe	2.93606390868168
w	w	2.661116020779512
ð	z	2.3130175143797818
#>	z_#>	2.227262056767787
n	ˈi_n	2.1118562298490606
ˈa	ˈɛ	2.11086829001292
ˈo	ˈɔ	2.017679340581643
ŋ	n	1.9844284954915437
n	ŋ	1.8969350609772078
#>	e_#>	1.7837323601209416
#>	j_#>	1.5580260640846917
ˈɔ	ˈø	1.531917633955769
ˈe	ˈe	1.397989994754166
ˈo	ˈu	1.3186401544889885
#>	s_#>	1.0573516747785914
ŋ	ˈu_ŋ	1.0431823548532018
j	ˈɛ_j	1.0314940566699138
e_r	r	0.9816738830770786
t_e	t	0.9287955669641755
r_ˈiː	r	0.7228598432686978
l_#>	#>	0.48895696853457926
r_#>	#>	-0.954540723451593