Phone1	Phone2	PMI
ɲ	ɲ	7.435279196099994
w	w	7.33229860222225
i	i	6.541712252953607
ɡ	ɡ	5.916619279253301
b	b	5.867674477865304
z	z	5.816826994149362
ˈʌ	ˈu	5.604315574289573
u	u	5.497523798310391
ð	ʤ	5.465723019367306
ˈʌu̯	ˈu	5.33251944414411
f	f	5.33012865087124
d	d	5.292627748308041
ˈɛ_r	ˈe	5.2824222459309045
m	m	5.256547833963176
ŋ_n	ŋ	5.255404960643815
e_r	e	5.220192553928112
ˈo	ˈy	5.046733931710888
p	p	5.028073740809043
ʤ	ʤ	4.997506798595644
ˈuː	ˈy	4.979422023664831
ˈɛː	ˈɛ	4.8427454263611365
ˈæ	ˈɛ	4.729011687685035
v	v	4.59558504384606
ˈe	ˈi	4.530495188667832
ˈɔː	ˈɔ	4.474604143483697
t	t	4.452236520670224
n	n	4.403934570272504
ŋ	ŋ	4.389062962656801
ˈɔ	ˈɔ	4.38458764730037
k	k	4.340823649165919
t	j_t	4.337289752055656
j	j	4.330634550694741
l	l	4.284153709186025
ʧ	j	4.281798102222922
ˈɔː	ˈø	4.2424392238867865
s	s	4.176306005015302
ˈɛ_d	ˈa	4.160072392875526
ð	z	4.155718542237064
ˈaː	ˈa	4.125898819618484
ˈa	ˈə	4.112633240754734
r_e	r	4.1077615173643816
θ	ʧ	4.069233377736596
ˈi	ˈi	4.026560066491924
r	r	3.883074818811763
ˈiː	ˈi	3.871995404902517
θ	s	3.854611909038781
a	a	3.748246565652908
ʧ	ʧ	3.670354953809056
ˈɔ	ˈø	3.657636490036977
ˈiː_r	e	3.6459129422694456
ˈiː	ˈe	3.614271066414944
f	f_ˈi	3.5087771898277307
ˈo	ˈɔ	3.4894403310275925
ˈɛ	ˈɛ	3.453068477018065
ˈuː	ˈø	3.389520661414217
t_e	t	3.253957042765236
ˈɛ	ˈa	3.2318023681410053
ˈa_j	ˈe	3.0488627190745494
l	j_l	2.9877001145551283
e_r	r	2.91296204271076
ˈa	ˈa	2.9089120606240457
n_d	n	2.7925350443022205
ˈɛ_l	ˈa	2.745611418936844
j_ˈɔː	j	2.74543681539621
ˈa	ˈe	2.713273340637285
ˈa	ˈɛ	2.621284625002487
ŋ	n	2.502093766584997
ˈuː	ˈu	2.466689944439273
ˈe	ˈe	2.173222655073304
ˈɔ	ˈu	2.1337133620271285
t	t_e	2.132737200134456
#>	s_#>	2.075490199584264
u	ˈø	2.0593222314162687
e_n	n	1.9787703122268283
e	e	1.956335713943268
ɡ	k	1.857606583171028
j_r	j	1.7836672468371129
ˈo	ˈu	1.7347881898979065
#>	e_#>	1.6651914924573554
n	ŋ	1.4570912866528798
ˈaː	ˈu	1.4522827788275303
#>	i_#>	1.3988706873717718
ˈuː_ɡ	ˈø	1.1949922851636114
#>	j_#>	1.1037148741949196
e	u	1.0240773641462542
ˈa	ˈe_j	0.9865501844050396
ˈiː	ˈɛ	0.9527311467197384
ˈa	ˈi	0.895155577187021
n_#>	#>	0.7648856870833092
d	t	0.7351216116000576
v	f	0.6375350802442873
ɲ	ŋ	0.6348280482690726
ˈɛ	ˈe	0.5955860710962242
z	s	0.4856352129550951
l_#>	#>	0.21029834825048
r_#>	#>	-1.34088191276444