Phone1	Phone2	PMI
ɲ	ɲ	7.191437598339446
i	i	6.57038467107
ɡ	ɡ	6.282214647565577
z	z	6.154007677724154
ð	ʤ	5.944268406861476
u	u	5.730549579485568
w	w	5.665473778757826
b	b	5.638544949925541
e_r	e	5.420915747368101
ˈʌu̯	ˈu	5.40081636580216
p	p	5.365360154361523
m	m	5.315006417307314
f	f	5.251940873160643
ˈʌ	ˈu	5.228254211227241
d	d	5.222030085437655
ˈuː	ˈy	5.162714499082479
ˈe	ˈi	4.909559411111906
ʤ	ʤ	4.900809992189966
ˈo	ˈy	4.783876722274294
v	v	4.76067972671183
ˈɔ	ˈɔ	4.652707703265339
ˈæ	ˈɛ	4.5874616372968795
n	n	4.581966338717841
ŋ	ŋ	4.53294135017584
k	k	4.474542561658917
ˈaː	ˈa	4.4563692855699175
ˈɔː	ˈɔ	4.445443539500785
t	t	4.3493794984861625
j	j	4.241466312539599
ˈɔː	ˈø	4.238959243962309
l	l	4.2248650392794564
ˈɛ_r	ˈe	4.113955032196402
ˈiː	ˈi	4.058739878722691
s	s	3.9507315923768105
r	r	3.8875555982796994
a	a	3.7939801387671857
θ	s	3.7110046595183306
ˈuː	ˈø	3.58460583047154
ʧ	j	3.48008647119577
ˈɛ	ˈɛ	3.395203028334969
ˈɛ	ˈa	3.178231996828466
l	j_l	3.1365235549187496
ˈo	ˈɔ	3.07426219205731
ˈa	ˈə	3.05909245233907
ˈa	ˈe	3.0567239676500884
ˈiː	ˈe	2.9631227297917397
ˈa	ˈa	2.8380540533789076
ˈɛː	ˈɛ	2.8317573004426837
ˈa	ˈɛ	2.5253896137955514
ŋ	n	2.480001088176077
e_r	r	2.4324072607617224
t	t_e	2.053981026978035
e	e	1.9545264479281452
ŋ_n	ŋ	1.9179839445541322
t_e	t	1.8856958198506084
ˈɛ_d	ˈa	1.8403981688869768
ˈo	ˈu	1.7815255805036692
ˈi	ˈi	1.7473853939111217
r_e	r	1.7429194236399757
j_r	j	1.49097795414472
#>	i_#>	1.3988706873717718
ˈɔ	ˈø	1.3899379773060148
ˈɔ	ˈu	1.3813450541854997
ʧ	ʧ	1.3120884514811593
n	ŋ	1.271453594074956
j	ˈi_j	1.1062184999698064
f	f_ˈi	1.0219150492301559
ɡ	k	1.0131808534522935
e	u	0.9753639248870986
t	j_t	0.9747316045379829
e_n	n	0.957562574573779
θ	ʧ	0.9550132251269521
ˈɛ_l	ˈa	0.9270788632972465
ˈa_j	ˈe	0.9130840903064893
j_ˈɔː	j	0.8843928800036347
ð	z	0.8739742152611447
ˈɛ	ˈe	0.839231781117184
#>	s_#>	0.8301960798337055
n_d	n	0.8253017032984002
ˈa	ˈi	0.7863535957065624
ˈe	ˈe	0.767747062796936
n_#>	#>	0.7648856870833092
#>	e_#>	0.72564165290337
d	t	0.7077786988091761
ˈiː	ˈɛ	0.5050244583878134
d	r	0.33602481275859364
#>	j_#>	0.2759287185487299
l_#>	#>	0.14019889883365338
l	r	0.02745996279011372
r_#>	#>	-0.9104812940754299