Phone1	Phone2	PMI
f	f	8.446988378298505
j_t	ʧ	7.766693112994243
ʧ	ɟ͡ʝ	7.461474898921675
i	i	7.278757285732969
r	r	6.938865627034033
ˈɛ	j_ˈe	6.778789552219811
ð_ɪ	ð	6.728036506094677
ɡ	ɡ	6.578508410506375
ɣ	ɣ	6.283747120711216
ʎ	x	6.194511001683328
d	d	6.187537934761791
ð	ð	5.830563818812396
ˈɔ	w_ˈe	5.79318479217124
ˈu	ˈu	5.79052617139782
ŋ	ŋ	5.756827446094976
ŋ	n_o	5.723865210980493
ʃ	x	5.723851777535512
ɲ	ɲ	5.709290381394104
j	j	5.435553290156898
b	b	5.364841657203454
θ	θ	5.361594754778783
ɪ	ɾ_e	5.338323867834626
p	p	5.336154982450503
β	β	5.235838015065156
m	m_b	5.22758010487589
ˈi	ˈi	5.056886115749053
t	t	4.976119517552546
m	m	4.913261213099034
k	k	4.798502397523512
s	s	4.771510558822911
e	e	4.552149184920498
l	ʝ	4.439101331321353
l	l	4.423169978993021
ˈo	ˈo	4.3866929459004576
ˈa	ˈa	4.3031038382538345
w	w	4.2492626729722645
ɣ	ˈe_ɣ	4.214568174530768
ɪ	e	4.21015442877052
ˈɑ	ˈa	4.155891060042454
ˈi	ˈe_j	4.111473395236869
β_ɐ	a	4.005944277645433
n	n	3.9151504750795953
ɾ	ɾ	3.5915065584738417
ˈe	ˈe	3.5416426236511955
n	ɲ	3.52472381345757
ɐ	a	3.509153779937095
a	a	3.491500871944908
ʃ	ʝ	3.4517132342064984
ʊ	o	3.449524683381255
ˈe	e_ˈe	3.407522498986918
ˈo	w_ˈe	3.350549089100764
ˈo_w	ˈo	3.317288671282196
o	o	3.3015974389882468
ʃ	θ	3.22436427721982
ˈɔ	ˈo	3.201524756119108
<#_f	<#	3.0996746717157544
ɲ	n	3.028460104709328
d	d_j	2.822528244170946
ˈo	ˈu	2.7750799523982987
ŋ	n	2.5915362204346697
<#	<#_w	2.5631833871122054
ɐ	n_a	2.464513869825375
ˈɛ	ˈi	2.457776755256092
ˈa	l_ˈa	2.420376315225922
ʊ	l_o	2.387744241964791
j_ʃ	θ	2.378751494632617
ˈi	n_ˈi	2.308761089117868
w_t	t	2.151940484972688
i	e	2.0260673680637384
ˈe	ˈe_n	1.963429060771647
w	ˈo	1.7441748946097522
r	ɾ	1.743217361019333
r	ˈe_r	1.557347205023777
j_ɾ	ɾ	1.547248905796749
f_ˈi	ˈi	1.294640963345291
θ	θ_j	1.2034955792634388
f_ˈa	ˈa	1.10276936024476
s_ˈo	s	1.0662002142916671
ˈo	w_ˈe_n	1.044856337583404
f_a	a	0.7864166475085538
ˈɔ	w	0.6747543982144316
ˈɛ	j	0.4315319329506746
s	θ	0.3958625798769594
ˈi	ˈe	0.3630600229934359
ˈo	ˈe	0.2905721844270404
ˈɛ	ˈe	0.2569708967803275
e	o	0.0390510109585806
ˈɔ	ˈe	0.0061808017833135
ɪ_#>	#>	-0.2108895568044753
ɾ	l	-0.0545791851668116