Phone1	Phone2	PMI
j_t	ʧ	9.379805684001964
f	f	8.820320284680983
ʧ	ɟ͡ʝ	8.051700066268099
ˈɛ	j_ˈe	7.889756927626247
i	i	7.6291022243472355
d	d	7.055687708447987
ɡ	ɡ	6.9928428952724655
ɣ	ɣ	6.906537615077247
ɟ	x	6.840556825666417
r	ˈe_r	6.800652285342455
ˈɔ	w_ˈe	6.7775850408410925
r	r	6.683829151226939
ŋ	n_o	6.623461379367699
ɪ	ɾ_e	6.539548077925613
ˈu	ˈu	6.314918452668098
ʃ	x	6.2902637928941525
ð_ɪ	ð	6.252061431621603
ŋ	ŋ	6.227774723253608
ð	ð	6.173574870952354
m	m_b	6.1703077333081575
ɲ	ɲ	6.019916451153654
u	u	6.011472793683355
β	β	5.966572173712475
θ	θ	5.8777242638771865
p	p	5.84472371719852
j	j	5.842285159631435
b	b	5.743830426372059
ˈi	ˈi	5.569205683586827
t	t	5.458735043098611
m	m	5.421945577444062
k	k	5.221186956969535
s	s	5.174759079100681
w	w	5.101852129603176
l	ʝ	5.048446049383321
l	l	5.020819413355478
e	e	4.97232527537143
ɪ	e	4.848211381944501
ˈo	w_ˈe	4.820229241638303
ˈo	ˈo	4.756353726157118
<#_f	<#	4.755677133805218
ˈa	ˈa	4.69290224432968
β_ɐ	a	4.6206095115931785
n	n	4.543010050188821
ˈɑ	ˈa	4.531134629044668
ɐ	l_a	4.416417459823919
θ	θ_j	4.413199240757238
ˈo_w	ˈo	4.228927482474191
a	a	4.191347077721189
n	ɲ	4.169368084617185
ˈe	ˈe	4.109648014952709
ɾ	ɾ	4.099584762635577
ɐ	a	4.061065036664255
ʊ	l_o	4.057375325811194
ˈe	e_ˈe	4.033931320059979
ʃ	θ	3.97670895589172
ʊ	o	3.9095882591317914
o	o	3.8298568784391303
ˈɔ	ˈo	3.777510570625134
ɲ	n	3.637410587055901
ˈi	ˈe_j	3.510868513862485
ɐ	n_a	3.493338471365878
ɣ	ɣ_w	3.3524724139444513
ˈo	ˈu	3.2035622869069527
b	b_w	3.0242530962436134
ŋ	n	2.9467300446020457
ˈa	l_ˈa	2.894621390652142
ʃ	ʝ	2.876693180879948
f_ˈa	ˈa	2.660179386307127
ˈi	n_ˈi	2.6164760191937693
ˈɛ	j	2.295973331396326
j_ɾ	ɾ	2.1763559005976605
w	ˈo	2.046198048632924
u	o	1.8958458977961532
ɪ_#>	#>	1.8047109148842517
ˈe	ˈe_n	1.7925089778425698
<#	<#_w	1.761857085651299
r	ɾ	1.728783186707996
f_ˈi	ˈi	1.6954679469204514
ˈɛ	ˈi	1.6640730408850333
i	e	1.6590618585958627
j_ʃ	θ	1.5239127372844876
ɣ	ˈe_ɣ	1.4852734995110415
p	p_w	1.4619499513266403
w_t	t	1.36048554871445
s_ˈo	s	1.3227674749230647
ˈo	w_ˈe_n	1.3154250655743795
ˈi	ˈe	1.2027610861367086
f_a	a	1.1039646131847543
k	k_w	1.066583356957048
s	o_s	1.0105147112627741
ˈɛ	ˈe	0.99717240879295
<#_ˈo	<#	0.9082605586668446
ˈo	ˈe_n	0.863111654589685
ˈɔ	w	0.46086074348710343
ˈɔ	ˈe	0.38935963518473715
ˈo	ˈe	0.33261939312754113
e	o	0.31163293200851616
ɾ	l	-0.003423658167744914