Phone1	Phone2	PMI
j_t	ʧ	8.350987601880416
f	f	8.269659495835352
i	i	7.604059403855346
ʧ	ɟ͡ʝ	7.331215981703154
ˈɛ	j_ˈe	7.128724233024244
r	r	6.829459417121683
ʎ	x	6.613400259864477
ɡ	ɡ	6.477213826685743
d	d	6.285276388669712
ɣ	ɣ	6.151037895375829
ʃ	x	6.115979034107762
ɲ	ɲ	5.891208569123591
ˈu	ˈu	5.774967751048273
ð	ð	5.746417247030815
ˈɔ	w_ˈe	5.681586744701746
ŋ	n_o	5.609779555589983
ŋ	ŋ	5.592633097465678
m	m_b	5.543535866742898
θ	θ	5.460883959371006
j	j	5.3996188780732615
b	b	5.295706216430742
p	p	5.247171712633532
ˈi	ˈi	5.169016587261959
β	β	5.155866221957771
m	m	4.990381722960277
t	t	4.965068989096103
k	k	4.936392584260702
ɪ	ɾ_e	4.928913749904332
s	s	4.676181547258039
l	l	4.450876285519885
e	e	4.448935365138373
ˈo	ˈo	4.426388532779503
l	ʝ	4.37495093856566
ˈo_w	ˈo	4.277514833860872
ˈa	ˈa	4.1791319352062
ɪ	e	4.14149279711142
ˈɑ	ˈa	4.039464722807354
<#	<#_w	4.006279406789414
n	n	3.984786710995998
ˈe	ˈe	3.7200082588725407
ʊ	o	3.5953087718578898
ɾ	ɾ	3.5773847260562364
a	a	3.5099526970919888
n	ɲ	3.4814973280401267
ʃ	θ	3.4780338151570778
ɐ	a	3.473304984887667
o	o	3.3997377980001384
ˈɔ	ˈo	3.389199404400721
ˈo	w_ˈe	3.206752451834876
<#_f	<#	3.103889880309644
ɲ	n	3.007823751263994
ɐ	n_a	2.870246504515556
ŋ	n	2.687960490498363
b	b_w	2.6585687906326925
ð_ɪ	ð	2.454866831391364
w_t	t	2.171479793247769
w	w	2.071106118415873
ˈo	ˈu	1.973942399760208
ˈo_w_t	ˈo_t	1.8588251728309289
β_ɐ	a	1.603633214301572
ˈe	ˈe_n	1.372284083398505
r	ɾ	1.0154007408339063
ˈi	ˈe	0.5768586268394088
ˈo	ˈe	0.4441397781127347
ˈɔ	ˈe	0.0989230716336992
e	o	0.0868265568194788
ɪ_#>	#>	-0.015551031502889