Phone1	Phone2	PMI
f	f	8.592108215866121
ʧ	ɟ͡ʝ	7.383843406960534
u	u	7.315613745564079
ɡ	ɡ	6.965445554611321
r	r	6.82933266243944
i	i	6.639559408794659
j	ʧ	6.2725140220536275
d	d	6.16164269744828
ʎ	x	6.07862024150006
ɣ	ɣ	6.0391801898626625
ɲ	ɲ	6.003117972217503
ð	ð	5.699070091064712
θ	θ	5.560992037126667
ŋ	ŋ	5.560604010491807
ˈu	ˈu	5.543090829704582
ʃ	x	5.448989364966545
ˈi	ˈi	5.351430231725233
p	p	5.336993502403193
ˈɛ	j	5.242968577419797
β	β	5.1453960432941255
b	b	5.12725220825698
t	t	5.10184593870618
k	k	5.013481086471778
ˈɔ	w	4.990567582310542
m	m	4.830008106219711
s	s	4.666045836292565
l	l	4.57956427506826
l	ʝ	4.520919555248973
ˈe	e_ˈe	4.431316735938492
ɪ	e	4.341197135899925
e	e	4.290491380032479
ˈo	ˈo	4.2559790255162575
i	u	4.229430057222882
ʃ	ʝ	4.202305520967483
ˈa	ˈa	4.197990539187331
f_ˈa	ˈa	4.071033231603755
ˈɑ	ˈa	3.968915363312658
n	n	3.963764574838789
v	β	3.9360307815157496
j	j	3.79891532993841
v	b	3.789273013759295
w	w	3.6756124594436836
ɐ	a	3.657727372402955
o	u	3.5893445059664186
ɾ	ɾ	3.5863847874760886
ŋ	n	3.584840027540514
a	a	3.5729765605812904
ˈe	ˈe	3.563830228270725
f_a	a	3.562330406634081
w_t	t	3.4690916687826387
ʊ	o	3.4491088697684824
n	ɲ	3.3862091298377623
ˈɔ	ˈo	3.32665338199378
ɲ	ŋ	3.278012954903803
o	o	3.2651449802235613
ʧ	ʝ	3.2634444987652023
w	ˈo	3.1221596591090313
ˈo	w	3.0601809760663725
u	w	2.964182762052692
ʃ	θ	2.945765311406732
ɲ	n	2.8050275272415552
e	i	2.751948908809182
β	ˈe_β	2.666904408914671
ɑ	a	2.541310334345635
l	ɟ͡ʝ	2.4513348945649125
ʃ	s	2.33751354226703
ɔ	o	2.336139644714538
ɪ	ɾ_e	2.2253285457777974
j	ʝ	2.2251027488676987
ˈo	ˈu	2.1343119940783497
i	j	2.0476829627033233
ˈɛ	ˈi	2.0284062327956582
u	o	1.9980889974303242
i	e	1.9426497943514027
r	ˈi	1.354632474433792
f_ˈi	ˈi	1.2503238285527423
s	ˈe_s	1.2225063285802467
ɣ	k	0.9308823961247176
ʊ	l_o	0.912942686922066
ʎ	l	0.8368994175474719
e	ˈi	0.8266643098601413
r	ɾ	0.8043651677146774
o	l	0.7219834338557414
ˈi	ˈe	0.6583036230436657
w	o	0.6345578514089966
s	θ	0.516418115111809
ˈu	ˈo	0.2584467052700437
ɪ_#>	#>	0.16803203131288602
j	p	0.16294956524175025
ˈi	j	0.15635554181840933
ɪ	l	0.1252920232496476
β	p	0.07453594386281734
ˈe	j	0.0056654424901723755
ɐ	o	-2.0005612616585666
ɪ	o	-1.070752732638144
ɾ	l	-0.8684230489916216
ˈa	ˈe	-0.7092014661483018
a	ˈe	-0.19507080296098137
e	o	-0.18424787096774622
j	ɾ	-0.1681457830641114
ˈɛ	ˈe	-0.07337620021178377