Phone1	Phone2	PMI
j_t	ʧ	8.357281425952822
f	f	8.277004985377609
ʧ	ɟ͡ʝ	7.338561471245409
i	i	7.241805512086611
ˈɛ	j_ˈe	6.866845409638594
ʎ	x	6.620745749406732
r	r	6.544918582936479
ɡ	ɡ	6.4845593162279975
d	d	6.2481433939446775
ʃ	x	6.058938904672545
ɣ	ɣ	6.02441310525655
ɲ	ɲ	5.898554058665845
ˈu	ˈu	5.782313240590528
ð	ð	5.75376273657307
ŋ	n_o	5.639241670914397
ŋ	ŋ	5.599978587007933
m	m_b	5.551614941284011
ˈɔ	w_ˈe	5.512234943733406
j	j	5.385185254006566
b	b	5.380109737149955
θ	θ	5.367762117984618
p	p	5.230458355432244
β	β	5.163211711500026
ð_ɪ	ð	5.0865720918087725
ˈi	ˈi	5.064893391282014
m	m	4.997727212502531
t	t	4.963253740715734
ɪ	ɾ_e	4.936992824445444
k	k	4.924495010751096
s	s	4.643432260254019
r	ˈe_r	4.590539661103319
l	l	4.436648968400128
e	e	4.432222007937086
ˈo	ˈo	4.423725421992788
l	ʝ	4.382296428107915
w	w	4.258302262570198
β_ɐ	a	4.254449268804908
ˈa	ˈa	4.152065275591194
ɪ	e	4.148838286653675
ˈɑ	ˈa	4.04681021234961
n	n	3.969081640249866
ˈe	ˈe	3.649623515257823
ˈi	n_ˈi	3.626391077706754
ʃ	θ	3.6173758873555815
ʊ	o	3.585403397068792
ɾ	ɾ	3.581469853132671
j_ʃ	θ	3.5762613441766176
a	a	3.517298186634244
ɐ	a	3.500628674886609
ˈe	e_ˈe	3.4547369767282423
n	ɲ	3.446952144456592
w_t	t	3.413177450124384
o	o	3.398711247082732
ˈo	w_ˈe	3.31715927342735
ˈɔ	ˈo	3.257880958180662
ˈo_w	ˈo	3.153810616483496
ɐ	n_a	3.026604910025374
ɲ	n	3.015387472765356
<#_f	<#	2.956496761476403
ʃ	ʝ	2.797013885647102
ŋ	n	2.695524211999725
ɣ	ˈe_ɣ	2.674927129097715
<#	<#_w	2.670852937859609
f_ˈi	ˈi	2.546728229589742
θ	θ_j	2.4775280133400828
ˈo	ˈu	2.2984556102500524
ˈa	l_ˈa	2.229756495598346
i	e	2.117539254151381
ˈi	ˈe_j	2.0082374418089315
ˈɛ	j	1.480364550513261
ˈe	ˈe_n	1.3711964613687004
d	d_j	1.3491595537160586
ɣ	ɣ_w	1.3323382453881918
p	p_w	1.3179716964359782
b	b_w	1.2887489421271403
r	ɾ	1.2554159208961986
n	n_w	1.224759395975316
f_ˈa	ˈa	1.071985034088293
k	k_w	0.9984771264233832
ˈo	w_ˈe_n	0.9580607132048752
ˈe	j_ˈe	0.6706850995123939
ˈɔ	w	0.6301748506597857
ˈɛ	ˈi	0.4354148322234695
s	θ	0.3787675488978124
ˈɔ	ˈe	0.3429554211606145
ˈo	ˈe	0.3130335806026376
ˈi	ˈe	0.2793857668151514
ˈɛ	ˈe	0.2034132354409802
e	o	0.0241717344661668