Phone1	Phone2	PMI
j_t	ʧ	9.51349446654411
ˈɛ	j_ˈe	7.988671762287235
i	i	7.924170308264164
f	f	7.239695905900939
r	r	7.153231432886172
d	d	7.058268682465998
ð	ð	6.892937213643815
ˈɔ	w_ˈe	6.817116242597495
ɡ	ɡ	6.804878680352367
ŋ	n_o	6.743491472040372
ɟ	x	6.708657548053233
ɣ	ɣ	6.540240352288118
ŋ	ŋ	6.488434744791807
ˈu	ˈu	6.3011238091533945
ʃ	x	6.226305074604037
b	b	6.070258354982721
ɲ	ɲ	6.056200307687239
ʧ	ɟ͡ʝ	5.835673832677985
θ	θ	5.760793816921487
ˈi	ˈi	5.702191545891025
p	p	5.644009863306249
β	β	5.62337933908625
t	t	5.542899063860084
ˈo_w	ˈo	5.534567554438191
m	m	5.532699466678491
k	k	5.331904393145066
ˈo	w_ˈe	5.322543335393975
m	m_b	5.228299859332287
s	s	5.197386684657193
e	e	5.074289178621649
ɪ	ɾ_e	5.059247554555442
<#_f	<#	4.930579008265271
l	l	4.913419463143856
l	ʝ	4.874869926666206
ˈo	ˈo	4.867413201820419
ˈɑ	ˈa	4.81725097544315
ɪ	e	4.776930654382512
ˈa	ˈa	4.721073150045323
n	n	4.591407494503488
j	j	4.486744199406945
ɐ	a	4.107626015313178
ɾ	ɾ	4.071930756990771
ˈɔ	ˈo	4.038529351468132
ˈe	e_ˈe	3.9752419680451374
ˈe	ˈe	3.974547159666751
a	a	3.966672419968728
ʊ	o	3.896815383787809
o	o	3.83872832050163
ɲ	n	3.7722396550740775
w	w	3.6143959146938345
n	ɲ	3.491700821887397
ʃ	θ	3.4111045245141742
ɣ	ɣ_w	3.384182070483757
u	u	3.2745824250111357
ɣ	ˈe_ɣ	3.2671895703395264
ð_ɪ	ð	2.994122534502039
p	p_w	2.965456340898793
ˈe	ˈe_n	2.856735341696516
ˈa	ˈa_n	2.7114920668417315
ˈo	ˈu	2.69184738729822
f_ˈa	ˈa	2.592894602844982
ɐ	n_a	2.536620504460134
ŋ	n	2.350741061056977
ʃ	ʝ	2.260504559432856
β_ɐ	a	2.178556518693667
ʊ	l_o	2.080508083937474
ɪ_#>	#>	1.8910214147540887
i	e	1.7161008199141388
r	ˈe_r	1.655964959183401
θ	θ_j	1.5070298191743523
j_ʃ	θ	1.4980512315398866
n	n_w	1.4131424339542011
<#	<#_w	1.4112597478262636
r	ɾ	1.3900113680258843
ˈi	ˈe_j	1.3261865269123136
s_ˈo	s	1.281849102374789
w_t	t	1.271802324884236
w	ˈo	1.1744354809668809
ˈɛ	ˈe	1.1561197604118885
ˈɔ	w	1.1297042004444853
ɐ	l_a	1.0390149826891786
ˈu	ˈo	0.9993856215533444
f_a	a	0.9802197216407242
ˈe	j_ˈe	0.931957493264505
ˈi	ˈe	0.9006726631284151
ˈɔ	ˈe	0.8224765429549024
ˈɛ	ˈi	0.761833713157566
u	o	0.7615453183227847
ˈɛ	j	0.6315791263616835
e	o	0.249115904122548
ˈo	ˈe	0.1188544147836363