Phone1	Phone2	PMI
j_t	ʧ	8.538691188410978
f	f	8.4326407560342
i	i	7.786947798764376
ʧ	ɟ͡ʝ	7.320053845290995
ˈɛ	j_ˈe	7.033173378234493
r	r	6.847976913680171
ʎ	x	6.715184209859656
ɡ	ɡ	6.660102221594773
d	d	6.468164783578743
ʃ	x	6.027176634834298
ɣ	ɣ	6.008864116963388
ɲ	ɲ	5.938055434141296
ð	ð	5.872032260006962
ŋ	ŋ	5.7755214923747085
ˈu	ˈu	5.759066509824409
ŋ	n_o	5.712658485522749
ˈɔ	w_ˈe	5.659237137266447
θ	θ	5.440143580176582
ˈi	ˈi	5.439716794570216
j	j	5.416536345120407
ˈo_w	ˈo	5.396992664791266
b	b	5.302186018593841
p	p	5.166931003749492
m	m	5.117843923794586
β	β	5.092020311726081
t	t	5.036928163634736
k	k	4.9667282747280055
ɪ	ɾ_e	4.951544702093294
ˈo	w_ˈe	4.757867725479751
s	s	4.540969091442152
l	ʝ	4.4098558402793255
e	e	4.387172348005674
l	l	4.379473149020228
ˈo	ˈo	4.2668353023693015
ˈa	ˈa	4.25233059815686
m	m_b	4.24691000689631
ɪ	e	4.177697036349229
ˈɑ	ˈa	4.171257706785242
n	n	3.989870515588943
ˈe	ˈe	3.7023781046336572
ɾ	ɾ	3.576779814567217
ɐ	a	3.551048242187649
s	o_s	3.542879406585083
a	a	3.501252252550616
ʊ	o	3.4834396091005213
n	ɲ	3.453645379278289
ʃ	θ	3.3984365906200615
o	o	3.3758338027007566
ˈɔ	ˈo	3.3418021522158896
ɐ	n_a	3.1840705681661494
ɲ	n	3.1268964284883562
<#_f	<#	2.9904817617648654
ŋ	n	2.7875531818813406
ð_ɪ	ð	2.508483729302222
w	w	2.0550765402316675
ˈo	ˈu	1.5864286986548066
ɣ	ˈe_ɣ	1.3469048586819965
β	ˈe_β	1.1025590055400845
f_a	a	0.7856829329409443
ˈɔ	w	0.5826087154724098
#>	e_#>	-0.04906821974593194