Phone1	Phone2	PMI
ˈo	w_ˈe	6.349483095684072
f	f	5.988152552442895
d	d	5.95126299594281
ˈe	j_ˈe	5.802623597437949
b	b	5.556466679921998
ç	f	5.33426041744425
ʦ	θ	5.190708698367489
l	ʎ	5.181273667718562
m	m	4.9581120988527445
ʣ	d	4.641621321547937
ʃ	θ	4.614754271199407
p	p	4.614152403248439
ˈi	ˈi	4.5902821278256924
t	t	4.355635304987912
s	s	4.314493833236678
ˈɨ	ˈa	4.286008382976065
ˈu	ˈu	4.279061850301385
t	ð	4.245947980048703
k	k	4.237970881541428
r_i	ɾ	4.196128854673344
r	l_u	4.190858402285532
ɲ	m	4.177821371341481
n	n_u	4.156406712521439
v	b	4.035279878002431
ʎ	ʎ	3.8228921394062296
ˈa	ˈa	3.818487660123211
ʤ	ʃ	3.8045296201012895
ˈu	ˈo	3.722979673475163
a	a	3.675684588307834
e̯ˈa	ˈe	3.627744205141501
u	o	3.592446205637335
ə	a	3.5798587545624687
n	n	3.5687279051440326
i	e	3.534250378335622
n	ɲ	3.350345808236126
r	ɾ	3.3273182193752904
p	β	3.323762023720999
k	ɣ	3.2671134050369086
u	u	3.174499364541661
ˈo	ˈo	3.147807596841665
o̯ˈa	w	3.1460469187806748
j	s	3.017953556679271
ˈe	ˈe	2.9558438302680456
n	ŋ	2.828294209156422
e_#>	#>	2.6086795192331387
t	ʧ	2.448274256079534
ˈi	ˈe	2.3759679078016465
ʎ	ʝ	2.2394669010923174
s	e_s	2.15515358386607
#>	s_#>	1.9243208062336912
j	β	1.916413642701236
<#_j	<#	1.906724518367751
o̯ˈa	ˈo	1.550474968193905
k_ʎ	ʝ	1.502940841392421
r_i	l	1.3673913960759736
i	j	1.2598607382736997
<#	<#_e	1.2416019897518562
r	l	1.193753240212012
i	a	1.1930597162844094
ə	e	1.1534073887216776
ʦ_i	θ	1.1330478422392003
k	p_j	1.054053075427023
w	β	0.9929277130141024
ə	u	0.9448083070366228
e̯ˈa	j_ˈe	0.9033086013954744
j	b	0.9012796672093846
ˈa	ˈo	0.8066634900219024
ˈi	j_ˈe	0.7406206644917581
k	p	0.7247948505930086
ˈa	a	0.654086150790371
l	l	0.6238212562647684
ˈa	j_ˈe	0.5902061671804752
ʦ	k	0.500529240237163
i	ˈe	0.4238696713270896
<#_a	<#	0.313119435170845
ˈa	ˈe	0.1649292476125086
i_#>	#>	-1.5521691706858174
#>	u_#>	-0.4961156428974814