Phone1	Phone2	PMI
ʃː	ʃ	7.391420400345151
ŋ	ŋ	7.303802925877573
ð	ð	6.592025679899141
ɡ	ɡ	6.416011011627973
o	u	5.91108727891853
d	d	5.851525784262054
ˈi_n	ˈi	5.586014460098644
n_ʤ	ɲ	5.568074206367147
f	f	5.353927079509239
l_i	l	5.345252276054391
l_u	l	5.343901062910712
t_u	t	5.169183976350457
p	p	5.13100006466921
m	m	5.070806205824908
r_u	r	4.996292392159286
r_i	r	4.95804849419102
t_i	t	4.910627626504888
b	b	4.895922561129529
e	e	4.883951342768712
b	v	4.818608476153051
ɣ	ɣ	4.793596131284999
ð_u	t	4.787685657681846
ˈu	ˈo	4.657574817436674
n	n	4.6283086432759015
ˈa_n	ˈa	4.623109529420152
ˈu	ˈu	4.50284385375413
ʒ_i	w	4.4976911722575785
rː	r	4.409579390697898
k	k	4.380878721442724
t	t	4.356800047221387
ˈo	ˈɒ	4.266941425598247
i	e	4.259520662040393
s	s	4.178498368743358
l	ʎ	4.152636974866304
a	l_ɐ	4.105733619960845
ˈe	ˈe	4.07436831493731
ʧ	s	4.058247107130997
z	s	4.017664189527289
ˈa	ˈa	3.99642327751687
j_u	ʎ	3.911993139721229
w	w	3.8696857473999104
ˈi	ˈi	3.8615780988435366
r	ɾ	3.830907113429168
ˈe	ˈæ	3.800534598195565
ˈe_ɖː	ˈe	3.4078217425967465
ɣ	ʤ	3.382931253428102
a	a	3.3732405357892006
ˈi	ˈæ	3.3324934191441007
a	ɐ	3.270197044920049
ɣ_u	k	3.2071676276654024
a	ɜ	3.1609818548478623
a	ɞ	3.150145092305213
ʣ	ʎ	3.0097576479248627
k_u	k	2.922196242852889
β	β	2.9087335386565285
u	u	2.783601199217585
ˈo	ˈu	2.737901728610063
l	l	2.72052246983682
ˈi	ˈe	2.54063294773502
j	r	2.5127092046840045
ŭ_#>	#>	2.3192423198217824
r	r	2.2978630312886046
sː	s	2.2835663033870253
β	w	2.1321990686958534
t_e	t	2.029251268213952
ɖː_u	ʎ	2.005244592830912
r_e	r	1.990782297709368
i	i	1.9470661727946488
z_ŭ	s	1.8163404026256045
u	ʎ	1.7790451865481385
r	l	1.716376476483619
i	w	1.6857826676023029
ˈo	ˈo	1.6019362218448363
u	w	1.414925228066878
ˈo	u	1.4066415746605494
e_#>	#>	1.3924612407248584
nː	ɲ	1.1905050598761835
m_i	m	1.190371344240453
u	e	1.1193344200260025
ˈe	ˈi	1.1130097035741586
u	ɜ	1.0617476895628577
j	ʎ	0.9725538177967102
n	ɲ	0.8347695977866616
#>	ʎ_#>	0.7937298433349677
a	e	0.5500198525072731
d	t	0.3579420315760844
u_#>	#>	-0.5169026988725866
i_#>	#>	-0.2729093880561997