Phone1	Phone2	PMI
i	i	6.897676886769923
ʎ	ʧ	6.7372027613555066
ʧ	p_j	6.687863500916435
ɲ	ɲ	6.549275871023326
w	w	6.34083634135442
f	f	6.257577868937505
ˈɛ_l	ˈɛ	6.217601317732276
ˈo_w	ˈɔ	5.480385988098917
d	d	5.409762405657864
ɣ	ɡ	5.399691546544208
ɡ	ɡ	5.292426707552282
ˈi	ˈi	5.275549448941489
ˈu	ˈu	5.147736029851737
β	v	5.123070540371398
m	m	5.115973813572528
θ	z_e	5.082776389954013
ð	d	5.043295777332723
ˈe_l	ˈe	4.997949640740771
l	ɰ	4.936027020911807
ˈo_j	ˈɔ	4.933238848229221
ˈɛ	ˈɛ	4.924803595955019
p	p	4.920788380201765
ʃ	z	4.910224438174303
k	k	4.896061322568412
l	l	4.843879457684222
b	b	4.745666775638432
t	t	4.6867180335515055
ŋ	ŋ	4.68519699830932
ɾ	e_r	4.508901290993304
s	s	4.402568540863954
b	v	4.369551161204437
ˈo	ˈo	4.366802205299173
ˈɑ	ˈa	4.349887010388232
j	e	4.342728466855826
ɾ	a_r	4.342297224186986
ɾ_ɪ	r	4.301668977408968
ˈɔ	ˈɔ	4.30080511393784
ˈa	ˈa	4.281873793856003
ˈe	ˈe	4.268323484814753
ɪ	e	4.2634406763494495
e	e	4.223502327122653
<#_e	<#	4.175926668672058
o_s	i	4.0380870703647105
n	n	3.8395530298631266
ˈɛ	j_ˈe	3.797074313011153
ˈɔ	ˈo	3.6517768731164715
ɐ	a	3.644745157926045
r	r	3.5660016829923324
θ	s	3.5542075662050583
ˈe_j	ˈɛ	3.49175987256443
ʊ	o	3.471750318334462
<#_a	<#	3.4499334166005906
ɾ	r	3.3427564745051694
ˈo	ˈɔ	3.3333153696880786
n	ŋ	3.2589860536470083
a	a	3.226611916144361
ˈe_j	ˈe	3.1655602867909565
s_#>	#>	3.0646671602637747
t_ˈo	t	2.971286861027835
ˈu	ˈo	2.943994754270483
ʊ	o_ɰ	2.940119635060502
ð	t	2.8788232891832406
w	l	2.8099925437934123
ɲ	n	2.7601312345181475
ˈe	ˈɛ	2.7221706338151748
<#_o	<#	2.661376895441569
a	ˈa	2.624006038320651
m	e_m	2.523323465678146
o	o	2.5079413581117014
o_s	ˈu	2.3250956604682242
ʎ	ʤ	2.2134553641502936
ʎ	j	2.2082878124739223
ɐ	n_a	2.196183477433685
#>	i_#>	2.1548119199643727
ˈɛ	ˈe	2.0406193084824666
ʃ	s	1.894813268801872
θ	z	1.8934854109487151
ˈa	ɰ_ˈa	1.7919615654767456
β	b	1.558541025206972
ˈe	ˈi	1.5205351474258169
ŋ	n	1.4250782873987573
<#_l	<#	1.4228575186915025
<#	<#_z	1.325194437558616
ʧ	j	1.3110788456311482
m	ŋ	1.2443608275989344
β_o	b	1.1454524881700265
j_t	t	1.129848897520596
l_ˈe	ˈe	1.1066986773338896
#>	ŋ_#>	1.0720724343831025
m_o	m	1.0540809531753323
ɾ	ˈɔ_r	0.6303137405035627
#>	e_#>	0.577940166105164
ˈi	e	0.24664827382081053
<#	<#_f	0.20774647889774292