Phone1	Phone2	PMI
ɲ	ɲ	7.366506614563482
ˈʌu̯	ˈo_w	6.720110519831636
ð	ʒ	6.299430288375329
u	u	6.288826975051
ˈuː	ˈu	5.993920537837611
ɡ	ɡ	5.868663986746779
θ	ʧ	5.699071440846222
b	b	5.6921068919591855
ˈe	ˈi	5.478341084441593
u	o	5.46879964079391
ˈo	ˈu	5.410992993824165
ˈɔː	ˈɔ	5.394937511760175
ˈɔ	ˈɔ	5.364141527484124
f	f	5.309936049779374
p	p	5.1727971687389855
v	v	5.026008661401332
m	m	4.988263567861736
ˈɔː	w_ˈɛ	4.9635669423759525
ˈʌ	ˈo	4.917443612485066
d	d	4.8477474714834505
ˈaː	ˈa	4.533122958795016
s	s	4.523311024077795
e_r	e	4.361202158462507
ŋ	ŋ	4.314922328232171
s	ʃ	4.314825931003854
j	j	4.275705197634027
i	i	4.177906816486259
t	t	4.155038616953286
n	n	4.10074485200971
k	ʨ	3.9813866382087966
k	k	3.9790307954709108
ˈɛ_r	ˈe	3.8753529819336965
l	l	3.849566103670645
r	r	3.8349114141983014
z	ʒ	3.833702786778859
a	a	3.8151591531012086
e	e	3.7502053090272907
ˈiː	ˈe_j	3.696402995180744
ŋ	n	3.4898983683733507
z	ʃ	3.4764688683454636
θ	ʦ	3.4748749137984363
ˈa	ˈe	3.456608528361059
ˈɛ	ˈɛ	3.4535969290275634
ʧ	d_l	3.3792724506854888
ˈiː_r	ˈi	3.2969351676716028
θ	ʨ	3.248572090769829
k_w	k	3.1826713473159627
ˈa	ˈa	3.1052062210874665
ɡ	k	3.0689387708433187
ˈo	ˈo	2.9664124493907043
ˈæ	ˈɛ	2.923769478434631
v	f	2.840762259227928
ˈiː	ˈi	2.762591093479779
i	e	2.653872945036105
ˈʌu̯	ˈo	2.4561854765634368
e_n	n	2.377697255700973
ˈuː	w_ˈɛ	2.3761152179548346
m	e_m	2.373253885255242
ˈɔ	ˈo	2.1332960632924216
ˈæ	ˈe	2.1269260057540302
r	a_r	2.010977496362746
ˈɛ	ˈa	1.9380309350299074
j	l	1.820862712115494
z	w_ʃ	1.5669026547684726
d	t	1.5620148969915044
ˈʌ	ˈɔ	1.543271118808192
#>	e_#>	1.4668450869901548
a	l_a	1.4626542898890846
<#_ʧ	<#	1.3943087107901546
ˈɛ_d	ˈɛ	1.3609269239813582
e	r_e	1.3378347821356649
ˈuː	ˈo	1.292025848298974
ˈɔ	ˈe	1.2867440648035133
s	s_e	1.1338778517327746
θ	ʨ_a	1.1138717830271248
p	p_l	1.0338411305885518
ʧ	d	1.0230754829839497
ˈa	ˈe_j	1.016790234484224
ˈɛː	ˈɛ	0.9319743736349564
ˈi	ˈi	0.9169725396441937
z	s	0.885840056891068
ʤ	d	0.8534761016729595
ˈɛ	j_ˈɛ	0.8354082984713728
j_r	j	0.8283888951907852
r_e	r	0.7787895691123279
ˈa	ˈɛ	0.7230366209442193
ˈiː	ˈe	0.6668035402790179
r	w_r	0.6594943005495713
ˈɛ	ˈe	0.6593353833386878
e_r	r	0.6410935991090597
ŋ	m	0.5429561368335798
ˈe	ˈe	0.356295335673262
t	d	0.20496200587520091
l_#>	#>	0.010536063335235492
r_#>	#>	-0.8181948706652292
#>	l_#>	-0.015116071632650763