Phone1	Phone2	PMI
ˈĩ	ˈi_ŋ	8.923016366878834
ˈɔ̃	ˈo_ŋ	7.5165112491762915
ɲ	ɲ	6.953911384010612
ɡ	ɡ	6.61689154960929
t	s_t	5.902813491786347
ˈɛː	ˈeː	5.823200349399345
b	b	5.692538775636812
ˈoː	ˈa_l	5.598997753914174
d	d	5.518395608765328
ˈɑ̃	ˈa_ŋ	5.503736421658497
ʒ	j	5.328451411200772
p	p	5.2779106021239865
ð	ʤ	5.277393230829357
ʃ	c	5.208508582550092
ˈi	ˈiː	4.9743485240629
ˈe	j_ˈɛ	4.920466014336642
j	j	4.912550187716373
f	f	4.882332595131479
v	v	4.862469849142252
m	m	4.775033575100727
n	n	4.73466672480731
k	k	4.7269072037879605
s	ʧ	4.641504451775434
ˈo	ˈo	4.531042940252033
w	w	4.302845537978319
ˈaː	ˈaː	4.277299462793564
<#_e	<#	4.2750562837523365
o	i	4.271134679403494
ˈi	ˈi	4.211354902829403
ˈɛ	ˈe	4.187553832193352
s	s	4.107564126851345
ˈɛː	ˈe	3.9879300952789953
ˈoː	w_ˈa	3.987760428819868
ˈɛ̃	ˈi_n	3.916759407781038
w	ˈuː	3.901396716805659
ˈa	ˈaː	3.875905995103591
l	l	3.808952426487825
ʁ	r_t	3.7922838179703975
ə	i	3.784993649143414
t	t	3.695476833117101
ʁ	a_r	3.5881784291164256
ʎ	l	3.535238281126245
ʁ	r	3.528622594270417
ˈe	ˈɛ	3.494401645630987
ˈa	ˈa	3.462683779500527
#>	k_#>	3.450825589809233
a	e	3.397683974663288
ˈo	ˈoː	3.203415588939887
ˈɛ	j_ˈɛ	3.194920650923967
ð	d	3.1649148249727648
a	a	3.1642152382610798
o	o	3.126250194731349
ˈɔ̃	ŋ	3.1166312937414906
k	k_w	3.085661333241666
j	ˈiː	3.083745593785766
ˈaː	ˈa	3.063693451790068
ˈɑ̃	ˈa	3.0348537205458723
ə	e	3.013598809273054
ˈɛ̃	ŋ	2.966908671997758
w	ˈo	2.9659716859271974
ð	r	2.8446505502148005
w	ˈu	2.513909850822873
ɔ	o	2.496941524803294
ˈɛ̃	ɲ	2.4523197884291443
ˈu	w	2.4237989093405843
ʃ	s	2.3700494561037377
ˈɔ	w	2.2320069604552817
ˈoː	w	1.897540172234885
z	s	1.8500545083738449
ˈe	ˈi	1.83880535880742
ˈø	ˈɛ	1.824347854711124
ˈe	ˈaː	1.7551129008983442
#>	t_#>	1.7372455454681233
o_#>	#>	1.5635467526608384
ʎ	l_i	1.5330747761492325
i	e	1.4921847180524188
ʎ	j	1.4646872540377682
ˈe	ˈa	1.4541276780964696
#>	s_#>	1.4022166477440725
ʁ_#>	#>	1.2720282373336569
k	s_k	1.2590262517511557
ˈɑ̃	ˈa_n	1.2072657252508328
ˈɛ	ˈɛ	1.1255021185619918
ʁ	ˈa_r	0.8902285509828163
ʎ	ˈɛ	0.8594241709968518
ˈɑː	ˈa	0.8366036366004608
o	ˈaː	0.7543183874551678
ˈɛː	ˈo	0.6734398581440799
#>	ŋ_#>	0.5641057059688961
#>	i_#>	0.528214492459034
ˈɛː	ˈɛ	0.525355416847715
n	ŋ	0.4509196039070347
#>	l_#>	0.3149852702375813
ə_#>	#>	-0.1700225020415339