Phone1	Phone2	PMI
ʤ	ɡ	7.018350642050998
ŋ	n_u	6.872383470175488
o	o	6.5828355372375
ˈaː	ˈa_r	6.3008953723944
j	j	6.155472882777211
ŋ	n_e	5.7998694542985465
t	t_u	5.631072065398555
p	p	5.575410975693575
ˈu	ˈu	5.527922447695186
t	t_e	5.456928668787548
l	l_u	5.382491818726807
m	m	5.321330095743309
f	f	5.22100915851624
#>	ĕ_#>	5.19348247706374
d	d	5.1144723264126055
l	ɖː_u	5.069083700182029
i	e_r	5.056365295195027
j_ˈɛ	ˈe	4.910557626740209
#>	ŭ_#>	4.906890595608519
b	b	4.858822966329448
c	k	4.702401745635456
ˈɔ	ˈo	4.692889303075234
v	b	4.664450090898491
ʧ	k	4.6637308732888965
ˈiː	ˈe	4.657873139356094
ˈoː	ˈu	4.583180948713759
ˈɛ	ˈe	4.564189562485252
d	ð	4.488755960697419
ˈo	ˈu	4.484994743555891
t	ð_u	4.462297128809431
ˈa	ˈa	4.405844184474339
s	s	4.316156269112955
w_ˈa	ˈo	4.310896455851565
ˈeː	ˈi	4.274179896381619
k	k	4.167658776365648
ˈuː	ˈo	4.038551539071624
n	n	3.990688806107492
r	r_u	3.973430483691227
ˈi	ˈi	3.921655872972084
<#	<#_i	3.9148793288877406
v	β	3.841525176518409
e	a	3.7616439505940455
w_ˈi	ˈo	3.728860799705655
t	t	3.7194197595039
l	l	3.677574608971368
l	l_e	3.6676911613810494
a	a	3.6215990533769777
ˈaː	ˈa	3.559067113596849
ˈo	ˈo	3.449554866616576
i	i	3.4096915050775114
ˈe	ˈi	3.3593673283393164
r	r	3.309180577892187
r	rː	3.299052212709301
ŋ	m	3.227110167583644
ˈuː	ˈu	3.1563395316955827
l	k_r	3.1518273726657235
s	z	3.1168213850700988
ˈe	ˈe	3.108749950894006
w_ˈɛ	ˈo	3.103804253995745
s	ɣ_e	3.0125217521329417
ɡ	b	2.6582607864566525
l	ɖː	2.6185443061264
ɡ	ɡ	2.4765973203771523
f	β_u	2.405445886512592
w	u	2.2985617283548643
k	ɣ_u	2.2953111466567413
ˈi	ˈe	2.233923910186736
ˈoː	ˈo	2.1674133803449203
k	b	2.0402240289134865
i_ʧ	i	1.974656564938297
v_j	b	1.9581404284023551
i	u	1.9509767802798963
ɲ	n	1.9055728751398489
t	ð	1.822667852273984
a	e	1.4594236271710646
<#	<#_a	1.328771237954945
i	e	1.2401941954415563
l	r	1.203250414200283
m_j	m	1.0850313037126005
s	s_k	0.953213090690379
e	ʣ_a	0.9517542229138404
s	ɣ	0.8124941724185493
f	β	0.6826351794276478
#>	e_#>	0.3934199813146436
ˈa	ˈo	0.2643102012503594
e	i	0.1992957283919055
<#_v	<#	0.1229308371315922
#>	u_#>	-0.9801203966029224
e	e	-0.1126739514128557