Phone1	Phone2	PMI
ɲ	ɲ	7.480617686519475
u	o	7.242462137913219
ʒ	ʥ	7.241697091487881
ˈɛ_l	ˈɛː	6.738421817635194
ɡ	ɡ	6.39552651011863
ʎ	ʎ	6.157404337800226
ŋ	ŋ	6.119352777467187
b	b	5.881842534005064
u	u	5.838811797001974
ˈe	ˈa_j	5.685119180255123
f	f	5.655246270964224
ˈɔ	ˈɔː	5.437637943908252
p	p	5.199778309455499
ˈɛ	ˈiə̯	5.130746226994027
β	v	5.112692758516231
ʧ	ʨ	5.0684658363531225
ˈɔ	ˈɔ	5.063258050669679
ð	d	5.036315942278907
d	d	5.026352642887146
w	w	5.010173767111619
m	m	5.003828623362289
v	v	4.960718338630284
n	n_t	4.926347080343258
ˈi	ˈiː	4.860442830321102
ʦ	ʃ	4.8091768655810885
ˈy	ˈiː	4.767511588316087
t	t	4.754394467843633
j_ˈɛ	ˈɛ	4.640688043168738
ˈu	ˈu	4.467722029992501
k	k	4.4561777865236
ˈu	ˈuː	4.3615081314473105
ˈɛ	ˈɛ	4.3583389550291765
ˈe	ˈe	4.171315569085113
ˈa	ˈaː_r	4.085169477282249
ˈi	ˈi	4.0325383624779825
ˈɛ	ˈɛː	3.997281332938302
k	ʨ	3.99072498074176
<#_e	<#	3.9515755508863077
ˈy	ˈi	3.9135272922197735
l	l	3.907469397811469
n	n	3.867363648267716
s	s	3.7656555396398668
r	r	3.697145474617776
e	i	3.6771069921226736
ˈa	ˈa_w	3.556066491024155
ɔ	ə	3.483517403986266
ɾ	r	3.4234750872668864
l	ʎ	3.3708433991407407
w	f	3.349126099990605
ˈi	ˈi_n	3.3102204539197158
s	ʧ	3.2923670513394856
a	ə	3.175262294935422
ˈɔ	ˈu	3.1392673246423164
ɾ_e	r	3.118303169931185
ˈa	ˈaː	2.99479061983684
ˈa	ˈa	2.984740945832679
ˈa	ˈɔ	2.784456956980798
ɾ	ə_r	2.7717341792953043
l	l_j	2.7080861457358005
#>	n_#>	2.5835947364223384
s	ʃ	2.4417474939888444
ˈe	ˈeː	2.4139417696422663
a	u	2.410191131822878
ɣ	ɡ	2.349435565635488
<#_ɥ	<#	2.28980554124798
ˈɔ_k	w	2.133094310387381
v_e	v	2.1151741901419134
p_e	p	1.9859650146695362
z	ʃ	1.9709458202408614
l	ə_l	1.8066593527309291
ɥ_ˈɛ	ˈo	1.7442541658277932
ˈu	ˈu_n	1.7117340448434057
e_#>	#>	1.604289919370669
ɥ	ˈo	1.5837145161205797
ˈɛ	ˈa_j	1.425176310475027
j	ˈeː	1.4098799708174437
e	ə	1.3077429864641874
b	b_ˈa	1.274812918364924
ˈe	j	1.2103033545636692
w	v_ə	1.1770982594345383
#>	i_#>	1.14490277062399
e_s	ʃ	1.1012515876336229
ɥ	ˈɛ	1.0521294259113187
n	n_ʨ	0.9872451662026613
e_s	s	0.9838475849087425
ˈa_w	ˈa	0.9415573741807973
#>	ʨ_#>	0.9294537667351064
k_#>	#>	0.9269291034576653
ˈɛ	j	0.8818239889703913
ˈy	ˈu	0.822359034647623
#>	l_#>	0.820202795595436
#>	r_#>	0.7879664469513707
<#_a	<#	0.6769327700470651
e	r	0.5075503685651375