Phone1	Phone2	PMI
ʎː	ʣ	7.580880633393905
r_n	rː	7.458007162498948
lː	ɖː	6.910841724615087
sː	sː	6.864330476352975
d	d	6.162926525350819
ʤ	ɡ	6.148141205492129
nː	nː	5.804571256249853
k_w	b	5.515894687236255
m	m	5.488293499307025
ɲː	ɲː	5.416280558173847
p	p	5.328851848159295
b_w	b	5.310959092493124
f	f	5.30034824063626
z	z	5.289479847079299
#>	ŭ_#>	5.2629608692495236
j	j	5.235547883195056
j_ˈɛ	ˈe	4.930448703659765
w_ˈɔ	ˈo	4.85126736833913
ˈu	ˈu	4.847872217730829
d	ɖ	4.807850362464155
b	b	4.786775687347095
ŋ	m	4.75424014729514
tː	t	4.747280265498146
v	b	4.738783895782318
s	s	4.71638790415861
o	u_z	4.699649496961233
ɡ	ɡ	4.6982751786316514
i	i	4.649308374574336
l	l	4.645990243385694
ˈi	ˈi	4.585089598945195
ʤ	j	4.566621425308245
ˈɛ	ˈe	4.553054528451457
rː	rː	4.493745219764254
ˈa	ˈa	4.435767872946935
kː	k	4.434589671854235
k	k	4.4014206232525215
ˈo	ˈu	4.367927853084054
v	β	4.315114939843337
ʧ	ɣ	4.308219494748898
ˈɔ	ˈo	4.303006007752306
p	β	4.180023834693403
t	ð	4.161700993126259
n	n	4.153964412124187
t	t	4.130181810857612
ɡ	ɣ	4.101263101372143
a	a	3.940955783593319
ˈa_l	ˈa	3.9393750543762556
ˈi_v	ˈi	3.7701224127792647
n	ŋ	3.6823763557060603
ŋ	ŋ	3.6707949876650567
ˈe	ˈi	3.6501633886570186
o	u	3.569272572027781
r	r	3.5148021730255303
j	r	3.509988936434296
ʧ	k	3.3957697449125717
ˈe	ˈe	3.2733726886324526
ˈo	ˈo	3.254610644464152
e	e	3.20226775488035
ʃː	s_k	3.1530452976652343
ˈi	ˈi_e	3.1287006497993617
k	ɣ	2.9795838951317175
<#_w	<#	2.875929823552007
o	o	2.729406631915618
ˈo_d	ˈo	2.6956091491183476
r	e_r	2.6583985596498683
i	o_z	2.6424570627476904
d	ð	2.553129749481429
ɡ	b	2.448611390381779
v_e	e	2.4404317759225487
#>	ŏ_#>	2.4079598229750823
<#	<#_i	2.4025112619305267
e	e_n	2.3409764348141535
w_a	a	2.311049699044059
s	i_s	2.2966647841611336
ˈu	ˈo	2.202199389556528
r	r_ˈa	2.156817399619227
ʃː	s	2.0609072049578834
ˈa_r	ˈa	2.0080058280499427
e	z_ă	1.9253129488177183
e	n_e	1.8729560038013902
r	o_r	1.5389634809578112
i	e	1.4809452498460616
#>	ă_#>	1.4379649117760036
p_j	p	1.2371262264129501
e	i	1.0515066538520974
e	a_z	0.9435739599986765
v_e	b	0.7980093512992636
e	o	0.71465058485402
ʤ	b	0.6174395186706796
ˈɔ	ˈa	0.07730983259866603
l	r	0.06930073952751295
o	i	-0.08903336634844367