Phone1	Phone2	PMI
ʎː	ʣ	7.696111207801974
r_n	rː	7.350444952446685
ɲː	ɲː	7.167965176413861
lː	ɖː	7.08809283092127
sː	sː	6.842881259656708
d	d	6.145862476270648
rː	rː	5.89096227219887
ʤ	ɡ	5.843052229895092
z	z	5.328206033955462
m	m	5.31077297568415
p	p	5.301106202218386
f	f	5.296341427367646
k_w	b	5.253492051504718
j	j	5.223634362179297
b_w	b	5.2145714564731245
#>	ŭ_#>	5.184885664935986
ˈu	ˈu	4.957056582235672
w_ˈɔ	ˈo	4.9277482177949965
ɡ	ɡ	4.914707984904987
j_ˈɛ	ˈe	4.860587652443654
o	u_z	4.793228899125089
s	s	4.76979724434434
b	b	4.759572053006522
ŋ	m	4.738912858794262
v	b	4.70762148756882
tː	t	4.674929233869639
i	i	4.672441163898337
ˈi	ˈi	4.631282562252303
l	l	4.612544319109552
ˈɛ	ˈe	4.475719749560839
ˈo	ˈu	4.415076670319582
k	k	4.403738553624021
ˈa	ˈa	4.386556837324613
nː	nː	4.365848784443211
ˈɔ	ˈo	4.345127014219448
kː	k	4.341613345149487
ʧ	ɣ	4.292835507334149
p	β	4.25961965517528
n	n	4.189267475938466
t	ð	4.15982035148298
ɡ	ɣ	4.153226380338863
t	t	4.13577947505209
a	a	3.928435880882119
ˈa_l	ˈa	3.9071881148930623
n	ŋ	3.7878785662947303
d	ɖ	3.6662289003365687
ˈe	ˈi	3.640386974528187
o	u	3.5807984345197883
j	r	3.546266825754323
r	r	3.530785528302945
v	β	3.4836391626051237
ʤ	b	3.4575339290007028
ʧ	k	3.4322578430525508
ˈo	ˈo	3.3284696014243003
ˈe	ˈe	3.2530558697980982
ʤ	j	3.235899970647246
e	e	3.2160567474304265
ˈi	ˈi_e	3.1578687101192813
ʃː	s_k	3.141285371311312
e	e_n	3.101017931008006
w_a	a	3.050776401607733
k	ɣ	2.9448191694094072
r	r_ˈa	2.8940661952540028
o	o	2.888190859028542
ˈi_v	ˈi	2.845621692349291
i	o_z	2.747689636538
ˈo_d	ˈo	2.6813444097348142
d	ð	2.628641571112695
ɡ	b	2.453025327222411
ŋ	ŋ	2.435942700519737
p_j	p	2.435843549704256
r	o_r	2.413326637727556
#>	ŏ_#>	2.409932741191974
<#	<#_i	2.3609921549885757
v_e	e	2.357015298176842
s	i_s	2.318889858095674
ˈu	ˈo	2.2176147546358567
ʃː	s	2.080645114241644
r	e_r	2.063182801601865
e	z_ă	1.9168887706931224
e	n_e	1.8002527834088558
v_e	b	1.5294215668983056
#>	ă_#>	1.4389513708844497
<#_w	<#	1.4389513708844497
i	e	1.3300855545197343
m	m_i	1.0629115888426548
ˈa_r	ˈa	1.0223549742919418
e	a_z	0.9601413901921758
e	i	0.8918280380554797
e	o	0.255222991648022
l	r	0.0847039361426099
ˈɔ	ˈa	0.0466546712356296
o	e	-0.3705482363884447
o	i	-0.0492045250538645