Phone1	Phone2	PMI
lː	ɖː	6.906773038499882
d	d	6.335672803244449
ʤ	ɡ	6.249107199655819
ʎː	ʣ	5.866789210340011
#>	ŭ_#>	5.56177888510284
m	m	5.463249415420776
f	f	5.321240371232899
p	p	5.212218880632119
ˈu	ˈu	5.081840142768778
ɡ	ɡ	5.061064068151726
v	b	4.938397797435876
ʤ	j	4.915887579156726
w_ˈɔ	ˈo	4.915778180540211
b	b	4.9084202165067605
i	i	4.861286601210539
o	u_z	4.771032414991964
s	s	4.762024777858756
ˈi	ˈi	4.697587631840437
tː	t	4.616587372318251
l	l	4.568553568874234
ˈɛ	ˈe	4.541042268416419
k	k	4.408125800439923
ˈa	ˈa	4.388596401717097
ˈɔ	ˈo	4.378941692681977
ɡ	ɣ	4.3660742160615085
ʧ	ɣ	4.303341547977903
ˈo	ˈu	4.262874295071566
n	n	4.254503548564299
t	t	4.24214253851281
t	ð	4.232202472753379
p	β	4.215118794571142
kː	k	4.198469183081741
v_e	e	4.1498373330243306
b_w	b	4.110945716725976
ŋ	m	4.062844096534807
a	a	3.977146045893469
j	r	3.904205120165113
o	u	3.67597238269224
ˈe	ˈi	3.6001017320932727
ˈo	ˈo	3.563538197051033
r	r	3.4950967296796307
ʧ	k	3.259447160486484
ˈe	ˈe	3.161075817623109
e	e	3.160958417713578
o	o	2.9370755352453712
j_ˈɛ	ˈe	2.9011126014030637
ʃː	s	2.6798982640589006
<#	<#_i	2.423068344258029
ˈu	ˈo	2.4178881050312877
ɡ	b	2.370398443134451
s	i_s	2.34292766385527
k	ɣ	2.1762841031615205
k_w	b	2.1047763389361758
r	e_r	1.8560007421912736
n	ŋ	1.5489149701553406
i	e	1.4208181747770243
e	i	1.054125133234638
v	β	0.854110459630921
l	r	-0.0502648837055269