Phone1	Phone2	PMI
ʎː	ʣ	7.486871097976931
lː	ɖː	7.164650114872254
ʃː	s_k	6.5105001487696965
d	d	6.273333870210603
ʤ	j	6.158909852921786
nː	nː	6.064526224803261
ɲː	n_ʣ	5.972063535486705
ɡ	ɡ	5.686451556165293
k_w	b	5.546121061448815
m	m	5.464709537048942
z	z	5.4501011042202165
ˈi	ˈi_e	5.401381870035928
#>	ŭ_#>	5.3455260499830475
b_w	b	5.307200466417222
f	f	5.282866236849076
p	p	5.205573926020901
sː	s	5.177394868765392
ˈu	ˈu	5.124463559974879
ŋ	m	5.0141678739747855
ɲː	ɲ	5.00061058768174
w_ˈɔ	ˈo	4.991964723365513
ʤ	ɡ	4.960919647049144
i	i	4.916797007190725
j_ˈɛ	ˈe	4.908360654122642
o	u_z	4.876817848309685
rː	rː	4.8136329198223775
b	b	4.756829716529993
ɡ	ɣ	4.686593058831212
ˈa_l	ˈa	4.656698110622362
tː	t	4.637752299386001
v	b	4.63580459433497
ˈo	ˈu	4.594431505792591
ˈi	ˈi	4.58377802279418
l	l	4.561501078386843
ˈɛ	ˈe	4.53377961230331
ˈɔ	ˈo	4.493074087139406
ʧ	ɣ	4.44472591917766
s	s	4.412047336701433
<#_w	<#	4.343042843595048
k	k	4.338137130063986
n	n	4.294839577225616
kː	k	4.199279654245169
ˈa	ˈa	4.189856976364386
t	ð	4.185873673775896
t	t	4.174158562598391
j	j	4.096368691445116
p	β	4.04410294160938
ʤ	b	4.029142044508888
a	a	3.952886835664889
r_n	rː	3.7701017239453583
ŋ	ŋ	3.733884181434738
o	u	3.6396937219542362
d	ɖ	3.627135417090768
ˈo	ˈo	3.588152340876245
ˈe	ˈi	3.574684122317578
v	β	3.4822593096999834
ʧ	k	3.4507536174341054
r	r	3.4109032673338633
j	r	3.39154935874761
v_e	e	3.3088358039176766
ˈe	ˈe	3.2332939925932895
ʦː	ʦ	3.1075379262011316
e	e_n	3.08666287710577
e	e	3.0661804932279244
i	o_z	2.8920546651015138
ˈi_v	ˈi	2.857878761016442
k	ɣ	2.7489335560403854
o	o	2.7085650205479697
<#	<#_i	2.470188385786043
v_ˈa	ˈa	2.4639604814235914
#>	ŏ_#>	2.4273918951531064
w_a	a	2.342824716563944
n	ŋ	2.3330264210242735
s	i_s	2.325491663547739
r	o_r	2.2398684950523307
ˈu	ˈo	2.199112860641826
ɡ	b	2.1362314528673685
d	ð	2.0481718644291793
ˈo_d	ˈo	1.85788278790648
e	z_ă	1.843818327187949
r	r_ˈa	1.7911032191986165
n_ʤ	ŋ	1.779302793503085
#>	ă_#>	1.4476809478650159
e	n_e	1.2973742894538576
e	i	1.2938653356298526
i	e	1.1438115688253434
m	m_i	1.1313224485529205
v_e	b	1.1306711667497988
ˈa_r	ˈa	1.0572032749374263
ʧː	b	1.007955249981433
e	ɡ_e	0.9756847971743767
ˈe	ĕ	0.8488341565899173
<#_ɡ	<#	0.8136959475765533
e	a_z	0.7728112044948665
e	o	0.6035794687902546
r	e_r	0.5801975951571856
o	e	-0.35741298317750103
a	u	-0.250220302552054
o	i	-0.07123894437090192