Phone1	Phone2	PMI
ʎː	ʣ	7.557793908311573
lː	ɖː	7.543716042733293
d	d	6.428387682076956
p	p	5.4705713196725165
f	f	5.465442275232105
m	m	5.463693731311614
ˈu	ˈu	5.166107387033954
s	s	4.934862675662286
i	i	4.85588062612526
ˈɛ	ˈe	4.784547816329307
tː	t	4.779513813807541
ˈi	ˈi	4.764355558857948
ɡ	ɣ	4.718806490825623
v	b	4.677771572396121
l	l	4.640392424495852
ɡ	ɡ	4.484845517022439
ʤ	b	4.417363157382391
k	k	4.353425417786416
ˈɔ	ˈo	4.342484300302448
ˈa	ˈa	4.324847963998583
ˈo	ˈu	4.300501438283798
b	b	4.274400247686473
t	ð	4.237132541876379
kː	k	4.232598209586378
t	t	4.174128179836896
n	n	4.151431059188029
k_w	b	4.070149081558596
ŋ	m	4.007618061691732
a	a	3.9183567645790753
sː	s	3.8882022146545774
o	u	3.626768073805675
w_ˈɔ	ˈo	3.5971728636498104
b_w	b	3.5520225440187665
ʧ	ɣ	3.5365633657899678
ˈo	ˈo	3.5242425042681043
ˈe	ˈi	3.5054320290645182
ʤ	ɡ	3.482847683695184
j	r	3.468365379564881
r	r	3.418455502698257
p	β	3.34989713787278
r_n	rː	3.344786756593665
ˈe	ˈe	3.3112612981964213
j	j	3.2212199622792745
ʧ	k	3.219260530788977
ʃː	s_k	3.187363239912049
e	e	3.076911438007078
o	o	3.0153557775889124
o	u_z	2.937866421246781
nː	nː	2.907069018868751
#>	ă_#>	2.895361895730032
#>	ŭ_#>	2.873721629874444
rː	rː	2.654038791105882
<#	<#_i	2.48961820192885
n	ŋ	2.4864548996405507
v_e	e	2.3539677594614785
ɡ	b	2.187610896987365
ʤ	j	2.131859364145628
k	ɣ	2.103887526814543
ɲː	n_ʣ	2.0133905420776634
ˈi	ˈi_e	1.9989893748383063
j_ˈɛ	ˈe	1.9084366692258443
ˈa_l	ˈa	1.8965917235340175
r	e_r	1.874534316508021
ˈi_v	ˈi	1.8432278285539256
e	a_z	1.744935612041214
ɲː	ɲ	1.7030119346220045
ˈo_d	ˈo	1.6933091880551343
e	e_n	1.625045512874574
v_ˈa	ˈa	1.5732336293833755
d	ð	1.5673711613474417
ʦː	ʦ	1.5514502030799877
ˈu	ˈo	1.47752743544657
<#_w	<#	1.447680947865016
w_a	a	1.38064626779781
s	i_s	1.299444671810091
i	o_z	1.294032954854074
#>	ŏ_#>	1.2136959475765532
d	ɖ	1.170072083958284
z	z	1.1441958283068607
p_j	p	1.0866165774938412
ˈa_r	ˈa	1.0487943864821176
i	e	1.036595450557824
a	j_a	1.0116752437942471
e	i	0.984856630452592
e	z_ă	0.9295589610298818
ʃː	s	0.8834802025030628
r	o_r	0.7897057355535295
r	r_ˈa	0.725320116576057
ˈe	i	0.2712326765986891
e	o	0.264814186839925
ˈɔ	ˈa	0.1981310795164121
o	i	0.0899122000101649
o	e	-0.3155815900076152
a	e	-0.1898566250187045
o	ˈo	-0.024668417314519
e	ˈi	-0.0239408033772274