Phone1	Phone2	PMI
ʃː	s_k	8.270912020171734
ʎː	ʣ	7.634999146055262
lː	ɖː	7.123531307748942
sː	sː	6.804465647736851
d	d	6.206866579090668
rː	rː	5.736827397771312
nː	nː	5.677373543316175
#>	ŭ_#>	5.4541867743275745
f	f	5.416916373132468
ɲː	ɲː	5.350348988349058
m	m	5.308620921943296
p	p	5.269518351421982
b_w	b	5.217870040973195
ɡ	ɡ	5.205120772006675
r_n	rː	5.1999622375321595
j	j	5.149583150609492
ˈu	ˈu	5.1312999510598205
ŋ	m	4.923599418415368
w_ˈɔ	ˈo	4.88160206736743
tː	t	4.826929650372276
o	u_z	4.797406735710844
ʤ	ɡ	4.7702671095931075
v	b	4.7127966108920125
s	s	4.701277685954135
b	b	4.696088892316711
ˈi	ˈi	4.590047151028531
i	i	4.547147692853789
l	l	4.519843070658154
ˈɛ	ˈe	4.472914231278786
k	k	4.431153435602362
ˈɔ	ˈo	4.39980504154948
ˈa	ˈa	4.399173310261365
ˈo	ˈu	4.394520195958535
t	ð	4.359288828521688
p	β	4.332106213754004
ʧ	ɣ	4.29722421680868
t	t	4.296952805566583
k_w	b	4.26874681587609
kː	k	4.225636990711178
n	n	4.217880764153396
ɡ	ɣ	4.163830596513189
a	a	4.003028716805621
j_ˈɛ	ˈe	3.9849541642676485
ˈa_l	ˈa	3.924573319802207
v_e	e	3.8783513802634286
ʤ	b	3.7504143276969826
v_ˈa	ˈa	3.687709508195264
ʤ	j	3.6289557203213607
ˈe	ˈi	3.626984211781279
o	u	3.6255850010331616
j	r	3.4963211256782607
r	r	3.4720679764242943
r	r_ˈa	3.4292852512668848
ˈo	ˈo	3.404029162597667
ʧ	k	3.399329899770917
v	β	3.3206978928653945
w_a	a	3.136339704495913
ˈe	ˈe	3.1225936711422078
e	e_n	3.080409057995401
e	e	3.065385737147734
k	ɣ	2.9492731619341086
<#_w	<#	2.8798689379345457
ɡ	b	2.8489405600315494
o	o	2.844867993021932
e	z_ă	2.82170534082002
d	ð	2.6651461852041725
i	o_z	2.6426451732132077
z	z	2.571160165235163
ŋ	ŋ	2.5597441051743526
d	ɖ	2.510467361448717
n	ŋ	2.4143067658914887
#>	ŏ_#>	2.4118989373576207
<#	<#_i	2.3639414492370454
s	i_s	2.3423707940035854
r	o_r	2.33511202548404
ˈu	ˈo	2.142137524999207
ˈi	ˈi_e	2.084739666355254
ˈi_v	ˈi	1.8672149262443596
ˈo_d	ˈo	1.8143542969187751
n_ʤ	ŋ	1.785534585713437
v_e	b	1.7763873399376293
e	n_e	1.6735409670564947
i	e	1.3404218252969167
p_j	p	1.1760760782908315
m	m_i	1.1442163305749442
s_e	s	1.1090599261990106
ˈa_r	ˈa	0.9550610472882752
e	ɡ_e	0.9294917094883914
e	i	0.8373342670382208
ˈi	i	0.6978171709054164
r	e_r	0.6908903562510053
e	o	0.38428929767734205
o	e	-0.36251538696003605
o	i	-0.08715315007354567
l	r	-0.06235120295995663