Phone1	Phone2	PMI
nː	nː	7.227224047637092
ɲː	ɲː	7.176560512115498
lː	ɖː	6.925528707591234
sː	sː	6.754573199182857
ʃː	s_k	6.5139816751279485
ʤ	ɡ	6.120469749913931
d	d	5.922549605545774
ʎː	ʣ	5.8824059377955775
ʤ	j	5.855458545783743
#>	ŭ_#>	5.56177888510284
m	m	5.48200508451213
f	f	5.339996040324252
b_w	b	5.326447760193527
r_n	rː	5.246685158699268
z	z	5.239009200287062
p	p	5.223380979683668
j	j	5.191185653069747
j_ˈɛ	ˈe	5.101176445700807
ˈu	ˈu	5.1005958118601304
ɡ	ɡ	5.03161811734232
b	b	4.917714742642441
o	u_z	4.771309984535938
v	b	4.765897158310636
i	i	4.765464336617775
s	s	4.697987330794059
ŋ	m	4.697739379666701
tː	t	4.643956785787981
ˈi	ˈi	4.611959658518983
l	l	4.587309237965586
rː	rː	4.562017843605922
ˈɛ	ˈe	4.541999278323921
k_w	b	4.479750105979323
ˈo	ˈu	4.392076223940576
k	k	4.386557086963196
ˈa	ˈa	4.38393948361973
ˈɔ	ˈo	4.382947693777067
ɡ	ɣ	4.352228767652357
ʧ	ɣ	4.300453957712917
p	β	4.276877041856665
t	t	4.273973984327557
t	ð	4.249078402244281
n	n	4.211307908991841
kː	k	4.189645589127091
a	a	3.9600017326879575
w_ˈɔ	ˈo	3.9447624977598674
v	β	3.911368755114483
ŋ	ŋ	3.9092813940382594
v_e	e	3.886566895037459
w_a	a	3.8717073119383096
ˈi_v	ˈi	3.699408125196608
o	u	3.677528589375175
n	ŋ	3.662338181660395
ˈo_d	ˈo	3.6008957623541087
ˈe	ˈi	3.564878552158186
j	r	3.507487455687319
r	r	3.4866214004028344
ˈo	ˈo	3.478357089495571
d	ɖ	3.4533552406149117
d	ð	3.256034537728399
ʧ	k	3.25190882036372
ˈe	ˈe	3.160306509611667
e	e	3.07641381073241
o	o	2.9382411834122806
<#_w	<#	2.863948534711356
ɡ	b	2.857321701870765
k	ɣ	2.637649421897885
p_j	p	2.627040307732579
ˈu	ˈo	2.44327714690968
<#	<#_i	2.423068344258029
s	i_s	2.3029894428327466
e	e_n	2.214947688746977
r	r_ˈa	2.0618676831494698
ˈi	ˈi_e	2.001240627500496
e	z_ă	1.8293575578741241
i	e	1.5529057305809826
i	o_z	1.467559294242267
r	e_r	1.270459520523033
#>	ŏ_#>	1.1979892670672156
e	n_e	1.1598779779073118
ʃː	s	1.0601431455647419
e	i	1.0555755088650898
v_e	b	0.8902457213969628
r	o_r	0.8094887914529245
ʤ	b	0.5611757546110426
e	o	0.31967174765305556
ˈɔ	ˈa	0.02027960552693294
e	ˈe	-0.15876037419211617
o	i	-0.09248249948349024
l	r	-0.041305594678157136