Phone1	Phone2	PMI
o	u	6.5357388984508775
ɡ	ɡ	6.394535070826805
ɣ	ɡ	6.351972067816716
f	f	5.8719116192528285
w_ˈe	ˈɔː	5.745998713706724
t_e	t	5.256652969204713
ð	d	5.244123103499745
m	m	5.201338252551847
β	v	5.108330942287329
p	p	5.1044398801017765
ɲ	ɲ	5.101997433513383
t_u	t	5.060237350804165
ʝ	ʎ	4.904626202293687
θ	ʧ	4.880944099808733
b	b	4.769540443425568
d	d	4.761199968552813
ˈi	ˈi	4.737593690180003
ˈu	ˈi	4.706173446448898
l	l	4.64446339252554
ˈi	ˈiː	4.606780643249125
ŋ	ŋ	4.518739476252728
l_u	l	4.486962304138346
j_ˈe	ˈɛ	4.468815974507582
s	s	4.392804995027193
ˈe	ˈa_j	4.361091858262838
ˈo	ˈuː	4.309472778598674
ˈo	ˈu	4.242292175041143
ʎ	l	4.225952075094016
t	t	4.206040767631407
j_ˈe	ˈiə̯	4.203016049265544
b	v	4.168071206692844
ˈu	ˈu	4.135919038731336
n	n	4.113894928892748
ˈa	ˈaː	4.096720702635268
θ	ʃ	4.01981778346796
ˈe	ˈeː	4.0068127895849805
k	ʨ	4.006701015431835
n_u	n	3.986999030885441
ʝ_u	ʎ	3.916949128480555
ˈe	ˈe	3.854125228479501
e	i	3.823617858467343
k	k	3.735401871126652
r	r	3.63604109855758
ʃ	ʃ	3.5678726663536136
<#_e	<#	3.556545073712753
ˈa	ˈɔ	3.433294717358359
ɾ_u	r	3.4207697068992857
ɾ	r	3.417560183700926
ŋ	n	3.3484712234644225
a	ə	3.263140983923987
e	ə	3.104044730292059
ˈe	ˈɛ	3.0877045783248533
ˈa	ˈa	2.877962967504358
ˈa	ˈa_w	2.7987745384519225
o	o	2.7008280367019584
ˈu	ˈiː	2.6178086443243727
w_ˈe	ˈɔ	2.4736198360662804
<#	<#_ˈa	2.344134357365111
s	ʃ	2.1482345086537675
b_j	v	2.141515135184475
ˈo	ˈa_w	2.013683306911439
ˈe	ˈɛː	1.9729747882502264
e_#>	#>	1.8697267588357869
ɲ	n	1.765626226079499
ɲ_u	n	1.6214175238481334
j	ˈiə̯	1.6157591981454988
β	f	1.514251253371378
ˈo	w	1.3310187415338175
<#_ɡ	<#	1.3171126996911384
β_e	f	1.2671548622801958
j	ʥ	1.2634718503755562
k_w	k	1.2568811222648617
ʎ	l_j	1.2211648419299306
e_s	ʃ	1.173090875324189
p_j	p	1.1457178912525334
u	ˈɛ	1.1442796136741824
ʎ	ˈɛː	1.1213731738145534
u	w	1.0784862915596247
t	t_ə	1.064181071308179
m_e	m	1.031776213080263
w	j	1.02835379532666
n	w_n	1.0147108773016726
d	t	0.9747640454282076
#>	ʎ_#>	0.8643856189774726
t_j	t	0.8582760384085052
#>	t_#>	0.6984547475577022
β	w	0.6249412550135298
ð	t	0.6224808766740626
ɾ	ə_r	0.5322375341988488
ˈe	ˈɔ	0.4772589169471633
t	ʨ	0.4567964932876505
ˈe	j	0.3468435776312247
ˈo	ˈa	0.2134104479561955
ˈe	ˈa	0.1875768843916168
u_#>	#>	-0.3921463898112673
ˈe	ə	-0.1586842324800004