Phone1	Phone2	PMI
ʎ	ʎː	8.486078852868292
sː	sː	7.892921995935875
ŋ	ŋ	7.599432731177957
c	kː_j	7.553432840681991
b	b_w	7.291201734615743
ɲ	ɲː	7.172195473391428
ˈe	j_ˈɛ	6.85679659535942
z	z	6.699132986919355
tː	tː	6.609799738547984
nː	nː	6.59228842604655
ɟ	ʤ	6.553619339207518
ʧː	ʧː	6.426273426335013
lː	lː	6.281806600727484
ɡ	ɡ	6.258321354438794
ʧ	ʧ	6.249537812624635
f	f	6.046265170833155
w	w	5.925803140396793
j	j	5.890798619159102
b	b	5.844696470973789
kː	kː	5.651117741485598
ˈu	ˈu	5.622385740836305
i	i	5.61266272569377
d	d	5.519451989545287
ˈi	ˈi	5.449565776846427
v	v	5.423666559835474
m	m	5.360526982354528
s	s	5.038076076789491
ʦː	ʦː	5.003991346953932
p	p	4.992377214839149
l	l	4.945869805598794
ˈɔ	w_ˈɔ	4.905395184948484
ˈa	ˈa_r	4.903362557582269
ˈo	ˈo	4.753853722557337
ˈe	ˈɛ	4.732162114357241
t	t	4.730158456193674
ˈɛ	ˈe	4.55221318668252
k	k	4.518365991399879
ˈɔ	ˈo	4.252151717493332
ˈɔ	ˈɔ	4.20860208089937
ˈo	ˈɔ	4.1130603145139055
n	n	4.063526825528736
ˈa	ˈa	3.894902434151035
e	e_r	3.893647273142269
ˈɛ	ˈɛ	3.8515852795966
r	r	3.843147131559794
a	a	3.817769149406245
u	o	3.4734534098829064
e	e	3.301607584056792
ˈe	ˈe	3.2429957639765523
k	ɡ	2.808306870324334
o	o	2.7858599942383706
u	u	2.7004963539081026
e	r_e	1.5994881998590564
c	j	1.2679997827445415
i	e	1.2220831177405325
e	i	1.084468785991123
n_a	n	0.9639166134810704
ˈɛ	e	-0.0532507325834518