Phone1	Phone2	PMI
bː	bː	8.709588505194228
c	kː_j	8.701085627368244
c	k_j	8.701085627368244
ʧː	ʧː	8.533145980815656
nː	nː	8.524626004473072
z	z	8.290966624315931
ʎ	ʎː	8.203023529717033
sː	sː	7.758545045449742
ŋ	ŋ	7.494171145548947
ʦː	ʦː	7.375302308472035
b	b_w	7.31391669624051
ɲ	ɲː	7.131549726305564
kː	kː	6.975522824967045
tː	tː	6.861465122030479
ˈe	j_ˈɛ	6.758350192836222
ɟ	ʤ	6.633764985146704
ʃː	ʃː	6.357685544772252
lː	lː	6.327522515531169
<#	<#_w	6.281286110390017
ɡ	ɡ	6.218326808091813
ʧ	ʧ	6.207640736447857
f	f	6.061580466947829
w	w	5.940604912770813
b	b	5.871754238130306
ʃ	ʃː	5.840693044628021
j	j	5.825321920809049
i	i	5.723936430967663
d	d	5.612037779562661
ʦ	ʦ	5.583031548972682
ˈi	ˈi	5.568963236747189
ˈu	ˈu	5.568355690290166
v	v	5.4579899208310065
m	m	5.316144450015404
s	s	5.102316900866398
p	p	5.068493748331843
ˈa	ˈa_r	4.934575606428966
l	l	4.883102953275472
ˈo	ˈo	4.870847093553242
ˈe	ˈɛ	4.689334449834174
ˈɔ	w_ˈɔ	4.676815503273587
t	t	4.641314196632889
ˈɛ	ˈe	4.551615531030364
k	k	4.541306790259916
ˈɔ	ˈɔ	4.275312354797482
ˈɔ	ˈo	4.189025161316819
ʤ	ʤ	4.122094205902797
n	n	4.037888002169051
ˈo	ˈɔ	4.0214326023172156
e	e_r	3.969912572044159
ˈa	ˈa	3.874018358046062
r	r	3.797725286591177
a	a	3.7859852357570825
ˈɛ	ˈɛ	3.6200508214013407
rː	rː	3.571775921420876
u	o	3.430581502673895
o	o	3.4102362477522603
e	e	3.3677218972100964
ʃ	s	3.2993698757002017
l	e_l	3.253816534932823
u	u	3.228126853251917
ɟ	ɡ_j	3.143250298263238
ˈe	ˈe	2.9351521756223646
k	ɡ	2.7911846656598
n	e_n	1.9704646294820019
i	e	1.452819731947363
ɲ	n	1.4503713727599672
e	r_e	1.3756710388734656
ŋ	n	1.208194267040683
ɟ	ʤː	1.1799906505665243
ˈu	ˈɔ	1.0941931982756157
n_a	n	0.9514559910375937
e	i	0.9273168511595135
t	d	0.5386418344670745
u	j_o	0.5223297643563185
ˈɛ	e	-0.046005068108022885