Phone1	Phone2	PMI
z	z	8.641935426748468
ʎ	ʎː	8.493191094771548
ʧː	ʧː	8.260557307626765
sː	sː	7.900034237839131
ʦ	ʦ	7.378690375076665
c	k_j	7.332704423477136
ʃ	ʃː	7.30138545098281
b	b_w	7.299222332946631
kː	kː	7.283657244493286
c	kː_j	7.208416338002578
ŋ	ŋ	7.198416576181743
ʤ	ʤ	7.120469363998546
ˈe	j_ˈɛ	6.864817193690309
ɲ	ɲː	6.833075008473822
tː	tː	6.61691198045124
nː	nː	6.59726341151611
ʃː	ʃː	6.348240911948804
lː	lː	6.28891884263074
ʧ	ʧ	6.256650054527891
ɡ	ɡ	6.213826851386965
ɟ	ʤ	6.20131959284483
ɟ	ɡ_j	6.089230255933871
f	f	6.05337741273641
w	w	5.932915382300048
j	j	5.852041824666715
b	b	5.851808712877045
i	i	5.619774967597026
ˈu	ˈu	5.5401152552007735
d	d	5.526564231448542
ˈi	ˈi	5.456678018749683
v	v	5.43077880173873
m	m	5.367639224257784
rː	rː	5.3564082956955845
bː	bː	5.123822128983787
s	s	5.045188318692746
<#	<#_w	5.015093480908758
ʦː	ʦː	5.008966332423492
p	p	4.999489456742404
l	l	4.935772664497918
ˈa	ˈa_r	4.907405602345092
ˈe	ˈɛ	4.739274356260497
ˈo	ˈo	4.7313657318830815
t	t	4.686974818975323
ˈɔ	w_ˈɔ	4.662944412632712
ˈɛ	ˈe	4.559325428585776
k	k	4.513759205661811
ˈɔ	ˈo	4.273178207727399
ˈɔ	ˈɔ	4.248895438088144
ˈo	ˈɔ	4.112359198150283
n	n	4.048923147562494
e	e_r	3.937267531868757
ˈa	ˈa	3.8825967810587336
ˈɛ	ˈɛ	3.858697521499855
r	r	3.846961748905336
a	a	3.8152072032061968
u	o	3.449945551908926
e	e	3.314137340504933
u	u	3.264454029770257
ˈe	ˈe	3.250108005879808
ʃ	s	2.975117842713272
o	o	2.787873227539112
k	ɡ	2.75178816878499
ɟ	ʤː	2.369487736683544
ŋ	n	2.014754844455628
n	e_n	1.85972860556788
ɲ	n	1.649413276747707
e	r_e	1.5558901153534266
c	kː	1.4596435551994098
u	j_o	1.4048968875197962
l	e_l	1.2309959210342438
i	e	1.2293288251201389
e	i	1.082702204022688
n_a	n	0.9639166134810704
ˈu	ˈɔ	0.8975086117564978
t	d	0.7274786110915653
ɟ	ɡ	0.6985357627499368
ˈɛ	e	-0.0533747557164061