Phone1	Phone2	PMI
nː	nː	9.040435770226493
c	kː_j	8.980692228498874
z	z	8.701562627735834
ʦː	ʦː	8.357428270370724
ɟ	ɡ_j	7.670419333997548
sː	sː	7.6484982078141694
ʧː	ʧː	7.538806389492428
ŋ	ŋ	7.517559760715243
ɲ	ɲː	7.330612033281167
b	b_w	7.211942676046814
bː	bː	7.159587238091345
rː	rː	7.149280565697255
ʎ	ʎː	7.146934786391896
kː	kː	6.998256413726769
tː	tː	6.8328111241435385
lː	lː	6.528865302805908
ɟ	ʤ	6.321056881554308
w	w	6.221422309905082
ʧ	ʧ	6.212819147025436
ɡ	ɡ	6.066345829813435
f	f	6.032635970245364
b	b	5.828721389988923
j	j	5.804325814480662
ˈu	ˈu	5.6933974564839565
v	v	5.622180631870697
ʦ	ʦ	5.6081847065761545
i	i	5.559897873476894
d	d	5.558865965115122
ˈi	ˈi	5.387590895842147
ˈe	j_ˈɛ	5.375248417811516
m	m	5.233831741457784
c	k_j	5.228456326863049
s	s	5.135648678851772
p	p	5.063926382441754
l	l	5.007368563686388
ʃ	ʃː	4.92961408825654
ˈa	ˈa_r	4.897409083574494
ˈɔ	w_ˈɔ	4.848157235352912
ʃː	ʃː	4.8469005337493725
ˈe	ˈɛ	4.745527471087283
t	t	4.676846030910573
ˈɛ	ˈe	4.675700337757105
k	k	4.597359017701184
ˈo	ˈo	4.514627122249232
n	n	4.125768792615318
ˈɔ	ˈo	4.112518844636564
ʤ	ʤ	4.09173181051142
ˈɔ	ˈɔ	4.055620482191131
ˈo	ˈɔ	3.91202406061831
e	e_r	3.904459117484124
ˈa	ˈa	3.890071978779991
a	a	3.8774796794976947
r	r	3.7870605915010653
ˈɛ	ˈɛ	3.759788687924005
o	o	3.5801463960434194
u	o	3.47327692586853
l	e_l	3.4349710265022155
e	e	3.2347145985694206
u	u	3.203674160910972
ˈe	ˈe	2.844264827254116
k	ɡ	2.536520264838966
<#	<#_w	2.5207000851798926
ɟ	ʤː	2.445965374913877
n_a	n	1.9557907352372232
ʃ	s	1.8037784524764244
e	r_e	1.7167899856322288
ɲ	n	1.2940553648061437
i	e	1.2645846332531816
ˈu	ˈɔ	1.2094422009143702
ŋ	n	1.0955145543429214
n	e_n	0.9598688262257193
e	i	0.7773172604249783
t	d	0.739621020916749
u	j_o	0.5205922354750374
ˈɛ	e	-0.11891926708733913