Phone1	Phone2	PMI
nː	nː	9.530918862487152
z	z	9.192045719996495
ʦː	ʦː	8.847911362631383
ɟ	ɡ_j	8.696550171458687
b	b_w	8.238073513507953
sː	sː	8.138981300074828
ʧː	ʧː	8.029289481753086
ŋ	ŋ	8.008042852975901
ɲ	ɲː	7.8210951255418255
ʎ	ʎː	7.637417878652555
bː	bː	7.550829067684801
rː	rː	7.542890789223346
kː	kː	7.488739505987428
tː	tː	7.323294216404197
lː	lː	7.019348395066567
ɟ	ʤ	6.811539973814968
w	w	6.711905402165741
ʧ	ʧ	6.703302239286095
ɡ	ɡ	6.556828922074094
f	f	6.523119062506023
b	b	6.319204482249582
j	j	6.294808906741321
ˈe	j_ˈɛ	6.19668509335316
ˈu	ˈu	6.1838805487446145
v	v	6.112663724131356
i	i	6.050380965737554
d	d	6.049349057375781
ˈa	ˈa_r	5.923539921035633
ʦ	ʦ	5.901611853987484
ˈi	ˈi	5.878073988102805
ˈɔ	w_ˈɔ	5.874288072814052
c	k_j	5.846853038700864
m	m	5.724314833718443
s	s	5.626131771112431
p	p	5.554409474702413
l	l	5.544579070040639
ˈe	ˈɛ	5.236010563347942
ʃ	ʃː	5.224842407161062
t	t	5.167329123171232
ˈɛ	ˈe	5.150993659371104
ʃː	ʃː	5.142696075093335
k	k	5.0878421099618425
ˈo	ˈo	5.005110214509891
e	e_r	4.930589954945264
n	n	4.625560402063383
ˈɔ	ˈo	4.603001936897223
ˈɔ	ˈɔ	4.54610357445179
ˈo	ˈɔ	4.402507152878969
ʤ	ʤ	4.387169659982317
ˈa	ˈa	4.38055507104065
a	a	4.334973593021506
r	r	4.277543683761724
ˈɛ	ˈɛ	4.235082009538004
o	o	4.070629488304078
u	o	3.9020140163088066
e	e	3.7251976908300795
u	u	3.626753442464964
ˈe	ˈe	3.3347479195147747
k	ɡ	3.027003357099625
e	r_e	2.742920823093368
ɟ	ʤː	2.6410106177036385
c	kː_j	10.006823065960013
ʃ	s	1.998823695266186
<#	<#_w	1.762655054521901
i	e	1.7550677255138405
ˈu	ˈɔ	1.6015433885534613
ɲ	n	1.5879841783900421
ŋ	n	1.389801059799886
e	i	1.1699856705035105
t	d	1.1319317391222152
ˈɛ	e	0.12943447909650166
u	e	-0.09584200455832505
a	e	-0.07065450768979925