Phone1	Phone2	PMI
ʒ	ʤ_e	6.807468589684635
ɲ	ɲ	6.78434187239554
n	n_ɐ	6.375663077227598
e	ˈa_r	6.232711903788329
d	d	5.982923836797504
ɡ	ɡ	5.935874314613359
ʒ	ʤ	5.715861041460844
b	b	5.692587143911094
f	f	5.608138946031176
y	ˈu	5.49551793858659
w	ˈæ	5.369382853739657
o	ˈe_ʎ	5.297525501726817
ə	e	5.2229933877756265
v	v	5.088936747231548
u	ˈo	4.979297479962638
e	e_s	4.951114058049037
p	p	4.934039671961842
ɔ̃	ˈo	4.777598641592027
ɑ̃	ˈe_n	4.733977352499489
m	m	4.733513872066037
œ	ˈo	4.595055039668597
ɔ	u	4.439709913467305
a	a	4.4388477265556885
k	k	4.424158430648653
i	ˈi	4.39107653461545
t	t	4.376577034512666
j	ʎ	4.363589622907167
ʃ	k	4.362516645611854
v	β	4.3223587443986
l	l_ɐ	4.270149334868721
#>	ʧ_#>	4.245942820153798
#>	n_#>	4.245942820153798
o	ˈa_l	4.227353052233359
w_a	ˈæ	4.207467522387562
n	n	4.194459422332804
ɔ	ˈɒ	4.071707141292992
j	ʎ_ɐ	4.044079292334947
s	s	4.007166986081248
l	l	3.8667510683661153
n	n_ɜ	3.790453946154161
œ_f	ˈɒ	3.6819648353420336
ø	ˈɒ_k	3.61935987447629
ɑ̃	ŋ	3.494750901282384
a	w	3.4879945501149345
ɑ̃	n	3.486231231396739
ʁ	ɾ_ɜ	3.45344970520067
i	ˈi_t	3.420287211890184
b	β	3.360408984869851
ɛ̃	ˈi	3.274158946183189
o	ˈɒ	3.230195732729892
ɛ	ˈæ	3.2286208392411564
l	ʎ	3.226134400432722
#>	k_#>	3.2252843816410874
ɥ_i	ˈu	3.1899589717987507
#>	ɞ_#>	3.159806726341869
ʁ	r	3.1299827643593416
u	u	2.9903639561116986
ɛ̃	ˈa	2.889301809465074
ɛ	ˈe	2.8826821809417496
ɡ	ɣ	2.769686053602231
ʁ	ɾ	2.7463377595311083
ɔ̃	ˈɒ_n	2.6556196956296603
a	ˈa	2.6227078109977504
i	i	2.605065039881184
ʁ	ɾ_ɞ	2.587023911208243
ʁ	ɾ_e	2.587023911208243
e	ˈa	2.5470734777183663
t	s_t	2.542624642202666
ɛ̃	ɲ	2.5335697206451373
#>	w_#>	2.5303087910361004
m	m_ɐ	2.336113282864319
#>	t_#>	2.285095651251356
ɥ	ˈu	2.235425297241145
#>	s_#>	2.099922422785343
ɛ	ˈa	2.0996131757234378
ɛ	ˈe_s	2.0995902745661352
œ	ˈɒ	1.910804250833675
j_ɛ	ˈe	1.907102133973722
#>	ɜ_#>	1.8265007430288185
#>	ʎ_#>	1.7378291438812572
#>	e_#>	1.604840194177482
#>	ɐ_#>	1.5935066090101182
ɑ̃	n_t	1.364875559439572
o	ˈɒ_s	1.236137777222177
ɑ̃	ˈa_n	1.1644651079212536
#>	m_#>	1.0614857050384494
ɛ̃	ŋ	1.0127983363094843
ʁ	r_t	0.8935599002723429
ʁ	e_r	0.8105524004165741
#>	l_#>	0.7805138859867888
ɔ̃	ˈɒ	0.7283264620015298
ʒ	v	0.6413492116078964
ɛ̃	ˈu	0.5310106859298049
u	ˈɒ	0.4309913873280298
i	w	0.3894655735950882
ɛ	a	0.3113995840934273