Phone1	Phone2	Surprisal	OOV_Smoothed
b	b	-0.0	4.885213223710931
d	d	0.07814288991860562	4.885213223710931
d	-	4.2454030438436705	4.885213223710931
d̥	d̥	-0.0	4.885213223710931
f	f	-0.0	4.885213223710931
j	j	-0.0	4.885213223710931
k	k	-0.0	4.885213223710931
m	m	-0.0	4.885213223710931
n	n	0.11317588762222668	4.885213223710931
p	p	-0.0	4.885213223710931
s	s	-0.0	4.885213223710931
t	t	-0.0	4.885213223710931
v	f	0.0649719036725468	4.885213223710931
v	v	4.505170622623314	4.885213223710931
v̥	v̥	0.3293251273229919	4.885213223710931
v̥	f	2.2927134931834288	4.885213223710931
z	s	-0.0	4.885213223710931
z̥	s	-0.0	4.885213223710931
ŋ	ŋ	-0.0	4.885213223710931
ə	ə	0.8565756698340575	4.885213223710931
ə	-	1.1592727894640324	4.885213223710931
ɦ	ɦ	-0.0	4.885213223710931
ɪ	ə	-0.0	4.885213223710931
ɫ	ɫ	-0.0	4.885213223710931
ɾ	r	-0.0	4.885213223710931
ʋ	v	0.23127542565324605	4.885213223710931
ʋ	w	2.7551757285650074	4.885213223710931
ˈaː	ˈɑː	-0.0	4.885213223710931
ˈeː	ˈɪə̯	0.07415517858009384	4.885213223710931
ˈeː	ˈəɪ̯	4.318993892536882	4.885213223710931
ˈi	ˈi	-0.0	4.885213223710931
ˈoː	ˈʊə̯	0.13532346298947806	4.885213223710931
ˈoː	ˈɪø̯	3.481415352158174	4.885213223710931
ˈu	ˈu	-0.0	4.885213223710931
ˈyː	ˈyː	-0.0	4.885213223710931
ˈœy̯	ˈœɪ̯	-0.0	4.885213223710931
ˈɑ	ˈa	-0.0	4.885213223710931
ˈɑu̯	ˈœu̯	-0.0	4.885213223710931
ˈɔ	ˈɔ	-0.0	4.885213223710931
ˈɛ	ˈɛ	0.925571585725686	4.885213223710931
ˈɛ	ˈæ	1.4647179828841286	4.885213223710931
ˈɛ	ˈæː	3.5513114085538087	4.885213223710931
ˈɛi̯	ˈəɪ̯	-0.0	4.885213223710931
ˈɪ	ˈə	0.1329642378329894	4.885213223710931
ˈɪ	ˈɪ	3.505627749739958	4.885213223710931
ˈʏ	ˈœ	-0.0	4.885213223710931
χ	χ	0.6349920575597814	4.885213223710931
χ	-	2.3099622032535767	4.885213223710931
χ	k	2.6953495592955274	4.885213223710931