Phone1	Phone2	PMI
b	b	6.679809152408234
p	p	5.563710326652775
m	m	5.560745932287294
ɡ	ɡ	5.471289176065651
n	n	4.668692075845842
s	s	4.596652011751701
l	l	4.525411530629969
k	ʃ	4.524873738002483
ˈa	a	4.457311395108818
v	v	4.4498615351514745
r_ə	ʁ	4.419324299134638
r_i	ʁ	4.354790695807489
t	t	4.281792449038785
k	k	4.267523409133887
f	f	4.211395166763378
i_#>	#>	3.983907020074673
ə_#>	#>	3.901446489868517
d	d	3.8201047588475423
ˈu	ɒ̃ʊ̯̃	3.756752604792511
ˈu	u	3.696784400625823
ˈɔ	æɛ̯	3.65350856395131
ˈa	æɛ̯	3.6432335295305385
ˈe	w	3.6259682426118136
r	ʁ	3.354507154002856
n_ə	n	3.1973739279642346
ʦ	s	2.897963595147338
r_u	ʁ	2.6039092353474027
i	œ	2.598684142615614
e̯ˈa	ɛ	2.41790506884005
ˈa_t	æɛ̯	2.343337701316207
ʎ_ə	l	2.1682467731763784
s_t	t	2.1632448360263896
ʎ	l	2.0741196596197597
z	ʒ	2.0710483604262757
ˈu	œ	1.931477196588213
i	i	1.930032812802825
ˈa	ɛ	1.9050220877828727
ˈe	ɪ	1.874227424858607
#>	ʁ_#>	1.828597756126048
p	v	1.722639361634413
ʃ	s	1.7157008180011806
w_ˈo	ɔ	1.5906150349385266
ˈa_l	oʊ̯	1.573087722937835
n_#>	#>	1.5543660121546987
<#_j	<#	1.5275401473867234
ˈe	ɛ	1.5046280435476174
ʦ	t	1.4982334091491711
ˈi_n	ẽɪ̯̃	1.4900802230820662
ˈi	ã	1.2914972755840592
o̯ˈa	ɥ	1.2870358665231527
#>	f_#>	1.2217523172282223
#>	ɒ̃ʊ̯̃_#>	1.2150391002765335
ˈo	u	1.1957078227266198
ˈi	ɪ	1.1763857179167931
ˈi	i	1.1344437059833223
i	ã	1.1302631322885095
ˈu_ŋ	ɒ̃ʊ̯̃	1.089622301232094
r	l	1.0339972419683066
ʎ	j	1.0073211634654684
ʒ	ʒ	1.004028366667384
w	f	0.9967110379175768
ə	ɛ	0.9892937683557352
w	œ	0.9437145833306456
e̯ˈa	w_ɛ	0.9358209831003704
#>	l_#>	0.9323167564648138
e̯ˈa	æɛ̯	0.9184843944777962
ʦ	w	0.9162138785806586
ˈo	œ	0.8979815711225347
l	oʊ̯	0.8822997041818409
ʦ	k	0.8400209099220441
u_r	ʁ	0.8256946041045937
ˈu	y	0.8243275548531994
u_#>	#>	0.8095106050278803
k_#>	#>	0.6733170266331902
<#_s	<#	0.6668327310947146
s_#>	#>	0.5223395262004964