Phone1	Phone2	PMI
ˈi	ɪ	5.894388088609666
ˈe	w	5.621683604877415
b	b	5.543754613905339
p	p	5.205745704549596
ˈo_s	o	4.9080615413684
t	t	4.864606661689157
z	ʒ	4.835366224528599
ɡ	ɡ	4.823177732161655
k	ʃ	4.820521908219616
m	m	4.751538985076442
i	i	4.540089173782457
k	k	4.453221654676192
s	s	4.4023226828275845
v	v	4.3155988827487795
d	d	4.2796585499371895
l	l	4.19600264754299
f	f	4.194062367304531
w_ˈo	ɔ	4.15176728795777
n	n	4.061849271343142
ˈo	u	4.022713980429183
ʦ	s	3.946764263680644
ˈɔ	æɛ̯	3.774444787603672
b_u	b	3.763306717693186
e̯ˈa	ɛ	3.5708865762681667
ˈa	a	3.5531693242196556
o̯ˈa	ɥ	3.399840297065366
ˈa	æɛ̯	3.218568817132807
r_i	ʁ	3.142380923530812
n_ə	n	3.1169192497879536
j	i	3.1140584622084995
ˈu	y	3.047312037991912
ˈu	u	2.9368798990982907
ˈu_k	u	2.786546093440882
t_#>	#>	2.6656076916377724
ˈi	ã	2.5126228304574294
ʎ	l	2.4965164145776746
ˈi_n	ẽɪ̯̃	2.2861834419769336
r	ʁ	2.2008228851620895
r_u	ʁ	2.167911906788483
r_ə	ʁ	2.1274553526765545
k_ə	ʃ	2.0209965066246047
p_#>	#>	2.0158113456746554
ˈi_n	ã	1.9797533478666096
ˈu	ɒ̃ʊ̯̃	1.9340360496130082
#>	f_#>	1.6837813462515796
ʎ_ə	l	1.6489988411602092
j	æɛ̯	1.6329699661782413
ˈa	ɛ	1.5229488188815736
i	œ	1.44004546724724
ˈo_k	øʏ̯	1.3582032370485713
m	ɡ	1.2961657318894764
ˈe	j_ɛ	1.2213111044491867
#>	ɒ̃ʊ̯̃_#>	1.2158113456746549
ˈa_l	oʊ̯	1.2125575210316122
ˈɔ	ẽɪ̯̃	1.1778298026442504
w	œ	1.0883380072500062
ə	œ	1.0507178284487502
e̯ˈa	w	0.9842219686069861
ʦ	w	0.9669270707436839
s_t	t	0.9602178024005431
ˈo_w	œ	0.941256754131785
i	j	0.9314259848611958
ʦ	t	0.9208110363433499
i	e	0.906136317813008
ʒ	ʒ	0.8608373025000191
ʃ	s	0.7806375870075335
ə	l	0.7740042142204937
l	oʊ̯	0.7084909204450217
r	ɛ_ʁ	0.6823878500974366
#>	l_#>	0.6237170185119824
i	ɛ	0.5575134200123281
ˈa_r	ʁ	0.5157393181332535
p	v	0.5009039016331671
u_#>	#>	0.4851443576080593
ˈu	œ	0.46272718234584564
n_#>	#>	0.44189067312579
<#	<#_f	0.313119435170845
r	l	0.29355348622781297
ə_#>	#>	-0.8525263965174456
i_#>	#>	-0.22779039612764282