Phone1	Phone2	PMI
d	d	5.804629294039942
b	b	5.4500674120077965
m	m	4.963959219901188
t	t	4.708783221729126
k	ʃ	4.486558404764268
l	l	4.473558928317432
s	s	4.262685583972167
ɡ	ɡ	3.9404853853650543
ˈa	a	3.729618624804413
n	n	3.631190363692503
v	v	3.623431908178398
ʦ	s	3.3192977644033625
p	p	3.2430044900429174
ˈi	ɪ	3.1860444559765
f	f	3.140464778099053
ˈo	u	2.944436444394376
ˈa	æɛ̯	2.777953971258428
i	i	2.73858007158738
r	ʁ	2.603679927414215
t_#>	#>	2.556387315360111
#>	f_#>	2.531501112277297
ˈɔ	æɛ̯	2.3377701204433983
n_ə	n	2.3279015965777425
ˈe	w	2.190659214423851
z	ʒ	2.1651501777809843
ˈi_n	ã	2.1522321623356
p_#>	#>	2.01969740760794
i	e	1.9252961263471893
r_i	ʁ	1.9035123034652564
ˈu	y	1.8784958471998496
ə	ɛ	1.86314563523982
w	œ	1.8585377002863936
ˈu	u	1.7686317404780998
r_ə	ʁ	1.6800381905329294
ʎ	j	1.6385383916319929
k	k	1.4658211542415245
n	ã	1.365904176208144
ʎ	l	1.304226645085922
i	œ	1.2927360558522256
ˈe	w_ɛ	1.2238343401955356
w_ˈo	ɔ	1.2199612848479373
n_#>	#>	1.127591110546522
o̯ˈa	ɥ	1.0978238960980296
e̯ˈa	w	1.0942189072325754
ˈu	ɒ̃ʊ̯̃	1.0670802766331269
ˈo_k	øʏ̯	1.0598946488119334
ˈa_l	oʊ̯	1.0374846398211797
j	i	0.9959092650090656
p	v	0.984072776777358
ʦ	t	0.9610500667465364
ˈo_s	o	0.9544771399654108
r_n	ʁ	0.919669464158514
e̯ˈa	ɛ	0.9107423133473432
m	ɡ	0.9063564925723964
w	f	0.8856361369305716
k_ə	ʃ	0.8598946488119333
r_u	ʁ	0.8467628630095483
l	oʊ̯	0.8428519278519128
ˈu	w	0.8344382805975445
ˈi	ã	0.8023826320249748
s_t	t	0.7754828005806478
j	æɛ̯	0.7751279323248158
ˈo	œ	0.7610500667465362
ʒ	ʒ	0.7432414067998818
b_u	b	0.7395876157619529
s_#>	#>	0.7150624661374874
ʎ_ə	l	0.702968784703706
i	ã	0.6817851430152896
ʦ	k	0.6193604115422774
k_#>	#>	0.4438337040924323
ˈu	œ	0.3796719476248325
u_#>	#>	0.3273156336719909
r	l	0.1793797561991765
ə_#>	#>	-1.1642380215807953
i_#>	#>	-0.8736876831975771
#>	ʁ_#>	-0.0967162716732263