Phone1	Phone2	Surprisal	OOV_Smoothed
a	a	0.04173236859299685	4.736146706164449
b	b	-0.0	4.736146706164449
bː	-	-0.0	4.736146706164449
d	d	0.4396500248020447	4.736146706164449
d	-	2.015514203112089	4.736146706164449
e	e	0.6642492170202368	4.736146706164449
e	o	2.1978425251970743	4.736146706164449
e	a	3.4126011677275123	4.736146706164449
f	f	-0.0	4.736146706164449
i	e	0.6044530708555591	4.736146706164449
i	i	1.637284891891033	4.736146706164449
j	j	0.28773288425564825	4.736146706164449
j	-	2.467440514506379	4.736146706164449
k	k	0.329130673372254	4.736146706164449
k	ɡ	2.293472069017073	4.736146706164449
kː	k	-0.0	4.736146706164449
l	l	0.5993742121014299	4.736146706164449
l	-	1.556563912293222	4.736146706164449
lː	l	-0.0	4.736146706164449
m	m	-0.0	4.736146706164449
mː	m	-0.0	4.736146706164449
n	n	0.40494305220750426	4.736146706164449
n	ŋ	2.2658736624833664	4.736146706164449
nː	n	-0.0	4.736146706164449
o	o	-0.0	4.736146706164449
p	p	0.4614829110328072	4.736146706164449
p	v	1.943973211177389	4.736146706164449
r	r	0.10695586992754602	4.736146706164449
r	-	3.8068263681986787	4.736146706164449
rː	r	-0.0	4.736146706164449
s	s	-0.0	4.736146706164449
t	t	0.7509290353231808	4.736146706164449
t	d	1.7027792363491379	4.736146706164449
t	-	3.3424811550303497	4.736146706164449
tː	t	-0.0	4.736146706164449
u	u	-0.0	4.736146706164449
v	v	0.018760769855989918	4.736146706164449
w	w	0.19760260901782012	4.736146706164449
w	-	2.9657662375752922	4.736146706164449
z	z	-0.0	4.736146706164449
ŋ	ŋ	-0.0	4.736146706164449
ɡ	ɡ	-0.0	4.736146706164449
ɲː	ɲ	-0.0	4.736146706164449
ʃː	s	-0.0	4.736146706164449
ʎː	j	-0.0	4.736146706164449
ʤ	ð	0.2660891345973022	4.736146706164449
ʤ	z	2.569785130336563	4.736146706164449
ʦ	θ	-0.0	4.736146706164449
ʧ	θ	0.832543015632091	4.736146706164449
ʧ	z	1.189478104332074	4.736146706164449
ʧː	θ	-0.0	4.736146706164449
ˈa	ˈa	-0.0	4.736146706164449
ˈe	ˈe	0.07728775733100558	4.736146706164449
ˈe	e	4.260854023054746	4.736146706164449
ˈi	ˈi	0.11014513709395915	4.736146706164449
ˈi	ˈe	3.766010867424152	4.736146706164449
ˈo	ˈo	0.15002247763300408	4.736146706164449
ˈo	ˈu	3.3398770713072676	4.736146706164449
ˈu	ˈu	0.28810902549955847	4.736146706164449
ˈu	ˈo	2.465737590058712	4.736146706164449
ˈɔ	ˈɔ	0.20840811388332112	4.736146706164449
ˈɔ	ˈo	2.8942328747394517	4.736146706164449
ˈɛ	ˈɛ	0.8257695902860995	4.736146706164449
ˈɛ	ˈe	1.3203281509973142	4.736146706164449