Phone1	Phone2	Surprisal	OOV_Smoothed
a	a	-0.0	4.8053442893004075
b	b	0.23594010458640546	4.8053442893004075
b	ɡ	2.728636465547091	4.8053442893004075
d	d	-0.0	4.8053442893004075
e	i	0.1443526473799117	4.8053442893004075
e	e	4.33104233309398	4.8053442893004075
e	ə	4.636253190298694	4.8053442893004075
e̯ˈa	e̯ˈa	0.09146398803555869	4.8053442893004075
e̯ˈa	e̯ˈa_w	4.0249091297979644	4.8053442893004075
f	ç	0.9318305918394593	4.8053442893004075
f	f	1.071550953549444	4.8053442893004075
i	i	-0.0	4.8053442893004075
j	j	0.8895414892582427	4.8053442893004075
j	ʎ	1.227840994357877	4.8053442893004075
k	k	0.1342559794331122	4.8053442893004075
k	k_ʎ	3.4923155785343005	4.8053442893004075
kʲ	k_ʎ	-0.0	4.8053442893004075
l	l	-0.0	4.8053442893004075
m	m	0.6320813479546578	4.8053442893004075
m	ɲ	1.495104512945573	4.8053442893004075
n	n	0.02581310225134794	4.8053442893004075
o	u	-0.0	4.8053442893004075
o̯ˈa	o̯ˈa	-0.0	4.8053442893004075
p	p	-0.0	4.8053442893004075
r	r	-0.0	4.8053442893004075
s	s	-0.0	4.8053442893004075
t	t	0.1487749305641743	4.8053442893004075
t	t_u	3.351311290875031	4.8053442893004075
u	u	-0.0	4.8053442893004075
v	v	0.8281375346966471	4.8053442893004075
v	j	1.1951399322479954	4.8053442893004075
w	w	0.5170611594450713	4.8053442893004075
w	-	1.73117692370833	4.8053442893004075
z	ʣ	0.06768214976972799	4.8053442893004075
z	z	4.447555946103138	4.8053442893004075
ŋ	ŋ	-0.0	4.8053442893004075
ə	ə	0.12019140976016038	4.8053442893004075
ə	i	3.6450391923218137	4.8053442893004075
ɡ	ɡ	-0.0	4.8053442893004075
ɨ	ɨ	-0.0	4.8053442893004075
ʃ	ʃ	-0.0	4.8053442893004075
ʒ	ʤ	-0.0	4.8053442893004075
ʤ	ʣ	0.46309433545295053	4.8053442893004075
ʤ	ʤ	1.8647470922116598	4.8053442893004075
ʦ	ʦ	-0.0	4.8053442893004075
ʧ	ʦ	0.05178240485844269	4.8053442893004075
ˈa	ˈa	0.46821311886206257	4.8053442893004075
ˈa	e̯ˈa	2.146121724784782	4.8053442893004075
ˈa	a	4.2871060111958545	4.8053442893004075
ˈau̯	ˈa	-0.0	4.8053442893004075
ˈe	e̯ˈa	1.1901906143908472	4.8053442893004075
ˈe	ˈe	1.4120546248122652	4.8053442893004075
ˈe	ˈa	3.014418673202582	4.8053442893004075
ˈe	ˈi	4.006432226305756	4.8053442893004075
ˈi	ˈi	0.019825886820560107	4.8053442893004075
ˈo	ˈo	0.036413027059694986	4.8053442893004075
ˈu	ˈu	-0.0	4.8053442893004075
ˈə	ˈi	-0.0	4.8053442893004075
ˈɨ	ˈɨ	0.10061958893493037	4.8053442893004075
ˈɨ	ˈi	3.891800672002316	4.8053442893004075