Phone1	Phone2	Surprisal	OOV_Smoothed
a	a	-0.0	4.810676517685878
b	b	0.3432414027764758	4.810676517685878
b	ɡ	2.703137179178791	4.810676517685878
b	-	4.103507341821639	4.810676517685878
d	d	-0.0	4.810676517685878
e	i	0.15627590781695605	4.810676517685878
e	e	4.396208014777844	4.810676517685878
e̯ˈa	e̯ˈa	-0.0	4.810676517685878
f	f	0.476350494692261	4.810676517685878
f	ç	1.8302987596722962	4.810676517685878
i	i	-0.0	4.810676517685878
j	j	0.6333609896742319	4.810676517685878
j	ʎ	2.264703376884608	4.810676517685878
j	-	2.7638099758017214	4.810676517685878
k	k	0.1781713485145695	4.810676517685878
k	k_ʎ	3.1055980684495887	4.810676517685878
kʲ	k_ʎ	-0.0	4.810676517685878
l	l	-0.0	4.810676517685878
m	m	0.15787260321658253	4.810676517685878
m	ɲ	3.2701501833412285	4.810676517685878
n	n	0.05436279853169497	4.810676517685878
o	u	-0.0	4.810676517685878
o̯ˈa	o̯ˈa	-0.0	4.810676517685878
p	p	-0.0	4.810676517685878
r	r	-0.0	4.810676517685878
s	s	-0.0	4.810676517685878
t	t	0.20930761358635167	4.810676517685878
t	t_u	2.8884584326639082	4.810676517685878
u	u	0.045813100738278746	4.810676517685878
v	v	0.5689698466333802	4.810676517685878
v	j	1.6174896893839101	4.810676517685878
w	w	0.6830283092824256	4.810676517685878
w	-	1.4068144784963992	4.810676517685878
z	ʣ	0.03003687001452616	4.810676517685878
ŋ	ŋ	-0.0	4.810676517685878
ə	ə	0.19416619057251913	4.810676517685878
ə	i	3.588773653877956	4.810676517685878
ə	-	4.545955825731774	4.810676517685878
ɡ	ɡ	-0.0	4.810676517685878
ɨ	ɨ	-0.0	4.810676517685878
ʃ	ʃ	-0.0	4.810676517685878
ʒ	ʤ	-0.0	4.810676517685878
ʤ	ʣ	0.6470355560941357	4.810676517685878
ʤ	ʤ	1.4682962240794348	4.810676517685878
ʦ	ʦ	-0.0	4.810676517685878
ʧ	ʦ	0.060519682498610464	4.810676517685878
ʧ	ʧ	4.60537220572527	4.810676517685878
ˈa	ˈa	0.3185276887187174	4.810676517685878
ˈa	e̯ˈa	2.987979062250241	4.810676517685878
ˈa	a	3.794531324662516	4.810676517685878
ˈau̯	ˈa	-0.0	4.810676517685878
ˈe	ˈe	1.1545745352508936	4.810676517685878
ˈe	e̯ˈa	1.4004383073777358	4.810676517685878
ˈe	ˈa	3.0277831869222145	4.810676517685878
ˈe	ˈi	4.340177047330807	4.810676517685878
ˈi	ˈi	0.030129676459850884	4.810676517685878
ˈo	ˈo	0.032178760838531335	4.810676517685878
ˈu	ˈu	-0.0	4.810676517685878
ˈə	ˈi	-0.0	4.810676517685878
ˈɨ	ˈɨ	0.09195695111281765	4.810676517685878
ˈɨ	ˈi	4.0173981919115995	4.810676517685878