Phone1	Phone2	PMI
d	d	5.606274635988571
e	e	5.319955647064283
b	b	5.110079660300419
p	p	4.956121157183404
m	m	4.780157469995453
ˈi	ˈi	4.762055700213344
k_r	ʧ	4.691796724472749
ɣ_e	s	4.668855065938402
n	n	4.640384267347708
b	ʋ	4.627635570170063
ɡ	ʤ	4.570332344871949
ˈa_r	ˈa	4.56640480553779
ˈo	ˈø	4.555163514635908
ˈu	ˈy	4.474974599153509
s	s	4.466996248030323
ˈo_n	ˈũː	4.425926144689771
i	e	4.334373835648035
f	f	4.308608919218548
t	t	4.230237674759392
ˈo	ˈɔ	4.19434755663096
ˈu	ˈu	4.190513650177978
k	k	4.17900009176193
ˈe_ɖː	ˈɛ	4.055790308358534
ˈi	ˈe	3.915491576002669
l	l	3.891912267658909
ˈa	ˈa	3.8838288966514174
ˈe	ˈɛ	3.869157312320264
ð	d	3.767775339260038
t_e	t	3.6726606158108472
ˈo	ˈøː	3.61755021135198
ˈe	ˈe	3.588648690332235
a	a	3.549580963493178
r_u	r	3.54892150304323
ˈo	ˈu	3.460088882134644
r	r	3.426037491927384
ŭ_#>	#>	3.41292159251878
ˈi_n	ˈĩː	3.178009582315483
ˈa	ˈaː	3.168333556761469
ˈi_ʣ	ˈi	3.114549554813347
u	j	2.9620837296849367
β	ʋ	2.8541656386362697
ˈa_n	ˈãː	2.754082366029356
r	j_r	2.753925221521958
β_u	f	2.714573595348297
#>	l_#>	2.70541778939637
ˈa_ð	ˈaː	2.6711088209553244
ˈu	ˈyː	2.6297229621803364
l_u	l	2.4904437148896768
o	u	2.4640431967791323
z	s	2.366226585133029
ɡ	ɡ	2.287847319240278
k	ʧ	2.2066070890660168
n_t	t	2.069384214055381
rː	r	2.065885647961435
r_e	r	1.9992939941427128
ɣ_u	k	1.9776148937794595
p_u	p	1.9672534621992008
#>	f_#>	1.9260040909322365
m_i	m	1.85727950679686
ˈa	ˈãː	1.7823152417537855
t	ʧ	1.7529665858748582
ˈe_n	ˈẽː	1.5900875778547954
i	i	1.4195965827328598
r	j	1.2934684943980932
o_#>	#>	1.2483171973139515
u	ˈy	1.18905095895347
o	e	1.0623303668002977
ˈi	ˈĩː	1.0493464085294324
t_u	t	0.9183249678388804
ʣ	j	0.8907932245172322
t_e	ʧ	0.8233345271087821
e	u	0.8176716665126138
#>	r_#>	0.4286643940509785
#>	ʧ_#>	0.4021263103459774
r	l	0.1596048726857902
u_#>	#>	-0.2316529407155033
e_#>	#>	-0.2099504835715888