Phone1	Phone2	PMI
kː_j	cː	8.193404402947925
ŋ	ŋ	7.912756242867936
ʦː	ʦː	7.902654338332223
kː	kː	7.739898100088816
ʧː	ʧː	7.40026372921616
ʎː	ɟː	7.3793867493778595
f_j	ç	7.368551251753293
nː	nː	7.291835234222074
sː	ʃː	7.131889902736254
b_w	b	6.828253636371302
ʤ	ʤ	6.643934286581313
u	u	6.630086082220166
tː	tː	6.55576660510479
ɡ	ɡ	6.554684101694393
sː	sː	6.438394353329268
j	j	6.429143352307203
ɲː	ɲː	6.38139298892811
mː	mː	6.2925113657749945
w	w	6.288329089359631
lː	ɖː	6.243111064886867
d	d	6.090332635526998
ʧ	ɕ	5.980737788031034
j_ˈɛ	ˈɛ	5.931735660483609
f	f	5.918179453963356
b	b	5.894309459591087
<#_w	<#	5.853930091011895
ʤ	j	5.684828389249151
m	m	5.633267442523729
w_ˈɔ	ˈɔ	5.561358043476395
v	v	5.329964852887216
s	ʃ	5.255827008998429
s	s	5.255827008998429
d	ʈ	5.127576397283591
ˈɔ	ˈa_w	5.124033374322383
ˈo	ˈo	5.091350766887559
rː	ʐː	5.048078611865578
k	k	5.019558016621899
ˈɛ	ˈɛ	5.018109223801439
t	t	4.918645399334111
r	ɾ_i	4.884118424262995
ˈɔ	ˈɔ	4.833790537465788
i	i	4.767558600880989
ˈi	ˈi	4.700700100673328
ʃː	ʃː	4.688670714874461
p	p	4.617065762228019
ˈu	ˈu	4.573692284028473
l	l	4.567752678126103
ˈe	ˈi	4.340944968320058
ˈo	ˈu	4.28425359765096
n	n	4.125602871403096
r	ɽ	3.996555184142801
ˈa	c_ˈa	3.99231975970905
ʤː	j	3.982736792180461
a	a	3.9069239246235807
r	r	3.90267477348363
ˈa	ˈa	3.882825132896559
z	z	3.645776632441865
ˈe	ˈe	3.6330886764974286
r	ɾ	3.571598157043757
o	o	3.4110314501609915
e	ɪ	3.3649588736571343
o	ʊ	3.345682795220477
j_a	a	3.276794116388839
b	v	3.20461651668807
n	nː	3.037363704690604
w_e	ʊ	2.8981379953717545
d	ɾ	2.8658463649751527
j_ˈa	ˈa	2.820635523266908
o	u	2.8014975998827283
ɡ	k	2.6816400408794725
i	ɪ	2.575186120482908
e	i	2.5405806259125505
t	ʈ	2.516656110332308
ʤ	ɕ	2.3677298189622733
v_e	v	2.30869450623569
l	w	2.1281480366449195
u	a	1.4984241827971487
n_d	nː	1.428437532794084
ˈo	ˈɔ	1.2719102370980229
f	ç	1.1562105416283204
ˈi	ɪ	0.8069117631990881
r	ʐ	0.7933778562867285
l	ɾ	0.648062526491291
ˈɔ	ˈu	0.6130246736519855
<#_ɡ	<#	0.595512522176049
l	r	0.3143667732809979
<#_p	<#	-0.7642027938501927
e	ʊ	-0.3591101061262097
ˈe	ɪ	-0.0579093557548378
e	ˈɛ	-0.0346782190286763