Phone1	Phone2	PMI
sː	sː	8.718098362603127
kː	kː	8.590612378480069
ŋ	ŋ	8.11086364009243
ʦː	ʦː	7.92168274420258
ʎː	ɟː	7.732381648765823
z	z	7.527785995380119
ɲː	ɲː	7.411120299361709
w_ˈɔ	ˈɔ	7.376258112358829
tː	tː	7.239137276484251
j_ˈɛ	ˈɛ	7.180554789051481
ɡ	ɡ	7.104365827148045
ʤ	ʤ	7.0834706133333105
j	j	6.884951885645425
lː	ɖː	6.817758729083483
b	b	6.810599210226051
w	w	6.699836812893729
mː	mː	6.656867213389021
f	f	6.606630044538288
d	d	6.588669262129692
ʧ	ɕ	6.330174216148392
m	m	6.169664045272233
nː	nː	6.117191279562905
ʤ	j	5.983577357245401
v	v	5.825744340612641
s	s	5.627000971062266
s	ʃ	5.627000971062266
ˈo	ˈo	5.614407629370088
n_d	nː	5.598966876548049
u	u	5.593456868189479
ˈɔ	ˈɔ	5.555755496600837
rː	ʐː	5.50808237739368
ˈɛ	ˈɛ	5.450394904122681
k	k	5.44576199048897
ˈe	ˈe	5.426561890530871
w_e	ʊ	5.243591012965236
p	p	5.2408319796142555
t	t	5.182456006769019
i	i	5.15627021971144
b_w	b	5.10135651236582
ʃː	ʃː	5.081417691376935
ˈu	ˈu	5.074537692119032
ˈi	ˈi	5.0040553133924615
ˈɔ	ˈa_w	4.984023087666455
l	l	4.982096874328937
ˈo	ˈu	4.923493093048793
ˈe	ˈi	4.830491147856465
n	n	4.792877178446858
r	ʐ	4.48521718769445
r	ɽ	4.48521718769445
ˈa	ˈa	4.452414823429838
d	ʈ	4.444479480534967
sː	ʃː	4.386328936574239
a	a	4.382848209323292
r	r	4.364335698656774
t	ʈ	4.358935875373176
j_a	a	4.15443104766823
r	ɾ	4.114105250607161
ʤː	j	3.975664028917116
o	o	3.9654912847964336
e	ɪ	3.911654698923271
o	ʊ	3.8913574561133264
b	v	3.8895399033465687
ɡ	k	3.4094783438618785
o	u	3.3971771573173304
d	ɾ	3.3620880383509553
ʤ	ɕ	3.2950725383711736
l	w	3.1081632259037755
e	i	3.070031135556275
i	ɪ	2.9665797191225263
<#_p	<#	2.677126242222095
n	nː	2.6585112277171645
ˈa	c_ˈa	2.450050690505876
u	a	2.0736692330134727
f_j	ç	10.710818206607874
kː_j	cː	10.03958944456282
ʧː	ʧː	10.01288460026961
<#_w	<#	1.5827635682108554
j_ˈa	ˈa	1.2824195246688281
r	ɾ_i	1.0877137142991358
l	ɾ	1.0030480648749611
ˈɔ	ˈu	0.9645985295881218
ˈi	ɪ	0.8697331027996099
ˈo	ˈɔ	0.39926298167922825
ˈe	ɪ	0.18380401805318497
e	ˈɛ	0.10027687676068989