Phone1	Phone2	PMI
ʎː	ɟː	7.43121378308588
ʧː	ʧː	7.100004855733971
ɡ	ɡ	6.751726184403107
j	j	6.658470380463108
lː	ɖː	6.6114166683944635
ɲː	ɲː	6.5240265131161195
tː	tː	6.509198220565619
kː_j	cː	6.466475935208474
d	d	6.408514412427541
sː	sː	6.091738919187694
ŋ	ŋ	6.0016342364680355
ʧ	ɕ	5.927600768644989
f	f	5.842868386315694
m	m	5.837126587280835
b	b	5.658016107960928
w_ˈɔ	ˈɔ	5.63541562325562
s	s	5.5028775297603785
s	ʃ	5.5028775297603785
b_w	b	5.1746295220460725
v	v	5.16929371063489
k	k	5.0935390699526035
ʤ	ʤ	5.0843647004408705
ˈɔ	ˈɔ	5.027334942149305
p	p	5.013023966369142
ˈɛ	ˈɛ	4.845598293192027
t	t	4.830581130037324
ˈi	ˈi	4.708119973774065
w	w	4.654319354371804
i	i	4.628649424675499
ˈu	ˈu	4.60739953284514
kː	kː	4.499263638090316
ˈo	ˈu	4.474278891272829
l	l	4.450440782568132
ˈe	ˈi	4.351060588970482
ʤ	j	4.289634194841785
sː	ʃː	4.263960282815134
n	n	4.1634276487755635
mː	mː	4.099282934779535
ˈa	ˈa	3.9580773416617974
nː	nː	3.945562329292109
r	ɽ	3.905722688217317
a	a	3.8629256876678837
ˈe	ˈe	3.852897570381485
r	r	3.778207262840401
r	ɾ	3.5150783578197786
o	ʊ	3.404226614953988
e	ɪ	3.3771555845612222
j_ˈɛ	ˈɛ	3.287015663097561
ˈɔ	ˈa_w	3.1990386003026092
z	z	3.1062920960599745
ˈo	ˈo	3.0721097393646573
b	v	2.730692792221974
n_d	nː	2.6623977173780013
t	ʈ	2.5630555128716255
e	i	2.448413672954591
r	ʐ	2.426277521774634
o	u	2.376649745514339
i	ɪ	2.2315736889491222
d	ɾ	2.224168921266751
ʤ	ɕ	2.076978176749448
ˈa	c_ˈa	2.0617062837010973
j_ˈa	ˈa	1.9346006439648071
kː	cː	1.8635645469063076
ɡ	k	1.8322692508706557
r	ɾ_i	1.7890133932117553
f_j	ç	1.75318492775057
l	w	1.7291027181470624
ʦː	ʦː	1.4678506449866404
rː	ʐː	1.4635645469063072
u	u	1.4125006587651496
ʃː	ʃː	1.3465720467620759
<#_ɡ	<#	1.3080175444963291
o	o	1.3047351466191932
f	ç	1.2323123929096833
j_o	ʊ	1.0456554107384797
r	w_ɾ	1.0166006270031451
j_a	a	0.9750466581971804
d	ʈ	0.8864725258649369
ˈo	ˈɔ	0.8045404586208662
n	nː	0.7520239606028487
ˈa	l_ˈa	0.7360046600341283
u	a	0.6490521533283236
w_e	ʊ	0.609200773861107
ˈi	ɪ	0.5877626699544155
<#_r	<#	0.534711284798029
l	ɖː	0.4668320756045934
l	ɾ	0.3759840960857926
ˈɔ	ˈu	0.23843019422778963
l	r	0.23730134123260252
ˈe	ɪ	0.10867569752314583
<#_p	<#	-0.440597646997212
e	ʊ	-0.23773521228668654
e	ˈɛ	-0.02195630421391542