Phone1	Phone2	PMI
ʎː	ɟː	7.078754666091112
ʤ	ʤ	6.9621582387725285
lː	ɖː	6.814574467698055
ɲː	ɲː	6.7866048954001945
ɡ	ɡ	6.575421196952128
ŋ	ŋ	6.521787985163714
tː	tː	6.513666072682353
j	j	6.40756784948018
d	d	6.279685565776425
w	w	6.2174015869148525
f	f	5.981125777909047
ʧ	ɕ	5.8987669993025005
kː_j	cː	5.886989728004048
b	b	5.8149559210705855
kː	kː	5.726657620595053
m	m	5.715345974476274
v	v	5.563874449688075
s	ʃ	5.415130202067123
s	s	5.415130202067123
ˈo	ˈo	5.40359014368698
ʧː	ʧː	5.310689945865944
k	k	5.157021271897076
b_w	b	5.14369857862125
sː	ʃː	5.097911161542376
ˈɛ	ˈɛ	5.034998432534298
t	t	4.986510023045301
ˈɔ	ˈɔ	4.862646696288074
p	p	4.782432005054503
i	i	4.764446328623844
ˈi	ˈi	4.692871683298128
l	l	4.683386017705715
rː	ʐː	4.661667446298638
ˈu	ˈu	4.641778906170943
j_ˈɛ	ˈɛ	4.597996537066111
ˈo	ˈu	4.536227677292312
ˈe	ˈi	4.292625147406822
ʦː	ʦː	4.261667446298637
sː	sː	4.201306332465972
w_ˈɔ	ˈɔ	4.151372580315713
n	n	4.0723095345606755
r	ɽ	3.9271051930008984
a	a	3.8281558760488883
ˈa	ˈa	3.8166806703349208
u	u	3.7938949140984715
r	r	3.7930572576968618
nː	nː	3.6270905423919713
r	ɾ	3.5630809991401438
e	ɪ	3.5394775522208612
ʤ	j	3.537382169627403
o	ʊ	3.3180956090500446
f_j	ç	3.289728194317937
z	z	3.214916243779472
ʃː	ʃː	2.97555610120106
d	ɾ	2.950619921122957
<#_w	<#	2.928771237954945
o	u	2.9141808917808953
ˈe	ˈe	2.7618318212075192
mː	mː	2.6979237436352403
e	i	2.592181095941631
ɡ	k	2.5172400735461316
i	ɪ	2.4636517427745863
ʤː	j	2.315658001213708
ˈɔ	ˈa_w	2.24999845943855
b	v	2.137675038569811
kː	cː	2.0027304190265736
ˈa	c_ˈa	1.9893612902516393
j_ˈa	ˈa	1.9443027932456656
r	ɾ_i	1.8272418475974161
n	nː	1.6386894745499667
r	ʐ	1.6311840447947625
o	o	1.33145111324249
n_d	nː	1.326791170930285
<#_ɡ	<#	1.3098237369453263
p_j	p	1.2986233272465773
ˈu	j_ˈu	1.2455889999024665
u	a	1.1984557138924918
l	w	1.1721956282518935
j_a	a	1.0829715087562912
<#_ʤ	<#	1.0642654194305654
j_o	ʊ	1.049829716450142
d	ʈ	1.0376169989992938
ʤ	ɕ	0.9242669344708212
t	ʈ	0.9112890283220165
ˈo	ˈɔ	0.6557409674091228
l	ɾ	0.6375880914810511
w_e	ʊ	0.5973352024636945
ˈi	ɪ	0.5456590418225914
<#_r	<#	0.5356143810225276
ˈɔ	ˈu	0.5326153435627343
ˈe	ɪ	0.21773901933067225
<#_p	<#	-0.4387914545482149