Phone1	Phone2	PMI
ʧː	ʧː	9.492022195300091
f_j	ç	9.151844968829089
kː_j	cː	8.480616206784035
sː	sː	8.197235957633609
kː	kː	8.10827898909903
ŋ	ŋ	7.590001235122912
ʦː	ʦː	7.400820339233062
ʎː	ɟː	7.177534243507841
z	z	7.110119102552951
ɲː	ɲː	6.890257894392191
tː	tː	6.718274871514733
ʤ	ʤ	6.562608208363792
ɡ	ɡ	6.530896541011766
j	j	6.420241261858098
lː	ɖː	6.296896324113964
b	b	6.289736805256531
mː	mː	6.238016615840961
w	w	6.198881542634393
f	f	6.085767639568768
d	d	6.067806857160173
w_ˈɔ	ˈɔ	5.825413271479513
ʧ	ɕ	5.8093118111788735
nː	nː	5.700677097900185
m	m	5.648801640302715
ʤ	j	5.462714952275882
v	v	5.326264976426423
rː	ʐː	5.194226700943041
u	u	5.175789975362311
s	ʃ	5.106138566092747
s	s	5.106138566092747
ˈo	ˈo	5.09354522440057
ˈɔ	ˈɔ	5.07415235724882
ˈɛ	ˈɛ	4.948536537638846
k	k	4.932204760724474
ˈe	ˈe	4.926318184154172
ʃː	ʃː	4.765225599040958
p	p	4.753171564932523
j_ˈɛ	ˈɛ	4.683101587432012
n_d	nː	4.662406318228084
t	t	4.661593601799501
i	i	4.635407814741921
ˈu	ˈu	4.54784601801761
ˈi	ˈi	4.511682383614195
l	l	4.467718764897893
ˈo	ˈu	4.396801418947371
ˈe	ˈi	4.3486022802213
n	n	4.296552326981728
b_w	b	4.168782656752217
sː	ʃː	4.073010267053869
ˈɔ	ˈa_w	4.067156789378895
d	ʈ	4.0268125877077985
r	ɽ	3.9567585821180753
r	ʐ	3.956758582118075
ˈa	ˈa	3.931320006842294
a	a	3.868945455094494
t	ʈ	3.838073470403658
r	r	3.8358770930803994
ʤː	j	3.745352859252514
w_e	ʊ	3.6935573121584557
r	ɾ	3.5995528122950575
o	o	3.461581456129092
e	ɪ	3.4108681313745524
b	v	3.3900605391603524
o	ʊ	3.3869608670644595
j_a	a	3.2134683699189894
<#_w	<#	2.9377183631663266
o	u	2.893267328649989
ʤ	ɕ	2.8768686386137374
ɡ	k	2.8433142329306236
d	ɾ	2.841225633381436
l	w	2.6136922511829153
e	i	2.569244568007556
i	ɪ	2.4457173141530073
n	nː	2.252223899173535
ˈa	c_ˈa	2.0170168277632876
u	a	1.767654090489557
v_e	v	1.3107804035116153
p_j	p	1.218005978166181
j_ˈa	ˈa	0.9723236830229839
r	ɾ_i	0.8740724200486903
ˈɔ	ˈu	0.6706290488240055
l	ɾ	0.4886699554439179
ˈi	ɪ	0.37242817345151846
ˈo	ˈɔ	0.30407549629505537
<#_p	<#	-0.6447664940052495
ˈe	ɪ	-0.038952630258807734
e	ˈɛ	-0.025694062584266108