Phone1	Phone2	PMI
ŋ	ŋ	7.144711423895347
ʤ	ʤ	6.113853384310017
ˈaː	ˈa_r	6.107892556359026
ɲ	ɲ	6.059912343984175
f	f	5.94688031253269
a	a	5.798844668178759
ɡ	ɡ	5.67336261565783
b	b	5.612116857855447
ˈoː	ˈo	5.587735274177049
w_ˈa	ˈɒ	5.570263611373058
ˈu	ˈu	5.505107061740824
o	u	5.496802474420525
u	u	5.456084160409981
w	w	5.434725109043973
ˈɔ	ˈɒ	5.345953735253606
j_ˈɛ	ˈe	5.287369954552604
v	v	5.228958860586323
d	d	5.198948079793622
d	ð	5.023985954870703
ˈe	ˈæ	5.015965457406832
p	p	5.002428926447771
m	m	4.948848718802191
ˈiː	ˈi_r	4.92128700875719
i	i	4.795602733943127
j	ʎ	4.645685928755788
n	n	4.586474749575041
<#	<#_e	4.559943982610549
ˈo	ˈo	4.551623642444368
k	k	4.518563645148512
ˈɛ	ˈe	4.487099820255371
s	ʃ	4.4563375597542105
c	k	4.443262868105895
ˈi	ˈi	4.39430759689717
ˈuː	ˈu	4.266622123717109
t	t	4.262900821750195
ʧ	s	4.260077554158274
v	β	4.1926422289560525
l_i	ʎ	4.167752684634942
ˈi_ŋ	ˈi	4.100758487605106
ɡ	ɣ	4.094268447407708
i	e	4.049645789660373
ˈuː	ˈɒ	4.0450787583089545
s	s	4.02978489885611
l	l	4.011886834899144
ˈeː	ˈæ	3.786936386253712
ˈa	ˈa	3.744189193555114
r	ɾ	3.724959081617605
e	ɐ	3.694128232620234
ˈɛ	ˈi	3.58965374275322
e	ɜ	3.491235538495862
ˈo	ˈu	3.4768460915665456
l	ʎ	3.444445800854131
ˈiː	ˈæ	3.2934354024191164
e	ɞ	3.291963654997256
r	r	3.212259532167994
w_ˈi	ˈɒ	3.15282702447202
j_ˈɛ	ˈæ	3.084360189366281
ˈi	ˈe	2.947734755726759
ˈaː	ˈa	2.9368708323931227
k_w	k	2.906219175283005
ˈo	ˈɒ	2.802695844991632
ˈa_ŋ	ˈa	2.590019273235054
r	β_ɾ	2.5655862905489704
i	ɞ	2.445196584986137
ˈo_ŋ	ˈo	2.3716991385172066
#>	w_#>	2.0439228352435586
ɲ	n	1.9798444891214049
ŋ_#>	#>	1.8020246478844728
b	β	1.7676578948230763
ˈiː	ˈi	1.766436636212651
ˈu	ˈo	1.5336541338361167
f	w	1.3940397962784188
u	e	1.2794947067290865
i	ɜ	1.1393513182743982
w_ˈɛ	ˈɒ	1.1181477203561352
v	w	1.0937229541227405
j	ʤ	0.9802114796025398
r	r_n	0.9659819636820112
e	e	0.8915533406860786
w	ˈɒ	0.7832497202766696
<#_j	<#	0.7061029433397559
ˈe	ˈe	0.5855102205863946
#>	s_#>	0.576951984337396
#>	ɞ_#>	0.245301705961736
#>	r_#>	0.1223863197993105