Phone1	Phone2	PMI
rː	ɾ_n	9.123940092895166
n_e	w̃	7.911048501541846
ˈe_n	ˈẽ	7.760361737971833
l_e	ɫ	7.676068984284177
ˈa_n	ˈɐ̃	6.701425620741146
ʣ	ʎ	6.45679535580076
d	d	6.145922336538993
ɡ	ʒ	6.098274032180844
i	i	6.010102752064791
ð	ð	5.943002175593373
ɣ	ɣ	5.783842305908306
f	f	5.779501196730405
ɣ_e	ʃ	5.56147935426935
s_k	s	5.550594290847409
m	m	5.4787984436873565
p	p	5.430291711038812
m_ˈo	m	5.341969848319444
n	n	5.225324128884923
ˈu	ˈu	5.179669034558806
b	b	5.100041719920943
ɖː	l	5.092465662567699
ˈe	ˈɛ	5.065671890485287
l	l	4.98391586638655
m_i	m	4.911413723988713
t	t	4.789471289690064
ˈi	ˈĩ	4.650882397386465
ɣ	z	4.576786555754288
ˈa	ˈa	4.438100296037455
t	j_t	4.4252559113707255
ˈo	ˈɔ	4.380117333508138
ˈi	ˈi	4.37303381415934
r_e	ɾ	4.365677149525955
k	k	4.365391878745063
b	v	4.2807372764022125
e	ɨ	4.272379433809141
k_r	ʎ	4.256410109897481
<#_a	<#	4.176238547534421
sː	s	4.1353284066883145
ˈo	ˈo	4.061243828771345
r	ʁ	3.9850599625815635
s	s	3.959213630454698
j	j	3.861480376159085
ˈe	ˈɐ_j	3.8376696258626932
z	ʃ	3.7110784552442677
u	u	3.6738160306156247
r	u_ɾ	3.6649441779106726
a	ɐ	3.6480622941763112
s	ʃ	3.640865423784254
ˈu	ˈo	3.576254331887018
n	ɲ	3.5319517360742014
ˈa	ˈɐ̃	3.5119026871791164
ˈe	ˈe	3.5009148547064135
β	v	3.3780770707046206
<#_ˈa	<#	3.320603619948983
ɡ	ɡ	3.2962637649301474
β	β	3.2417167898580663
ˈi	ˈe	3.2220964388045914
m_b	ɡ	3.138939204191294
r	ɾ	3.039492163886887
e	v_ɨ	3.0387209858391504
e	j̃	2.874740072907125
β_e	β	2.847454687493875
n_a	ɐ	2.8049203690998152
k	s	2.651966643567308
ˈe	ˈɐ	2.590882009754128
e_r	ɾ	2.552134345816822
r	ˈe_ɾ	2.544375191338618
e_r_e	ɾ	2.490968224546094
ŭ_#>	#>	2.260420676471571
i	ɨ	2.2175727984520517
k	j_ʎ	2.1882979992698877
o	w	2.003291694083687
u_z	u	1.792855753472494
l_u	u	1.5784131945523907
n_u	w̃	1.555258153492334
n_t	t	1.1451329388783402
p	ʃ	1.1441852053700738
#>	ʃ_#>	1.0901723311449436
n	ˈõ	1.0790998148947026
z_ŏ	ʃ	1.046661216297639
r	w_ɾ	1.043222560560315
i_#>	#>	1.0014391002808407
ˈa	w	1.000598795045385
a	j_ɐ	0.953683557385449
a	w_ɐ	0.9156286841477137
ˈe_n	ˈɐ	0.9085487283661291
ˈo	ˈõ	0.8737368892047582
l	ɫ	0.8360419506907931
u	w	0.6596014563837661
i	ˈi	0.6257296380205017
o	u	0.5789889981405221
ˈa	ˈɐ	0.4946634111564979
<#_f	<#	0.384018586689225
<#_p	<#	0.14643769078086677
#>	ɨ_#>	-0.12654209667293134
<#_b	<#	-0.08060395549443476