Phone1	Phone2	PMI
rː	ɾ_n	8.788791315703167
ˈe_n	ˈẽ	7.826055399379543
ˈa_n	ˈɐ̃	6.671054091053381
ʣ	ʎ	6.581120450343093
ɡ	ʒ	6.376696634589983
l_e	ɫ	6.070585798372082
i	i	6.011493245709747
d	d	5.992418934805246
ð	ð	5.713970796009583
ɣ	ɣ	5.646491985642177
m	m	5.503771062553075
f	f	5.472404184428898
ˈu	ˈu	5.431039973678887
p	p	5.428124655406226
b	b	5.245761320336241
n	n	4.929939057542827
n	ɲ	4.853905694086975
l	l	4.85371744347415
n_e	w̃	4.843025277109894
sː	s	4.820645665480769
ɣ	z	4.772233258794006
ɖː	l	4.76294888252556
ˈe	ˈɛ	4.724250994376136
ˈa	ˈa	4.65141742581253
r_e	ɾ	4.502008560720553
ˈi	ˈi	4.470111182336661
t	t	4.458611410923528
β	β	4.443339058895651
ɣ_e	ʃ	4.373106359247833
n_a	ɐ	4.371133937062468
k	k	4.36995427655626
b	v	4.348617075398228
t	j_t	4.21162788001351
j	j	4.170383504436318
ˈo	ˈɔ	4.128672059597184
r	ʁ	4.082388303783507
e	ɨ	4.0619451752506
s	s	3.892032586837737
ĕ_#>	#>	3.88867601384197
o	u	3.794257686355341
z	ʃ	3.773149304167277
ˈo	ˈo	3.751886170164143
ˈi	ˈĩ	3.7220536086425695
u	u	3.670122772386872
e_r	ɾ	3.669931330880005
s	ʃ	3.637949622103604
a	ɐ	3.561750271320008
ˈu	ˈo	3.4923897756405777
ˈo_n	ˈõ	3.485090311749688
ɡ	ɡ	3.413736164563762
r	ɾ	3.381915093231215
ˈe	ˈɐ	3.3804399151144486
ˈe	ˈe	3.334747226986865
ˈi	ˈe	3.297493682716377
e	v_ɨ	2.871090480479147
β	v	2.861902060269983
ˈe	ˈɐ_j	2.7319094407844986
e	j̃	2.7187668272000027
k	s	2.4605089546350363
ŭ_#>	#>	2.34342817632734
ŏ_#>	#>	2.260420676471571
i	ɨ	2.1875876701261814
e	ˈe	2.094531606544367
ˈa	ˈɐ̃	1.925238224360894
l	ɫ	1.84031292781776
r	ʎ	1.803480623866198
u_z	u	1.760720109845956
ˈa	ˈɐ	1.747506906049329
l_u	u	1.537919751482518
z_ŏ	ʃ	0.9851362539350508
b	ɡ	0.749925266778096
ˈa	w	0.6662539932254354
u	w̃	0.5657702091139576
u	w	0.4183770902807162
e	ɐ	0.2781469134907177
e_#>	#>	-1.7498484837633104