Phone1	Phone2	PMI
ʝ	ɟ͡ʝ	9.076527032964206
j_t	ʧ	9.01884531992852
ʧ	ʃ	7.717834556672256
ɲ	ɲ	7.101926097598294
ɡ	ɡ	6.839397077370307
ɣ	ɣ	6.831986375529052
r	r	6.769277589826581
d	d	6.415750737170169
ŋ	ŋ	6.403663156323225
ð	ð	6.021567944053987
ʎ	ʝ	5.97577398829977
m_b	m	5.8889274947760715
f	f	5.821711508962933
ˈu	ˈu	5.697276012690431
ʃ	ʃ	5.562133080102365
w_ˈe	ˈo	5.5409606857604246
b	b	5.482727389383934
j	j	5.469381055744808
ˈi	ˈi	5.459865376403216
i	i	5.3781563379247235
m	m	5.356007895180382
p	p	5.30405338181164
β	β	5.249415567029192
p_l	ʎ	5.245048450647974
θ	θ	5.139202846511265
w	w	5.092182577738612
t	t	5.018139591991863
ˈo	ˈo	4.821738186954771
k	k	4.779696409805307
l	l	4.5958191929905725
s	s	4.582618191239951
k_ɾ	k	4.36363453350365
e	e	4.239813244249028
w	β_e	4.238385920522968
u	o	4.223296240500284
n	n	4.193368957106016
ʎ	ʎ	4.105438900643487
ˈa	ˈa	4.081729151677823
l	ʎ	4.0182384317556545
j	ɾ_e	3.9682264983024247
ɾ_e	e	3.864387513414216
i	e	3.8379718306844963
j_ʃ	θ	3.8051024888610963
a	a	3.7412938771498907
t_#>	#>	3.7094486045011923
ˈe	ˈe	3.560106056242595
ɾ	ɾ	3.5109595386308423
o	u	3.5074990486271447
o	o	3.4608546745689197
n	ŋ	3.4197523803890713
ð_o	u	3.24630863804917
u	u	2.8340877341883672
<#	<#_ɡ	2.6568417233344337
j	ʧ_e	2.572295348891753
ˈi_ʎ	ˈi	2.4746381238872894
ʝ_ˈe	ˈe	2.440982272160888
ˈa	ˈa_ð	2.428587328906234
b_w	b	2.367759779984182
ˈu	ˈo	2.3192243237117602
k_l	ʎ	2.2249483589994146
ɣ_o	u	1.9323486307840065
e	i	1.8360955032595614
ˈo	w_ˈe	1.77917718785498
<#_ʧ	<#	1.6767457904017808
<#_a	<#	1.5787007912671682
n	n_t	1.3649317112291526
n	ɲ	1.265081167724647
w	ɡ_w	1.190625268743484
l_w	ʎ	1.0698796413000373
ˈa_w	ˈa	0.8903819692099899
n	n_u	0.7348391248601789
s	θ	0.7201797977115976
s	e_s	0.7106871477600541
p	β	0.6192102410111233
ˈa	ˈo	0.4625862569538868
w	β	0.4084871907416418
#>	e_#>	0.33848218429139015
n_#>	#>	0.22688526404418524
ˈe	ˈi	0.05552793851981522
w	u	0.04667547454815417
ˈe	ˈo	0.04039823757549699
<#_p	<#	-0.09605670477885644