Phone1	Phone2	PMI
j_t	ʧ	8.516115333063425
ʧ	ʃ	7.330451754466464
ʝ	ɟ͡ʝ	7.1661339605956815
ɲ	ɲ	6.99755079524827
ʃ	ʃ	6.908900185119297
ɣ	ɣ	6.797195733863091
i	i	6.7681098102598245
r	r	6.639730151747994
ɡ	ɡ	6.545376504965095
j	ʧ_e	6.3860314398264695
ŋ	ŋ	6.298821328453228
ð	ð	6.167233831970053
d	d	6.108187126046342
f	f	5.985850739707295
ʎ	ʝ	5.820020543618203
m_b	m	5.686402244355228
ˈi	ˈi	5.613562136686055
b	b	5.598547616578874
ˈu	ˈu	5.516699946127277
w_ˈe	ˈo	5.49468930477924
w	β_e	5.3200635030304095
θ	θ	5.3154415157414485
k_l	ʎ	5.310036532186323
m	m	5.305323862739415
j	j	5.304257106542051
p	p	5.274011295929482
β	β	5.2266704874178895
w	w	5.148422454355288
t	t	5.000115292482068
ɾ_e	e	4.923640243263622
k	k	4.914085006503036
t_#>	#>	4.810409119069991
s	s	4.725920331622084
ˈo	ˈo	4.65436165400413
l	l	4.492698252248222
e	e	4.183691331781723
ˈa	ˈa	4.167412615808193
n	n	4.137550215003969
l	ʎ	3.9430133003494254
j_ʃ	θ	3.819635665009325
ʎ	ʎ	3.8119060619369938
a	a	3.682285017794063
ɾ	ɾ	3.6536818059435423
ˈe	ˈe	3.5684808480729657
o	u	3.5429604863962427
o	o	3.423786233078036
<#	<#_ɡ	3.4221878568807047
n	ŋ	3.276901627711721
e	i	3.187260691731809
i	e	2.9764380020942887
j	ɾ_e	2.9423439198294967
u	o	2.8404337281452614
p_l	ʎ	2.692830663295382
b_w	b	2.531751734222067
ˈi_ʎ	ˈi	2.496496890856456
s	e_s	2.2883475013636967
l_w	ʎ	2.281051925484668
ˈu	ˈo	2.2729172071516737
a	a_ʝ	1.919021276130746
ˈa	ˈa_ð	1.7599969896793048
ɣ_o	u	1.7309330859329923
ˈo	w_ˈe	1.7061962842712377
n	n_t	1.4997088986087748
<#_a	<#	1.3940026844702882
n	ɲ	1.275687655698575
k_ɾ	k	1.2185647159350863
<#_ʧ	<#	1.105375122210959
p	β	0.9970503179114284
u	u	0.865083810250234
ð_o	u	0.8030263479658739
s	θ	0.676842248070993
ˈa	ˈo	0.5456189115835549
ˈe	ˈo	0.182986892834729
ˈe	ˈi	0.0024486975923653
w	u	0.001168581489167
#>	e_#>	-0.0881123122174972
<#_p	<#	-0.0728682211334493