Phone1	Phone2	PMI
j_t	ʧ	8.946288067129316
ʧ	ʃ	7.396273444764986
ɲ	ɲ	6.968977827323425
r	r	6.826194683101992
ɡ	ɡ	6.798693978352005
ŋ	ŋ	6.643106503307503
ɣ	ɣ	6.418959960591295
d	d	6.198638531844344
ˈu	ˈu	6.07078785896799
ð	ð	6.058657932931002
ʎ	ʝ	5.967800251482404
f	f	5.9476963152775975
b	b	5.698040359894555
w_ˈe	ˈo	5.630301670323663
p	p	5.480668434485334
β	β	5.401371182211615
ˈi	ˈi	5.368225551657098
m	m	5.299521478449679
j	j	5.240291478972062
θ	θ	5.212399395537736
i	i	5.171787636720345
w	w	5.171225049458847
k	k	5.065558028100187
t	t	5.039467843806434
ˈo	ˈo	4.874518724678887
m_b	m	4.824417119012738
s	s	4.759979973116698
l	l	4.504834872787336
e	e	4.42168228474084
n	n	4.201739386372897
l	ʎ	4.154308377733477
ˈa	ˈa	4.041715513278314
ʎ	ʎ	3.932187173476156
t_#>	#>	3.826441104645424
o	u	3.673940974153417
ˈe	ˈe	3.61293678064661
a	a	3.557777044037493
o	o	3.5043274825523327
ɾ	ɾ	3.4914587548837845
ʝ	ɟ͡ʝ	3.4361625111939644
w	β_e	3.4031148795833523
k_ɾ	k	3.2911224431843005
i	e	2.865038591134508
n	ŋ	2.7196496639192635
u	u	2.573117992227604
j	ʧ_e	2.3734716464584613
n	ɲ	2.116749749980241
ɾ_e	e	2.0092566130820018
ˈu	ˈo	1.9564937610897173
<#	<#_ɡ	1.6943420782677208
n	n_t	1.548700625955312
ʃ	ʃ	1.2575998485379842
w	ɡ_w	1.2398428245318898
ˈo	w_ˈe	1.2262505221926627
b_w	b	1.2085872230301185
ˈi_ʎ	ˈi	1.1357629750366784
j_ʃ	θ	1.1129569237567052
p_l	ʎ	1.105192677420004
l_w	ʎ	1.042229532833765
j	ɾ_e	1.0313448605188271
u	o	0.9958648160495998
<#_a	<#	0.9027930276556766
ð_o	u	0.7854709396336469
ʝ_ˈe	ˈe	0.7463789209237569
s	e_s	0.6727688664805422
e	i	0.5972077418021541
<#_ʧ	<#	0.5589152634672603
p	β	0.4665328254603643
n_#>	#>	0.4537705280883705
ˈa	ˈo	0.3062067991717351
s	θ	0.2827625624308214
#>	e_#>	0.0600186997356381
w	u	0.0529019607587464
ˈe	ˈi	0.035548506336804
<#_k	<#	-0.2248279427338013
<#_p	<#	-0.1921134095577129
ˈe	ˈo	-0.061408565883284