Phone1	Phone2	PMI
ʝ	ɟ͡ʝ	9.584423956023164
ʧ	ʃ	8.225731479731214
ɲ	ɲ	7.6098230206572515
m_b	m	7.434586785501871
ɡ	ɡ	7.347294000429265
ɣ	ɣ	7.339883298588011
r	r	7.277174512885539
w_ˈe	ˈo	7.086619976486224
d	d	6.923647660229128
ŋ	ŋ	6.911560079382184
ð	ð	6.529464867112945
p_l	ʎ	6.4867803428385695
ʎ	ʝ	6.483670911358728
f	f	6.329608432021891
ˈu	ˈu	6.205172935749389
b	b	5.990624312442892
j	j	5.977277978803766
ˈi	ˈi	5.967762299462173
ʃ	ʃ	5.965452453435142
m	m	5.863904818239341
p	p	5.811950304870598
i	i	5.783439148744475
β	β	5.756027236256264
θ	θ	5.6470997695702225
k_ɾ	k	5.604174934634967
w	w	5.578431273563364
t	t	5.526036515050822
ˈo	ˈo	5.3296351100137285
k	k	5.287828971103721
l	l	5.103963922009536
ɾ_e	e	5.098590580660727
s	s	5.090515114298909
w	β_e	5.053582369804567
j	ɾ_e	4.820444898842966
e	e	4.747349267938636
u	o	4.731193163559242
j_ʃ	θ	4.726694326915284
n	n	4.701265880164974
ʎ	ʎ	4.614527314761725
ˈa	ˈa	4.589851407510392
l	ʎ	4.5275746518338975
ð_o	u	4.485767208836166
i	e	4.345507854374105
a	a	4.249190800208849
ˈe	ˈe	4.068002979301553
ɾ	ɾ	4.018856461689801
o	u	4.015395971686102
o	o	3.968751597627878
n	ŋ	3.927649303448029
t_#>	#>	3.5942918779114312
ʝ_ˈe	ˈe	3.3633972058041133
u	u	3.341984657247325
ˈi_ʎ	ˈi	3.0908523375917105
ˈa	ˈa_ð	3.0650127424361515
j	ʧ_e	2.997708332679975
b_w	b	2.986932628484659
ˈu	ˈo	2.8271212467707185
<#_ʧ	<#	2.819514308225277
k_l	ʎ	2.79618213277474
<#_a	<#	2.747778828224936
<#	<#_ɡ	2.586039066559476
ɣ_o	u	2.548562844488428
ˈo	w_ˈe	2.413693788369407
e	i	2.142425252916162
j_t	ʧ	10.56450461065432
#>	e_#>	1.9380646229439773
n	n_t	1.7922535080328648
n	ɲ	1.5660120992410425
w	ɡ_w	1.3976149919908207
l_w	ʎ	1.3727265552477168
s	θ	1.1287129626565173
<#_p	<#	0.9704127167837369
ˈa	ˈo	0.9600170943119976
n	n_u	0.9439427415863844
s	e_s	0.9197907644862594
n_#>	#>	0.9102603443859216
p	β	0.8146231651657969
w	β	0.5108756325580232
ˈe	ˈi	0.46447180041562186
ˈe	ˈo	0.24392884846482954
w	u	0.1920135052898231