Phone1	Phone2	PMI
ʧ	ʃ	7.589290610603863
ɲ	ɲ	7.251845636085653
j_t	ʧ	7.072464311295956
ɡ	ɡ	6.699854261717279
ɣ	ɣ	6.43744215037605
ŋ	ŋ	6.413316620497173
d	d	6.182026446839308
ʎ	ʝ	6.042081756914981
f	f	5.9759868352237095
ð	ð	5.937889461886562
ˈu	ˈu	5.873360706786808
r	r	5.683270843525154
b	b	5.575242552606074
p	p	5.532385738754899
j	j	5.459515618662134
ˈi	ˈi	5.389430247529855
w_ˈe	ˈo	5.3886912495425205
m	m	5.3413366646620455
θ	θ	5.326801002688564
t	t	5.212063123868863
β	β	5.196497709939347
w	w	5.020331234206557
k	k	4.859222987125581
m_b	m	4.543645590457894
s	s	4.533543110103982
ˈo	ˈo	4.490576947880319
l	l	4.457115572866025
ˈa	ˈa	4.280346432643156
n	n	4.229321298955892
e	e	4.176215255150738
l	ʎ	4.139302193055246
ʎ	ʎ	4.042173780200142
i	e	3.8913453606979913
i	i	3.836130118314278
ɾ_e	e	3.8303519929555865
ˈe	ˈe	3.6264974144775826
o	u	3.6016426267248924
a	a	3.591609981086332
ɾ	ɾ	3.5784975223040125
o	o	3.48199777839058
ˈi_ʎ	ˈi	3.4189672949076604
ʝ	ɟ͡ʝ	3.3349312440133687
w	β_e	3.308482392908691
n	ŋ	3.3000014964172766
u	o	3.050950109205587
t_#>	#>	3.026636471615072
j	ʧ_e	2.495311159510949
<#	<#_ɡ	2.367545294909838
j_ʃ	θ	2.3321341411969025
n	ɲ	1.677618818547558
ð_o	u	1.4662032299663252
ˈu	ˈo	1.4244557133561426
<#_a	<#	1.3940026844702882
ʃ	ʃ	1.3881640948207226
ʝ	ʝ	1.3564422224432335
ˈo	w_ˈe	1.2534616694685727
u	u	1.1576612805798319
w	ɡ_w	1.1372906731289598
<#_ʧ	<#	1.105375122210959
p_l	ʎ	1.0603210207385756
j	ɾ_e	1.0177978964798715
a	a_ʝ	0.9560202808222688
ɣ_o	u	0.9524003126310004
ˈe_ɣ	ˈe	0.8782680357468606
n	n_t	0.877591593044512
ˈa	ˈa_ð	0.7985242175854251
ʝ_ˈe	ˈe	0.79404333591129
s	e_s	0.7289101156475066
n	n_u	0.7233023595514684
ˈa	ˈo	0.7151261645414017
w	u	0.3842692526574078
p	β	0.3521641668769152
ˈe	ˈi	0.21096447889879405
s	θ	0.20464492453576355
#>	e_#>	0.05428676937655207
<#_k	<#	-0.2143275748177314
<#_p	<#	-0.20456881428127457