Phone1	Phone2	Surprisal	OOV_Smoothed
a	a	0.07706689620130439	4.729582141540414
b	b	-0.0	4.729582141540414
d	d	-0.0	4.729582141540414
e	e	0.12482564531547316	4.729582141540414
e	i	4.509767223898924	4.729582141540414
e	a	4.680783758408948	4.729582141540414
f	f	-0.0	4.729582141540414
i	i	0.39879805130735635	4.729582141540414
i	e	2.0498448025791585	4.729582141540414
j	j	0.1573916037254043	4.729582141540414
j	-	3.274316313529993	4.729582141540414
k	k	0.04669025761096945	4.729582141540414
l	l	-0.0	4.729582141540414
m	m	-0.0	4.729582141540414
n	n	0.03523581553400799	4.729582141540414
o	o	0.09744685172340352	4.729582141540414
o	-	4.321384999054255	4.729582141540414
p	p	-0.0	4.729582141540414
r	r	-0.0	4.729582141540414
s	s	-0.0	4.729582141540414
t	t	-0.0	4.729582141540414
u	u	-0.0	4.729582141540414
w	w	0.10384730130469319	4.729582141540414
w	-	3.847842945093561	4.729582141540414
x	ʎ	0.555643101181864	4.729582141540414
x	ʧ	1.8172523626455184	4.729582141540414
ð	ð	0.22240851902955672	4.729582141540414
ð	t	3.1509159755039144	4.729582141540414
ŋ	ŋ	-0.0	4.729582141540414
ɟ͡ʝ	k_l	1.1460337774834477	4.729582141540414
ɟ͡ʝ	p_l	1.1920686527988926	4.729582141540414
ɟ͡ʝ	l	3.1784121700547567	4.729582141540414
ɡ	ɡ	-0.0	4.729582141540414
ɣ	ɣ	-0.0	4.729582141540414
ɲ	ɲ	-0.0	4.729582141540414
ɾ	ɾ	0.04527255186465117	4.729582141540414
ʝ	ʎ	0.5501933314583594	4.729582141540414
ʝ	-	1.8948876358570665	4.729582141540414
ʝ	ð	4.375515959091827	4.729582141540414
ʧ	j_t	-0.0	4.729582141540414
ˈa	ˈa	0.04075950878922686	4.729582141540414
ˈe	ˈe	0.1451419948956514	4.729582141540414
ˈe	ˈa	4.6994821315638005	4.729582141540414
ˈi	ˈi	0.10659746805397331	4.729582141540414
ˈi	j_ˈe	4.389810142755345	4.729582141540414
ˈo	ˈo	0.3359382323101878	4.729582141540414
ˈo	ˈu	3.4033608921966403	4.729582141540414
ˈo	ˈa	4.0749085416286475	4.729582141540414
ˈo	ˈe	4.214058923828701	4.729582141540414
ˈu	ˈu	-0.0	4.729582141540414
β	β	0.15767935257629834	4.729582141540414
β	p	3.271822392522718	4.729582141540414
θ	θ	0.30838220158040197	4.729582141540414
θ	ʃ	3.4960141589769638	4.729582141540414
θ	s	3.965387667140821	4.729582141540414