Phone1	Phone2	Surprisal	OOV_Smoothed
a	a	0.04159174199248044	4.731831471512847
b	b	-0.0	4.731831471512847
d	d	-0.0	4.731831471512847
e	e	0.20764714287813935	4.731831471512847
e	i	3.9059661940504036	4.731831471512847
f	f	-0.0	4.731831471512847
i	i	0.18777198946889492	4.731831471512847
i	e	3.0345804383244785	4.731831471512847
j	j	0.22334042313863847	4.731831471512847
j	-	2.801679955780457	4.731831471512847
k	k	0.06473421842944242	4.731831471512847
k	k_ɾ	4.510340126332953	4.731831471512847
l	l	-0.0	4.731831471512847
m	m	-0.0	4.731831471512847
n	n	0.038916729619868265	4.731831471512847
o	o	0.12070521720604357	4.731831471512847
o	-	4.145245943997807	4.731831471512847
p	p	-0.0	4.731831471512847
r	r	-0.0	4.731831471512847
s	s	-0.0	4.731831471512847
t	t	-0.0	4.731831471512847
u	u	-0.0	4.731831471512847
w	w	0.06818522002979314	4.731831471512847
w	-	4.437121848814837	4.731831471512847
x	ʎ	0.6099757936167555	4.731831471512847
x	ʧ	1.8284336256496505	4.731831471512847
x	ʃ	3.9834263011413804	4.731831471512847
ð	ð	0.2442170345066504	4.731831471512847
ð	t	2.9003554062214403	4.731831471512847
ŋ	ŋ	-0.0	4.731831471512847
ɟ͡ʝ	p_l	0.6824573797241439	4.731831471512847
ɟ͡ʝ	l	2.093367979170536	4.731831471512847
ɟ͡ʝ	k_l	2.8103185681190914	4.731831471512847
ɡ	ɡ	-0.0	4.731831471512847
ɣ	ɣ	-0.0	4.731831471512847
ɲ	ɲ	-0.0	4.731831471512847
ɾ	ɾ	0.037307092510211984	4.731831471512847
ʝ	ʎ	0.4431151219828972	4.731831471512847
ʝ	l	2.1764457601696727	4.731831471512847
ʝ	ð	4.531648334844034	4.731831471512847
ʧ	j_t	0.5846904499175426	4.731831471512847
ʧ	j	1.5855067562796479	4.731831471512847
ˈa	ˈa	0.03878919972965972	4.731831471512847
ˈe	ˈe	0.1306306305926074	4.731831471512847
ˈe	ˈi	4.559490297684528	4.731831471512847
ˈi	ˈi	0.06652127628047237	4.731831471512847
ˈi	j_ˈe	4.4719395532878226	4.731831471512847
ˈo	ˈo	0.3691412903865015	4.731831471512847
ˈo	ˈu	3.642854559762137	4.731831471512847
ˈo	ˈe	4.079997693879435	4.731831471512847
ˈo	ˈa	4.127745737190964	4.731831471512847
ˈu	ˈu	-0.0	4.731831471512847
β	β	0.2240840757237156	4.731831471512847
β	p	2.797246440365734	4.731831471512847
θ	θ	0.3740938999655566	4.731831471512847
θ	s	2.903056932754324	4.731831471512847