Phone1	Phone2	PMI
d	d	5.7984525413451244
v	β	5.57183759853769
ʎ	ʣ	5.517333695728386
p	p	5.480765447469881
m	m	5.084677393081582
b	b	4.892737720718296
s	s	4.869187485711547
f	f	4.85431086881106
ˈu	ˈu	4.6967107985643946
ˈɛ̃	ˈe_n	4.617064628907789
v	b	4.590188640688347
ʃ	k	4.4045241572035225
l	l	4.379961817231838
ˈoː	ˈo	4.342566286007959
n	n	4.341380720646905
t	t	4.295944990583212
ˈaː	ˈa	4.1208345347189725
ˈa	ˈa	4.094496635207386
ˈo	ˈo	4.031242419214586
ˈɔ	ˈo	3.789684671050386
ɔ	o	3.786028220641475
ˈɛː	ˈi	3.746062078311914
k	k	3.739738679256474
ˈe	ˈe	3.6460038860429895
a	a	3.6285223084775744
w	ˈu	3.618889231541117
t	s_t	3.615826747109636
ˈø	ˈo	3.597226113344773
ʁ	e_r	3.501388211779508
ˈi	ˈi	3.441678843274353
o	u	3.4200167751340045
l	l_u	3.372519207535584
ð	ð	3.328025758618985
e	i_s	3.2323482004204847
s	k	3.1061846350623017
t	t_e	3.02822346698898
ˈɛ	ˈi	3.0246633082074266
ˈɛ	ˈe	2.9897186742184
ʁ	r_e	2.9805415826694728
ˈe_l	ˈe	2.9141094403770684
ɡ	ɡ	2.9029141826883924
j_ˈe	ˈe	2.860732387901852
ə	a	2.796163949211281
w	ˈo	2.7839280604376544
ˈe	ˈa	2.7645392366432584
ð	r	2.7157017885564585
o	o	2.641180195480843
i	a	2.6016637947749315
ˈu	ˈo	2.592234318822892
#>	ŏ_#>	2.559212429589261
ʁ	r	2.445065356537549
ʁ	r_u	2.424447358332648
ˈi	ˈe	2.4158222398853604
e	i	2.2952469557753177
ə	e	2.2755505832175107
ˈɛː	ˈe	2.1010355025291263
ˈa	ˈa_r	2.085025896877961
#>	ŭ_#>	1.9696399542562968
j	ˈe	1.8238687895111376
ˈɑ̃	ˈa_n	1.7743059937703791
ˈɔ̃	ˈo_n	1.6781117733321649
ə	e_r	1.677165811966643
ʒ	j	1.5282049197983123
ʁ	rː	1.4066719018316494
ð	ɣ	1.3157772471291116
w	ˈo_ɣ	1.297365002679174
o	e	1.128829627365228
#>	ĕ_#>	1.1135912150830931
ð	e_r	1.0610501016067628
ˈɔ̃	ˈo	1.0334043667696662
ʃ	z	0.957716357481084
ʁ	o_r	0.9419081144957302
ˈo	ˈu	0.7525240887383399
ʃ_#>	#>	0.6456212145061683
ʎ	r	0.5442920346695866
l	r	0.2827004638489913
ˈe	e	0.2802055526138345
ˈɛ	e	0.1572740310990761
#>	u_#>	-0.423988981770024
#>	e_#>	-0.4067506911826005