Phone1	Phone2	PMI
ʤ	ʒ	6.505533316286996
j	v	6.339488875321601
v	v	5.946896286502706
ʦ	ʦ	5.781826849491738
w	w	5.757702161818209
u	u	5.704488924061672
a	a	5.703016246378975
ɡ	ɡ	5.642246167984003
f	f	5.601359766418951
b	b	5.446581490117269
d	d	5.304759573973307
ʣ	d	5.273218755889321
ˈa_r	ˈa	4.974538949774946
m	m	4.782224430563783
ɲ	m	4.737007278804628
ˈi	ˈi	4.732274872974768
p	p	4.633481506178319
ˈi_r	ˈi	4.63344391373311
t	t	4.565662030004294
ˈo	ˈɔ	4.5259507755182495
ˈɨ_n	ˈa	4.507854203029908
t	ð	4.507452273603615
ç	f	4.418502389936083
ˈu	ˈy	4.36586076505097
e̯ˈa	ˈe	4.347734979787001
n	n	4.136467896144382
k	k	4.063326622154061
ʎ	l	3.985957786922952
i	e	3.9167714068948425
l	l	3.8971378964355385
ˈo	ɥ_ˈɔ	3.87922997507137
ˈa	ˈa	3.872760141082488
ˈu	ˈu	3.8539348296412026
o̯ˈa	ˈu	3.835894599753744
ə	ɔ	3.83515269185167
r	r	3.656525667574306
ˈɨ	ˈa	3.65139620415413
s	s	3.636226278989683
r	ɾ	3.615855672885252
t	ʧ	3.5074250666442905
ʦ	s	3.4853141079501286
ˈe	j_ˈɛ	3.4277220573615117
ˈe	ˈɛ	3.3863866965988314
ˈe	ˈe	3.155905656589597
ˈi	ˈe	3.089492083007672
<#	<#_e	2.9145148574477484
n_i	n	2.912851803266421
o̯ˈa	ɥ	2.8172032277605816
ə	a	2.7444783665807035
ˈo	ˈu	2.4846772164352484
e̯ˈa	ˈɛ	2.408917831604949
e_#>	#>	2.37117426393829
ˈu_k	ˈu	2.157970125534693
n_#>	#>	2.14077364524928
o̯ˈa	ˈɔ	2.077334894865183
u	e	2.0334779400019176
u_#>	#>	1.953749200527224
ˈu	ˈɔ	1.8697860374392177
<#_a	<#	1.8116194846075129
#>	s_#>	1.6854429255086922
ʃ	s	1.684545398103373
k	p	1.5000855819272298
p	β	1.3766571292517793
i	ɔ	1.3530176630068136
n	ɲ	1.3353891071218065
a_r	r	1.2419475619509996
ʃ	j	1.169626588270315
ˈi_n	ˈi	1.16830932359892
ˈa	ˈɛ	1.1650906517911357
e̯ˈa	ˈe_j	1.1336498940454491
t_i	t	1.0381108493876494
k_ʎ	l	1.0277710872441552
ʃ_t	s	0.995009642237408
i_r	e	0.9802095259486526
ʎ_u	l	0.9603515871616212
s	e_s	0.9505794591741064
n_t	n	0.9017460413929006
r	l	0.8209670186191751
u	w	0.6418331773817958
t	j	0.590560262306582
<#	<#_a	0.5848199771281484
ˈi	ˈɛ	0.5488931232936822
t	s	0.391269847626653
i_#>	#>	0.0045810396390782