Phone1	Phone2	PMI
b	b	7.357938642774173
u	u	6.048660245492642
ɡ	ɡ	5.732167436013234
ˈi	ˈi	5.480079047113942
w	ˈøː	5.416690287133575
f	f	5.1267875971129415
p	p	5.0093679480999125
ˈu	ˈu	4.907719896556416
ˈu	ˈy	4.798975992858561
ʦ	ʦ	4.5718626619034985
ˈo	ˈɔ	4.507713061145983
m	m	4.403799932793634
s	s	4.384466485028949
k	k	4.381877155406242
v	ʋ	4.347119538664024
d	d	4.330233224678377
t	t	4.277090541941522
r_i	r	4.151432040009338
l	l	4.050150319161131
n	n	4.044428389718989
o̯ˈa	ˈu	3.9648671824698103
ˈe	ˈe	3.890814654121043
<#_w	<#	3.820947773432965
j	ʋ	3.7602029676228863
ə	a	3.69735565579199
e̯ˈa	ˈy	3.5964870956789143
ˈa	ˈa	3.5363336696970946
e̯ˈa	ˈe_j	3.445759643201792
d	t	3.3498147392572375
ˈa	ˈaː	3.341628111969333
ʃ	s	3.338472668632238
ˈe	ˈɛ	3.3280584158776354
ˈo	ˈø	3.255601580782587
r	r	3.2349879368347807
i	i	3.221150342708494
ʒ	ʤ	3.0509916061707782
ˈɔ	ˈãː	2.945797281153523
ˈa_t	ˈaː	2.750596151489733
i	a	2.712805444929115
#>	f_#>	2.685007772279115
ˈi	f_ˈi	2.6567619040496435
ˈi_n	ˈẽː	2.6458114632307184
p_t	t	2.6370992916996956
ˈa	ˈɛ	2.6230619631584338
n_#>	#>	2.568015272134884
kʲ	p	2.5035984873375368
j_#>	#>	2.434985136500136
ˈi	ˈẽː	2.3279634458149063
ʦ	ʧ	2.3037878813491037
p_t	ʧ	2.170159051959857
t_i	ʧ	2.1450757568854257
ʎ	j	2.10833754604846
e̯ˈa	ˈe	2.1001272093457644
l	j	2.062812399800037
u	e	1.8418123453446325
ˈo	ˈu	1.742263914932134
ʦ	t	1.7349631308967846
ʎ	l	1.7023986301337046
i	e	1.6988436897881094
j	ˈɛ	1.6314659275070151
#>	ʧ_#>	1.368599603975745
ˈi_n	ˈĩː	1.3087049093051775
u_#>	#>	1.054131116256835
ɡ_ʎ	ʤ	1.0540990540697721
ˈa_p	ˈa	1.0014921729030133
p_t_i	ʧ	0.9803368239336956
<#_j	<#	0.934485068394299
ˈu	ˈũː	0.9341941031691048
t_i	t	0.9112162761468054
j_ˈa	ˈɛ	0.8816688048694598
#>	r_#>	0.8661639908853689
ˈu	ˈø	0.7341941031691048
ə	e	0.4830140337267211
ˈa	ˈe	0.4694968430470898
r	l	0.4423337337986584
<#	<#_f	0.2887213302951229
i_#>	#>	0.17563665089868988