Phone1	Phone2	PMI
ˈi_n	ˈẽ	8.084875498581647
b	b	7.391658980796225
ɡ	ɡ	6.857004233474262
i	i	6.358670839504868
p	p	5.4536599834968
m	m	5.329945093425977
ʦ	ʧ	5.318131090983605
e̯ˈa	ˈeː	5.280309590925198
ʒ	ʒ	5.276665070739353
k	k	5.196887972686031
v	v	5.130382482486119
ˈu	ˈuː	5.127560805284105
p_t_i	t	5.074465912521507
d	d	5.015989931259518
ˈɔ	ˈɑː	4.936648249904912
ʃ	s	4.90961111464102
n	n	4.862541647003999
ˈe	ˈeː	4.8549688859461435
t_i	t	4.8443599930633745
ˈu	ˈu	4.826945298485719
ˈo	ˈøː	4.809842826038976
s	s	4.619146456751565
ˈe	ˈɛ	4.397720246885819
r_u	r	4.358357313600357
f	f	4.221023675126528
i_#>	#>	4.192269973958879
ˈa	ˈa	4.154474502376008
l	l	4.123087258861174
t	t	4.06430310827639
ə	a	4.048730563490204
ˈu	ˈɔ	4.0478120668964666
o̯ˈa	ˈøː	4.029199851493014
ˈo	ˈɔ	3.975164036698745
ˈa	ˈɑː	3.8455809578773885
l	j	3.8271483932249954
t	t_e	3.8155158937129485
r	r	3.788435943373556
t	d	3.746061095957024
r_i	r	3.7089185803304257
a	e	3.5980182296577747
ə	l_a	3.2420326557184245
ʦ	s	3.202098224539937
ʦ	t	3.1342979028906766
<#_w	<#	3.066791774958835
ˈo	ˈu	3.0493294611905557
ˈi	ˈiː	3.0066507560843747
i	ˈe	2.961776122997227
ˈa	ˈɛ	2.9339905779962625
kʲ	p	2.863879754708367
ˈi	ˈi	2.861482673010361
#>	f_#>	2.7627623336198215
i	e	2.682794270265539
z	d	2.631429640441376
w	ˈu	2.6185643290881813
o̯ˈa	ˈuː	2.5177511230942007
<#_j	<#	2.476662487106921
ʦ_i	s	2.427521846467544
ʎ	j	2.3515092952642704
e̯ˈa	ˈɛ	2.1638137104158326
#>	ʧ_#>	2.1614614793925853
d	t	2.049156465583954
n	n_a	2.006112935092884
ʎ	l	2.005541481583046
ˈu	ˈi	1.9695895812563535
r	l	1.7135124979129583
ˈi_n	ˈĩ	1.638758202657678
ʎ	f_j	1.629181852392944
n_#>	#>	1.6149824349236284
ˈi_m	ˈẽ	1.5358435680917266
k	ɡ	1.5073602172722307
ˈo_w	ˈøː	1.4162672496121478
ˈi	ˈẽ	1.3632592423569467
w_ə	f	1.3083428633417395
u	j	1.2042469063598205
r	e_r	1.0511860172951668
w	f	0.9944170283131879
u_#>	#>	0.857505539119791
ˈu	ˈyː	0.8383995829458014
m	ɡ	0.7345067395126231
o̯ˈa	ˈɔ	0.7321741560075071
<#_ˈi	<#	0.7018585678032639
#>	l_#>	0.6714985207569897
ə	e	0.6102936338864046
<#	<#_f	0.4522424681448814
t	p	0.4435968016148468
ˈa	a	0.1720353182326698