Phone1	Phone2	PMI
b	b	5.951323367398892
p	p	5.169260780616758
ˈo	ˈøː	5.138596714964291
d	d	5.037915248854113
ˈu	ˈuː	5.030746485655208
ˈi_n	ˈẽ	4.803753997964326
v	v	4.71958325464288
ɡ	ɡ	4.431561728473115
k	k	4.429639362508515
m	m	4.396856885932395
n	n	4.126674768803285
s	s	3.8418174404640246
i	i	3.7959271029806354
t	t	3.7803595441495768
f	f	3.762210253842692
ʦ	s	3.577295409480434
ˈe	ˈeː	3.549188360927033
ə	a	3.4579708740578705
ˈe	ˈɛ	3.448766726917152
ˈa	ˈa	3.396348247442392
l	l	3.358083536216108
r	r	3.3449132425282504
o̯ˈa	ˈɔ	3.213060047141726
ʦ	ʧ	3.1171537612127835
ˈa	ˈɑː	3.085119057118272
ˈu	ˈyː	2.9549568381242413
ʎ	l	2.8199517703653005
ˈo	ˈu	2.741289245196829
t_i	t	2.713237649216105
<#_w	<#	2.458819249776316
ˈo	ˈɔ	2.325781734904006
t	t_e	2.245160879734494
l	j	2.186878392139373
ˈi	ˈẽ	2.127252388574474
ʃ	s	2.1047645234175976
ˈa	ˈɛ	2.0422552329581185
ʒ	ʒ	2.0214569789716337
ˈɔ	ˈɑː	1.970194259859504
ˈu	ˈu	1.8740638601383923
w	f	1.863380371608881
e̯ˈa	ˈeː	1.849085082896187
a	e	1.717558731379823
r_i	r	1.6443490882491787
p_t	t	1.6431169153582452
e̯ˈa	ˈɛ	1.3104351723539982
t	d	1.2740825533461455
d	t	1.1824143613712748
i	e	1.1283008174460183
ˈi	ˈi	1.0992654371208137
ˈi_m	ˈẽ	1.0964331083151713
k	ɡ	1.090978006303631
z	d	1.0771782307238655
ˈɔ	ˈã	1.02133128129673
j	ˈɛ	0.99788547813008
n_#>	#>	0.9933288955381274
ˈi	ˈe	0.9822729369765822
ə	v_a	0.9753852327423326
ə	l_a	0.9585338010781352
ˈu	ˈi	0.9496922466008072
l_o̯ˈa	j	0.9464690679251406
<#_j	<#	0.8196064165921053
kʲ	p	0.7978854781300799
o̯ˈa	ˈøː	0.7941707308680968
ˈu	ˈɔ	0.7714508663784683
n	n_a	0.7684288360619025
ˈa_r	r	0.7517907175707135
p_t_i	t	0.7352611703420605
ʦ	t	0.7169925001442313
r	l	0.6890942980608071
#>	f_#>	0.5856214163036428
#>	ʧ_#>	0.5856214163036428
r_u	r	0.5781055030935637
ə	e	0.5638608263788286
o̯ˈa	ˈuː	0.5633224694789991
i	a	0.5177616203242063
m	ɡ	0.5112935966748586
u_#>	#>	0.3712428326072857
#>	r_#>	0.2908351786371604
<#	<#_f	0.2908351786371604
i_#>	#>	0.0261713423785429
ˈa	a	0.0055057407512941