Phone1	Phone2	PMI
ʣ	ʎː	7.305012296538191
ŋ	ŋ	7.1354129152272
ɖː	lː	6.661068639130567
ʧ	ʧ	6.4721334680269935
ʒ	ʧ	6.362243771769875
d	d	6.034518591211496
ɡ	ɡ	5.849217106597628
w	w	5.6233202681693495
m	m	5.497794915240453
ɣ	ɡ	5.494775757388378
f	f	5.330374299481451
b	b_w	5.120726605186957
s	s	5.03995630098432
ˈu	ˈu	5.019780337083809
p	p	4.976386339975343
ˈo	w_ˈɔ	4.823339133783363
b	v	4.789553082377272
l	l	4.638330194342932
ˈi	ˈi	4.630907790424446
t	tː	4.617226917042785
b	b	4.5991908410874105
k	k	4.525430502662006
ˈe	ˈɛ	4.505994331713191
ð	t	4.420808550031971
β	p	4.3693497190564905
ˈu	ˈo	4.304096812716934
n	n	4.266087770021901
ŭ_#>	#>	4.193105761204565
ˈa	ˈa	4.177631914504697
t	t	4.154013469558048
ˈe	j_ˈɛ	4.097143702079285
k	kː	3.9571546230657466
ˈo	ˈɔ	3.901256180313474
ˈi	ˈe	3.875240522708304
a	a	3.844819906090169
ˈe	ˈe	3.671615509623371
e	e	3.620430877502984
i	i	3.608074151831632
r	r	3.590575507413755
u_z	o	3.5147391235019523
u	o	3.482687483674325
ˈo	ˈo	3.4386804106278634
i	e	3.3335094626087467
j	kː_j	3.298137184957686
j	r_e	3.1983726471099265
o	o	3.108908859881126
j	j	2.896000914542768
ɣ	k	2.8598081631618046
<#_i	<#	2.5092750396543497
i_s	s	2.33288427291157
β	v	2.2859838706529967
ˈo	ˈu	2.1600295022213007
r	j	2.12160978998429
i_n	e	1.6796948708122312
e	i	1.471384279922835
ˈa	ˈa_r	1.4008418235831548
j	e	1.1578197890774191
o	r	0.9360562561424206
e_r	r	0.8809229117254815
rː	r	0.7574392969257231