Phone1	Phone2	PMI
j	kː_j	8.169534001057137
ʣ	ʎː	8.008934695789069
ŋ	ŋ	7.483933998292277
ɖː	lː	6.961197450053651
b	b_w	6.273699006186333
ʧ	ʧ	6.249252008787344
ʃː	sː	5.971828663426949
ʃː	ʃː	5.961440590009266
ɲː	ɲː	5.930251117738227
rː	r_n	5.923499481857647
ɡ	ɡ	5.791387887303887
w	w	5.77794649364507
d	d	5.766490839620473
ă_#>	#>	5.715726594265506
ʒ	ʧ	5.661030746598058
ʤ	ʤ	5.54304372948462
m	m	5.52359989190399
f	f	5.409335882020485
z	z	5.359739082314396
ɣ	ɡ	5.304616091484114
k_r	k	5.285568715244694
ŭ_#>	#>	5.051779553489852
ˈe	j_ˈɛ	5.044051561344682
p	p	4.97125034767217
s	s	4.967935333511815
ˈu	ˈu	4.957051350264534
t	tː	4.781672025947469
k	k	4.716542950649686
i_n	e	4.71382440157788
u_z	o	4.662216049450265
ð	t	4.643046648615157
ˈo	w_ˈɔ	4.602244410912122
ˈi	ˈi	4.596523821524281
ˈe	ˈɛ	4.566802609450005
β	p	4.495720406827102
l	l	4.436072991676218
b	v	4.414216578838767
b	b	4.364594965555797
k	kː	4.225214535520406
n	n	4.196573140193526
t	t	4.176062279821408
ˈu	ˈo	4.084766070313475
ˈo	ˈɔ	4.013838327889759
ˈa	ˈa	3.9587427524084386
ˈi	ˈe	3.9384257342571605
a	a	3.927465600001647
o	o	3.9205182652055792
ʒ	ʤ	3.888806374585417
b	v_e	3.809567579935427
ˈe	ˈe	3.6157536353958966
i	i	3.6145728534952193
ˈo	ˈo	3.6127638953865966
r	r	3.6051255220997263
u	o	3.5943772031530834
ˈa	ˈa_r	3.5590074326667724
t	l_t	3.5494626668340574
ɣ	k	3.484362540823294
ˈo	ˈɔ_r	3.4698887913577243
e	e	3.3007710081571204
rː	rː	3.20470712769819
i	e	3.118679603901094
β	v	3.076216014282963
a_z	e	3.0585227277995726
nː	nː	3.0296987854820623
e	i	2.7983938287418444
b	ʤ	2.7127203834893883
<#_i	<#	2.5789447163900467
i_s	s	2.3243240957077376
ˈo	ˈo_d	2.236159751232111
p	p_j	2.064561958042769
r	j	2.045700440009038
j	e	1.9987890725037485
ˈo	ˈu	1.9693169811539875
r_ˈa	r	1.857619312099714
e_n	e	1.531419438819828
i	d_e	1.459458573282403
ʧ	k_j	1.457791902523824
<#	<#_w	1.4289316485663766
j	r_e	0.956682961479053
j	j	0.8116011206871132
z_ă	e	0.7687097923230861
i	ˈi	0.2736361616649121
e_#>	#>	0.1440093589097447
ˈa	ˈɔ	0.07912634323096628
r	l	-0.039834843556201274