Phone1	Phone2	PMI
ʣ	ʎː	7.5557763393437245
ŋ	ŋ	7.220161958321198
ɖː	lː	7.008918047370149
ʧ	ʧ	6.443789886636951
ʒ	ʧ	6.332680895859738
ɡ	ɡ	6.2015400774429015
d	d	6.036412076765255
w	w	5.815527961129314
ɣ	ɡ	5.739710531062009
rː	r_n	5.520023321650572
m	m	5.5116286888827775
f	f	5.509166637268363
ˈo	w_ˈɔ	5.35206198195187
j	kː_j	5.308114431656091
p	p	5.086538999572642
s	s	4.996673470463075
t	tː	4.968041006014981
ˈu	ˈu	4.95568289871545
b	v	4.799194216154888
ˈe	ˈɛ	4.710691064378145
ð	t	4.673023334736403
b	b	4.665819374425226
l	l	4.637374469168802
k	k	4.587684157069211
ˈe	j_ˈɛ	4.460590326166987
r_ˈa	r	4.4267041464825265
t	t	4.423924343340155
ˈi	ˈi	4.341239040824186
a	j_a	4.269344283920167
β	p	4.2354487012274005
ˈu	ˈo	4.205884190291742
ŭ_#>	#>	4.193105761204565
n	n	4.184931348565932
ˈo	ˈɔ	4.121314546152031
ˈa	ˈa	4.118193679074594
n_a	n	4.008896513758707
k	kː	3.9880074264530934
b	b_w	3.934242172611265
a	a	3.8157630570965746
ˈi	ˈe	3.8000048398039072
ˈo	ˈo	3.6834394799343366
u_z	o	3.568750739203128
ˈe	ˈe	3.5339347698605996
<#_a	<#	3.5038846384679214
u	o	3.499324604939862
<#_i	<#	3.471569245760317
r	r	3.432309473681562
i	i	3.386784286404896
i	e	3.3860386755506
β	v	3.2723504570397797
e	e	3.269502378068322
ɣ	k	2.9784921334962133
r	o_r	2.8445345684529815
r	ˈi_r	2.781651250116249
<#_ˈi	<#	2.7046767841192176
i_n	e	2.3588005574034288
ˈa_j	ˈa	1.9110552693837648
ˈa	j_ˈa	1.8193487626165805
r	j	1.6807294053151798
ˈa	ˈa_r	1.5100890948144683
o	o	1.4547197180796168
j	e	1.2387018458735515
p_r	p	1.2341441307810757
f_r	f	1.1634167398581354
i_s	s	1.1341294101541468
#>	j_#>	1.0067726903732568
o	r	0.8791839136758304
rː	r	0.7450454387264223
u	k_o	0.7318503888811377
e_#>	#>	0.7144678368667904
e	i	0.6916542257337516
e	l	0.6725053009351648
<#	<#_k	0.0013705701101517365
<#_b	<#	-0.09883714478590894