Phone1	Phone2	PMI
lː	ʎː	8.661332412757698
ŋ	ŋ	8.109189858040024
j	kː_j	7.357506405783025
ɖː	lː	7.322001731512134
ʧ	ʧ	6.95597211234748
ʒ	ʧ	6.889697350642599
ɡ	ɡ	6.742988699469788
w	w	6.429016312811487
d	d	6.224287198235732
ɣ	ɡ	6.12059627813334
f	f	5.906479035903884
m	m	5.827115510623053
ˈo	w_ˈɔ	5.679004750624891
s	s	5.612924069548111
b	b_w	5.570716724862247
p	p	5.563243303232285
ˈu	ˈu	5.488741502159455
t	tː	5.366597712051408
ˈi	ˈi	5.288606474695122
ð	t	5.116252336910282
ˈe	ˈɛ	5.100152151770391
k	k	5.068712717287916
b	v	5.037943944655585
l	l	5.003719925652393
b	b	4.9765187802551445
β	p	4.954119031390179
n	n	4.924995050574541
ˈa	ˈa_r	4.846066017423706
t	t	4.743276052163691
<#_i	<#	4.738285165220578
ˈu	ˈo	4.643547474188586
ˈa	ˈa	4.506159172465954
b	ʤ	4.499164570200721
ˈi	ˈe	4.488990221271407
ˈo	ˈɔ	4.357830023273831
a	a	4.354412502184163
ɣ	k	4.301722999377038
o	o	4.117468376695204
ˈe	ˈe	4.073035193596689
u	o	3.990529454049721
r	r	3.872053172688717
ˈo	ˈo	3.807236412016767
e	e	3.779052620347678
k	kː	3.775487680027661
i	i	3.772069132662293
i	e	3.7336425866356575
z	z	3.534112227659158
u_z	o	3.5079460083069924
e	i	3.1799459932263736
ʦ	ʦː	3.1460590049760104
ŭ_#>	#>	2.7424399413913134
k_r	k	2.737170103002716
ˈo	ˈo_d	2.6114908666241914
r	j	2.5746207521631046
ˈe	j_ˈɛ	2.329050104182058
ʒ	ʤ	2.2744008213253464
ˈo	ˈu	2.229483343850477
n_ʤ	ɲː	1.999444781904102
j	e	1.9586900464921029
s	sː	1.9036965519379725
j	j	1.87917712850306
a	r_a	1.87589421022328
β	v	1.6079501397653335
ɲ	ɲː	1.5833301105464508
<#	<#_w	1.444678356817015
ʤ	ʤ	1.4423498751299324
ʃː	ʃː	1.3444994310396288
p	p_j	1.3303959981534588
j	r_e	1.183395265720545
i_n	e	1.1762693910678783
ʃː	sː	1.1444994310396288
e_n	e	1.0404291420418856
a_z	e	0.9623301263932704
i	d_e	0.9263220116883344
rː	r	0.8579573363170265
ð	d	0.8486488191296205
e_#>	#>	0.8385138901252691
ă_#>	#>	0.7432986797852023
i	ˈi	0.5634890288519142
r	l	0.5386508605755318
ˈa	ˈɔ	0.3899358721811659
ˈi	e	0.111601356830136
i	o	0.0025425060899642
ˈo	o	0.0022381838971175