Phone1	Phone2	PMI
lː	ʎː	8.016712446119376
j	kː_j	7.941858698678249
rː	r_n	7.665346645698122
ŋ	ŋ	7.422782114345094
ɖː	lː	6.32096657475233
b	b_w	6.306500632100923
rː	rː	6.226761940985801
ʧ	ʧ	6.0151248852381975
ɡ	ɡ	5.949584070574504
d	d	5.915142858585921
w	w	5.903660165360961
ʒ	ʧ	5.877621361488263
m	m	5.618402225867369
f	f	5.584175223716207
z	z	5.418756826468603
ɣ	ɡ	5.340300554787374
ʦ	ʦː	5.153677993026571
ˈu	ˈu	5.084994451841859
n_ʤ	ɲː	5.057283106613046
p	p	4.997217474631667
s	s	4.936445804929234
t	tː	4.839966226047607
ˈi	ˈi	4.7117898737105595
ˈo	w_ˈɔ	4.682278038964226
b	v	4.633251845177056
nː	nː	4.614485981214925
ð	t	4.591543347561866
k	k	4.570504672501039
l	l	4.555405924471534
ˈe	ˈɛ	4.552537919943802
b	b	4.518270077965609
ʃː	sː	4.43429313802262
β	p	4.340814626236592
ɲ	ɲː	4.333867770096605
i_n	e	4.319578696999438
ă_#>	#>	4.31389473532801
<#	<#_w	4.31389473532801
n	n	4.280776271422855
ŭ_#>	#>	4.270759695572696
t	t	4.192636842305939
ˈu	ˈo	4.128461143093906
ˈo	ˈɔ	4.030857967892383
ˈa	ˈa	4.030320460239541
k	kː	3.872576856809608
o	o	3.871530608287367
β	v	3.856221133535319
ˈi	ˈe	3.8379872563529656
a	a	3.818295556885941
b	ʤ	3.8043751283021323
ˈe	ˈe	3.5990414292188415
r	r	3.562353054985699
i	i	3.5621730120389814
u	o	3.548794362931186
ɣ	k	3.5318006653958363
u_z	o	3.4985100164487526
<#_i	<#	3.476709164251507
ˈo	ˈo	3.454181072276628
s	sː	3.4260576120976465
e	e	3.4195652177900873
ˈo	ˈo_d	3.3389845165582246
ˈa	ˈa_r	3.1936803506529894
ʃː	ʃː	3.1414979376485563
i	e	3.133095969102873
k_r	k	3.113632288004661
e	i	3.004448282476353
i	d_e	2.909281401340552
ʤ	ʤ	2.8805997884903203
ˈe	j_ˈɛ	2.815835633144258
ʒ	ʤ	2.7712829338469174
e_n	e	2.421783253304
r	j	2.3940873704118766
a_z	e	2.314824569528713
j	j	2.288311240043049
ˈo	ˈɔ_r	2.0915448497750035
j	e	2.081700072699458
ˈa	v_ˈa	1.9817802711398451
r_ˈa	r	1.8918424550676192
ˈo	ˈu	1.8429624863723286
ʧ	k_j	1.6342686371702917
a	r_a	1.2743130963915226
i_s	s	1.2536875794239397
t	l_t	1.1779819738384316
m_ˈo	m	1.1702699674344101
ĕ	ˈe	0.9446757716265924
b	ʧː	0.9372966757826446
#>	j_#>	0.9091936738210586
j	r_e	0.8919574012024285
i	r_e	0.5721489379513574
e_#>	#>	0.24311382799349798
i	ˈi	0.1995121969433742
r	l	-0.06360481793725112