Phone1	Phone2	Surprisal	OOV_Smoothed
b	b	-0.0	5.184681332076264
d	d	-0.0	5.184681332076264
f	f	-0.0	5.184681332076264
h	h	-0.0	5.184681332076264
j	j	-0.0	5.184681332076264
k	k	-0.0	5.184681332076264
kʰ	kʰ	-0.0	5.184681332076264
l	ɫ	-0.0	5.184681332076264
m	m	-0.0	5.184681332076264
n	n	-0.0	5.184681332076264
p	p	-0.0	5.184681332076264
pʰ	pʰ	-0.0	5.184681332076264
s	s	-0.0	5.184681332076264
t	ʔ	0.44804425184385327	5.184681332076264
t	t	2.034530900413646	5.184681332076264
tʰ	tʰ	-0.0	5.184681332076264
v	v	-0.0	5.184681332076264
w	w	-0.0	5.184681332076264
z	z	-0.0	5.184681332076264
ð	ð	-0.0	5.184681332076264
ŋ	ŋ	-0.0	5.184681332076264
ə	ɚ	0.21988148832200433	5.184681332076264
ə	ə	2.8225129912218336	5.184681332076264
əʊ̯	oʊ̯	-0.0	5.184681332076264
ɡ	ɡ	-0.0	5.184681332076264
ɪ	i	0.2331632145368244	5.184681332076264
ɪ	ɪ	2.7443660946995205	5.184681332076264
ɫ	ɫ	-0.0	5.184681332076264
ɹ	ɹ	-0.0	5.184681332076264
ʃ	ʃ	-0.0	5.184681332076264
ʤ	ʤ	-0.0	5.184681332076264
ʧ	ʧ	-0.0	5.184681332076264
ˈaɪ̯	ˈaɪ̯	0.4233829282533877	5.184681332076264
ˈaɪ̯	ˈʌɪ̯	1.9752495119104452	5.184681332076264
ˈaʊ̯	ˈaʊ̯	-0.0	5.184681332076264
ˈe	ˈɛ	-0.0	5.184681332076264
ˈeɪ̯	ˈeɪ̯	-0.0	5.184681332076264
ˈiː	ˈi	-0.0	5.184681332076264
ˈuː	ˈu	-0.0	5.184681332076264
ˈæ	ˈæ	-0.0	5.184681332076264
ˈɐ	ˈʌ	-0.0	5.184681332076264
ˈɑː	ˈæ	0.7604770002060689	5.184681332076264
ˈɑː	ˈɑ_ɹ	1.2873641684791635	5.184681332076264
ˈɒ	ˈɑ	-0.0	5.184681332076264
ˈɔː	ˈɔ_ɹ	0.06136589568274079	5.184681332076264
ˈɔː	ˈɑ	4.585759657055799	5.184681332076264
ˈəʊ̯	ˈoʊ̯	-0.0	5.184681332076264
ˈɛ	ˈɛ	-0.0	5.184681332076264
ˈɜː	ˈɝ	-0.0	5.184681332076264
ˈɪ	ˈɪ	0.23295688821273672	5.184681332076264
ˈɪ	ˈi	2.7455429151467476	5.184681332076264
ˈʊ	ˈʊ	-0.0	5.184681332076264
θ	θ	-0.0	5.184681332076264