Phone1	Phone2	PMI
f	f	6.70137336771592
b	b	6.495233097905811
ɡ	ɡ	6.105061620080748
d	d	5.550093411343869
ʣ	z	5.118825433454879
w	v	5.036269825340468
p_t	t	5.004493346210711
j	v	4.99615094862611
m	m	4.927793924258333
t	t	4.817224982095054
k	ɡ_o	4.810606498018756
p	p	4.808481331299904
ˈi	ˈi	4.79387279584253
v	v	4.78718136646137
l	ɰ	4.643612737378879
ç	f	4.505164402476876
r_i	r	4.405022615208528
ɲ	ɲ	4.315596569416512
ˈe	ˈɛ	4.314448988264697
ˈɨ	ˈa	4.30434373434927
ʤ	z	4.287451757662124
ɲ	m	4.273793349193136
ˈu	ˈu	4.178453855846238
l	l	4.164753179997478
e̯ˈa	ˈe	4.155305248303243
l	j	4.140836856846944
o̯ˈa	ˈɔ	4.106398804761236
ˈo	ˈɔ	4.097746738854727
ˈa	ˈa	4.0869203811355375
k	k	4.071676212027667
ʃ_t	s	3.94728015884906
s	s	3.929686483932711
ʦ	s	3.924144219770998
o̯ˈa	ˈo	3.874235542515324
i	e	3.679927141802397
n	n	3.6655760341690256
ˈu	ˈo	3.5094395040478914
ə	a	3.5044113249756825
ˈi	ˈe	3.493555156563543
ʃ	s	3.461882181815586
ˈo	ˈo	3.364967969810429
r	r	3.3003958111805174
n	ŋ	3.2763012173917687
r	l	3.213666821552227
e̯ˈa	ˈɛ	3.189704122449198
ˈe	ˈe	3.1776703064124554
ʎ	ʤ	3.177379986534908
u	o	3.1690660961595314
<#_a	<#	2.8906338018095803
e_#>	#>	2.6110052629688485
ˈu	ˈɔ	2.490813623790697
u	ʧ_o	2.137078960639872
i	i	2.104559737243941
n	ɲ	2.005089327703784
ˈa	ˈɛ	1.9596114870368129
ʦ	z	1.730478276446304
ʣ	d	1.676395489206426
r	ɰ_o	1.6526374482244814
k	ɡ	1.4817606538105692
j_#>	#>	1.3557076745914096
k	p	1.3546902561270568
b	v	1.1422176694060586
ʦ	k	1.1360409007610683
n_i	ŋ	1.0716702680504315
ˈi_ʎ	ˈi	1.0472115514952898
ŋ	ŋ	0.981801248721178
e̯ˈa	j	0.8195863227739653
ə	e	0.8108669967079696
ˈu	ˈi	0.7852623410830892
r	ɰ	0.7238525707055071
i	a	0.5674612631474459
t	d	0.4329867525890848
l	o	0.2122018674101879
i	o	0.1906768602401888
<#_k	<#	0.0241442006883085
i_#>	#>	-2.043563113621324
#>	o_#>	-0.0913075950692469
ə	o	-0.0662824974708839