Phone1	Phone2	PMI
k_ʎ	ʧ	7.585710401731887
f	f	6.978318544556065
b	b	6.13351050512346
ɡ	ɡ	5.665112336012872
d	d	5.595541216549715
p_t	t	5.481510513334049
w	v	5.3962010580909086
v	v	5.15524099611128
t	t	5.0830598131263525
p	p	5.057375423519093
m	m	4.991601391677349
k	ɡ_o	4.9767032719665405
ç	f	4.886627318115757
l	ɰ	4.596710491189602
ˈi	ˈi	4.511795539051485
ʃ_t	s	4.461179458007082
ʤ	z	4.445254939568087
s	s	4.426331928421091
ʣ	z	4.399117403905623
o̯ˈa	ˈɔ	4.37063885279411
j	v	4.352523863750467
r_i	r	4.326243108939149
k	k	4.225945176359588
o̯ˈa	ˈo	4.2157477811242305
ˈɨ	ˈa	4.189621832618688
ˈo	ˈɔ	4.12682858689476
i	e	4.1246744390566645
ˈa	ˈa	4.12385604151518
e̯ˈa	ˈe	4.107730518927136
ɲ	m	4.090360830504048
ˈu	ˈu	4.0641551583813245
ɲ	ɲ	4.051740859395838
ˈe	ˈɛ	4.017774179210207
ə	z_a	3.9152805852990054
n	n	3.8933408149520967
ʦ	s	3.8878657917394883
l	j	3.8689471013238657
ˈu	ˈo	3.8218067381606775
<#_a	<#	3.5830549523967052
ʃ	s	3.5798014128593945
ˈo	ˈo	3.5705863020812023
e_#>	#>	3.5643478504809
ə	a	3.5220104111000237
ˈe	ˈe	3.3535504308280637
r	r	3.2957762404408233
e̯ˈa	ˈɛ	3.293136428606954
a	ˈa	3.261250004709451
n	ŋ	3.237967839052378
ˈi	ˈe	3.2374435063404765
ʎ	ʤ	3.2218002439122384
l	l	3.1239841900407654
u	o	3.1143482844061756
ʣ	d	3.01150370839246
u	r_o	2.9801851041558294
ˈa_t	ˈa	2.9745901657050826
ˈu	ˈɔ	2.7662702851635217
k	ɡ	2.581341136911318
r	l	2.555469796328389
<#	<#_a	2.540670175312566
r	a_r	2.528057731917004
n_i	ŋ	2.3229146821854503
ʣ_ˈə	d	2.3165827887054538
ʦ	z	2.081714384791462
i	i	2.048339748876912
n_ə	n	2.0067803098440176
j_#>	#>	1.99205776195923
<#_ˈa	<#	1.909050262103461
<#_l	<#	1.8552123673399312
j	i	1.8015421866599528
r_i	l	1.5448603839238075
r	ˈɛ_r	1.5444518163391296
ˈu	ˈi	1.5387380001949975
k	p	1.3479193868597148
<#_ʎ	<#	1.270335087656283
ʦ	k	1.0348132810378785
ŋ	ŋ	0.9675087204321816
ˈa	ˈɛ	0.9133144373275142
p	v	0.8802997226725446
z	z	0.8356020846886597
r	r_o	0.8023507249004045
e̯ˈa	j	0.7852730151365603
j	ˈi	0.6711804289313521
<#_ʦ	<#	0.6363500873678204
j	ˈɛ	0.6341934671772199
ə	e	0.6058356604170227
t	d	0.5709790827210988
b	v	0.5655119027176572
#>	e_#>	0.5506947917435198
#>	o_#>	0.5325730314014903
m	ŋ	0.46346942101043753
r	j	0.33737293793264783
l	o	0.20131062418232948