Phone1	Phone2	PMI
d	d	8.124528212937566
ʎ	ɟː	7.383509702900024
ɡ	ɡ	7.105580711927948
ɲ	ɲː	6.473894839407051
b	b	6.316674982078232
f	f	5.463978826258214
m	m	5.415565082589759
ˈu	ˈu	5.300831276043516
ʃ	k	5.179265051873586
ɛ	i	5.171651443706883
ˈoː	ˈɔ	5.1649331667891785
s	s	5.083501474512119
k	k	4.954124015529175
ˈa	ˈa_r	4.871998064514911
ˈɔ	ˈɔ	4.840207282988166
p	p	4.698398531118393
ˈɛ̃	ˈɛ_n	4.6737184717715285
s	ɕ	4.528504682909492
v	v	4.370907758240204
ˈo	ˈu	4.356672310370412
l	ɖː_ʊ	4.262775741691176
l	l	4.193714739665193
n	n	4.178513674067528
ˈaː	ˈa	4.151896580364515
t	t	4.12699261153318
ˈi	ˈi	4.046829073414092
ˈɛː	ˈi	3.965277701298038
o	ʊ	3.938504027175092
ð	j	3.856088533662911
ˈe	ˈɛ	3.785257339486743
z	ɕ	3.7614363967249256
ˈa	ˈa	3.745823776729696
ˈø	ˈu	3.689545314690893
ʁ	r	3.521485354900674
ˈɛ	ˈi	3.5097427494478954
ʁ	ɪ_ɾ	3.440351386546736
ˈɑː	ˈa	3.426895882867722
a	a	3.4192553712820617
w	ˈu	3.409887629797612
ʁ	ɾ_ɪ	3.389398902292337
w	ˈɔ	3.1340866761907944
#>	j_#>	3.093760644654126
ð	ʈ_ɽ	3.048756618829503
ʁ	ɾ	3.009314755557657
o	ɽ_ʊ	2.992446185320282
ə	a	2.631044411796187
t	tː	2.599381115236552
v	p	2.5781839611947905
w	ˈɔ_k	2.568600363688219
ˈɛ	ˈɛ	2.542915887251079
<#_e	<#	2.511248452049836
j	i	2.480989593172424
ə	ɪ	2.4347741257664444
w	ˈu_ɕ	2.354970517374694
l	ɖː	2.3209118965798154
l	l_ʊ	2.197887890213771
t	n_t	2.151395294078404
j	ˈɛ	2.112550189331893
j_ˈe	ˈɛ	2.0842117375184364
ˈɑ̃	ˈa	2.0694554513657124
ð	ɾ	1.9215715356295024
ˈĩ	ˈi	1.919308596625788
ˈi	ˈɛ	1.7901918996440929
ˈɛ̃	ʊ	1.7783533378356975
ˈɛ̃	ɲː_ʊ	1.5153734440225577
ˈe	ˈi	1.4153713769754896
ʃ_#>	#>	1.4117787378107138
t	s_t	1.4072738315315276
ð	ʤ	1.3846094666537998
ˈe	ˈa	1.228723609349496
j	t	1.164322190459068
ə	i	1.1384508186973668
ˈe	ʊ	1.1188062632499929
w_ˈe	ˈi	0.96629577067666
ˈĩ	n	0.9470840660186453
ˈe_l	ˈɛ	0.8525183812660831
w	tː	0.828852312681633
ˈɛ̃	n	0.7482475071662639
ˈø	ʊ	0.4410487992379371
f	v	0.4372163478205583
#>	ɪ_#>	0.3288895018887463
ˈɛː	ˈa	0.2724477388513237
ˈɛː	ɪ	0.1878054527064149
#>	ʊ_#>	-0.730147021740116