Phone1	Phone2	PMI
v	v	6.699408526647397
ʃ	ʃ	6.629519258669344
o̯ˈa	o̯ˈa	6.485896680294254
ɡ	ɡ	6.456335495758901
ˈɔ	ˈɨ	6.361874878223741
d	d	6.085590321888648
w	w	5.429923547624822
j	j	5.318942752723897
b	b	5.121614789125146
f	f	5.109706719116142
ʦ	ʧ	5.050562006410649
e̯ˈa	e̯ˈa	4.973746339953953
m	m	4.930493612996837
ˈe	ˈe	4.905718659771094
ˈi	ˈi	4.874095294856917
ˈo	ˈo	4.840161432079506
s	s	4.818766113870986
ˈu	ˈu	4.786833565194383
l	l	4.752275068633686
u	u	4.531684578943997
p	p	4.494913990728137
k	k	4.436437337918367
t	t	4.1644712677377775
ʦ	ʦ	4.158446349772843
ˈa	ˈa	3.992952619025659
ə	ə	3.712869844449735
n	n	3.6877824580889604
i	e	3.524279087768098
r	r	3.4903946083089
ʎ	j	2.9718363031558988
z	ʤ	2.791962451614438
i	i	2.7629662246894457
z	z	2.597715742127839
e̯ˈa	ˈe	2.2539176211852237
ʧ	ʧ	1.9090135616250563
k_ʎ	kʲ	1.6320106210168295
ʎ_ə	e	1.5300904321208608
#>	w_#>	1.445412661167171
<#_w	<#	1.445412661167171
ˈi	ˈɨ	1.3451561500228293
ʒ	ʒ	1.283155059267151
ŋ	ŋ	1.283155059267151
a	ə	1.2469280543499022
e̯ˈa_w	e̯ˈa	1.1676250020393568
w_ˈo	ˈo	1.14012429728937
u_#>	#>	1.002199225272605
<#	<#_f	0.9681189917507562
ə	e	0.9210199172691463
k_ʎ	k	0.9084002060618557
ˈe	j_ˈe	0.8482351090921053
ɲ	j	0.8085733299223721
ˈi	ˈe	0.802575867668348
#>	u_#>	0.6174925682500679
i	ə	0.2995440089715284
<#_n	<#	0.25707119943097745