Phone1	Phone2	PMI
ʃ	ʃ	7.115159608690616
f	f	6.7301311486576685
w	w	6.726136782018057
z	z	6.697617561059791
o̯ˈa	o̯ˈa	6.46670516338076
v	v	6.278483901191473
ɡ	ɡ	6.112468901479936
d	d	6.0882231720541515
u	u	6.085364269555598
ŋ	ŋ	6.064268288170879
b	b	5.6709445713867845
ˈɔ	ˈɨ	5.644824521034333
e̯ˈa_w	e̯ˈa	5.355376850497288
ʦ	ʦ	5.21091775748288
ˈo	ˈo	5.176196216836268
z	ʤ	5.016573309857911
ʎ	j	4.991533172207145
j	j	4.986597577464013
ʦ	ʧ	4.9285652840336835
ˈi	ˈi	4.905295470407993
s	s	4.819398691613143
m	m	4.788713964326153
ˈu	ˈu	4.750469710725
ˈe	ˈe	4.561194682732158
ʒ	ʒ	4.549927238568322
l	l	4.519986558888272
p	p	4.474989971757374
k	k	4.387001205992581
e̯ˈa	e̯ˈa	4.219971532598665
t	t	4.110882730463349
k_ʎ	k	4.031887709950666
ˈa	ˈa	4.007844972597441
<#_w	<#	3.983245715932207
r	r	3.7034743122540807
ə	ə	3.697208377826251
n	n	3.690366949679092
e̯ˈa	ˈe	3.6850447610111647
ɲ	j	3.5706893722118282
i	i	3.534258698912974
i	e	3.515407584420801
k_ʎ	kʲ	2.9743462246948114
a	ə	2.946034788773655
#>	w_#>	2.179360929299708
ʧ	ʧ	2.0422178854706425
ˈi	ˈe	1.6893949003129387
ʎ_ə	e	1.6567191323864865
ˈi	ˈɨ	1.597421938356885
kʲ	p_j	1.5637164354961717
u_#>	#>	1.4906080884022195
#>	u_#>	1.24247976153277
ˈi_ʎ	ˈi	1.1388669426783613
ə	e	0.9451678931936935
ˈa	ˈe	0.9450778706857296
<#	<#_f	0.7698997863440364
e	e	0.6699877641016417
<#_n	<#	0.39684873669541765
i	ə	0.03899555101065393