Phone1	Phone2	PMI
v	v	7.265336217353312
f	f	7.190457114397012
ɡ	ɡ	7.136564979398367
o̯ˈa	o̯ˈa	6.975093994986846
u	u	6.964175704167119
d	d	6.87833424968412
ˈɔ	ˈɨ	6.838519980263754
ʦ	ʧ	6.008065121339629
b	b	5.831165058206151
z	z	5.786172339814844
w	w	5.738798679696628
ˈi	ˈi	5.6039070527946775
ˈo	ˈo	5.502796969880931
j	j	5.492086495131077
m	m	5.4692149660554135
ʃ	ʃ	5.430464665223434
k_ʎ	kʲ	5.352200774308764
s	s	5.34759094820896
l	l	5.269389466500637
ˈe	ˈe	5.167086130910273
ˈu	ˈu	5.151998551502858
p	p	5.038896523891862
k	k	4.975660304493664
t	t	4.898015445924467
ʦ	ʦ	4.830908938323715
ˈa	ˈa	4.592578928604135
e̯ˈa_w	e̯ˈa	4.533421883930195
n	n	4.3939778609013285
i	e	4.28495506255782
ə	ə	4.254213572233239
i	i	4.253899312133131
r	r	4.208365854444206
e̯ˈa	e̯ˈa	3.906449104388452
<#_w	<#	3.393546581114175
ʧ	ʧ	3.2977776315402565
<#	<#_f	3.2341983340691547
ʎ	j	3.166236467830792
ŋ	ŋ	2.858992387351174
ɲ	j	2.682085201670337
u_#>	#>	2.6247493449705064
z	ʤ	2.467729819511161
#>	w_#>	2.44720452033363
#>	u_#>	2.232028831058328
k_ʎ	k	2.181119783931149
<#_n	<#	1.655442053998469
a	ə	1.5654477194807697
ə	e	1.51350340980984
ʒ	ʒ	1.3740703147518571
ˈe	j_ˈe	1.2751093112040195
ˈi	ˈe	1.231479734809691
ʎ_ə	e	1.1712748253173912
ˈa	ˈe	0.7394080544711148
e̯ˈa	ˈe	0.7349768265161909
ˈi	ˈɨ	0.7169898709794074
i	ə	0.4727011062506077