Phone1	Phone2	PMI
b	v	6.110070516066876
o	u	5.155120861817107
f	f	4.953096672360699
s	s	4.776557435596919
ʎ	k_ʎ	4.664871509101412
ˈi	ˈi	4.650850520724943
t	t	4.610693616234681
ˈe	ˈe	4.556682994490038
d	d	4.3605888747079495
p	p	4.244983583227915
ɾ	r	4.138584998194873
m	m	4.100405505124016
θ	ʦ	3.9998595851712686
l	l	3.9771086655890575
n_o	n	3.974317351446936
k	k	3.855734045029792
ˈa	ˈa	3.8255636366551946
a	ə	3.772888865249551
w_ˈe	ˈo	3.770933342325415
e	i	3.581341197985858
ˈu	ˈu	3.563868119753128
ˈa	ˈɔ	3.4571934973086504
ɡ	ɡ	3.440713368053387
b_j	v	3.30461830863047
n	n	3.111723772432064
t_o	t	2.981209814287454
β	p	2.883052883955815
ˈo	o̯ˈa	2.840102786513251
ˈo	ˈu	2.763768794819496
s	ʃ	2.7414822559383856
ɾ	r_i	2.7251667955688887
ˈo	ˈo	2.594827556326075
ˈe	e̯ˈa	2.5517594419009253
w	w	2.550340791407077
ɣ	k	2.505536002097896
j_ˈe	ˈa	2.2962486945132503
<#_e	<#	2.209424782422805
ˈa	ˈɔ_j	2.180746813292247
ʎ	ʎ	2.067379623850184
ð	d	1.9995218382105984
n	n_i	1.929232815360552
l	ʎ	1.9065625147666925
f_ˈi	ˈi	1.8839293337656933
ŋ	ŋ	1.879805062789472
m_b	m	1.849311938779978
ð	t	1.827173176657048
j_ˈe	ˈi	1.7338679074846204
ˈe	ˈi	1.721630921447396
ʧ	ʒ	1.346998248447001
β	b	1.3328068143424712
#>	j_#>	1.221704891355634
e_s	s	1.157654569030982
ˈu	ˈu_k	1.11977301144646
j	j	1.1006537052089254
ˈe	ˈo	1.0814930758540704
p	kʲ	1.0689604749527784
n	j_n	1.0662075479737587
j	i	1.0213920039243924
θ	ʧ	0.984109379078216
s_o	s	0.9746639570740812
n_#>	#>	0.95172897560286
ˈe	ˈa	0.9507593193549864
j	p	0.8969768885231204
β_j	j	0.8916564572183125
j	t	0.8750008914691232
i	i	0.8464981803411641
l	r	0.8170707193724479
a	ˈa	0.7924076845894865
ʎ_o	l	0.7612411179023738
ŋ	n	0.6919886931352197
p_o	p	0.6422114502663079
ɣ_o	k	0.6408449521685944
ɲ	n	0.6125855058793934
l_w	l	0.5762764499092785
k	ʦ	0.5712230045592165
r	r	0.4917748813372345
e	ə	0.4620986827414188
<#_f	<#	0.3537348907787089
ˈe	ˈu	0.3210773471591884
#>	i_#>	-1.1061853873370395
o_#>	#>	-0.8435077188752761