Phone1	Phone2	PMI
b	v	6.190568765706503
ʎ	k_ʎ	6.02121090101307
f	f	5.401535402757987
ɡ	ɡ	5.323710568193871
θ	ʦ	5.2970923901799
w	w	5.08220457229983
d	d	4.953708793062999
o	u	4.801913102876095
β	b	4.63736399124909
m	m	4.5746301495933
ð	d	4.565901824910482
ˈo	ˈo	4.556312288964164
ʧ	ʒ	4.520937930001489
t	t	4.5054571553033975
s	s	4.502259648604732
s	ʃ	4.471204003509151
ˈi	ˈi	4.428013115101646
w_ˈe	ˈo	4.399206021135621
ɾ	r_i	4.382967423177257
k	k	4.336037040432953
ˈu	ˈu	4.314940105031237
l_o	r	4.301106830625934
p	p	4.266295255596658
t_o	t	4.187095410943139
ʝ	j	4.145094021011265
ˈe	e̯ˈa	3.982592730995473
ˈa	ˈɔ	3.9604087071297713
l	l	3.949700119839348
β	p	3.937986492847737
ŋ	ŋ	3.9364302258282096
a	w_ə	3.930320545621578
a	ə	3.919110432337507
ɾ	r	3.897937853813058
n_o	n	3.827979507021495
d	z	3.665186418648352
ˈa	ˈa	3.656863845138506
ˈe	ˈe	3.6317354301096874
j_ˈe	ˈi	3.566537155451413
e	i	3.518752939031236
p_o	p	3.439979051751162
n	n	3.3235407994035358
ʎ	ʎ	3.195997507696482
p	kʲ	3.1205851135762352
ˈo	o̯ˈa	3.0913197376114683
m_b	m	3.055202197282004
j_ˈe	ˈe	2.728885918853873
ˈo	ˈu	2.454434263326639
#>	e_#>	2.443409782711268
#>	j_#>	2.443409782711268
ɣ	k	2.3597478324521446
l	ʎ	2.309135423446761
ɣ_o	k	2.278524165134646
<#_e	<#	2.209424782422805
e_s	s	2.189455900636585
ð	ʦ	2.1476705967248217
r	r	2.0785422708349097
ˈa	ˈɔ_j	2.04024510743112
s_o	s	1.922447745317452
ˈi	ˈu	1.8820992659515967
i	i	1.803210105321752
n	n_i	1.7146631503529226
ˈe	ˈo	1.705792865227544
j_ˈe	ˈa	1.5812559225828775
t_ɾ	t	1.5620766604256169
w_ˈe	ˈu	1.5497247668939198
ˈu_ʎ	ˈu_k_ʎ	1.5315615333741797
j	p	1.500316962237744
j	t	1.4509635155307326
ð	t	1.447109210052695
<#_f	<#	1.378197172480358
l	r_i	1.34839370453647
ˈu	ˈu_k	1.3017068283470572
θ	ʦ_i	1.2722318921952012
ɲ	n	1.2629084040653729
θ	ʧ	1.245278870378789
f_w	f	1.1874465836689592
ˈe	ˈa	1.158746860539264
ŋ	n	1.1047007320218
s	j	1.0947849288275022
θ_j	ʦ	1.0518322026464315
b_j	v	1.0387353575383236
f_ˈi	ˈi	0.9926379254705846
b	b	0.919173929782618
ˈe	ˈi	0.9189113022362724
β_j	j	0.8768224606121336
ɡ	m	0.8768034746876442
e	ə	0.7899804254175137
j	i	0.745100985865937
ˈe	ˈa_p	0.7224032214980509
l	r	0.6048358290570636
n_#>	#>	0.5928569879456611
ʎ	n	0.5282863702345576
k	ʦ	0.4948354666960101
a	ˈa	0.47962071421779
ˈe	ˈu	0.1656262330905855
#>	i_#>	-0.3774141493820944
o_#>	#>	-0.3632576093655224