Phone1	Phone2	PMI
ʎ	k_ʎ	6.246338749930225
ɡ	ɡ	5.942384892115698
d	d	5.658571518780048
b	v	5.553476062279097
f	f	5.103234904615606
ɾ	r_i	5.026651005300142
w	w	4.986653338344674
t	t	4.80411322195354
ˈi	ˈi	4.790880459816735
o	u	4.7777364062474215
s	s	4.716611746559208
p	p	4.480260732540668
m	m	4.456751945824841
k	k	4.32816453507693
ˈu	ˈu	4.229575329008747
ˈa	ˈɔ	3.970469903106108
a	ə	3.8959723733005234
ɾ	r	3.8816765448679775
l	l	3.8707428700753534
ˈe	e̯ˈa	3.8446912951674106
e	i	3.7622045212536266
θ	ʦ	3.706632546873394
ˈa	ˈa	3.69519472732416
s	ʃ	3.60138934328602
ŋ	ŋ	3.405509937654375
n	n	3.218875411603533
θ	ʧ	3.157238753367004
ˈe	ˈe	2.9892729140375547
t_o	t	2.9248997349985464
ˈo	ˈo	2.9061858604434847
ʎ	ʎ	2.8276209301909168
n_o	n	2.817431926303441
b	b	2.6469932852279547
l	ʎ	2.6019814310857394
β	p	2.546869371135038
j_ˈe	ˈi	2.5337083437040526
ˈe	ˈo	2.469171755807025
ˈo	ˈu	2.389484143804057
f_w	f	2.2542409890111585
<#_e	<#	2.2177282064895243
w_ˈe	ˈo	2.210906948442445
p	kʲ	2.1458218356080345
ˈa	ˈɔ_j	2.115335760262318
ð	t	1.950354625834659
j_ˈe	ˈa	1.8637418014460536
n	n_i	1.8598560500569952
w_ˈe	ˈu	1.842153828956395
ɣ	k	1.7812654024060055
ð	d	1.6764644672083384
s_o	s	1.6617959610964974
p_o	p	1.5428294121474535
i	i	1.5126943550292518
r	r	1.4573306322943604
ˈe	ˈi	1.2466433928183311
#>	j_#>	1.2258566033889935
e_s	s	1.2131511533461397
ŋ	n	1.1977342890330829
b_j	v	1.1183649156796571
ˈo	o̯ˈa	1.0412382386857306
β	b	0.9978249287379656
ʝ	j	0.972946989689213
θ_j	ʦ	0.9042870501013776
m_b	m	0.8458508998027154
a	w_ə	0.8352317072529724
j	l	0.8174254739565026
l_o	r	0.7932440186359568
ˈe_ð	t	0.7920067185364712
ˈe	ˈa	0.7853664319271574
ð	ʦ	0.7451189206713754
n_#>	#>	0.7262518678022233
<#_f	<#	0.7157732056241368
s	j	0.7036287904151022
l_w	l	0.6510978952417054
j	t	0.6230265057203866
j	p	0.6044046248420905
ɣ_o	k	0.5975876418169972
k	ʦ	0.5848379491781076
l	r	0.5613392057716196
e	ə	0.5582072871580204
ˈe	ˈu	0.4616305520390844
ˈi	ˈu	0.4097419226389363
a	ˈa	0.1956491089794534
#>	i_#>	-0.918708972733253