Phone1	Phone2	PMI
ʧ	ʧ_o	8.117703994542168
w	w	6.96642597812987
ɲ	ɲ	6.599726510757902
i	i	6.447603217765946
ɡ	ɡ_o	6.395951514207282
ʧ	ʧ	6.366631398714285
f	f	6.2557085667957715
b	b	6.203039845737138
z	z_e	5.9934899746037065
t	t_o	5.789817810641737
m	e_m	5.719134822585198
ˈe	ˈi	5.676985633075479
s	s_o	5.564081120212345
d	d	5.486670049200884
ð	z	5.475227063114719
j	j	5.445686454407365
t	t_e	5.420873455737319
m	m_e	5.383520441562671
ˈɔ	ˈɔ	5.382153387083927
ˈʌu̯	ˈo	5.370391651163097
p	p	5.172974002246507
d	d_o	5.128827245278862
ˈʌ	ˈo	5.091894748536296
v	v	5.080269550744817
ŋ	ŋ	5.06799234251931
ˈa_j	ˈe	5.031679419384499
ˈo	ˈu	4.999306972430654
ɡ	ɡ	4.961606339030317
ˈɔː	ˈɔ	4.91235078425941
k	k	4.847378728239985
ˈuː	ˈu	4.801235834902071
#>	i_#>	4.71661524701808
ˈiː	ˈi	4.677879307464252
ˈæ	ˈe	4.665885407512924
n	n	4.621296967413683
l	l	4.54405745271419
l	ɰ	4.4678604262817245
m	m	4.460897835121117
r	r_o	4.125946722639507
r	a_r	4.107613236595991
ˈi	ˈi	4.10396678907725
θ	s	4.089022915142794
s	s	3.9901003093275578
ˈaː	ˈa	3.9637940207770677
z	z	3.915635818303648
e	e	3.8744605666265
ˈa	ˈe	3.815736358875014
t_e	t	3.780592702234019
t	t	3.7193180612584618
ˈuː	ˈo	3.6355027492414678
a	a	3.6106800261635623
ˈɛ	ˈɛ	3.544427187203194
ˈɔː	ˈo	3.487132791095824
ˈɛ	ˈa	3.454539415553149
ˈɛː	j_ˈɛ	3.4445311143457435
u	o	3.4019962589237305
r	r	3.3281768130895997
l	ɰ_o	3.3240226735919363
ˈɛː	ˈɛ	3.280839042606233
k	k_o	3.1087878616962503
ʤ	z	3.0808085628233806
ˈo	ˈɔ	2.984242183252588
ɲ	ɲ_o	2.9828875956457805
ŋ_n	n	2.9562891285489417
ˈa	ˈa	2.9501571432079627
ˈiː	j_ˈe	2.7885947682499994
e	r_e	2.7648295667639884
a_d	a	2.5448942591230574
r_e	r	2.478885254232568
e_r	r	2.3935902271052876
l_ˈa	ˈe	2.0933639734286484
v	v_e	2.0805699137633544
ˈiː	ˈe	1.6597984743055274
<#_l	<#	1.5791058651210381
ˈiː	j	1.5237833761382722
ˈɛ_l	ˈɛ	1.285346802500123
n	n_e	1.2846487020902297
i	e	1.2386516096455324
j_l	o	1.1886292961008618
j	ʤ	1.1648070414045166
v	v_o	1.139769953704869
#>	e_#>	1.1153942013863711
ŋ	ˈo_ŋ	1.0286925547925043
ˈo	ˈo	1.007968403010915
θ	z	0.9940716297929122
l	o	0.9602954079052973
e	o	0.2883602590011533
ŋ	n	0.25825153026000514
#>	o_#>	-0.42748863158114797