Phone1	Phone2	PMI
j_t	ʧ	8.537706387097181
r	r	8.099489567976642
ŋ	ŋ	7.397468607799462
i	i	7.065112988245065
ɡ	ɡ	6.679528193031344
ɲ	ɲ	6.609247345610177
d	d	6.2506867879418095
ʧ	x	6.208387231895179
u	u	6.173858100944589
ɣ	ɣ	6.140951724901929
j_ˈe	ˈi	5.998139852717978
j	j	5.668132173585273
ð	ð	5.591841709985469
m	m	5.531996829093446
b	b	5.396662158174993
ˈu	ˈu	5.364783736988397
β	β	5.361041161431802
ˈi	ˈi	5.195127886159501
p	p	5.16720197063209
θ	θ	5.136246492746065
w	w	5.106995347511707
ʎ	ʝ	5.078605763545756
f	f	4.9700654384549745
ʎ	x	4.9112807110210746
t	t	4.892487665035565
ˈo	ˈo	4.8680848531841
s	s	4.818093788663388
k	k	4.7195777134163945
e	e	4.642833597127677
l	l	4.637340344196968
n	n	4.414735398624297
ˈa	ˈa	4.192539615391544
ˈe	ˈe	3.706219929742121
ɾ	ɾ	3.6820489074680403
a	a	3.525202824250644
w	β_e	3.420556851222948
o	o	3.3208820286011522
<#_w	<#	3.1214184643547798
ʃ	θ	3.05004416806852
ʝ_ˈe	ˈe	2.7145208839006405
t	ð	2.5528340888198877
f_ˈi	ˈi	2.476823508748011
i	e	2.3321197033189227
ʝ	ð	2.1872171156443523
<#_f	<#	1.9774947670095626
j	ɾ_e	1.918304708145041
k_ɾ	k	1.9079572300978707
ˈa	ˈa_ð	1.6976667998443906
a	ʝ_a	1.6562553534018483
ð	ʝ	1.6472679260501508
ˈu	ˈo	1.636076095415656
l_a	a	1.5712908742939706
p_l	ɟ͡ʝ	1.4454669245229916
e	i	1.423438852908728
n	n_t	1.4137746617722966
ˈe_ʎ	x	1.33660282127823
l	ɟ͡ʝ	1.3327048371014176
k_l	ɟ͡ʝ	1.325837976061343
ʃ	x	1.2182358101867414
ʧ_e	e	1.192957795863344
e_ʝ	e	1.0995890694056927
ˈa	ɟ͡ʝ_ˈa	1.0932187307384722
<#_ʧ	<#	1.0390478749136354
ˈa_j	ˈa	1.0238853551731943
p	β	0.889045563907427
f_ˈa	ˈa	0.8829183793512481
u	o	0.713204015263207
f_a	a	0.6465970180532585
ˈa	ˈo	0.6094765231219783
w	ˈo	0.32749221669816075
ˈe	ˈo	0.29256170749707155
s	θ	0.2877521695311117
w	o	0.014266900778638247
#>	e_#>	-0.23783861332668318
<#_p	<#	-0.2316139951926745