Phone1	Phone2	PMI
j_t	ʧ	8.67195196081015
f	f	8.399163647143308
ŋ	ŋ	7.648266025872899
u	u	7.0524844210415925
r	r	7.022215720976167
ɲ	ɲ	7.000323359553064
ɡ	ɡ	6.950616392325328
ɣ	ɣ	6.50334945825381
d	d	6.349420404599924
i	i	6.140332115074843
j_ˈe	ˈi	6.089219263930566
ʧ	x	6.0637035051106105
k_l	ɟ͡ʝ	5.967720608204505
ˈu	ˈu	5.603471630325653
j	j	5.58813925255384
ð	ð	5.470157340091888
ʎ	ʝ	5.335419094803817
ʎ	x	5.2934533750183395
β	β	5.284869148805213
θ	θ	5.19547973563094
b	b	5.190040473760982
m	m	5.1314131077252565
w	w	5.121523755234345
ˈi	ˈi	5.092584774206937
p	p	5.0640250731629335
t	t	4.816220159988996
p_l	ɟ͡ʝ	4.76139011048555
ˈo	ˈo	4.760395036422749
l	l	4.754908221863498
k	k	4.679030074297038
ʝ	ð	4.536562819753659
s	s	4.535832903116611
e	e	4.391508728827575
w	β_e	4.376636335928518
n	n	4.324770122643222
ˈa	ˈa	4.101677834807096
ˈe	ˈe	3.728204732933966
j	ɾ_e	3.7228854873969572
ˈa_j	ˈa	3.693986900502246
ɾ	ɾ	3.6174057355991174
a	a	3.607558697013025
<#_w	<#	3.5405591357511645
o	o	3.5379550724989617
i	e	3.366103229954504
ð	ʝ	3.2209523087566874
<#_f	<#	2.797836224655591
t	ð	2.780082781681557
u	o	2.4931491384265296
l	ɟ͡ʝ	2.478774605219504
ʧ_e	e	2.4554229952243505
j_ʃ	θ	2.332863596120822
ʃ	x	2.2475723926415396
w_ˈe	ˈo	2.2165862550261766
ˈu	ˈo	2.169737052340572
ʃ	θ	2.0990478555272416
k_ɾ	k	2.058688908657805
e_ʝ	e	2.0166437866560334
ʝ_ˈe	ˈe	1.8428999673939652
e	i	1.7089711607796791
<#_ʧ	<#	1.631423565989857
p	β	1.5988866851853407
ʧ	θ	1.506138974274863
n	n_t	1.4439809114636477
j	ʧ_e	1.336369028454628
f_ˈi	ˈi	1.239757771746701
f_ˈa	ˈa	1.0328285431853226
ˈa	ɟ͡ʝ_ˈa	0.9643838938197884
ˈa_w	ˈa	0.9158360430410916
l	ʝ	0.9121965835678822
f_a	a	0.7876522617020572
s	θ	0.614163477153288
#>	e_#>	0.47991006032572464
ˈa	ˈo	0.46451783047319967
ˈe	ˈo	0.27056882496726115
ˈi	ˈe	0.0315866102429685
<#_p	<#	-0.033421997167051666
w	o	-0.015272172012834595