Phone1	Phone2	PMI
f	f	8.900169976434766
ŋ	ŋ	8.149272355164356
j_ˈe	ˈi	7.628971621911913
u	u	7.553490750333051
r	r	7.523222050267625
ɲ	ɲ	7.501329688844522
ɡ	ɡ	7.451622721616786
ɣ	ɣ	7.0043557875452676
d	d	6.850426733891381
i	i	6.641338444366301
ʧ	x	6.564709834402069
ˈu	ˈu	6.104477959617111
j	j	6.089145581845298
ð	ð	5.971163669383348
ʎ	ʝ	5.8364254240952755
β	β	5.8094722927027735
ʎ	x	5.794459704309798
p_l	ɟ͡ʝ	5.721128036778366
θ	θ	5.696486064922398
b	b	5.691046803052441
m	m	5.632419437016715
w	w	5.628322120415746
ˈi	ˈi	5.593591103498396
p	p	5.565031402454392
t	t	5.317226489280454
ˈo	ˈo	5.261401365714208
l	l	5.26108100983309
k	k	5.194131045178186
s	s	5.036839232408069
<#_f	<#	4.976877883551137
ʝ	ð	4.939323392656414
ˈa_j	ˈa	4.937711208230257
e	e	4.903983197447791
n	n	4.82577645193468
ˈa	ˈa	4.610329520461769
j	ɾ_e	4.5676916230796145
ˈe	ˈe	4.229211062225423
ɾ	ɾ	4.118412064890576
a	a	4.1085650263044835
o	o	4.03896140179042
w	β_e	3.888993754149591
i	e	3.87857769857472
ð	ʝ	3.623712881659443
k_l	ɟ͡ʝ	3.6123628343801903
<#_w	<#	3.505963451341882
t	ð	3.281089110973015
ʧ_e	e	3.0752368194549056
l	ɟ͡ʝ	3.0317296685542763
u	o	2.994155467717988
j_ʃ	θ	2.9464366669455195
<#_ʧ	<#	2.8556995470893347
w_ˈe	ˈo	2.8333937835906053
k_ɾ	k	2.6726883406347977
ˈu	ˈo	2.6707433816320303
e_ʝ	e	2.6457572800816553
ʝ_ˈe	ˈe	2.4567333757738035
ʃ	x	2.4470625557068733
ʃ	θ	2.3023182653646637
p	β	2.123489829082901
e	i	2.009627175619457
j_t	ʧ	10.211704318791497
#>	e_#>	1.963170244041865
n	n_t	1.8624821678127113
ʧ	θ	1.7071287277730964
j	ʧ_e	1.5466899716086886
f_ˈi	ˈi	1.5452232706639084
f_ˈa	ˈa	1.343226452949384
ˈa	ɟ͡ʝ_ˈa	1.2837946623310228
l_a	a	1.1457246417860234
l	ʝ	1.1124033270654392
f_a	a	1.0931177606192646
s	θ	1.0162846110094907
ˈa	ˈo	0.9684421063611715
ˈa	ˈa_ð	0.9668021621867915
<#_p	<#	0.9265397577863161
ˈe	ˈo	0.6704093024842749
ˈi	ˈe	0.4337077440991711
w	o	0.06356541242725972