Phone1	Phone2	PMI
w	w	6.814775714606273
ɲ	ɲ	6.7920165504037655
ʃ	ð	6.199101632113698
ˈe	ˈa_j	6.134344906102037
o	u	6.034539025555522
ɣ	ɡ	5.915073957919356
ɡ	ɡ	5.708079634502473
β_e	v	5.635594339966033
f	f	5.61929307488013
p	p	5.438242697953058
n_u	ŋ	5.376660130089479
ˈu	ˈo	5.330199115504364
m	m	5.291630898392972
w_ˈe	ˈɔ	5.275914532297346
b	b	5.148241713535696
ˈi	ˈe	5.135047212142897
t_u	t	5.101739126196118
ˈo	ˈʌ	5.083140842073259
t_e	t	5.039718594298003
e	e	4.929228290915819
j_ˈe	ˈæ	4.868662967992922
l_u	l	4.851188828789981
w_ˈe	ˈɔː	4.795013165940011
s	s	4.717679267581565
β	v	4.690219346323077
θ	z	4.674417650108797
d	d	4.645389922111891
l	l	4.634562749055869
θ_e	θ	4.620647219827896
ɾ_u	r	4.559334194400286
ð	d	4.557440699341164
ʝ_u	ʧ	4.507929862466058
θ	θ	4.4996215691191175
b	v	4.435370059643624
ŋ	ŋ	4.380146808114883
k	k	4.317093552124049
ʎ	l	4.286201246784451
j_ˈe	ˈɛ	4.214302272060078
ˈo	ˈɔ	4.104662636890579
ˈu	ˈuː	4.103996891065574
k_u	k	4.06117426872372
t	t	4.049150490708143
n	n	4.035030395079196
ˈi	ˈiː	4.01645396410604
ˈe_ɾ	r	3.997757745622261
ˈo	ˈʌu̯	3.995042000855494
ʝ	j	3.835995289333379
s_#>	#>	3.782109617644199
ˈe	ˈa	3.7385108144389663
ˈo	ˈɔː	3.6577462708217063
a	a	3.644302976585664
ˈa	ˈaː	3.5976588377581584
t	t_e	3.5829648573774375
<#_ɡ	<#	3.3889527607117813
b_e	v	3.245901301819292
ˈa	ˈɛ	3.232131266445966
m_e	m	3.2289538750967424
ɾ	r	3.18446360264783
o	e	3.1039111663836705
n	ŋ	2.9746651960399886
ʧ	t	2.9325311536390104
w_ˈe	ˈuː	2.9002067085012593
w_ˈe	ˈo	2.8899573911936742
u	l	2.684437901407442
ʝ	ʧ	2.6817947683382393
β	b	2.639582251823557
ɾ	e_r	2.620022565132601
<#_e	<#	2.4195577159084722
ˈa	ˈa	2.3557857496864707
ˈe	ˈiː	2.3004788640823075
n_a	n	2.2217193755205225
r	r	2.2134699654683287
j	ˈiː	2.185362535889562
e_s	s	2.1445177985679855
ʃ	s	2.056076250661408
ˈo	ˈo	1.9923761503823099
n	e_n	1.7530444587685827
<#_a	<#	1.723942105034715
#>	m_#>	1.5460281679655565
n	ɲ	1.1875024624697599
j	ˈɛː	1.1745472162709132
ʎ_u	l	1.1002420253290375
<#_r	<#	1.0959560528058199
k_o	k	0.945868110427236
ð_ɾ	d	0.9356446055579504
ˈi	j	0.9266616938215064
w	ˈɔː	0.8783325647556266
ˈa	t_ˈɛ	0.7752025656362115
#>	s_#>	0.7730140839827783
e_#>	#>	0.7408781757683623
t	θ	0.5465308027005709
ʎ	p	0.5260325977527114
#>	l_#>	0.34397841616145297
#>	t_#>	0.19678504742838576
u_#>	#>	-0.45555596425162026
#>	r_#>	-0.00888698772100376