Phone1	Phone2	PMI
w	w	7.392464194818173
ɲ	ɲ	7.077122520151099
o	u	7.048841040098701
ʃ	ð	6.386258003292069
ɡ	ɡ	6.000717173352815
w_ˈe	ˈɔ	5.945245311269197
ɣ	ɡ	5.79721801279087
f	f	5.719048365084684
w_ˈe	ˈɔː	5.575645929958207
ˈu	ˈo	5.392145298803015
n_u	ŋ	5.350197310624945
p	p	5.312578319147457
m	m	5.281657375465611
ˈo	ˈʌ	5.167982182492241
ˈe	ˈa_j	5.113432153949756
b	b	5.017934198129583
θ	z	4.958410869035928
ˈi	ˈe	4.899081757150313
e	e	4.760087415877032
t_u	t	4.7477686167279485
s	s	4.717311586294378
β	v	4.71243038283099
t_e	t	4.685748084829834
j_ˈe	ˈæ	4.624188997734763
l	l	4.54065607267824
d	d	4.536245214398395
θ	θ	4.528542735178684
ʎ	l	4.376666983106109
ɾ_u	r	4.311462563428987
b	v	4.309411927475355
ˈu	ˈuː	4.291681887969722
ʎ_u	l	4.17646435522681
j_ˈe	ˈɛ	4.139824391793124
k	k	4.125794940345783
ʝ	j	4.115529981945713
ŋ	ŋ	4.114585527306984
n	n	4.11009115575073
ˈo	ˈʌu̯	3.978657163352175
ˈi	ˈiː	3.950908770090993
t	t	3.894761814078894
ˈo	ˈɔː	3.88139030103702
k_u	k	3.767353390096086
ð_ɾ	d	3.748912229243631
θ_e	θ	3.686538397998844
ð	d	3.6149660177457785
ˈa	ˈaː	3.5941327977975224
a	a	3.514285849244956
ɾ	r	3.3208934208172707
ˈa	ˈɛ	3.209209323232237
ˈe	ˈiː	3.1944906420861483
m_e	m	3.1273914892262127
β_e	v	3.1135201546265314
n	ŋ	3.0384126708521624
ˈe	ˈa	3.009855399289357
s_#>	#>	2.94234482760459
l_u	l	2.7927313664461035
ʧ	t	2.759686822027822
β	b	2.692510186375788
ˈe	ˈɛː	2.6077645800870357
θ_j	θ	2.4694552714062663
ˈo	ˈɔ	2.451314118760268
ð	t	2.3991680796913237
ˈa	ˈa	2.379079772483081
t	t_e	2.316706522824751
r	r	2.280432846015296
j	ˈiː	2.2801512887330087
ʃ	s	2.1790557416188734
ˈo	ˈo	2.137649186358717
b_j	v	2.1082649643434817
e_s	s	2.103516031975701
n_w	n	2.0985070060864355
<#_e	<#	2.0313364537191854
β_u	v	1.9667011146421436
ˈe	ˈe	1.532220198138773
ʝ_u	ʧ	1.4945899466086543
ˈe	ˈo	1.4359362995450993
ʝ	ʧ	1.284136822241878
<#_ɡ	<#	1.25597210445779
ˈe	ˈɛ	1.183700979229856
s_u	s	1.058305818552626
e	a	0.9577740257452788
o	e	0.9248695319155804
ɾ	j_r	0.9234036841020972
ˈe	ˈæ	0.8724668771673627
n	ɲ	0.7202555870220626
t	θ	0.5485470325323869
e_#>	#>	0.4462073767944289
<#_ʎ	<#	0.0865312703830148
u_#>	#>	-0.5163394567064937