Phone1	Phone2	Surprisal	OOV_Smoothed
a	ə	0.1277290355659664	4.784835072222818
a	-	3.561001311152516	4.784835072222818
b	b	-0.0	4.784835072222818
c	-	-0.0	4.784835072222818
cː	k_ʎ	-0.0	4.784835072222818
d	d	-0.0	4.784835072222818
f	f	-0.0	4.784835072222818
i	i	-0.0	4.784835072222818
j	-	-0.0	4.784835072222818
k	k	-0.0	4.784835072222818
kː	k	-0.0	4.784835072222818
l	l	0.6073335950509745	4.784835072222818
l	r	1.9354210488101007	4.784835072222818
l	ʎ	3.6056603289302944	4.784835072222818
m	m	-0.0	4.784835072222818
n	n	0.00832997357204661	4.784835072222818
nː	n	-0.0	4.784835072222818
p	p	-0.0	4.784835072222818
s	s	-0.0	4.784835072222818
sː	s	-0.0	4.784835072222818
t	t	0.3654820484699736	4.784835072222818
t	ʦ	2.159779147990993	4.784835072222818
tː	p_t	-0.0	4.784835072222818
v	-	0.9438628761205765	4.784835072222818
v	v	1.4264371853154607	4.784835072222818
v	b	3.209397130457898	4.784835072222818
w	-	0.7243959379724285	4.784835072222818
w	u	2.08711744382082	4.784835072222818
w	l	2.6492843281460727	4.784835072222818
ŋ	n	-0.0	4.784835072222818
ɕ	ʦ	-0.0	4.784835072222818
ɖː	-	-0.0	4.784835072222818
ɟː	ʎ	-0.0	4.784835072222818
ɡ	ɡ	0.7134195966597476	4.784835072222818
ɡ	-	1.3579837014305336	4.784835072222818
ɪ	i	0.38429559580439254	4.784835072222818
ɪ	ə	2.4405117221108164	4.784835072222818
ɪ	-	4.332681072964849	4.784835072222818
ɽ	r	-0.0	4.784835072222818
ɾ	r	0.01896077670805202	4.784835072222818
ʃ	s	-0.0	4.784835072222818
ʈ	t	-0.0	4.784835072222818
ʊ	-	0.9199838560173671	4.784835072222818
ʊ	u	2.0573271571567835	4.784835072222818
ʊ	i	2.9860983951117284	4.784835072222818
ʊ	ə	4.1856147351967055	4.784835072222818
ʊ	ˈo	4.320215966129932	4.784835072222818
ʐː	r	-0.0	4.784835072222818
ˈa	ˈa	0.4451958896961662	4.784835072222818
ˈa	ˈɔ	2.230845603552814	4.784835072222818
ˈa	ˈɔ_j	4.2520445567710885	4.784835072222818
ˈi	e̯ˈa	1.2865434360415124	4.784835072222818
ˈi	ˈi	1.494098305669084	4.784835072222818
ˈi	ˈe	2.0888662735007304	4.784835072222818
ˈo	ˈu	-0.0	4.784835072222818
ˈu	ˈu	0.2078265648383813	4.784835072222818
ˈu	o̯ˈa	2.8979804610476387	4.784835072222818
ˈɔ	ˈo	0.810408595788806	4.784835072222818
ˈɔ	ˈu	1.9577418877725374	4.784835072222818
ˈɔ	o̯ˈa	2.536598620966813	4.784835072222818
ˈɛ	ˈi	1.4395501154870805	4.784835072222818
ˈɛ	ˈe	1.9292741922633492	4.784835072222818
ˈɛ	ˈa	2.1184316244989185	4.784835072222818
ˈɛ	i	3.318846940334807	4.784835072222818
ˈɛ	-	4.708563109508167	4.784835072222818