Phone1	Phone2	PMI
kː_j	ʧ	7.486965963827159
w	w	7.367830611127706
ɲː	ɲ	7.185745567392214
ˈɛ_lː	ˈɛ	6.141539189205746
f	f	6.125816172701288
b	b	5.942376357626253
j	j	5.86415411317665
n_o	ŋ	5.823278727728376
ɡ	ɡ	5.776668002442582
l_e	l	5.743342133711408
ˈu	ˈu	5.710985005852527
d	d	5.612567301745575
n_e	ŋ	5.382900190194488
ˈo	ˈo	5.353841397844821
i	i	5.304852520085102
m	m	5.262655628570643
ʤ	z	5.201904618597604
ˈi	ˈi	5.142935983467177
l	ɰ	5.095237063918282
p	p	5.006454745484511
v	v	5.000018751814698
ˈɔ	ˈɔ	4.834905189415337
ŋ	ŋ	4.804740211017878
w_ˈɔ	ˈo	4.65334577808925
l	l	4.641451123270714
ˈe	ˈe	4.634385518381547
ˈɛ	ˈɛ	4.629881585665928
ʎː	ʤ	4.50768036813257
k	k	4.441715130782495
r_e	r	4.4174527182478185
t	t	4.405582024851351
s	s	4.365979125704698
tː	t	4.227219027980563
n	n	4.2261484101906985
ˈa	ˈa	4.198908784237067
sː	s	3.920508275822837
<#_o	<#	3.746221756549116
e	e	3.74506179111176
a	a	3.695953352041885
ʧ	z	3.63194840365038
r	r	3.5837194683264544
ʧː	s	3.5833415769799526
o	o	3.533267416213569
i	e	3.510099870356948
n	ŋ	3.25531630182324
nː	n	3.21452306595827
ʧ	s	3.204276000586384
k	ɡ	3.0863757255559183
ˈi_ʎː	ˈi	2.941865447552148
ˈɛ	ˈe	2.930838138961576
z	z	2.806249356030813
kː	k	2.583017435026887
bː	b	2.3215645457899288
p	v	2.2784057582400417
ˈu	ˈo	2.1901709398693927
l_ˈe	ˈe	2.189672813423945
ˈe	ˈɛ	1.881976215113672
t	d	1.8338556380740152
<#_ɡ	<#	1.7788555436939
a_t	a	1.5768231221884614
ʃː	s	1.5185497471109368
<#_w	<#	1.4827255858048347
n_o	n	1.4735528821094328
d_r	r	1.3773927044911165
e	i	1.364646203213366
k_j	ʧ	1.3563443461615623
ʦː	s	1.3525347473993992
ˈɛ	j_ˈe	1.2852330823963636
ˈɔ	ˈo	1.1453253362721625
l_ˈɛ	ˈɛ	1.1312688671221711
ˈo_j	ˈu	1.1144719322744352
b_w	b	1.1061626907053994
ˈu	ˈi	1.1037899969449922
ʤː	z	0.9431161675216944
ˈe_lː	ˈe	0.918442799638228
e	a	0.8961516371236664
ˈu	ˈɔ	0.78423068703178
ˈi	ˈe	0.707859493670997
<#_l	<#	0.6710829927732861
rː	r	0.6080913754497881
ˈo	ˈu	0.5906160302670259
ʦ	s	0.5816451831101739
m	ŋ	0.4985971489240513
<#	<#_z	0.3671091608548006
e_#>	#>	-2.9259401598095183
a	e	-0.1632206049770535
e	o	-0.1186355281443974