Phone1	Phone2	PMI
ɲː	ɲ	7.232929738770368
w	w	6.945258024067675
ˈɛ_lː	ˈɛ	6.2029246408728715
ˈu	ˈu	6.1861542942729075
f	f	6.134832518047969
b	b	6.024366408959416
kː_j	ʧ	5.773789660039912
j	j	5.750325373905729
d	d	5.577546701407358
ɡ	ɡ	5.503614649932381
m	m	5.380856808052782
n_o	ŋ	5.313496719836165
ˈi	ˈi	5.289739372986018
ˈo	ˈo	5.209326654950288
n_e	ŋ	5.145192771885203
l	ɰ	5.118033644469846
i	i	5.097064723217139
v	v	4.977045611335721
ˈɔ	ˈɔ	4.969018335580354
p	p	4.962093766277831
ʤ	z	4.919108862470142
l	l	4.782182360215751
w_ˈɔ	ˈo	4.774238274566702
ˈe	ˈe	4.675147735718565
t	t	4.662985039210716
r_e	r	4.533810871969956
kː	k	4.518739254040355
s	s	4.475514263547146
k	k	4.464793416570481
tː	t	4.389340702736269
ˈɛ	ˈɛ	4.3823548996654385
ŋ	ŋ	4.232017247685849
ʎː	ʤ	4.186539417931217
l_e	l	4.182117540461168
sː	s	4.154826585383513
n	n	4.140004617130542
ˈa	ˈa	4.1116032092625865
ʧː	s	3.9107605245880595
z	z	3.778753840506452
e	e	3.751620753901058
r	r	3.740786285713619
a	a	3.713723303383935
o	o	3.5545203625840815
ʧ	z	3.51837559932656
nː	n	3.338659458317263
i	e	3.3036187886410096
ʧ	s	3.088409927874532
n	ŋ	3.0133304674222803
ˈɛ	ˈe	3.0086945319761327
k	ɡ	2.386205714185391
bː	b	2.3370668838374753
p	v	2.310388656371331
l_ˈe	ˈe	2.2492988435144223
n_o	n	2.171785770986368
ˈu	ˈo	2.069006848290583
ʤː	z	1.9976312682353021
ˈɛ	j_ˈe	1.985368429165176
ʎː	j	1.8842984127713482
mː	m	1.7243356089956383
ˈe	ˈɛ	1.5872924987523034
ˈɔ	ˈo	1.50620293515238
t	d	1.4279410017293737
k_j	ʧ	1.3016809982994408
m	ŋ	1.279395871126594
<#_o	<#	1.2444784842672898
ʦ	s	1.2376820006643108
l_ˈɛ	ˈɛ	1.208891563181972
b_w	b	1.1426884590826651
<#_ɡ	<#	1.0993844932016144
ˈo_j	ˈu	1.0821918103464916
ɡ	ʤ	0.9923863097550172
e	a	0.9664833497505568
ˈi_ʎː	ˈi	0.9584395914995592
ʃː	s	0.8966495592409789
ˈe_lː	ˈe	0.881773863589258
e	i	0.8700044375389637
ˈa_d	ˈa	0.7778990317705421
<#_l	<#	0.6874120538831622
d_r	r	0.664224974526913
ʦː	s	0.618089257859553
ˈɛ	ˈi	0.6068345938935631
rː	r	0.5010967577153218
ˈu	ˈɔ	0.4290804418762012
ˈi	ˈe	0.4027090497544427
<#	<#_z	0.17929247917831787
e_#>	#>	-2.0051372081020546
e	o	-0.27349820876104314
#>	r_#>	-0.2356974029891473