Phone1	Phone2	PMI
kː_j	ʧ	8.032344285973785
l_e	l	7.679312550249874
w	w	7.0674186374582995
ɲː	ɲ	6.446801578287004
ˈɛ_lː	ˈɛ	6.438724323472114
f	f	6.246061102894862
b	b	6.118262575690589
ʎː	ʤ	6.115178396817451
d	d	5.786396413734632
n_o	ŋ	5.699102234045051
ˈu	ˈu	5.672539374997431
w_ˈɔ	ˈo	5.56923070601628
j	j	5.5143932745895565
ˈɔ	ˈɔ	5.407751071163223
ʤ	z	5.347263962070609
ɡ	ɡ	5.294372162868902
ˈi	ˈi	5.280973267926523
v	v	5.1277419403971525
n_e	ŋ	5.101796727399658
i	i	5.0843442675529635
l	ɰ	5.007352499586074
ŋ	ŋ	4.913793680957936
m	m	4.90369994526348
ˈo	ˈo	4.8405301481244765
z	z	4.781282517891881
p	p	4.75787476188441
t	t	4.748317864100504
ˈɛ	ˈɛ	4.7067760751868
tː	t	4.683501761186883
r	a_r	4.640516414178132
kː	k	4.574193426836525
k	k	4.508443504717491
ˈe	ˈe	4.502170505790482
r_e	r	4.4118598105765034
s	s	4.395733366001423
l	l	4.383859345483396
e	e	4.235059446320713
sː	s	4.215273976097405
ɡ	ʤ	4.160502061649387
ˈa	ˈa	4.145631877844635
n	n	4.1449121923695325
nː	n	4.119407399556289
b_e	b	3.9603067374555905
ʧ	z	3.8883072875517835
ʧː	s	3.739464324241646
a	a	3.63473403941248
i	e	3.5033930930691732
r	r	3.5015821467471087
o	o	3.467429534556251
ˈɛ	ˈe	3.3951810795153
n_e	n	3.392306584705845
n	ŋ	3.3480358964381156
ʧ	s	3.311751021543364
k	ɡ	2.972808932661796
t	d	2.4815772163033096
ʃː	s	2.4410712227058
p	v	2.2230807010181595
l_ˈe	ˈe	2.1103582649103028
ˈe	ˈɛ	1.9465467784897548
<#_a	<#	1.9160307722503074
ˈe_lː	ˈe	1.8830970673681264
<#_l	<#	1.5385288698691508
ˈo	ˈu	1.5201879732794028
m	ŋ	0.9009407882543412
<#_ɡ	<#	0.7240303858366912
<#	<#_z	0.714030499826961
n_o	n	0.6456753120688649
o	s_o	0.5612795234089957