Phone1	Phone2	PMI
kː_j	ʧ	9.669831904046841
k_j	ʧ	9.276675047114425
l_e	l	8.825664271567693
w	w	7.65792292679364
ˈɛ_lː	ˈɛ	7.601084380275488
ʎː	ʤ	7.445717898502237
ɲː	ɲ	7.387198066714602
w_ˈɔ	ˈo	7.201688380215907
n_o	ŋ	7.110801550068806
n_e	ŋ	6.990997552250702
b	b	6.970705460185704
ˈe_lː	ˈe	6.775886480091685
f	f	6.7130525775234995
ɡ	ɡ	6.325001629321494
j	j	6.223961130695671
i	i	6.174618312873737
ʧ	s_j	6.117080289457822
ˈu	ˈu	6.076633618752815
d	d	6.038314980703666
r_e	r	5.959321101565532
ʤ	z	5.613144124892937
m	m	5.607892393344643
ˈi	ˈi	5.595806779286171
ˈɔ	ˈɔ	5.552531417701441
ˈi_ʎː	ˈi	5.550106804175709
z	z	5.525422930809488
l	ɰ	5.520927125843094
v	v	5.4775985486987695
ʧː	s	5.474821033391732
ˈo	ˈo	5.467011057116822
p	p	5.3946427171749765
ŋ	ŋ	5.281883868404654
mː	m	5.219674341616305
ˈe	ˈe	5.198468137050799
kː	k	5.158014550803097
t	t	5.114480214909833
l	l	5.074599660798964
tː	t	5.02918022400303
ˈɛ	ˈɛ	4.995373057704883
nː	n	4.994186973982455
k	k	4.90012147388655
lː	ɰ	4.8961088183165815
s	s	4.85457351823992
n	n	4.750981693690287
ˈa	ˈa	4.710434342145094
<#_l	<#	4.563693136057492
sː	s	4.56000746146816
e_#>	#>	4.446304681710778
e	e	4.351336446859138
r	r	4.207090790830343
a	a	4.1839291380791135
i	e	4.076588866750427
ʧ	z	4.041199154207766
o	o	3.9814423054418735
ʎː	j	3.8471683243206503
ˈɛ	ˈe	3.7948718973508155
a_t	a	3.7617696275226864
ʃː	s	3.6930145927858877
n	ŋ	3.67337942064368
k	ɡ	3.6137592982612565
<#_o	<#	3.5356560832103563
ˈa_d	ˈa	3.5288645071089833
ʧ	s	3.522297849937837
ʤː	z	3.457356194589769
ʦ	s	3.355070709382762
<#_w	<#	3.2036260837872814
v	z_v	3.016814614586196
t	d	2.9638159774831454
l_ˈɛ	ˈɛ	2.9195996708686778
l_ˈe	ˈe	2.8677043535845566
bː	b	2.858944779657853
w	u	2.8484075572851677
p	v	2.623542481919544
ʦː	s	2.5147350680002885
ˈe	ˈɛ	2.4665926397532183
ˈu	ˈɔ	2.3213989653909506
ˈo	ˈu	2.2956092662794356
ˈɔ	ˈo	2.270148631014854
<#_a	<#	1.875776316692371
m	ŋ	1.86681984858658
<#_ɡ	<#	1.8408129691601358
ˈu	ˈi	1.7752065375803727
b_w	b	1.7242441672998268
ˈu	ˈo	1.6929093331963752
e	i	1.6836459464763731
ˈi	ˈe	1.3941402372408793
ɡ	ʤ	1.268717830605499
e	a	1.2631112065678576
d_r	r	1.079765683032537
n_o	n	1.0184371943420134
e	e_r	0.8848929716586602
rː	r	0.7103729123682485
<#	<#_z	0.6775508109144301
j	ˈi	0.5576349821838524
ˈɛ	ˈi	0.34236115911066906
e	ˈe	0.13517838131665053
e	o	-0.19629155635188011