Phone1	Phone2	PMI
kː_j	ʧ	7.893807594837877
l_e	l	7.657067679138557
k_j	ʧ	7.553257619072219
ʎː	ʤ	6.889546187961594
w	w	6.871155184468396
ɲː	ɲ	6.601046758181921
b	b	6.241775500814123
ˈɛ_lː	ˈɛ	6.175214738300228
f	f	6.111277684459165
d	d	5.725812067118416
j	j	5.690325320251542
ɡ	ɡ	5.641813027144065
n_o	ŋ	5.626450383301203
n_e	ŋ	5.554261280316977
ˈu	ˈu	5.5328953352702825
w_ˈɔ	ˈo	5.416882305831194
i	i	5.372813165521035
ʤ	z	5.279602747451771
l	ɰ	5.232918115496436
ˈi	ˈi	5.206207112664697
m	m	5.039433659587876
ˈɔ	ˈɔ	4.981896703844956
v	v	4.9401956387169115
ˈo	ˈo	4.834629223173245
p	p	4.780245576664826
l	l	4.727195590276623
ˈe	ˈe	4.725352135903611
ŋ	ŋ	4.674616924427122
lː	ɰ	4.6581174901089195
ˈɛ	ˈɛ	4.609077197444137
z	z	4.60826878690551
t	t	4.542467772867274
tː	t	4.513398765424699
s	s	4.4265569872644726
<#_w	<#	4.425023658808155
kː	k	4.392447186264703
r_e	r	4.376938054353802
k	k	4.328863394998847
nː	n	4.3039198854913
sː	s	4.265836517224806
n	n	4.247727256263155
ˈa	ˈa	4.0826860111397085
ʧ	s_j	4.0641317332848
e	e	3.948093225595686
ʧː	s	3.930888798919564
bː	b	3.9183454142663
ʧ	z	3.8415181820224915
r	r	3.6264897071539854
a	a	3.619643000916625
o	o	3.5019072956936665
i	e	3.486050215014103
ʎː	j	3.463162292919618
n	ŋ	3.190923590448989
ʃː	s	3.177949818982313
ˈɛ	ˈe	3.177599704551029
<#_ɡ	<#	3.152181928606531
ʧ	s	3.0568523156069487
k	ɡ	2.9253066054911976
mː	m	2.780550719221165
b_w	b	2.5318360026270406
l_ˈe	ˈe	2.40483536598289
ˈe	ˈɛ	2.3653326819743183
t	d	2.3392297208448634
ˈi_ʎː	ˈi	2.194419666973406
ʤː	z	2.1358427538243676
ˈe_lː	ˈe	2.1081362184798658
ˈɔ	ˈo	2.0311999485902597
p	v	2.026420405231492
rː	r	1.9619804490145465
ˈu	ˈi	1.8567405056469293
ˈu	ˈo	1.8471600074177983
ˈo	ˈu	1.8301670722709416
e	i	1.7796284390306238
a_t	a	1.7398189992071822
ˈa_d	ˈa	1.731729549033223
ʧː	ʤ	1.7245714177695963
ʦː	s	1.6288727824406557
ʦ	s	1.4936951780894736
m	ŋ	1.2974111036924607
<#_o	<#	1.2410228859809225
w	u	1.1731885650114697
ˈu	ˈɔ	1.109437284844645
ˈi	ˈe	1.083126550919301
<#_l	<#	1.0491385107274942
ˈɛ	j_ˈe	0.9207120594978173
<#_a	<#	0.8410228859809225
d_r	r	0.7837579055363977
<#	<#_z	0.7200682493077477
e	e_r	0.603980504973279
e	a	0.5956069502579903
ˈɛ	ˈi	0.24780559993996326
e	ˈe	0.0020654244703915883
e_#>	#>	-3.280969122875281
a	e	-0.22989559384737893
e	o	-0.10730633210460713