Phone1	Phone2	PMI
kː_j	ʧ	8.393302397581714
l_e	l	7.6134249835143875
<#_w	<#	7.392317422778761
ɲː	ɲ	6.680553397169578
w	w	6.42486073984776
b	b	6.283729945083507
k_j	ʧ	6.16553795553341
ˈɛ_lː	ˈɛ	6.137809517694191
f	f	6.131978264361802
ʎː	ʤ	5.87762737003058
n_o	ŋ	5.774106083044481
j	j	5.746315452128552
d	d	5.732845263174438
ɡ	ɡ	5.723459766904552
n_e	ŋ	5.697731812289346
i	i	5.556913017100277
ˈu	ˈu	5.490461582752936
ʧ	s_j	5.388458561710474
w_ˈɔ	ˈo	5.312438372829004
l	ɰ	5.305761201620439
ˈi	ˈi	5.122994034470632
m	m	5.087106179716025
ʤ	z	5.04005034684233
ˈo	ˈo	4.988660363042176
v	v	4.902023171444442
p	p	4.849407897596295
ˈɔ	ˈɔ	4.84642555626219
l	l	4.763101005577815
z	z	4.634051398782764
w	u	4.618937161529679
lː	ɰ	4.613322329818017
ˈe	ˈe	4.595561298115866
kː	k	4.570518474040016
ˈɛ	ˈɛ	4.517244628062885
t	t	4.496474286767093
ŋ	ŋ	4.487806688150113
tː	t	4.475269768951703
nː	n	4.4614888203173
s	s	4.439829034273982
k	k	4.325808404681676
r_e	r	4.323108310341965
n	n	4.2299228619909535
ˈa	ˈa	4.214517266884456
ˈe_lː	ˈe	4.12834092377194
ʃː	s	4.094717268453486
sː	s	4.045814968433088
ʧː	s	4.02673050900378
ʎː	j	3.875035789407963
e	e	3.802298871905248
mː	m	3.736322894374436
a	a	3.687420593122418
ʧ	z	3.648483594177244
r	r	3.615159208815351
i	e	3.484953394158386
o	o	3.48021340724744
ˈɛ	ˈe	3.237556541358153
n	ŋ	3.197926950685484
k	ɡ	2.9963168944685417
ʧ	s	2.9321061532979367
a_t	a	2.7258245072238
bː	b	2.5926075270883704
<#_a	<#	2.533435452801869
b_w	b	2.518864596863973
ˈe	ˈɛ	2.4847145563260056
ˈu	ˈo	2.376177305583808
t	d	2.308543070560695
l_ˈe	ˈe	2.2834582192766586
ʦ	s	2.223730577666335
ʤː	z	2.0560854837727938
p	v	2.018634166551648
e	e_r	1.9360705226648096
ˈɔ	ˈo	1.87679331019614
rː	r	1.8447080646065024
<#_ɡ	<#	1.6490767398024215
e	i	1.6358363976642911
m	ŋ	1.6070290850677489
ˈo	ˈu	1.5342625345114778
ʦː	s	1.4598638995929472
ˈu	ˈi	1.3645357153622728
<#_o	<#	1.2444784842672898
v	z_v	1.2357302024011996
l_ˈɛ	ˈɛ	1.231967951933506
ˈi_ʎː	ˈi	1.094356753196454
ɡ	ʤ	1.065879312475108
ˈi	ˈe	0.9748584856089004
e	a	0.9430612025021629
ˈɛ	j_ˈe	0.9305775975716442
d_r	r	0.8966785650266562
<#_l	<#	0.8044045540273934
n_o	n	0.7859668308442413
ˈu	ˈɔ	0.5957461715955978
ˈɛ	ˈi	0.578553100973477
j	ˈi	0.4767495152836778
<#	<#_z	0.1792924791783178
e	o	0.0143478667992392
e_#>	#>	-3.608562013503424