Phone1	Phone2	PMI
l_ə	l	7.259089850911151
ɲː	ɲ	6.780857520342368
f	f	6.043424542268078
i	i	6.021463228175424
j	j	5.88496512960739
j_ˈɛ	ˈɛ	5.825431425814514
ɡ	ɡ	5.8204524569638085
w	w	5.646413621491461
n_ə	ŋ	5.622563687655104
d	d	5.540741018297295
l	ɰ	5.492653047507428
mː	m	5.418291934340194
m	m	5.349647417682918
ʤ	z	5.260214679286892
p	p	4.923580571905987
ˈo	ˈo	4.888737042015242
ˈi	ˈi	4.828266407705333
ˈu	ˈu	4.82617068875383
ŋ	ŋ	4.820586568725226
w_ˈɔ	ˈo	4.73596558391246
v	v	4.70807433842574
ˈɔ	ˈɔ	4.672576054208176
ˈe	ˈe	4.583899162111218
kː_j	ʧ	4.578359019139159
nː	n	4.491236403728812
k	k	4.42195479766394
t	t	4.357091570477967
ˈa	ˈa_r	4.351219776395133
tː	t	4.270662180943634
n	n	4.091881491144162
ʎː	ʤ	4.074415073485915
s	s	4.071551205189733
ˈɛ	ˈe	4.017924605920565
sː	s	3.98967072475844
ʃː	s	3.986086343158988
ˈɛ	ˈɛ	3.968440485735275
w_ˈɔ	ˈɔ	3.953983138553293
ˈa	ˈa	3.898800833941143
v	b	3.887933764672496
r	r	3.809834427913521
kː	k	3.808341525854003
a	a	3.753454979715656
ɾ	r	3.6781582190848185
b	b	3.6092080288893817
u	o	3.561071882301836
ʃ	z	3.537533036800098
ʃ	s	3.520228532891618
i	e	3.4970678102326214
ˈɛ_lː	ˈɛ	3.489983169712582
ˈu	ˈo	3.4153105732032123
ˈi	ˈe	3.396737114966567
<#_j	<#	3.344946919565842
ˈe	ˈɛ	3.325440817488588
k	ɡ	3.1279396964153974
o	o	3.003815506915082
n	ŋ	2.8260779814936337
t	d	2.825092542165198
ɾ_ə	r	2.634717092542229
ʃ	f_j	2.4013905897973733
ˈi	ˈi_r	2.2572099727993926
ʦ	s	2.1974364739954853
k_w	k	2.155597850169732
ə	a	2.149180401178144
ə	o	2.14881081805452
ə	e	2.102723715065505
ɲː	ŋ	2.024401570085758
p	v	1.985639435607091
lː_ə	o	1.7804865934990717
ə	d_e	1.5915053795677383
k	p	1.5216628728812691
ˈɔ	ˈo	1.4938459771420305
b_w	b	1.3893529969921845
j	ʧ	1.2778899954040472
<#_w	<#	1.2309636218104207
ˈu	ˈɔ	1.2171294226588878
<#_l	<#	1.1901476545436074
ˈa_t	ˈa	0.9226497200937034
ə	e_r	0.91648822551713
ˈo	ˈɔ	0.622088012980304
#>	r_#>	0.5769414984265612
s	z	0.3679098251747764