Phone1	Phone2	PMI
ʒ	ʒ	7.170316648466578
ɡ	ɡ	6.670269418250922
d	d	6.190682413703342
ɲ	ɲ	6.172793772627625
l	ɫ	6.077603497711857
ɣ	ɣ	5.916780108276246
ð	ð	5.8172248520702325
f	f	5.802033674036238
n	n	5.6428289732575
ˈu	ˈu	5.631357106773693
ʎ	l_u	5.598292977860938
t	t_u	5.361201524267643
m	m	5.33230149665246
β	β	5.190427246266345
p	p	5.135687920692919
k	ɣ_u	5.1323791181397205
b	b	5.112896927735516
ˈi	ˈi	5.093039245000219
ˈɔ_n	ˈo	5.090032091946696
r	ʁ	5.089622810367306
ˈa_n	ˈɐ̃	5.069920659000623
j	j	4.916611631191048
ˈa	ˈa_ɾ	4.803244652192582
ˈe	ˈɛ	4.8004873604957705
#>	j̃_#>	4.656385424267607
ˈɔ	ˈɔ	4.6045216752464615
ˈo	ˈo	4.597708022189086
ˈɛ	ˈe	4.450910707057768
k	k	4.409104370016558
t	t_ɨ	4.3409419131913465
ʎ	l	4.321888216263256
t	t	4.257315253841525
ˈɛ	ˈɛ	4.093090063557492
b	v	4.0648340618687735
β	v	4.029845442861062
s	s	3.942312750825897
w	w	3.92635165919484
ʎ	ʎ	3.866139405866085
ʃ	ʃ	3.8421453172773816
u	ɔ	3.786402192603004
ɾ	ɾ	3.674053595499298
ˈe	ˈe	3.6723711489473976
w	v	3.650870758508024
u	u	3.634558783725738
ŋ	ɲ	3.6156811190043
ˈa	ˈa	3.61170427810458
m	m_ɨ	3.577456570186166
s	ʃ	3.517553506786075
ˈi	ˈɐ_j	3.508667367473423
l	l	3.507435712535147
l	w	3.503182115648115
i	i	3.484683316954777
ˈɔ	ˈõ	3.4624476812013056
ʎ	j_ʎ	3.441901321519828
ˈu	ˈũ	3.429548294214446
ˈɔ	ˈo	3.4190927589666718
ʎ	ʎ_u	3.401143528750292
ˈe	ˈɐ	3.3420230339353627
ˈɔ	ˈo_w	3.33912502821811
t	ð_ɨ	3.3160300832588923
t	ð_u	3.184196205717739
ə	ɐ	3.1040737675612244
r	ɾ	2.9697328706764856
n	ɲ	2.9253268275479822
ˈa	ˈɐ̃_w̃	2.797850011745856
ə	i	2.752345246031005
ˈe	ˈɐ_j	2.6387358679886703
i	ɨ	2.488199935239572
ˈa	ˈɐ	2.3303673387258748
s	s_u	2.2984833810362444
ˈu	ˈo	2.248156087547837
w	s_u	2.227634501449506
ˈɛ_w	ˈe	2.194592406262811
p	β	1.9050032384746292
ˈa	ˈɐ̃	1.8018517531685456
k	k_u	1.76222700748031
ɾ_ə	ɾ	1.712373278601722
ə	ɨ	1.6820411280763137
w	ʃ	1.6687637574439809
#>	w̃_#>	1.661354456808824
ˈo	w̃	1.6465561640922597
ˈɛ	ˈɐ	1.5520487657556017
ɲ	ɲ_u	1.5107655417227843
ˈo	ˈɔ	1.3505406305074763
#>	ɨ_#>	1.3268904583233776
t	ð	0.9938068399371088
ʧ	j	0.953041462041534
ə	ɐ̃	0.9454685942334196
r	ɾ_u	0.9103591273571914
#>	ʃ_#>	0.9096784954491152
ˈɛ	ˈɐ_j	0.777794447016729
#>	ɾ_#>	0.6449013257858222
w	u	0.5957622156114044
n_#>	#>	0.4557183373490709
ˈi	ˈe	0.4303351314579484
<#_p	<#	-0.0893096944048122
#>	u_#>	-0.046267302883423