Phone1	Phone2	PMI
b	b	6.742360902265865
f	f	6.728952682547274
d	d	6.411275714742614
tː	p_t	6.335852172899362
ʤ	z	6.333977223808639
v	v	5.772146972565639
ʧ	ʦ	5.490259406704914
ˈi	ˈi	5.484556370050988
ʎː	ʎ	5.176071419934057
ˈe	e̯ˈa	5.012978241468766
s	s	5.006166572940966
ɡ	ɡ	4.910900334811762
o	u	4.778637405670636
p_o	p	4.726683829086488
p	p	4.713940640069113
j	ʎ	4.674339104687709
t_o	t	4.515245650101241
m	m	4.421672473358097
k	k	4.302421671228784
ˈo	ˈu	4.294890253371357
ˈɔ	o̯ˈa	4.27014211389696
ˈɔ	ˈo	4.070508745468751
ˈo	o̯ˈa	4.065261844532102
ˈu	ˈu	4.040889504128754
r	r	3.98467139481212
ŋ	ŋ	3.975604303511655
i	i	3.955057355754194
m_o	m	3.9361744571152864
ˈe	ˈe	3.891974210856284
l	l	3.8726001072893768
lː_o	l	3.8649767509275694
n_o	n	3.843465906089539
t	t	3.8315653203767575
a	ə	3.815331789752528
ˈa	ˈa	3.786114200641327
ˈa	ˈɔ	3.6759765164246967
<#	<#_w	3.6356965991133015
e	i	3.5617330349265046
ˈu	ˈo	3.499863709677504
t	ʦ	3.3161255355115635
kː	k	3.309287258139676
n	n	3.3089675761434902
z	s	3.1767043391870726
r_o	u	3.1482111082711874
ˈɛ	ɲ_ˈe	3.073502597845593
ɲː	m	3.058617263438268
ˈa	ˈɔ_j	3.0250716586632134
ˈɛ	ˈe	2.8184566036221983
ʤ	ʒ	2.8175342416183558
ˈɛ	ˈi	2.802902831970799
e	w_ə	2.6969575332810143
ˈɔ	ˈu	2.567949730041484
ɡ_o	k	2.29240808316239
sː_o	s	2.0765517145962997
w_ˈɔ	ˈo	2.03397027157961
k_o	k	1.945319775173921
tː	t	1.8209859870881824
l	r	1.7750709128541986
ɡ	k	1.7627233332687489
j	l	1.7283934021568108
ˈa	ˈe	1.614422510046556
ˈɛ	ˈa	1.5591846724065483
l_o	r	1.4541838784186831
v	w	1.4332144245759095
j	e̯ˈa	1.29045056490929
l	ʎ	1.171558425269563
nː	n	1.1342626972624064
ˈɛ	j_ˈa	1.110131627560641
e	ə	1.1031872192356622
p	kʲ	1.0663081696999237
w	ˈo	1.029097678842036
a	ˈa	0.8148167843822453
e	e	0.7807636179179318
o	ə	0.6000089226746228
<#_f	<#	0.5503030046468131
k	ʦ	0.5449100586983305
ˈe	ˈi	0.4297381652497049
<#	<#_n	0.4079465428658513
#>	r_#>	0.3909541492014005
ŋ	n	0.3035519314565161
ɡ	m	0.2941717364627104
a	i	0.1558654594471538