Phone1	Phone2	PMI
f	f	6.597768219183722
b	b	6.5362973359460135
ʤ	z	6.465478558941117
tː	p_t	6.38303186911507
d	d	6.00757723550212
ʧ	ʦ	5.696483066525648
v	v	5.468601967986091
ˈe	e̯ˈa	5.358685956022197
ˈi	ˈi	5.251537105368955
s	s	5.074279945817984
ɡ	ɡ	4.846400618193249
j	ʎ	4.821895633947943
o	u	4.759651538405119
p	p	4.572262692726735
m	m	4.488954863838987
p_o	p	4.47189216333382
k	k	4.378275152222307
t_o	t	4.300041252225898
ˈɔ	o̯ˈa	4.292006401195893
k_o	k	4.29148580229676
ˈo	ˈu	4.287074858875499
ˈe	ˈe	4.180207750839516
ˈo	o̯ˈa	4.128782938896311
ʎː	ʎ	4.101700380474626
ˈa	ˈɔ_j	4.045349292500159
a	ə	4.040693607918637
l	l	4.0236651699636266
ˈu	ˈu	4.023360493880148
m_o	m	3.9606718882328344
r	r	3.960230750440937
ˈɔ	ˈo	3.8562385455124204
ŋ	ŋ	3.806555475886338
i	i	3.7976185783829584
t	t	3.7755783771526503
n_o	n	3.724346800411552
ˈu	ˈo	3.6819075993842443
ˈa	ˈa	3.6555431238547476
e	i	3.5096321933086854
ˈa	ˈɔ	3.4743991593327106
t	ʦ	3.4079481761654074
n	n	3.2371801404707914
kː	k	3.1992657420643362
r_o	u	3.1354280206836656
ˈɛ	ˈi	3.083384567980808
ˈɛ	ˈe	2.9116790531713836
ˈɔ	ˈu	2.8488928677962884
ʤ	ʒ	2.7807940287297392
j	l	2.6419026626063085
e	w_ə	2.5971012829159332
z	s	2.375429834067219
ɡ_o	k	2.342830740194909
ˈɛ	ˈa	2.134347347786573
w_ˈɔ	ˈo	2.109678814391272
tː	t	1.8664240798819114
ɡ	k	1.7919005798153893
nː	n	1.6100439644267204
l	r	1.5695574348524244
l_o	r	1.5230644114562928
ˈa	ˈe	1.4903162197290192
v	w	1.4505240491187277
l	ʎ	1.1049996769764436
ˈɛ	ɲ_ˈe	1.0793676219854933
w	ˈo	1.078800957118407
ɲː	m	1.0676175247036805
lː_o	l	1.0641317306667553
a	ˈa	1.0479853655130096
<#	<#_w	0.9777486497796518
e	ə	0.9445322398687125
ŋ	n	0.7967234576467229
o	ə	0.6926235971213741
<#_f	<#	0.5539670043610034
#>	r_#>	0.3927861490584957
ɡ	m	0.3912090701540215
d	t	0.3882685832696918