Phone1	Phone2	PMI
f	f	6.722238924544349
d	d	6.620283923678961
v	v	5.627951348023951
tː	p_t	5.168028297232597
ˈe	e̯ˈa	5.070891092453411
ˈi	ˈi	5.059838532279796
o	u	4.998963934741189
ɡ	ɡ	4.82057829078161
p	p	4.805851703954108
j	ʎ	4.789498252704778
s	s	4.7441375304616
m	m	4.623266368799766
b	b	4.553020194921764
ˈu	ˈu	4.511471867531481
ˈo	ˈu	4.506231799268086
k	k	4.413009758583674
t	t	4.3306778959596
ʤ	ʒ	4.191946383820571
ˈe	ˈe	4.070770892906504
r	r	4.068027821645508
ˈɔ	ˈo	4.038767882833169
l	l	4.017552553007135
ʧ	ʦ	3.980699160971525
a	ə	3.954891566289452
kː	k	3.7445410965171058
n_o	n	3.7117291705850928
ˈa	ˈa	3.581753035066004
ˈɛ	ˈe	3.5232749832071057
e	i	3.42389032868991
ʤ	z	3.3890352617147426
ˈɔ	o̯ˈa	3.2855214749713886
i	i	3.241343206600319
n	n	3.144903346000632
k_o	k	2.9889365199301903
ˈa	ˈɔ	2.9539222194855985
ˈɔ	ˈu	2.862450051384038
ʎː	ʎ	2.778117920185528
ˈɛ	ˈi	2.567876634896168
ŋ	ŋ	2.52660479937025
t_o	t	2.087959252309876
ɡ	k	2.0840342262417346
r_o	u	2.0539027783999986
t	ʦ	1.9684095866150024
z	s	1.909837028265415
ˈɛ	ˈa	1.8812076548551169
n	j_n	1.854510811759545
l	r	1.8244844909694573
v	w	1.672433217235632
p_o	p	1.5685961507766637
e	w_ə	1.5484040488054711
ˈo	o̯ˈa	1.5433345526433413
ˈu	ˈo	1.3493640246392464
e	ə	1.2764489954680234
j	l	1.1643215206009956
w	ˈo	1.1020094299165062
w_ˈɔ	ˈo	1.0892870415598654
lː_o	l	1.0551632872373862
l	ʎ	1.0252041227698403
ˈa	ˈɔ_j	1.0166837191606566
j	e̯ˈa	0.9948305734470008
tː	t	0.9748351388207606
ŋ	n	0.93881445772819
sː_o	s	0.9205992847102836
ˈa	ˈe	0.9070283670740684
<#	<#_w	0.8607561496354206
m_o	m	0.8244773225357905
r_o	r	0.7762990179764993
l_o	r	0.7489741584503105
nː	n	0.4703235573956097
o	ə	0.4106630434309733
e	u	0.2514413153449329
o_#>	#>	-0.8028294116329212