Phone1	Phone2	PMI
f	f	7.072897838505334
b	b	6.7728979396791456
tː	p_t	6.494462118932514
d	d	6.481985869105367
v	v	6.238163470827611
ʤ	z	5.7555797182297805
ˈi	ˈi	5.752903188445997
ʤ	ʒ	5.480217382808955
t_o	t	5.437864415993356
ˈe	e̯ˈa	5.337089057438867
k_o	k	5.256846096564067
ŋ	ŋ	5.141168852095999
s	s	5.129603863926131
ɡ	ɡ	5.056250944148616
ʧ	ʦ	5.022265943860153
j	ʎ	4.77663973100571
p	p	4.630270917576749
o	u	4.58928632714339
p_o	p	4.513340221873638
m	m	4.377390463375949
w_ˈɔ	ˈo	4.287346233449904
ˈɔ	o̯ˈa	4.266858721210647
k	k	4.204533248742551
ˈe	ˈe	4.192595852544649
ˈu	ˈu	4.163364089400883
r	r	4.12450783913613
ˈɔ	ˈo	4.0311342189955415
ˈo	ˈu	3.9974521254076127
i	i	3.9783302294029204
a	ə	3.94915351356453
ʎː	ʎ	3.9375079174804273
l_o	r	3.9311023779252774
l	l	3.7971981805208093
t	t	3.745858072105398
ˈa	ˈa	3.6687070760985643
e	i	3.6365284734723993
ˈa	ˈɔ	3.587898880496376
n_o	n	3.531385642625428
kː	k	3.312715894069627
n	n	3.286614567762973
ˈɛ	ˈe	3.1615567297672937
t	ʦ	3.118835024566834
ˈɛ	ˈi	3.0770050224987147
ˈa	ˈɔ_j	3.0650384266382185
ˈo	o̯ˈa	2.895482759625572
m_o	m	2.8920437606732947
ˈu	ˈo	2.7978514980887836
j	l	2.71990492215048
e	w_ə	2.556144941252047
ˈɔ	ˈu	2.4024731022331745
sː_o	s	2.19393794102305
tː	t	2.1873204183710193
nː	n	2.1665470543913123
ɡ_o	k	2.134541866843045
lː_o	l	2.0252485258810156
<#	<#_w	1.8457637380991763
ˈɛ	ˈa	1.8453739775981606
r_o	r	1.624310925071671
z	s	1.5397375520355447
l	r	1.4249807993217305
l	ʎ	1.3068447799546072
ŋ	n	1.27544467685331
e	ə	1.1666664932768518
o	ə	1.1249076727840508
r_o	u	1.0847805182371364
ɡ	k	1.070420095125546
ˈɛ	j_ˈa	1.0008720745305157
ˈa	ˈe	0.9153193214291085
e	r_i	0.6784766074213906
a	ˈa	0.652530371757941
e	u	0.595373140587337
ɡ	m	0.35818648271944553
<#_f	<#	0.2806129715225536
o	i	0.22904538197907778
<#	<#_n	0.14144365015443083
a	i	0.044962794771760406