Phone1	Phone2	PMI
ˈu	ˈo_n	6.287225908865503
z	ɡ	6.260585179349103
o	o	6.045276300174052
ɡ	ɡ	5.759578093107603
t	t_u	5.734446630630541
p	p	5.572609501726261
l	l_u	5.496195153925593
d	d	5.39563106641129
t	t_e	5.306290899473982
ˈy	ˈu	5.226381076001238
m	m	5.167545032527856
r	r_u	5.153351178409049
s	ɣ_e	5.14254498222734
ˈa	ˈa_r	5.129237798078443
b	b	5.015208857319283
ˈi	ˈi	5.006471435064963
j	ʣ	4.972093053483421
f	f	4.8224338323889855
ˈɔ	ˈo	4.685571450182351
ˈa	ˈa_n	4.668670715300089
d	ð	4.580950072633653
n	ŋ	4.525842951653241
ˈo	ˈu	4.479877138174235
s	s	4.305725036866998
k	ɣ_u	4.269032279945757
k	k	4.258830040638518
ˈe	ˈe_n	4.185324003152795
ˈø	ˈo	4.132218913585241
l	l	3.958791145102889
t	t	3.949558592907094
ˈɛ	ˈe	3.866600562919067
a	a	3.8599301370626713
<#	<#_i	3.859919439126369
n	n	3.7446408118620944
e	i	3.730116097139088
ˈa	ˈa	3.644260929858868
ˈe	ˈe	3.509406342730601
ˈu	ˈo	3.479545365868084
r	rː	3.399853621363841
j	r	3.2648523321759617
r	r	3.154744671923941
i	i	3.114126476064724
t	ð	3.105103284153519
e	e	3.0088229936094315
l	l_e	2.9402621724841835
ˈɛ	ˈi	2.7583916597920863
ˈo	ˈo	2.737751487274337
#>	ŭ_#>	2.7203871432014104
ˈe	ˈi	2.6652287044345195
s	sː	2.64268198051583
ˈu	ˈu	2.61974818268991
ˈø	ˈu	2.6118342538390524
z	j	2.543096757207916
m	m_i	2.5141170720455897
ɡ	ɣ	2.4684011132933734
a	r_a	2.31853402357557
o	u	2.2071423151826477
s	z	2.13491965194403
f	β	2.112417193109392
r	r_e	2.014483741794788
ʧ	t	1.9193766354336332
ŋ	m	1.8696458218856136
l	ɖː	1.4679698400738823
ɡ	b	1.359001521478873
m	m_e	1.3386854906938723
#>	o_#>	1.30679571440047
p	p_u	1.29635141175579
ˈi	ˈi_n	1.2498878374229905
ˈo	ˈa	1.244568145534639
f	β_u	1.1978944284265267
ˈe	b_ˈi	1.104974246600687
s	k	1.0745176587467793
ˈɛ_l	ˈe	1.0469181987485476
a	ʣ_a	1.0262879108721037
l	ɖː_u	1.0126133086615643
<#_z	<#	0.6120094767339879
l_#>	#>	0.5456214282240155
k	b	0.3926821703472154
e	a	0.2807102263529227
#>	e_#>	0.104712689946856
#>	u_#>	0.0905385147255312
<#_s	<#	0.0729212534883747
<#	<#_b	-0.1275056917123289