Phone1	Phone2	PMI
ʒ	ʤ	6.318795551947412
j_ʃ	ɕ	6.207255080365901
ʎ	ɟː	6.090661770518008
ʎ	cː	6.090661770518008
h	r_ɪ	5.943279542167312
e	i	5.871714627424168
j̃	ɲː	5.826195572775627
b	b	5.82597949290455
o	u	5.78907639936858
h	ʐ	5.781460812147215
d	d	5.761394123826904
ɡ	ɡ	5.671249894416543
n	nː	5.578186947144
f	f	5.507537669821808
w	w	5.371786127892401
ˈa_h	ˈa	5.31098457731167
v	v	5.306149925318141
w	l_ɪ	5.271639550559548
w̃	n_ɪ	5.268370917518899
m	m	5.266137887912149
j	j	5.077116063271826
ˈẽ	ˈɛ_n	5.012146290875122
ɦ	ɾ	4.947697934071612
s	s	4.942178529300425
ˈi	ˈi	4.8473217512779945
s	ʦː	4.838212237748748
k	k	4.769704670055804
ˈɛ	ˈɛ	4.7473691316750015
l	ɖː	4.726419753230698
ˈũ	ˈu	4.6265048974329455
ˈu	ˈu	4.617820127413348
p	p	4.564825306429727
a	a	4.429512851552863
ˈĩ	ˈi	4.340031296699901
w̃	n_ʊ	4.228822769940041
s	ɕ	4.207852630500207
ˈo	ˈɔ	4.130269141559714
t	n_t	4.114372738945914
ˈɐ̃	ˈa_n	4.100716345734098
d	t	4.076402243550872
l	l	4.0143541534213885
t	t	4.012607031104151
ˈa	ˈa	4.010448808850536
n	n	3.979168778336698
h	r	3.96298573054108
ʃ	c	3.900036354992256
ˈe	ˈi	3.8172755640902505
ʃ	ʃ	3.784232953546237
ɾ	r	3.7735195252262894
k	ŋ_k	3.756350654151521
ˈɔ	ˈɔ	3.743005615809203
ɐ	a	3.675536259998407
ɡ	k	3.657144492604401
ˈɔ	ˈu	3.6425105751512015
ɾ	ɾ	3.6358025382711263
b	p	3.56018541080554
ˈõ	ˈɔ	3.525454071761156
ɾ	ɽ	3.517960883711347
ʒ	j	3.502188212293236
ˈɐ̃	ˈa	3.3519097491957948
u	ʊ	3.30429846737106
ˈe	ˈɛ	3.268237741499004
ɾ	ɪ_ɾ	3.2485791225112948
i	ɪ	3.1766313601406435
j_ʃ	j	3.141694584644751
j̃	n	3.0761045029699825
ʃ	s	3.0505670719264804
ʧ	n_t	3.025761181614856
ˈe_j	ˈi	2.989841820972642
ˈo	ˈu	2.952836001799837
m	mː	2.885065016242777
e_ʃ	ʃ	2.879282344451114
ˈẽ	ˈi	2.8275037001689785
j_t	tː	2.780542262932596
ˈõ	ˈo	2.7722145398437057
t	tː	2.520480249288093
<#_e	<#	2.51490860926369
ʧ	t	2.491527141038296
ʧ	tː	2.0920386525872687
ʃ_#>	#>	1.964981829426704
k	kː	1.8645877450230324
ˈẽ	ˈɛ	1.8289282314858453
i	i	1.7789228779671376
o	o	1.445214244487707
ɐ	n_a	1.409870202661266
ˈõ	ˈu	1.3286723682744153
ˈo_h	ˈɔ	1.202479404031995
w	l	1.1152385849357458
ˈɔ_h	ˈɔ	1.1053940385979468
i	ʊ	0.9863319738706238
ˈo	ˈa	0.5842136499628233
ˈe	ˈa	0.4722052378030077
b	v	0.4586150693177278
w̃	ʊ	0.4488876522354067
e	ɪ	0.430958761785827
ˈe	ɪ	0.3659818983353758
w	ʊ	0.1410192814303134
#>	ɪ_#>	-0.7158781411977551
u	ɪ	-0.1630947941756534