Phone1	Phone2	PMI
b	b	6.7647175043089
u	o	6.556593434721926
ɡ	ɡ	6.365567308663962
w	f	5.407976694056095
ˈo	w_ˈɛ	5.332657049361463
o̯ˈa	w	5.201492731793609
v	v	5.109716094808926
d	d	5.084888100536015
t_i	t	4.985724905368997
p	p	4.786836070813983
ʦ	ʨ	4.71108198086328
ˈi	ˈi	4.689446351045423
ɲ	ɲ	4.517875912244463
m	m	4.515288719225024
j	v	4.458189046889638
ˈu	ˈu	4.401239241563482
ˈɨ	ˈa	4.377617627976122
t	t	4.301292946563083
i	e	4.263378960694896
s	s	4.222751578021683
k	k	4.044595362982439
ˈo	ˈɔ	3.941774017575397
ˈa	ˈa	3.852116816041692
ʎ	l	3.839725783681754
ʣ	ʒ	3.799175921325455
ˈu	ˈo	3.78739827921677
j	j	3.736761669735045
r	r	3.6965334459536168
k	ʨ	3.662158383926833
n	n	3.5833667495264074
l	l	3.578757449937934
ə	a	3.536647923704604
e̯ˈa	ˈe	3.445691453498026
ˈi_r	ˈi	3.4423728878770428
s	ʃ	3.3969531732428
ʦ	ʦ	3.392811825333887
f	f	3.385267273566611
ˈa	ˈɛ	3.2872849769149948
t	d	3.192162019074376
ɲ	m	3.1379876882732707
t_u	t	3.128906973095078
ˈu	ˈɔ	3.094620025851171
ˈe	ˈe	3.0737895706095286
#>	ʃ_#>	2.791697420368937
ç	f	2.775893990202366
n_i	n	2.7147431205284414
ˈo	ˈo	2.629462199710629
n	ŋ	2.6156057649098767
ˈe	ˈɛ	2.51218218551364
<#_a	<#	2.2989448990549173
ˈi	ˈɛ	2.2822193892364084
ʤ	ʒ	2.1484217441788207
r_i	r	2.128071403393448
p_t	t	2.02194003260134
ʣ	d	1.963213013962021
ˈi	ˈe	1.7694187676069058
r	w_r	1.758027334279182
u_#>	#>	1.7517483910430356
a	a	1.7380994709366686
e̯ˈa	ˈe_j	1.7095569401473836
#>	s_#>	1.645203726520042
r	l	1.6305722503487985
i	a	1.548634576473538
e̯ˈa	ˈɛ	1.4306119715730472
ʃ_t	ʃ	1.1937569486995463
r_i	e	1.1809745959355078
i_r	e	1.0908423141335946
<#	<#_a	1.0771724801282925
b	ɡ	0.9783489884138896
i	ˈe	0.9300538153201844
ʎ_u	l	0.8560175484126024
k	p	0.7494829184962746
l	w	0.7287303722915597
u	e	0.6561011720404737
k	d	0.5208447956638906
p	w	0.4659005035696751
i	j	0.457858109397742
i_#>	#>	-0.8272270972210034