Phone1	Phone2	PMI
v	b	5.188996508808684
m	m	4.959321518110638
k_ʎ	x	4.925571901201064
ˈi	ˈi	4.779444252933377
l	l	4.666261444209848
s	s	4.610760242268353
t	t	4.57252177286929
p	β_o	4.5199910364576
d	d	4.381135851934084
k	k	4.248994562619157
i	e	4.171966428124205
ʎ	x	4.131598399125434
k	ɣ	3.8728449264579
ˈa	ˈa	3.828787487217954
n	n	3.7847798875614607
ə	a	3.731327052084217
n	n_o	3.724969128043056
ˈo	w_ˈe	3.717133872126679
ˈe	j_ˈe	3.678773109620453
p	p	3.6361782728745258
e̯ˈa	ˈe	3.6111290413775374
o̯ˈa	ˈo	3.5930546629100264
ˈu	ˈu	3.5856997408524225
ˈu	ˈo	3.58071847110845
r	ɾ	3.507985729261561
ˈe	ˈe	3.492316793817745
t	ð	3.4317811448623985
i	ɾ_e	3.332883898065931
ˈo	ˈo	3.314470978807367
ɡ	ɡ	3.31094779018265
u	o	3.273597219170046
ˈi	j_ˈe	3.229118735555885
ˈɔ	ˈa	3.1940439023730254
ʃ	θ	2.799448200155452
ʦ	θ	2.75273290756105
p_t	ʧ	2.727433839167609
e_#>	#>	2.459898847801873
b	β	2.4204583545997096
r_i	ɾ	2.3286233464860047
k	ɣ_o	1.9961480428842568
ʧ	θ	1.7223510360246437
j	s	1.7029725146724055
n_i	n	1.6381123575051115
b	b_w	1.5650472883242614
j	j	1.509950149993954
r	r	1.442265719009019
n	ɲ	1.3769493342593704
ʦ	θ_j	1.264213818431654
z	d	1.0889569685345792
s	s_o	1.0724845746230844
r	l	1.0710377266007152
m	m_b	1.0381978501918288
r	l_o	1.0010586448505006
ˈa	ˈe	0.9954613084029652
kʲ	p	0.941563849701338
ʃ	j	0.914063144951351
n	ŋ	0.8444784842672897
v	b_j	0.8362760503693163
<#_w	<#	0.8299494239009364
<#	<#_e	0.8299494239009364
ˈo	ˈu	0.7918716031005307
ə	e	0.7741448844954396
ʒ	x	0.7601046639865768
<#_f	<#	0.7011781859459915
p	j	0.6771159112834122
p	β	0.6770971641308081
ˈa_p	ˈe	0.6602297210030829
t	ʧ	0.6540204677994248
t	t_ɾ	0.6435812255743392
ˈa	j_ˈe	0.618747629555752
ˈɔ_j	ˈa	0.6099219676038898
r_i	l	0.5503110519719883
ʎ	l	0.4957190450091043
ˈi	ˈe	0.2884093016152177
#>	o_#>	-0.9055704706227322
i_#>	#>	-0.8189868963119074