Phone1	Phone2	PMI
d	d	6.3279249341324295
m	m	6.071962079157076
ʎ	x	5.790011425342336
ˈi	ˈi	5.569302726148881
l	l	5.52628532615397
ˈu	ˈu	5.480755742654459
p	p	5.001303183144287
i	e	4.996308703634004
t	t	4.856735525397549
s	s	4.700631094082887
ˈi	j_ˈe	4.530453313504113
k	k	4.519538802079439
ˈo	w_ˈe	4.442523465809127
ˈɔ	ˈa	4.327570579985856
n	n_o	4.286420066483125
ˈa	ˈa	4.248721125334037
ə	a	4.232885568162809
r	ɾ	4.187867208159252
n	n	4.072446997848577
ˈe	ˈe	3.998698899629607
k_ʎ	x	3.9283246086004016
ɡ	ɡ	3.8950130978123423
e̯ˈa	ˈe	3.870667575842753
p	β	3.68406405886678
r_i	ɾ	3.638972684798411
i_#>	#>	3.498426581461262
k	ɣ	3.474015419855751
u	o	3.432747117022833
ˈu	ˈo	3.33943997160676
t	t_o	3.1375787339947885
ʦ	θ	3.0271364420723845
ʃ	θ	2.987353099301064
v	b	2.818182461465196
<#	<#_e	2.7542621606377664
t	ð	2.4972606373455486
b	b	2.4718939316423576
ˈe	j_ˈe	2.165056508487244
#>	o_#>	2.069426385295281
o̯ˈa	ˈo	2.048615615157892
ˈo	ˈo	2.0133375817967885
r	l	1.9392659603793525
ˈɔ_j	ˈa	1.8364930628940657
ˈa	j_ˈe	1.7829484820731027
p_t	ʧ	1.7673516758279653
ʧ	θ	1.744407947519299
t	ʧ	1.6786821235304794
o̯ˈa	w_ˈe	1.628354981641139
i	ɾ_e	1.3866376572788552
ə	e	1.3840775716026823
n	ɲ	1.3777573275337631
k	ɣ_o	1.3533447561891618
s	e_s	1.3289921774605498
w	β	1.235763650035283
v	b_j	1.1825912435419628
r	l_o	1.1373500422563518
ˈa	ˈe	1.1233097387008515
r_i	l	1.000759493825591
p	β_o	0.966767595360869
n_i	n	0.949796714019826
j	j	0.9413157710476998
<#_f	<#	0.9228731915606756
<#_w	<#	0.8058806914164445
ʃ	s	0.799357443127037
r	r	0.7903073439659607
n	ŋ	0.6879500516736391
ʦ	k	0.6333691217020682
ˈi	ˈe	0.1656642006184566