Phone1	Phone2	PMI
d	d	6.487076785903845
ˈo	w_ˈe	6.392668006092186
k_ʎ	x	6.3904546011877885
p_t	ʧ	5.950141668418976
t	t_o	5.26766889370086
k	ɣ_o	5.247632582574122
ɡ	ɡ	5.2239745771330535
v	b	4.823980206902188
m	m	4.761912344718514
l	l	4.717907253269409
s	s	4.717230021198543
p	p	4.708410856235751
ˈu	ˈu	4.5909546891647866
ˈi	ˈi	4.545869441703716
n	n_o	4.49037943557779
<#	<#_e	4.459501957210863
ʃ	θ	4.371163684167328
p	β_o	4.293400784283523
o̯ˈa	ˈo	4.265251827908562
ʎ	x	4.252196267601406
i	e	4.223261558820985
i	ɾ_e	4.209431421306033
ˈi	j_ˈe	4.184789143941664
t	ð	4.088174416715996
ˈa	ˈa	3.9903827959035194
k	k	3.979012941766804
ʦ	θ	3.942895474696744
ʒ	x	3.870740306348909
ˈo	ˈo	3.8418617450956463
t	t	3.838587649035166
z	d	3.833814055049785
n_i	n	3.826292836563833
ˈɔ	ˈa	3.815690991293845
b	b	3.809692699755808
e̯ˈa	ˈe	3.759069890139382
ə	a	3.669329316118933
ˈu	ˈo	3.638264786031408
<#_f	<#	3.581660767147676
n	n	3.509455365983201
r	ɾ	3.439897135369874
ˈe	ˈe	3.41219266971608
u	o	3.189226558430383
ʧ	θ	3.117794480210566
r_i	l	3.0442776747249107
j	ɟ͡ʝ	3.0426721430187262
p	β	2.8973936974491195
k	ɣ	2.868138105589257
r	l_o	2.8463595101318955
b	β	2.8136784040647878
ʦ	θ_j	2.729879898789158
ˈe	j_ˈe	2.7069706679813303
r_i	ɾ	2.674157537554251
ˈa	j_ˈe	2.474162244853176
e_#>	#>	2.443409782711268
s	s_o	2.335731678891377
n	ŋ	2.1436485514262933
ʎ	l	2.087550248844772
n	ɲ	1.8914314770365337
kʲ	p	1.76785302783098
<#_w	<#	1.7604022828554988
j	j	1.6706856182752543
j	s	1.5523658386794374
ˈɔ_j	ˈa	1.521229732747985
t	t_ɾ	1.5015617285772165
o̯ˈa	w	1.4501279550767656
r	l	1.4277333264115188
ʦ	k	1.1692412730120711
ʦ	j	1.158859962956838
m	m_b	1.037704873806443
b	ŋ	0.9774818438351346
ə	β_e	0.9405206455298248
ˈu	ˈi	0.8961402430419234
j_n	n	0.77423476907438
r	r	0.7687891141383421
ə	e	0.7092088691799759
<#_j	<#	0.6929336534006889
e̯ˈa_w	ˈe	0.6914397252118563
ˈa	ˈe	0.5960942922880784
ˈi	ˈe	0.3324656745684952
#>	o_#>	-1.6306034296552885
i_#>	#>	-1.2260594143552714
ə	o	-0.1503145125744057