Phone1	Phone2	PMI
k_ʎ	x	7.455338184415561
ɡ	ɡ	7.1866492983200025
p_t	ʧ	6.959172476717329
d	d	6.435931458706839
v	b_j	6.360379606168068
i	ɾ_e	6.093178631989633
ʦ	θ	5.837282671850518
ˈo	w_ˈe	5.728968335045678
n	n_o	5.628210781327813
s	s_o	5.4746490511782335
o̯ˈa	w_ˈe	5.415384237170341
ˈi	ˈi	5.308047059730233
m	m	5.301510561190518
v	b	5.276499941243354
l	l	5.2504230932097675
p	β_o	5.047673174548732
ˈo	ˈo	5.042152816211217
ʎ	x	5.021139684214273
ˈu	ˈu	4.988174683773879
k	k	4.896396014696285
s	s	4.85679260787512
p	p	4.842051115242674
ˈi	j_ˈe	4.738408267052687
i	e	4.681272375249714
r_i	l	4.550877563929799
t	ð	4.53427907546011
r_i	ɾ	4.425708338389086
t	t	4.385241855265875
ˈɔ	ˈa	4.383405469133793
ˈa	ˈa	4.324599522542402
ə	a	4.313501793989319
<#	<#_e	4.268915791575278
k	ɣ	4.229615867385597
n	n	4.227869052150641
e̯ˈa	ˈe	4.160736157454943
ʃ	θ	4.150950612337451
ˈu	ˈo	4.027179469223805
r	ɾ	3.9856201036532894
ˈe	j_ˈe	3.9616212140835243
k	ɣ_o	3.8656558869791837
ˈe	ˈe	3.864100731119042
n_i	n	3.787092741823918
t	t_o	3.7487441953829506
o̯ˈa	ˈo	3.620998582734459
u	o	3.6145349338972657
r	l_o	3.6013363895976553
r	r	3.470954745077091
i_#>	#>	3.4530399084177605
b	b	3.392930802206978
ʎ	l	3.2331585536469767
ʦ	θ_j	3.1720404560082445
j	ɟ͡ʝ	3.037178611043933
p	β	2.9521381116622014
z	d	2.898861925237556
ˈu	w_ˈe	2.8861274634087906
<#_f	<#	2.8711856727708582
b	ŋ	2.7423923733774505
j	j	2.663274878646497
j	s	2.5536280443048094
n	ɲ	2.3688120867714297
ˈa	j_ˈe	2.3446759618959043
n	ŋ	2.1898128266421595
ˈɔ_j	ˈa	2.177751178043886
ʒ	x	2.0622847874607046
kʲ	p	1.9907723066866838
<#_w	<#	1.8614011026024726
ə	e	1.665151044824642
ˈa	ˈe	1.5279300616690974
e_#>	#>	1.4427700867133746
ˈi	ˈe	1.4075878208387962
w	β	1.2223052880647016
m	m_b	1.2158986896266772
ʃ	s	1.207540755062569
r	l	1.1303726502133176
t	t_ɾ	1.076323647381247
ʧ	θ	1.0601426123167765
e̯ˈa_w	ˈe	1.0380160053627148
b	β	1.0016650740680555
t	ʧ	0.9868149986400224
<#_p	<#	0.8301745636244254
ʦ	k	0.6474114644814735
#>	o_#>	0.5229372849510325
p	j	0.3721958862008832
ə	o	0.0777171635218434