Phone1	Phone2	PMI
ʤ	ʤ	7.87245145658042
ŋ	ŋ	7.452424122323329
ð	ð	7.050179234790879
ɣ	ɣ	6.995518267222967
z	z	6.780301685889502
ɲ	ɲ	6.680382216938157
ʒ	ʒ	6.596259425359944
i	i	6.479035129501736
ɡ	ɡ	6.357331268610945
ˈu	ɥ_ˈɛ	6.086498544687245
β	β	6.076742485426417
d	d	6.074867506680325
f	f	6.008980067816495
w	ʦ	5.753901331412727
j	j	5.667179338354282
u	u	5.562367481544672
r	r	5.451942795542956
ˈu	ˈy	5.3751236727455005
m	m	5.340180731948222
ˈo	ˈu	5.27933369839127
ˈɔ	ˈɔ	5.160607232307868
ʃ	j_s	5.013435678936341
b	v	4.944424539297233
ˈi	ˈi	4.8918279417858415
p	p	4.824813441498327
b	b	4.81745275418708
k	k	4.755887171584541
ˈɔ	ˈa_w	4.71364610651763
t	t	4.679327970019339
n	n	4.66581540520376
ʎ	ʎ	4.599399789869444
ˈɛ	ˈe	4.525408594695406
w	w	4.518583585068063
ɾ	ɾ	4.463395489476427
ˈe	ˈɛ	3.9452633589726562
s	s	3.881822851603752
ʎ	l	3.6969509681164303
ˈɔ	ɥ_ˈɔ	3.6686263279594873
ˈe	ˈe	3.606126931447117
l	l	3.598207743203613
ˈa	ˈa	3.586559863864232
ˈɛ	ˈɛ	3.2480353786825376
ə	ɔ	3.0836545066661043
i	e	2.9317755251067448
ɾ	j_ɾ	2.909815611126802
j_t	ʧ	2.885812585318596
ˈe	j_ˈɛ	2.845577090339374
t	ˈɛ_ʧ	2.8370665773195785
ə	a	2.7926968634583766
ə	e	2.7364830065950687
ˈu	ˈu	2.636856289567354
u	a_w	2.492238427704351
#>	n_#>	2.263155478377258
n_#>	#>	2.061120389774186
ˈɔ	ˈu	2.0507901775010287
#>	k_#>	1.8900560635077668
u	w	1.8552274166714606
l	w	1.6641621092317238
ʃ	s	1.4031645526657408
w	ˈu_ʦ	1.1640428657383763
<#	<#_a	1.1229419688230418
w	j	1.0590179555687342
t	w_t	1.0115898614202747
ˈi	j_ˈɛ	0.9882611435159392
ˈa_l	ˈa	0.7461019529541006
t	ʧ	0.6452497917312987
<#_ʒ	<#	0.5614709844115209
ɲ	n	0.49495349023076785
#>	e_#>	0.3795151269880034
ɾ	r	0.3267073234889029
#>	l_#>	-0.2649760846547898