Phone1	Phone2	PMI
ŋ	ŋ_k	8.131448237163518
ð	ð	7.14698720922974
ʃ	j_s	7.039995442898504
ɣ	ɣ	6.8571513881071295
z	z	6.778138254890972
j_t	ʧ	6.589528453869189
ɡ	ɡ	6.555193842866219
ɲ	ɲ	6.449212733862662
i	i	6.391020064492064
β	β	6.106937698278501
ŋ	ŋ	6.093725301656409
u	u	6.046159313529248
f	f	6.030895074697583
ˈi	z_ˈi	6.026513138402797
d	d	5.94930233716982
r_n	r	5.828369333965631
ʒ	ʤ	5.730719504333682
j	j	5.711717496277959
ˈu	ɥ_ˈɛ	5.6874758991982
ʤ	ʤ	5.596118997246833
w	ʦ	5.443297574139479
r	r	5.348031577987752
m	m	5.267199873619999
t	w_t	5.206299636627536
ˈu	ˈy	5.135125550626219
p	p	5.071746184131968
ˈi	ˈi	5.046812605982221
b	b	4.874421789127583
ˈo	ˈu	4.851967649273521
b	v	4.785418089844149
ˈɔ	ˈɔ	4.674363457099397
n	n	4.639582132182813
t	t	4.626278335939852
ʎ	ʎ	4.564014637291704
w	w	4.48672872873354
ˈa_l	ˈa	4.457585022578227
ɾ	ɾ	4.438017467009018
k	k	4.33792040141141
ˈɛ	ˈe	4.305322674317979
ˈɔ	ɥ_ˈɔ	4.191321322664901
s	s	4.099914348456758
ɾ	j_ɾ	4.004571108231335
ˈe	ˈɛ	3.866768395937455
l	l	3.851415143046317
ˈe	ˈe	3.743036865906269
ˈa	ˈa	3.6561546410909886
ʎ	l	3.647453284197157
ˈɛ	ˈɛ	3.4507329209104096
p	p_e	3.355718974109367
ˈe	j_ˈɛ	3.3538510977047133
w_ə	ɔ	3.2947664552385576
ˈɔ	ˈa_w	3.2923489206470773
ˈɔ	ˈu	2.992421031840004
ə	ɔ	2.896496346043313
ʧ	w	2.8689652774463235
i	e	2.858193465101418
ə	a	2.805815384099249
ə	e	2.7186895904688395
f	f_ɥ	2.713348800089712
ˈo	z_ˈu	2.6987976665028257
w_ˈa	ˈa	2.64714439200083
ʧ	ʧ	2.64391722608845
ɲ	n	2.4644296553799894
u	a_w	2.443114007358405
ˈu	ˈu	2.3636664678416786
β	v	2.352490250193441
ˈo	ˈy	2.1087668402848108
s	w_s	1.9937589131031013
w	j	1.8507283642401715
k_w	k	1.7400364325984403
ʃ	s	1.6876697070067177
t	ʧ	1.6417453530985429
ɾ	r	1.534894959307125
<#	<#_ɥ	1.2030830104773378
ɾ	ɾ_j	1.0823619510169933
ˈi	j_ˈɛ	0.992055198275786
u	a	0.8779157390266796
<#	<#_ˈa	0.6181205097561814
ˈi	i	0.5975870421908913
ˈu	ɥ	0.4977947009782538
ˈɛ	ˈu	0.4630290491879526
ˈu	ˈɛ	0.2623191249533453
ˈɔ	w	0.1834099233473896
u	e	0.1528825628215093
ˈi	ˈɛ	0.1260766412672746
ˈɔ	ˈa	0.000715587404344
#>	e_#>	-0.0806983357742423