Phone1	Phone2	PMI
ð	ð	7.306201983323246
ɣ	ɣ	6.871806997994624
ɲ	ɲ	6.667738927046558
z	z	6.498073586423776
ɡ	ɡ	6.420829396388119
j	j	6.183556193377669
i	i	6.171317207108873
ʒ	ʤ	6.022972047944488
f	f	6.014444478232485
β	β	5.888972327029096
d	d	5.87279921471913
u	u	5.847540978675135
w	ʦ	5.613370847695962
ˈu	ˈy	5.491903898583517
ʃ	j_s	5.419766065455527
r	r	5.372979150062028
m	m	5.116238803048335
ˈi	ˈi	5.052639012205244
ˈɔ	ˈɔ	4.941728451944328
ˈo	ˈu	4.941223109298649
t	t	4.88041755616204
b	b	4.815992352088091
p	p	4.798329704524486
ˈɔ	ɥ_ˈɔ	4.73506390200469
b	v	4.723241795225717
n	n	4.650568717621352
ʎ	ʎ	4.616700402521427
ŋ	ŋ_k	4.563508843377524
w	w	4.46656122553918
ɾ	ɾ	4.43680396508002
k	k	4.433414134305502
ˈɛ	ˈe	4.379631470388261
t	w_t	4.320888692383817
ʤ	ʤ	4.223194057777441
l	l	4.046278125687909
s	s	4.032308629758186
ˈe	ˈɛ	3.9514664954368115
ˈu	ɥ_ˈɛ	3.8372363919
ʎ	l	3.7229724275115803
ˈa	ˈa	3.5423875453313216
ˈe	ˈe	3.440564966637309
ˈɛ	ˈɛ	3.272752036102913
r_n	r	3.1569403115349965
ɾ	j_ɾ	3.0731394101879466
ˈa_l	ˈa	3.037580797315463
ə	ɔ	2.9361344307866575
ˈɔ	ˈu	2.923081623194708
ə	a	2.8142330559495607
ŋ	ŋ	2.8060840293072014
ə	e	2.718054857177471
β	v	2.685255601116024
ˈo	z_ˈu	2.6055921751914495
ˈɔ	ˈa_w	2.5127172672081968
w_ˈa	ˈa	2.3606697813075197
<#	<#_ɥ	2.2908437911989212
ˈu	ˈu	2.2674646003084993
p	p_e	2.2260006331032964
ˈi	z_ˈi	2.222137197489686
ˈe	j_ˈɛ	2.1078103691370575
i	e	2.095300452706396
ˈi	j_ˈɛ	2.0126146452383558
w	j	1.813438458758009
j_t	ʧ	1.6841330807755788
ɲ	n	1.5231738930789547
t	ʧ	1.4754965617398508
w_ə	ɔ	1.4683769171623116
ʧ	w	1.1628930759395606
u	a_w	1.1565990719124193
#>	i_#>	1.086925645527345
u	a	1.0260700404574037
ˈɛ	ˈu	0.9994864644809439
ɾ	r	0.9558194324929475
u	e	0.9217563478475532
s	r_s	0.9151488783000712
ʃ	s	0.6844811288611258
<#	<#_ˈa	0.6189556449504199
ˈu	ˈɛ	0.3654778957841099
n_#>	#>	0.36398367670430326
ˈɔ	w	0.29662471220128533
ˈi	ˈɛ	0.146050678143398
ˈe	ˈa	0.1416794936318479
ˈɔ	ˈa	0.11198591244320485
#>	e_#>	-0.19685570072423497