Phone1	Phone2	PMI
ŋ	ŋ_k	7.849816496099705
ʤ	ʤ	7.7132524558131275
ð	ð	7.314537709645014
ʃ	j_s	7.1204654980132425
ɣ	ɣ	7.080142724316393
ɲ	ɲ	6.727955906544122
i	i	6.603498654996785
z	z	6.5762868616469214
ŋ	ŋ	6.415775510935965
ʒ	ʒ	6.357941913630327
ɡ	ɡ	6.241719229076805
j_t	ʧ	6.211078246904984
β	β	6.141629820013312
f	f	5.934406024468156
d	d	5.882171650559526
w	ʦ	5.789093798502548
u	u	5.776923432430805
r_n	r	5.7475839859530815
r	r	5.684155418834298
j	j	5.545407195881897
m	m	5.29721281147779
ˈu	ˈy	5.192469676730258
t	w_t	5.078395754418094
p	p	5.0377738413400195
ˈi	ˈi	4.961061651178724
ɾ	j_ɾ	4.954208651102389
ʧ	ʧ	4.916756464402565
b	b	4.895746484886049
ˈɔ	ˈɔ	4.81762987309237
b	v	4.781981670166797
ˈo	ˈu	4.7295009340426875
n	n	4.578456219124633
w	w	4.553535149547417
ʎ	ʎ	4.553319425914853
ɾ	ɾ	4.407412995859518
t	t	4.405566876337406
ˈɛ	ˈe	4.388762781498261
ˈu	ɥ_ˈɛ	4.388035815369725
k	k	4.362701779354467
ˈɔ	ɥ_ˈɔ	4.279583855775868
ˈa_l	ˈa	4.195462461642353
ˈe	j_ˈɛ	4.000745479089074
s	s	3.9681622215044685
l	l	3.9386080942664625
ˈo	z_ˈu	3.881424694846771
ˈe	ˈɛ	3.8569839067415796
ˈa	ˈa	3.7048918040926195
ʎ	l	3.6907541863916915
ˈe	ˈe	3.6177311472289317
k_w	k	3.5805574286690667
ˈi	z_ˈi	3.512941214680545
ʧ	w	3.478615048858483
p	p_e	3.45306256797088
u	a_w	3.4145228598661594
w_ə	ɔ	3.355853365850136
ˈɔ	ˈa_w	3.3459843647416103
ˈɛ	ˈɛ	3.3378774837930436
β	v	3.233725350469115
ˈɔ	ˈu	3.0435017385657948
ə	ɔ	2.928007622930934
ə	a	2.8219073323926525
ˈi	j_ˈɛ	2.806996025644847
ə	e	2.7780402644610516
f	f_ɥ	2.7398314148747147
t	ʧ	2.6619991667836214
ˈu	ˈu	2.5813069871754326
i	e	2.40967251061431
w_ˈa	ˈa	2.3849682482628616
<#	<#_ɥ	2.280748874599312
w	j	2.0974039663391815
ɲ	n	1.9796404035393151
ɾ	r	1.6425860002566768
ˈo	ˈy	1.619556917169974
ʃ	s	1.5542819088868822
s	w_s	0.9764855918929699
u	a	0.9736377115763818
ə	a_z	0.7576594985934346
<#	<#_ˈa	0.6139081866506155
ˈɛ	ˈu	0.5626797570834335
β	w	0.5052398951084174
u	e	0.3842199139336586
ˈu	ˈɛ	0.23487436152232596
ˈɔ	w	0.19306653008767882
ˈɔ	ˈa	-0.14100001909077697
ˈe	ˈa	-0.09738747532187153