Phone1	Phone2	PMI
ð	ð	7.719504502826079
ʃ	j_s	7.639757800171266
ɣ	ɣ	7.577760696976991
z	z	7.546876388939368
ɡ	ɡ	7.055674532872338
r_n	r	7.038172484376497
i	i	6.991898319156114
ɲ	ɲ	6.959734959997553
ʒ	ʤ	6.686350317601482
f	f	6.561928507671328
j	j	6.486609978421013
d	d	6.485251929866902
w	ʦ	6.45528224393118
u	u	6.262301821757468
β	β	6.251842767878572
m	m	5.916618677106366
ˈu	ˈy	5.865873877107558
ˈu	ɥ_ˈɛ	5.794652405599956
ˈi	ˈi	5.668624646710317
ˈɔ	ˈɔ	5.661157017886086
ŋ	ŋ_k	5.656680586624509
r	r	5.652469036928892
ˈo	ˈu	5.594562143071574
t	t	5.580881128580766
p	p	5.502918843289189
b	b	5.407098299585793
w	w	5.393657784858713
ʎ	ʎ	5.355806500432862
b	v	5.3200893719913545
ˈe	j_ˈɛ	5.283421551995369
ɾ	ɾ	5.201611626444027
n	n	5.1667917157763785
k	k	5.151789073437639
ˈɛ	ˈe	4.91352211068008
ʤ	ʤ	4.824880325686134
ŋ	ŋ	4.625074145777464
s	s	4.55715858168822
ˈɔ	ˈa_w	4.462637452869432
ˈe	ˈɛ	4.440918638975045
l	l	4.393488388173438
ʎ	l	4.255332763697443
ˈe	ˈe	4.139288487252505
ˈa	ˈa	4.099870134754458
j_t	ʧ	4.055567998023015
ˈɛ	ˈɛ	4.031172559573993
ˈɔ	ˈu	3.808780914038505
ə	ɔ	3.464002673722306
ˈa_l	ˈa	3.3969787725104963
ə	a	3.3476709909972984
ə	e	3.2429887885324846
ˈo	z_ˈu	3.1454839510684303
t	w_t	2.89368158998238
ˈu	ˈu	2.678037859394568
<#	<#_ɥ	2.665632326915741
ˈɔ	ɥ_ˈɔ	2.592599450721014
i	e	2.412479176095575
k_w	k	2.405163679474368
ɾ	j_ɾ	2.3884861969790525
β	v	2.0019134244127947
t	ʧ	1.753423805995548
ɲ	n	1.7382768437378269
ʧ	ʧ	1.6524255823607863
u	a_w	1.506878565320323
ˈi	z_ˈi	1.448356506913001
ɾ	ɾ_j	1.3976653693904069
p	p_e	1.307672345760912
ʧ	w	1.2836762543930966
s	w_s	1.2239053569028018
ˈi	j_ˈɛ	1.2000600406104869
w_ˈa	ˈa	1.171675524967225
s	r_s	1.1383312943560646
w_ə	ɔ	1.0632890637452543
<#	<#_ˈa	0.9998398932679656
w	j	0.8835726057211695
ˈɛ	ˈu	0.8207093389120435
ˈo	ˈy	0.7590218828693703
l	w	0.7229908023158871
#>	e_#>	0.7048929851929996
u	e	0.5825376008181978
u	a	0.5381189508178622
ˈu	ˈɛ	0.446576736288249
ɾ	r	0.4013184718499845
ˈɔ	w	0.3977643709327362
ˈe	e	0.2293896884901244
ˈe	ˈa	0.1094712257827941