Phone1	Phone2	PMI
ʃ	j_s	8.29831629395979
ɣ	ɣ	7.632323850761308
ɲ	ɲ	7.453595961939614
ð	ð	7.408166463061552
ŋ	ŋ_k	7.166166094989808
ŋ	ŋ	7.161318914897713
i	i	7.143876244649729
ɡ	ɡ	7.12917645225416
ˈu	ɥ_ˈɛ	6.835226667313795
ˈɔ	ɥ_ˈɔ	6.576314446270831
ʒ	ʤ	6.569229715123535
β	β	6.533684874787491
p	p_e	6.5212297317900125
d	d	6.517882777470511
ʤ	ʤ	6.449992327446853
j	j	6.3935038726215225
f	f	6.358511024243851
u	u	6.287581590016983
ɾ	j_ɾ	6.20496907659152
w	ʦ	6.15649958707621
ˈo	z_ˈu	6.087240292968234
r	r	6.0554516150605995
ˈu	ˈy	6.008578958849857
z	z	5.995091412238799
j_t	ʧ	5.961217962756882
r_n	r	5.86929902541188
m	m	5.740777883580844
b	b	5.6340170826524485
b	v	5.559158473251197
ˈi	ˈi	5.529190281465109
ˈɔ	ˈɔ	5.506245417274165
p	p	5.431104937371074
ˈo	ˈu	5.344305917959241
t	t	5.281318855598009
n	n	5.243493289941611
ˈɔ	ˈa_w	5.16296205979345
ʎ	ʎ	5.129513427144593
w	w	5.0666239962815345
k_w	k	4.986090593091043
ɾ	ɾ	4.977743706133557
k	k	4.912858938923826
ˈɛ	ˈe	4.746063308714749
w_ə	ɔ	4.696955800762195
ʧ	w	4.4748811620669064
ˈe	ˈɛ	4.469207639813663
s	s	4.454686745320033
l	l	4.373124907217194
ˈa	ˈa	4.309119844098088
u	a_w	4.155115462084502
ʎ	l	4.15060876600442
ˈe	ˈe	4.115070099872522
ˈɛ	ˈɛ	3.7938887765827762
t	w_t	3.7465932488516067
ˈe	j_ˈɛ	3.67912351617068
ˈa_l	ˈa	3.669685191675623
ˈɔ	ˈu	3.5751193866792623
t	ʧ	3.490803181750125
ə	ɔ	3.435080376242473
i	e	3.4178556937813838
ˈi	j_ˈɛ	3.416613237168127
ə	a	3.328147077880893
w	j	3.3078559731649104
ə	e	3.247349307076483
ˈu	ˈu	3.1827099803873544
ʧ	ʧ	2.6398546736639577
ˈo	ˈy	2.4479731111173404
β	v	2.384562422898847
ɾ	r	2.368622656280974
ɲ	n	2.008639921319531
ʃ	s	1.7402211438378359
<#	<#_ɥ	1.6088176036647197
f	f_ɥ	1.5134275359092975
ɾ	ɾ_j	1.2802754529135458
l	w	1.2000773423638373
w_ˈa	ˈa	1.190466713273937
s	w_s	1.1714295134596806
ˈɛ	ˈu	1.0550884347215366
u	a	1.0270404510555533
u	e	0.9684425109459429
n_#>	#>	0.903874831818716
ˈu	ɥ	0.8440111482098954
#>	i_#>	0.6142029941698166
β	w	0.5813852014846642
ˈu	ˈɛ	0.3304224216788992
#>	k_#>	0.3186376625531888
ˈe	ˈa	0.23682814024435175
ˈi	ˈɛ	0.178061628340563
ˈɔ	ˈa	0.1361981941993762