Phone1	Phone2	PMI
ʃ	j_s	9.033543293678253
ŋ	ŋ_k	8.11027570472389
ʤ	ʤ	7.54790974310227
z	z	7.017230956822874
ŋ	ŋ	6.9301815366127455
ð	ð	6.858952774567691
ɣ	ɣ	6.797807511461304
ɡ	ɡ	6.750407640429742
ʒ	ʒ	6.728700413060695
ɲ	ɲ	6.5597132798942415
i	i	6.401901255483756
u	a_w	6.152866887819339
d	d	6.0439345038517835
β	β	6.00525584746254
u	u	5.98495529104624
f	f	5.967759148076073
w	ʦ	5.678023816404533
ˈu	ɥ_ˈɛ	5.652693644904623
j	j	5.518528818993313
ˈu	ˈy	5.31679732692767
m	m	5.230265692879897
r	r	5.215950846082288
ˈo	ˈu	5.192500824191653
ˈɔ	ˈɔ	4.947053186628506
ɾ	j_ɾ	4.910335630549205
p	p	4.909252656524567
b	b	4.864101631465652
b	v	4.830844452305986
ˈi	ˈi	4.706030852210469
ˈi	j_ˈɛ	4.670719011426688
k	k	4.594515283248756
n	n	4.581238730741744
t	t	4.564117562765206
ʎ	ʎ	4.550718988904139
j_t	ʧ	4.532553712739561
w	w	4.450881959183652
ˈɛ	ˈe	4.396001878087218
ɾ	ɾ	4.382249021543887
r_n	r	4.2903322971088445
s	s	3.9717293691896067
ˈe	ˈɛ	3.943439440335373
ʧ	ʧ	3.8743581449625406
l	l	3.868730419846748
ʎ	l	3.7288667274520133
ˈa	ˈa	3.6744593799028205
ˈe	ˈe	3.5148697844724293
ˈi	z_ˈi	3.429790667973324
ˈɔ	ˈa_w	3.3857771260649283
ˈɔ	ɥ_ˈɔ	3.2766203601229176
w_ə	ɔ	3.2665062369920292
ˈɛ	ˈɛ	3.187346448832837
p	p_e	3.0957244392930194
ə	ɔ	2.921427730597877
ʧ	w	2.824307952689325
t	ʧ	2.781653279848931
i	e	2.737894522162291
ə	a	2.725353176668394
ə	e	2.7185412034191603
ˈo	z_ˈu	2.673036955385406
ˈu	ˈu	2.6474529753598524
w_ˈa	ˈa	2.617957804623494
ˈɔ	ˈu	2.482247336051082
<#	<#_ɥ	2.2739194692557354
w	j	2.0087737123947944
l	w	1.9967891637425281
ˈe	j_ˈɛ	1.9111794616149
#>	n_#>	1.8513767405665442
k_w	k	1.8479220465620025
ɲ	n	1.7881646575706773
β	v	1.594629584710791
ə	a_z	1.5074771334704042
ɾ	r	1.0890502233089165
ˈo	ˈy	1.0470463013428555
ɾ	ɾ_j	1.0226354631867893
j	ʧ	1.0032216486633834
t	w_t	0.9731991977267154
ˈɛ	ˈu	0.9591526892226657
s	r_s	0.8042855933882948
ˈa_l	ˈa	0.7836605500076627
ˈu	ɥ	0.6988533976347983
u	e	0.6403321831465063
ʃ	s	0.6241984026572817
ɣ	k	0.4089211249520507
n_#>	#>	0.39828759729931523
ˈu	ˈɛ	0.19802166960297848
ˈe	ˈa	0.06625497918730282
#>	e_#>	-0.17324972222223456
ˈɔ	ˈa	-0.08900364433836572