Phone1	Phone2	PMI
ŋ	ŋ_k	7.819308219030868
ʤ	ʤ	7.6818576606358855
ʃ	j_s	7.304992669666191
ð	ð	7.283142914467772
ɣ	ɣ	7.09322641340644
ɲ	ɲ	6.724061816116867
i	i	6.63000518325854
z	z	6.5448920664696795
j_t	ʧ	6.388871411387302
ŋ	ŋ	6.384380715758723
ɡ	ɡ	6.358648119142129
ʒ	ʒ	6.326547118453085
β	β	6.11023502483607
f	f	5.940254991047506
d	d	5.850776855382283
w	ʦ	5.792647406873323
u	u	5.745528637253562
r_n	r	5.718206787866204
r	r	5.6527606236570564
j	j	5.605898724432114
m	m	5.304715301253861
ˈu	ˈy	5.17756731359141
t	w_t	5.102240876791721
p	p	5.0431703751119095
ɾ	j_ɾ	5.013621085118162
ˈi	ˈi	4.991902988012153
b	b	4.864351689708806
ˈɔ	ˈɔ	4.817261973535753
b	v	4.750586874989555
ˈo	ˈu	4.6981061388654455
ʎ	ʎ	4.67509571831891
n	n	4.560975672278203
w	w	4.557088757918193
t	t	4.4276563865474365
ɾ	ɾ	4.408186665576453
k	k	4.367993236899008
ˈɛ	ˈe	4.3665287242436435
ˈu	ɥ_ˈɛ	4.358403226403002
ˈɔ	ɥ_ˈɔ	4.274772783305645
ˈa_l	ˈa	4.230522092494288
ˈe	j_ˈɛ	4.188890032643948
s	s	3.959446407374452
l	l	3.932356031359657
ˈe	ˈɛ	3.9042843632590065
ˈo	z_ˈu	3.8649950881449167
ˈa	ˈa	3.7160617563908285
ʎ	l	3.6911491862881367
ˈe	ˈe	3.6356117644277264
k_w	k	3.570374791638899
ˈi	z_ˈi	3.5445723676889553
ʧ	ʧ	3.507102507933226
ʧ	w	3.4603210192189606
p	p_e	3.442757932426863
u	a_w	3.402484027016819
ˈɔ	ˈa_w	3.3482040380054254
ˈɛ	ˈɛ	3.3450632658570587
w_ə	ɔ	3.3431878341465877
β	v	3.202330555291873
ˈɔ	ˈu	3.043133839009177
ə	ɔ	2.9161699775872
ə	a	2.810659835788228
ə	e	2.7763822589462226
f	f_ɥ	2.7257527445077314
ˈu	ˈu	2.54991219199819
i	e	2.334981408945553
<#	<#_ɥ	2.280748874599312
w	j	2.193719586539531
t	ʧ	2.056595904951075
ɲ	n	1.963260659318474
ˈi	j_ˈɛ	1.9492784699970491
ɾ	r	1.6367262971865724
ˈo	ˈy	1.5969280791051033
ʃ	s	1.5517226946779548
s	w_s	0.9703133553621404
u	a	0.9544220941960455
w_ˈa	ˈa	0.8531319750481234
ə	a_z	0.7565075800174221
<#	<#_ˈa	0.6139081866506155
ˈɛ	ˈu	0.5499737723559672
β	w	0.5043642070063027
u	e	0.3799310051470094
ˈu	ˈɛ	0.22875950967970934
ˈɔ	w	0.19839622110968888
ˈɔ	ˈa	-0.12827916509701875
ˈe	ˈa	-0.04550031564210978