Phone1	Phone2	PMI
o	ˈɛ_o	6.670651541636143
e	ˈa_r	6.613776294216576
k	k_w	6.55717265590172
t	s_t	6.168083956584296
y	ˈu	6.040138767472146
ʃ	k_a	6.039468849123005
n	n_a	5.749758696675485
ɡ	ɡ	5.730081801218403
b	b	5.6812197362372885
ɛ̃	ˈi_ŋ	5.620933339216568
ʒ	z	5.513111202204622
f	f	5.4808087621612005
m	m_a	5.455193901379364
d	d	5.418482446138046
p	p	5.286394003292993
ɔ̃	ˈo_ŋ	5.167717366948982
i	ˈi	5.148437323702904
l	ɰ_o	4.967680349259563
ɛ̃	ˈa_ŋ	4.851333957905577
j	j	4.821800259463431
v	v	4.766501557300559
<#_e	<#	4.507858583469356
s	s	4.503579622951426
w	ˈe	4.462839825032822
m	m	4.3955885404412
ø	ɡ_o	4.366955563693593
w	ˈe_d	4.274256528377786
l	l	4.271291696606589
j	ʧ	4.232140002907135
ʃ	k	4.17895962256568
k	k	4.165365186084109
n	n	4.159689090991475
w_a	ˈe	4.154188327878916
ʁ	r_o	4.131551146102105
l	ɰ	4.121864529499096
t	t	4.108868612993589
ɲ	ɲ	4.0985557514823725
œ	ˈɔ	3.8705237610871728
ɔ	ˈɔ	3.8260867110471146
œ	ˈo	3.671692806831847
ʁ	r_a	3.651076928613568
l	j	3.608267800106379
ɛ	ˈɛ	3.4422460059466937
t	t_a	3.377402786699501
ʁ	r_n	3.3331776959045856
u	ˈo	3.228586029263284
u	ˈu	3.212702622962136
j	ʤ	3.084815004087772
z	z	2.999154658011368
w	ˈo_z	2.997389665566715
ɑ̃	ˈa_ŋ	2.984164195716657
ʁ	e_r	2.9636489087122326
e	ˈa	2.942627645155829
ɛ	ˈa	2.895634459752319
ɛ̃	ɲ_o	2.804092255934576
a	ˈa	2.7864646920074603
ø	o	2.7772601117478195
ʁ	r	2.6871349443384687
ɛ	ˈe	2.617373078777974
ə	e	2.596835437193839
ɥ	ˈu	2.563410022961353
ɔ	ˈo	2.502669686607753
a	a	2.411147047991854
o	ˈɔ	2.3741660205145787
k	s_k	2.350226877051554
#>	e_#>	1.888567263410587
#>	i_#>	1.8708529378596093
ɛ̃	ŋ	1.8607302265607224
ə	a	1.8349422182557449
ʁ	r_t	1.812196786912136
u	ˈɔ	1.7792681674689508
i	ˈɛ	1.757118603551448
ʁ	r_e	1.7277220547630443
ɑ̃	ˈe_ŋ	1.6761609028014852
ɔ	o	1.4288651119522728
a	e	1.3998487433178242
o	ˈɔ_s	1.2775470354526817
l	ɰ_a	1.2023002625627994
s	s_o	1.1323088109382755
w	ˈo	1.1276098522601856
ɛ̃	ˈa	1.1171470186332846
<#_l	<#	1.1082344076548014
ɔ̃	ˈo	1.103123575265731
ɑ̃	ˈa	1.0015377256793303
u	o	0.8439512132874164
u	l	0.8232499619730407
ɑ̃	a	0.6685645962557105
o	o	0.568054969222078
d	n	0.505745784997171
#>	ŋ_#>	0.4818194515513726
t	s	0.3945920818654976
a	o	0.2417324024447894
#>	o_#>	-0.6215507137442858
#>	a_#>	-0.220063535755701