Phone1	Phone2	PMI
ɲ	ɲ_o	8.020778704712969
b	b	6.765346854448611
j	ʧ_o	6.7377491936353895
ɡ	ɡ_o	6.734414700795523
e	e_r	6.553816191048492
i	i	6.515687549685852
ˈe	ˈa_r	6.27156279396332
ˈø	ˈo_ɡ	6.144010552010583
f	f	6.088423057111587
t	t_o	5.973321519289817
ɲ	ɲ	5.845089015066112
ˈy	ˈu	5.779123447019077
ˈɛ_l	ˈɛ	5.778364206977498
z	z_e	5.740301255437106
w	w	5.713073373219957
m	m_e	5.661965682092828
d	d	5.616312579389379
ˈɛ_j	ˈe	5.38076335492738
t	t_e	5.369737137690365
j	j	5.243544367022325
ˈi	ˈi	5.241844929512406
p	p	5.126311919260129
ʤ	z	5.038546558241256
ɡ	ɡ	5.037202233428422
ˈɔ	ˈɔ	4.943869294546004
v	v	4.88308420389315
m	e_m	4.846762330860007
r	r_o	4.807556115191914
ˈɛ	ˈɛ	4.719138402535645
s	s_o	4.689431200855588
l	ɰ	4.664453711919401
k	k	4.643162617075391
ŋ	ŋ	4.617212918649009
m	m	4.601156236183128
ˈu	ˈo	4.597890875149026
l	l	4.400397019458657
n	n	4.244696468689909
t	t	4.240449277761226
ˈa	ˈa	4.208651553471372
l	ɰ_o	4.14950585922825
z	z	4.111447414793193
s	s	4.075309467225324
ˈø	ˈɔ	3.9546995264841724
ˈe	ˈe	3.8902177163731686
a	a	3.7257705938824763
ˈɛ	ˈe	3.476547287228216
v	v_o	3.4740885457860626
r	r	3.3414551594340502
ˈø	ˈo	3.312946809428218
u	o	3.163645131322171
e	e	3.132137430211601
ŋ	n	3.0242462954277474
n	ŋ	2.8613969587303463
k	k_o	2.544075679843995
z	z_a	2.2107036793355426
ˈe_j	ˈe	2.198647884666798
s	s_e	1.7476594251864606
ˈu	ˈu	1.566616558775966
ˈɔ	ˈo	1.4861469681219581
j_#>	#>	1.4097710485534254
e	ˈi_r	1.39785697534539
p	p_o	1.152188637811863
ˈe	j_ˈe	1.1328163299613452
#>	e_#>	1.0970084647293625
<#_l	<#	0.9839273098918813
j	ʤ	0.9164126061728902
<#_ʧ	<#	0.9059896797433348
u	e	0.9013905088953555
ə	e	0.8677823084454424
ˈa_j	ˈa	0.8460340039719174
<#	<#_z	0.8459643597751321
r	a_r	0.8382415536514711
ˈə	ˈe	0.8276364118608356
a	z_a	0.8198665737181644
i	o	0.793203366964197
e	r	0.4224303498255782
#>	r_#>	0.20371756061966606
#>	o_#>	0.10654384819517897