Phone1	Phone2	PMI
ŋ	ŋ	7.680252548921854
ˈø	ɥ_ˈɔ	7.043018483174733
ʤ	ɡ_l	7.001487458051692
z	ʒ	6.897617147027912
ˈɔ	ɥ_ˈɛ	6.791024936486486
ɲ	ɲ	6.730464901755397
ɡ	ɣ	6.422073339981658
o	u	5.976276044679255
ˈo	ˈa_w	5.860365913303574
b	b	5.561920818711898
f	f	5.515858263167161
d	d	5.321675263786882
ɡ	ɡ	5.305080839837427
ˈu_r	ˈu	5.231908360156853
ˈy	ˈy	5.185863490287645
ˈɔ	ˈɔ	5.129530326286291
m	m	5.089828869588246
t	t	4.774017829225071
p	p	4.696986400540252
ˈø	ˈy	4.6223503420141485
n	n	4.517859996744199
ˈi	ˈi	4.4648826077801065
k	k	4.447307162895089
ˈu	ˈu	4.435884412427856
i	i	4.387211370312829
d	ð	4.381349937168575
n_t	n	4.3477801039947
r	r	4.180132570906193
ˈɛ	ˈɛ	4.1069497752781885
e_#>	#>	4.100327949156336
s	ʦ	4.0945996563014715
b	β	3.922749989328732
ˈo	ˈu	3.916281690809501
s	j_s	3.882267902280891
t	ð	3.8813611444806115
l	l	3.8759420585643523
<#	<#_e	3.812684968468895
s	s	3.7828019470749967
e	e	3.777120035861388
ˈø	ˈɔ	3.741589404007265
ˈa	ˈa	3.6843160292359927
a	ɔ	3.652185833371972
r	ɾ	3.649712596969657
ˈy	ˈu	3.6441549343511093
ˈɛ	ˈe	3.613936871193704
j	ʒ	3.598326630887804
ʋ	v	3.5324669633225123
ˈo	ˈɔ	3.473029420341314
ˈe	ˈɛ	3.4486113274522916
ˈe	ˈe	3.4303295279486172
j	l	3.41972374675841
f	w	3.408493381336986
ˈu	ˈɔ	3.4026984770696993
t	ʧ	3.221452238132144
#>	w_#>	3.1111587723431624
#>	n_#>	3.0671261077541025
a	a	3.048827319577368
#>	ˈi_#>	3.0127881530772274
<#	<#_v	2.9730707166641803
o	w	2.9545930386806845
r_a	ɾ	2.7521671209727785
ʧ	ʧ	2.647082294886082
ˈe	ˈi	2.5694589752905177
e	v_e	2.4470529302893755
ˈi	ˈe	2.383172511531644
#>	s_#>	2.20669902077817
d	d_ɾ	2.185546445601523
t_e	t	2.119988856982551
r_e	r	2.1020530083284963
<#	<#_ˈa	2.0569081789622743
<#	<#_a	2.0569081789622743
ʧ	l	2.051616590337818
r	j_r	2.044282410965568
e_r	e	1.9478791041792907
k_w	k	1.801739693392812
#>	e_#>	1.7925846721573169
j	ʎ	1.6845243255931588
a	a_β	1.5408644307059585
ˈo	ˈy	1.3504955348964265
ɡ_w	ɡ	1.2499050866885226
t	t_ɾ	1.1890218577552338
e	a	1.1548402958251789
e	j	1.12656848556303
ˈɛ	j_ˈɛ	1.0310453730613687
e_r	ɾ	0.9892816051094193
ˈɛ	ˈe_j	0.8990883038072081
e	ɾ_e	0.8171854565710648
i	e	0.8004095657297718
f_#>	#>	0.7867381309904468
ˈi	e	0.6985990522214599
ˈa_d	ˈa	0.6643615107576017
d	j	0.5987991112708251
ˈo	w	0.5613369480134617
ˈø	ˈu	0.5061478563478652
r_#>	#>	0.47059446509743935
t_#>	#>	0.31968673120202973