Phone1	Phone2	PMI
n_u	ŋ	7.45235475876014
n_e	ŋ	7.12411834766486
l_e	l	6.836255781716395
f	f	6.432219022184833
ð	d	5.9022766017730826
ˈe_ɖː	ˈɛ	5.8872162194942605
r_e	r	5.8155176003095645
u_z	o	5.791656705990452
d	d	5.686368475975111
p	p	5.581992941522704
β	v	5.567264271914124
ˈi_ʣ	ˈi	5.56446088012598
l	ɰ	5.531616529286911
m	m	5.512614474353694
ˈu	ˈu	5.439345700660978
b	b	5.374008748359135
t	t	5.276818092663397
ɡ	ɡ	5.076949192399868
ˈe	ˈɛ	4.95079724215212
k	k	4.886977318064583
s	s	4.826965527450946
<#_i	<#	4.810182497084541
ˈi	ˈi	4.729287653617952
n	n	4.721519385459096
ˈa	ˈa	4.703586076434859
i	i	4.539332858836103
ˈo	ˈɔ	4.501835800691974
e_#>	#>	4.467345687139289
ˈi	ˈe	4.462019865624603
l	l	4.457388627069495
ŭ_#>	#>	4.435435211578013
ɣ	ɡ	4.378830952201685
b	v	4.365742862417759
ˈe	j_ˈɛ	4.248093784641428
a	a	4.239404606587309
ˈu	ˈo	4.191129179509779
rː	r_n	4.181561042334804
i	e	4.172894813430136
ˈe	ˈe	4.127495491721195
o	o	4.113118753752875
u	o	4.054522053568905
ˈo	ˈo	4.054166259018978
e	e	3.998345806454117
r	r	3.828263398093199
ɣ	z	3.754732139579603
<#_l	<#	3.681723493158807
n_ʣ	ɲ	3.640765714966464
a	w_a	3.629250318984549
nː	ɲ	3.596767804363598
e_n	e	3.5280539276879144
ʣ	ʤ	3.4789046600342384
z	z	3.435875266772372
n	ŋ	3.27022561381173
ɖ	d	2.9510040662644217
nː	n	2.941731813390365
ˈe	j_ˈe	2.898724286936978
ˈi_e	ˈi	2.887649034098972
ŋ_ɡ	ŋ	2.7987066740635904
ˈi_s	ˈe	2.7006640812975875
r	j	2.638967729313077
ˈa_ð	ˈa	2.635074596479085
s_k	s	2.543524408328757
rː	r	2.5410738533927457
m	ŋ	2.454363474536869
ˈa_m	ˈa	2.436663767518834
r_ˈa	r	2.3967760059652665
u	ʧ_o	2.387463348995348
ʦ	s	2.336789628914977
k	s	2.2691693237829265
ɖː	ɰ	2.1896630636895265
<#	<#_z	2.180183368757651
e	v_e	2.114824777850827
b	z	2.046409070014097
b	ɡ	2.0291020101499475
ŏ_#>	#>	1.7900699116253445
n	ɲ	1.653313717233065
ĕ_#>	#>	1.6186674854566885
e	a	1.5983998439012088
r	l	1.5759301748164596
l_ˈi	ˈe	1.503938791879679
i_n	ŋ	1.4699537915912164
l_ˈe	ˈɛ	1.3978221584992654
ˈi	z_ˈi	1.3942990828422417
i	d_e	1.3368408896350752
e	w_e	1.2727082949994513
b	k_w	1.235371021303849
ˈu	ˈɔ	1.219274607451213
j	ˈo	1.21878184020156
ð_a	a	1.1874344934478365
j	z	1.131557045868162
a	v_a	1.0290192717564104
s	z	1.0189239989173655
o_r	r	0.9638508482514606
ˈa	ˈɔ	0.9615106862391448
i_#>	#>	0.7311033610525346
e	o	0.6315614415575184
e	ˈi	0.4327428615522631
ˈe	e	0.4119592915904824
a	e	0.294826414706455