Phone1	Phone2	PMI
l_e	l	5.673262180219853
n_e	ŋ	5.50120333482128
f	f	5.452620965002387
n_u	ŋ	5.335319305101076
i	i	5.273255506679957
p	p	5.250850905993294
b	b	5.183549987333863
β	v	5.11247099266629
l	ɰ	5.04030460321721
ð	d	4.983277434984498
ˈu	ˈu	4.960182899982833
d	d	4.950298746914311
m	m	4.812727901094887
ˈe_ɖː	ˈɛ	4.763978688807975
ɣ	ɡ	4.704385702449845
t	t	4.667014686428674
ˈe	j_ˈɛ	4.500427179315396
s	s	4.492013495339794
ŋ	ŋ	4.473817920572279
ˈi	ˈi	4.458691508300105
r_e	r	4.44166504828179
b	v	4.374050982657741
ɡ	ɡ	4.297803257713819
ɡ	z	4.280174907376286
k	k	4.268868558558292
ˈa	ˈa	4.233512575182404
<#_i	<#	4.222447031410152
n	n	4.194932515769824
ˈe	ˈɛ	4.112769705695671
ɣ	z	4.091301367412329
ˈu	ˈo	3.976748193497072
ˈo	ˈɔ	3.962666500595664
l	l	3.927826677119139
u	ʧ_o	3.829196592740396
e	e	3.725502409339071
a	a	3.723194225619456
o	o	3.6822461890067912
ˈi	ˈe	3.64817742380864
nː	n	3.630070957454658
i	e	3.627655385828249
ˈe	ˈe	3.5803342333237405
ˈo	ˈo	3.456391377365339
u	o	3.3911001289780134
r	r	3.346928285133066
ŭ_#>	#>	2.994572916238196
rː	r	2.951936046607309
u_z	o	2.7104307620452945
n	ŋ	2.6510310637067938
e	v_e	2.578225856517737
r	j	2.521985725963762
sː	s	2.254055324122751
n	ɲ	2.250704220575837
m	ŋ	2.2139737299422224
z	z	2.2037348635069227
ˈi_ʣ	ˈi	2.202513448866249
k	s	2.086073037346072
ˈe	j_ˈe	2.071147999292068
j	z	2.0575508162191616
<#_l	<#	1.451756097775013
r	l	1.3308728652829012
b	k_w	1.0596500485682498
e	a	1.0204523146581563
ŏ_#>	#>	0.9981909720793988
b	ɡ	0.5790986674491914
ˈo	ˈu	0.4931840238037913
e	o	0.3470573623017702
ˈe	ˈi	0.3310215328394293
e_#>	#>	-1.9465300554082736