Phone1	Phone2	PMI
ˈo	w_ˈe	5.715255648995594
d	d	5.652152602965937
p_t	ʧ	5.617948327384228
k_ʎ	x	5.458597065831569
v	b	4.987446603407008
ʦ	θ	4.918003115583423
m	m	4.829320589265436
l	l	4.774122227121335
ʃ	θ	4.728519202594725
ˈi	ˈi	4.611335499196558
b	b_w	4.589420803242868
n	n_o	4.553195747605349
s	s	4.534479381379265
t	t	4.464088404373075
ˈu	ˈu	4.437007867195137
ˈɨ	ˈa	4.430669467516247
t	ð_o	4.383065882568427
ʣ	d	4.381676837795626
p	p	4.30252488728615
r_i	ɾ	4.212353164588099
ˈa	ˈa	4.111778558019233
ˈe	j_ˈe	4.089357525506205
t	ð	3.9478896846694327
r	l_o	3.918262593169723
i	e	3.889188731535957
k	k	3.756690323514703
n	n	3.725021176031545
a	a	3.635481209218325
ə	a	3.59385451495834
p	β	3.567278882586045
e̯ˈa	ˈe	3.476480968598567
o̯ˈa	w_ˈe	3.3279998859768267
ˈu	ˈo	3.283394440955447
r	ɾ	3.2108353233740106
o̯ˈa	ˈo	3.177352638496813
u	o	3.127296274527783
ˈe	ˈe	2.939635200016652
b	b	2.9165300601349937
k	ɣ	2.916393237459332
k	ɣ_o	2.864320170733004
ˈo	ˈo	2.7633766892855607
l	ʝ	2.7500004580071367
<#_f	<#	2.7468871477315213
#>	s_#>	2.558665885542235
ʎ	x	2.313582226958024
n	ɲ	2.2787940588705595
ˈi	ˈe	2.244270624907068
j	b	2.239088002061376
ʤ	x	2.116146033238335
<#_ç	<#	2.0793329427711176
e_#>	#>	1.8689054181040825
o̯ˈa	w	1.8461902354678217
n_i	n	1.8027157917286751
ˈi	j_ˈe	1.7648239553679326
k	p	1.761108624958189
ʎ	l	1.6829898679205308
i	j	1.4762654126388266
<#_a	<#	1.4647950668302745
r	l	1.3218836851815925
<#	<#_e	1.214947323793645
i	a	1.1538822199229106
r_i	l	1.086801993757219
w	β	1.0855612346768635
ʦ_i	θ	1.0084844061187546
m	m_b	0.9890882596673112
ɲ	m	0.9807427367230442
e̯ˈa	j_ˈe	0.9333357057088246
i	ɾ_e	0.8823131168330309
ʦ	k	0.8506055750345012
m	ɲ	0.7942539397565869
n	ŋ	0.773504354789021
ˈa	ˈo	0.7148170451724685
<#_j	<#	0.6267711493469581
ˈu	ˈi	0.6149235953323055
ˈu	w_ˈe	0.5975892399926754
ə	e	0.5721788605621932
ˈa	a	0.4053860976947753
ˈu	ˈe	0.3492254687717772
i	ˈe	0.2681737063481972
ə	o	0.1353460661382539
i	o	0.0994984294023759
ˈa	ˈe	0.0897746042227765
i_#>	#>	-1.870326302980964
#>	o_#>	-0.4376595573731137