Phone1	Phone2	PMI
c	kː_j	9.2165290130595
sː	sː	8.29599175920798
ʦː	ʦː	7.892407377608527
j	j_ə	7.646784484330279
ŋ	ŋ	7.45017378087369
nː	nː	7.348273020243416
kː	kː	7.256057290240707
b	b_w	7.170990810470199
ʎ	ʎː	7.074679171119003
ʦ	ʦ	6.778032868131124
tː	tː	6.7475553251852025
rː	rː	6.653459559795349
ɡ	ɡ	6.646318210051294
lː	lː	6.548696192295023
ɲ	ɲː	6.402165155242062
ɟ	ʤ	6.153683454802288
i	i	5.98956145098627
f	f	5.96917204080965
d	d	5.89550587812129
ʧː	ʃː	5.889141858908338
m	m	5.617477648867909
ʃ	ʃː	5.600843535166969
f_j	ʃ	5.598500119218212
m	mː	5.549296909098706
s	s	5.40415247276746
ˈe	j_ˈɛ	5.294026168969363
p	p	5.13599179870169
w	w	5.0941541534407655
ʧ	ʃ	5.066856865153317
v	v	5.03373948828888
ˈu	ˈu	4.982875825465526
l	l	4.933374301974295
b	b	4.801039477608258
ˈi	ˈi	4.72293349150639
ˈa_l	ˈa	4.687796689200522
c	k_j	4.602621817587463
n_d	nː	4.552040502912002
t	t	4.530964985598225
k	k	4.472166885130195
ˈɔ	w_ˈɔ	4.430021787849515
j	j	4.385406271515781
<#	<#_w	4.284555192647392
ˈɛ	j_ˈɛ	4.232406508927849
r	r	4.216646066689944
n	n	4.199091382465614
ˈɔ	ˈo	4.198740691152784
ɟ	j	4.181156623318413
ˈa	ˈa	4.145343376938632
ˈɛ	ˈe	4.060728149278695
b	v	4.047706311931933
ʃː	ʃː	3.954122549596789
r	ɾ	3.816713002454696
ˈe	ˈɛ	3.760981494636952
ˈo	w_ˈɔ	3.748393402641464
a	a	3.643846068727965
ˈe	ˈe	3.625057023301745
ˈɔ	ˈɔ	3.5728291880807674
ˈo	ˈu	3.557004372121804
ˈo	ˈo	3.5256885084531864
ˈo	ˈɔ	3.406276021546574
u	u	3.2109326533193228
ˈɛ	ˈɛ	3.086598664102904
u	o	3.021455578552007
s	ʃ	2.9818229387303314
ˈɛ	ˈi	2.825270471307536
ˈɔ	ˈu	2.796071554532939
m	m_j	2.724770927936132
v	v_j	2.6438975041420987
b	bː	2.5026670211785382
d	ɾ	2.455595131099488
o	ə	2.4336151254893057
ˈi	ˈe	2.4280567921895204
ɟ	ʤː	2.370779790680765
e	ə	2.145281202209067
u	ə	2.1289776359088792
z	s	2.089668102485206
a	ə	2.0777048484697964
lː	sː	2.0314177132425395
ɲ	n	1.865870433998526
p	p_w	1.2331482427228604
l	l_w	1.188311965019796
n	n_w	1.0700568963413155
ˈi	ˈi_ɾ	1.049142643651673
t_r	t	1.0137017739281744
ˈe	ˈi	0.8851416246871415
p	k	0.7167017478484125
ˈi	i	0.5912937866203448
n	nː	0.5890717521428203
e	ə_ɾ	0.5827990170200182
e	ˈi	0.5408798399716883
e	i	0.4589514709520613
l	ɾ	0.3798824585529629
i	ə	0.0919853562285819
u	a	0.0293667845227868