Phone1	Phone2	PMI
ŋ	ŋ	7.495906954400295
ʎ	ʎː	7.291296979788488
c	kː_j	7.194036675134713
kː	kː	7.058597233331911
tː	tː	6.714734255863007
ɡ	ɡ	6.7106484654749385
lː	lː	6.61565283040685
ɲ	ɲː	6.558821160687183
ɟ	ʤ	6.214413116167271
i	i	6.208179943496089
ˈe	j_ˈɛ	5.8903840452338585
m	mː	5.873676678044879
f	f	5.847851872576237
d	d	5.823179489765432
m	m	5.811656146146763
s	s	5.767069757133559
ʦː	ʦː	5.677583966288206
ʧː	ʃː	5.505188213602826
p	p	5.140009697178512
ˈu	ˈu	5.097569095450569
v	v	5.0246998250726405
ʧ	ʃ	4.970325508858945
l	l	4.856913738277302
t	t	4.83373567211913
ˈi	ˈi	4.650605073948055
ˈɔ	w_ˈɔ	4.603241112476606
j	j_ə	4.472355733205502
n	n	4.465370818954357
k	k	4.427650464008584
sː	sː	4.405928051950106
nː	nː	4.391117304586289
b	b_w	4.265195436817569
ˈɛ	ˈe	4.23020225665643
ˈa	ˈa	4.151568953550247
r	r	4.145223437309509
ɟ	j	4.131986861963669
ˈe	ˈɛ	4.109168416585295
ˈɔ	ˈo	4.000004706133167
w	w	3.945710965119589
b	v	3.812220963906421
ˈo	ˈɔ	3.694578457581221
r	ɾ	3.684509993457095
a	a	3.5811418105393336
ˈo	ˈu	3.3824518233093377
<#	<#_w	3.245583972624691
ˈɔ	ˈɔ	3.135026397855724
u	u	3.054522372217531
b	b	3.019939466847509
ʦ	ʦ	3.018620019739185
ˈɛ	ˈɛ	2.944728698737332
ˈɛ	ˈi	2.933651718082046
m	m_j	2.9229623765686585
ˈa_l	ˈa	2.8590102658120164
ˈɔ	ˈu	2.7989834404333065
ˈɛ	j_ˈɛ	2.7438767879694805
ˈo	w_ˈɔ	2.743002595613316
s	ʃ	2.68768187673868
j	j	2.687543647778097
ɟ	ʤː	2.5181992387641947
ˈe	ˈe	2.4775028775846444
b	bː	2.334168103678289
d	ɾ	2.2938542068999914
lː	sː	2.170878418148709
e	ə	2.151016602476317
u	ə	2.0600913138567702
a	ə	2.005037347879968
u	o	1.9436756053397173
c	k_j	1.4788764679718516
ˈo	ˈo	1.3977092746913835
j	ˈo	1.3907187407974702
e	ə_ɾ	1.3895632273963665
ʃ	ʃː	1.3428846763831557
ʃː	ʃː	1.3381118596307116
v	v_j	1.313098851250403
i	e	1.0613216221955624
ˈi	ˈi_ɾ	1.0130591508941873
f_j	ʃ	1.0061668889051378
z	s	0.9931924297823485
ˈi	ˈe	0.9196962971015118
ɲ	n	0.8749547297191527
ˈe	ˈi	0.8651374953069793
i	ə	0.7199763101246589
n	nː	0.6994879027751845
p	k	0.4709750143403154
w_e	ə	0.3370195471542304
u	a	0.3092952059827814
e	ɾ_ə	0.306851160130616
e	ˈi	0.2411309372291907
l	ɾ	0.2053522881710091