Phone1	Phone2	PMI
c	kː_j	9.004005177377351
sː	sː	8.721186924185805
ʦː	ʦː	8.049958162140749
kː	kː	7.585572543163276
ŋ	ŋ	7.535210549528969
j	j_ə	7.428429037488328
ɲ	ɲː	7.0625103747933275
lː	lː	6.838633672424791
ʦ	ʦ	6.818965942381132
ɡ	ɡ	6.742837537639821
rː	rː	6.695014206400582
ʎ	ʎː	6.674529511697856
ɟ	ʤ	6.407646023874876
tː	tː	6.314343781118222
c	k_j	6.117414369347004
f	f	5.965894541087559
d	d	5.7431371328640335
ʧː	ʃː	5.7300749331583445
i	i	5.700632856203365
s	s	5.464222660903147
m	m	5.377906183664434
m	mː	5.3218845998258875
ˈe	j_ˈɛ	5.258958906091971
v	v	5.207078199072166
w	w	5.104784982968635
ʧ	ʃ	5.100222413181508
p	p	5.044510216556039
l	l	4.965751276936235
ˈu	ˈu	4.939831964664403
n_d	nː	4.893541546652559
ˈi	ˈi	4.881324134329481
ˈa_l	ˈa	4.862711300370795
b	b	4.66533906681247
b	b_w	4.604044037850799
nː	nː	4.594056746011727
ˈɔ	w_ˈɔ	4.577263348996297
j	j	4.541922372996948
t	t	4.509103760561304
k	k	4.356099153852472
n	n	4.259890413209118
b	v	4.246219500471682
ˈɛ	ˈe	4.244737783670155
ʃ	ʃː	4.2388560999416995
ɟ	j	4.210866714954417
ˈɔ	ˈo	4.143042788531156
ˈa	ˈa	4.125564408314978
r	r	4.098898393396629
ˈɛ	j_ˈɛ	4.048998038102826
ʃː	ʃː	3.9898336003743933
ˈe	ˈɛ	3.645395907309234
r	ɾ	3.6382837584981593
a	a	3.60046977674802
ɟ	ʤː	3.5633315968178443
ˈo	ˈu	3.4855133034214494
ˈe	ˈe	3.4320402924414304
ˈo	ˈɔ	3.3885943236130878
f_j	ʃ	3.341674865213626
ˈɔ	ˈɔ	3.3295295638673306
s	ʃ	3.2284161900585415
z	s	3.2119475291627606
ˈɛ	ˈɛ	3.176153210373622
u	o	3.1636049243865068
ˈo	w_ˈɔ	3.091265341149978
u	u	3.042134368254051
ˈo	ˈo	2.854131776071875
ˈɛ	ˈi	2.849465412674053
ˈɔ	ˈu	2.6818838090513606
i	e	2.639124779327451
v	v_j	2.5861382625641087
m	m_j	2.563644116788425
d	ɾ	2.5535147633830526
b	bː	2.55270822376762
l	l_w	2.38983211360911
<#	<#_w	2.327432870992343
ˈi	ˈi_ɾ	2.2476960432340736
e	ə	2.149214128096784
u	ə	2.105662417122934
a	ə	2.052498904242463
lː	sː	2.042182398079849
e	ə_ɾ	1.9155353517096936
o	ə	1.9132018439802705
ˈɔ	u	1.8959828530500569
ˈe	ˈi	1.6041286922857594
ˈi	ˈe	1.570753918545014
p	p_w	1.2693265620416994
ˈi	i	1.2202136929098555
t	t_j	1.1754512473732688
n	n_w	1.0597970554532647
ɲ	n	1.026913036319758
p	k	0.6975494026067655
e	ɾ_ə	0.5514469599675617
e	i	0.5313226282800377
e	ˈi	0.4493750483545993
i	ə	0.41814515159989846
l	ɾ	0.1015832535866942
u	a	0.05327200187440631