Phone1	Phone2	PMI
ʃ	ʤ	7.830975113831429
ɲ	ɲ	6.445621033667159
ɣ	ɡ	6.384431507506174
ɡ	ɡ	6.379682071621742
ˈa_ɾ	ˈaː	6.085672881683174
o	o	6.062681791258442
w	w	6.021044443633678
n_u	ŋ	5.911411197608156
f	f	5.892373760100418
ˈo	w_ˈi	5.555513080629062
ˈu	ˈuː	5.357812724831861
p	p	5.3351728949147
ˈu	ˈu	5.260727359397813
d	d	5.121534048686037
j	j	5.118902592790882
θ	ʧ	5.111617935471279
ŋ	ŋ	5.053578006888332
m	m	4.980625835323622
j_ˈe	ˈi	4.979593025141788
w_ˈe	ˈɔ	4.95840207804343
u	i	4.762582372582143
β	v	4.709630373021181
b	b	4.708374828708855
ɾ_u	r	4.695906077341942
l_u	l	4.64924765737756
ˈi	ˈi	4.608961621106663
ð	d	4.58990012208861
ˈo	ˈoː	4.571667434530643
k	c	4.520515027688582
t_u	t	4.514435547149806
i	i	4.469723870302978
t_e	t	4.459258158319274
ʧ	t	4.458074455277609
ˈe_ɾ	i	4.407821444764062
b	v	4.342966498415899
k	k	4.195304855991622
n	n	4.161389921126687
l	l	4.139378933145755
ˈe	ˈeː	4.112150963319149
e	i	4.087463483014453
ʎ	l	4.048895438971866
ˈo	ˈo	4.033913464272132
ˈe	ˈe	3.9955151593493903
ˈe	ˈɛ	3.96452094125434
r	r	3.895717842638912
θ_j	ʧ	3.8597454803625766
ɾ	r	3.857464536028128
s_u	s	3.82022952605164
s	s	3.8189728606349194
<#_e	<#	3.779207618274132
t	t	3.770890588923819
ˈa	ˈa	3.7529085449851993
k_u	k	3.65258666874375
a	e	3.618490254094791
ˈu	ˈo	3.3361078334762277
ʝ	j	3.311174349670223
n	ɲ	3.294408452676401
m_e	m	3.1909687254487147
ð_ɾ	r	3.1737690870387545
a	a	3.1565946199542267
o	u	3.1226351547532536
ˈa	ˈaː	3.0921925749361208
ʎ_u	l	2.9470035502042125
θ	s	2.8304952367989467
ˈo	ˈa_l	2.678788282121541
ˈe_ʝ	ˈɛ	2.6260388406890693
ˈi	ˈiː	2.509202275251384
β	b	2.4850763800697093
ˈo	ˈɔ	2.362811619451617
j_ˈe	ˈiː	2.357538870964666
ð	t	2.107380901242446
e	e	1.8727359544398168
<#_a	<#	1.8115118661312128
θ	z	1.7817388759269828
ɾ_n	r	1.5984530911440529
<#_ʃ	<#	1.4794818667081375
ˈe	ˈi	1.4633376704801853
e_#>	#>	1.4180622539939338
β	f	1.3795960748628842
ˈo	w	1.3556070160988385
s_#>	#>	1.3334043934488504
β_u	f	1.2129242037600454
β_e	f	1.1544709452680015
t	l_t	1.0691445004687532
o	i	1.019279105022081
ɾ	a_r	0.8199826833152299
j_ˈe	ˈɛ	0.8159455822380872
ˈe	ˈa	0.8155062097170146
ɾ_#>	#>	0.812735952804245
ɲ	ŋ	0.7033448711452457
ˈe	ˈiː	0.669186960900376
ʃ	s	0.6549801441146046
#>	t_#>	0.612584267786135
ˈo	ˈa	0.4280132954356736
d	t	0.3357154189324028
ˈe	i	0.1972317466510214
u_#>	#>	-0.6677104559602901