Phone1	Phone2	PMI
ɡ	ɡ	6.953784737131438
ŋ	ŋ	6.91295450938779
w	ʧ_e	6.564169159659644
ɲ	ɲ	6.525694632010682
ʒ	ɟ	6.473885449460714
i	i	5.968271444836282
ʎ	lː_u	5.961421229749895
f	f	5.880832501233027
ˈu	ˈu	5.833581593412204
m	m_e	5.753347315239961
d	d	5.649367114485725
ɾ	e_r	5.297583184210568
w	w	5.264518027648759
n	n_t	5.26075183428713
m	m	5.220800505055461
p	p	5.013958979044967
l	l_u	4.988005071243486
t	tː_u	4.87091866704487
ˈi	ˈi	4.855134241675297
ð	t	4.700537737720933
s	s	4.667075223651075
b	b	4.658500523909066
ɣ	k	4.582386063117574
k	k_u	4.574313300697486
k	kː	4.455146613419531
ˈo	ˈɔ	4.387986405904679
b	v	4.376872045920978
l	j	4.280909352329882
ɲ	ɲ_u	4.271400662409898
ˈɔ	ˈɔ	4.270375653282343
k	k	4.175821310612605
ˈɛ	ˈɛ	4.120656501489304
ˈa	ˈa_n	4.080660534975722
w_ɾ	e	4.0230240449998185
β	v	4.009871679533964
r	r	3.987471116353648
ˈɔ	ˈo	3.9830941041451
t	t	3.959826889485728
ˈa	ˈa	3.876119581170996
u	o	3.872061798044029
ʎ	l	3.8692162816063136
ɾ	r	3.853325325873363
ˈe	ˈe	3.845869981538159
s	ʧ	3.75941374156323
ˈe	ˈɛ	3.756740771782987
l	l	3.732775821854368
n	n	3.665779374306189
t	tː_e	3.582909022517857
ˈɛ	ˈe	3.5702693654522077
u	u	3.503860705357428
β	p	3.3611753578514856
l	lː	3.299349825308418
ə	a	3.220844651726149
ˈi	ˈi_n	3.115440173867024
t	t_e	2.983924446828308
ʎ	ʎ	2.919390190103857
ˈo	ˈo	2.856281632494646
β	b	2.849581244994541
ʎ	lː	2.834019683749569
l	l_e	2.4344713303846426
ˈi	ˈe	2.165678408244696
t	tː	2.146087324111394
w	e	2.044175367087196
<#_ə	<#	1.9440862384242763
ə	i	1.932009066614046
s	ʦ	1.8815531802177392
t	t_u	1.7587470586418674
s	sː	1.738304153046539
s	ʧː	1.6902243962996883
ˈo	ˈu	1.6575376865915152
j_t	tː	1.377728112855332
w	ʦː_u	1.305551348814712
ə_s	s	1.1806711603591222
s_#>	#>	1.085729874025884
#>	i_#>	1.045301705961736
r	r_u	0.9326666720669692
ˈi	e	0.8545561922309095
ˈu	ˈo	0.688185568248789
w	u	0.681517227246529
ˈe	ˈa	0.5342425492075068
ˈu	ˈɔ	0.3808265245966598
ə	e	0.3605597292032346
#>	e_#>	0.2219535347605957
#>	u_#>	-0.0749718433149763
ə	u	-0.0040082461572745