Phone1	Phone2	PMI
b	b	7.157593423251925
f	f	6.087258335595642
u	ʧ_o	5.895195344700504
d	d	5.541150470594288
z	z	5.357029155138403
ɡ	ɡ	5.2066863755135575
k	ɡ_o	5.186737571804516
m	m	5.140553314662799
s	s_o	5.111780835276649
l	ɰ	5.083763077499947
p	p	4.865429214023268
p_t	t	4.786294673415734
v	v	4.682268500617396
<#_w	<#	4.617764041127595
ˈi	ˈi	4.5763811573901965
e̯ˈa	ˈe	4.257579967617108
ˈo	ˈɔ	4.213116430816918
ʃ	s	4.2029655819079865
k	k	4.1700294168188305
ˈu	ˈo	4.167231652235551
t	t	4.095524197206644
l	j	4.068213799231081
ɡ_ʎ	ʤ	4.067372927405848
r_i	r	4.014722369556127
ʎ	ʤ	3.985351403306869
ˈɔ	ˈa	3.917733176537969
i	e	3.8068058998161955
o̯ˈa	ˈɔ	3.803805016061644
ˈa	ˈa	3.7773374057754943
n	n	3.7403130946348737
ˈe	ˈe	3.730075055044323
j_n_i	ŋ	3.7150657615864535
ˈo	ˈo	3.699143564400096
ʦ	s	3.6812066309407494
ˈi	ˈe	3.634374504114355
ˈi_ʎ	ˈi	3.6239929380240796
s	s	3.6133132089705398
r	r	3.586434646398549
ˈu	ˈu	3.483786422012253
ə	a	3.4688970956346243
o̯ˈa	ˈo	3.312038412122571
l	l	3.2697270413665005
ˈe	ˈɛ	3.241790362027569
p	k_w	3.2107706751736362
t	t_o	3.1689463510987483
n	n_o	3.14419647703003
j	ˈɛ	3.0942010312856647
n	ŋ	3.043152168800879
ˈu_k	ˈɔ	3.027438458438575
j_ˈa	ˈɛ	2.988538533920698
r_i	l	2.9173737223117686
w	v	2.885083142460224
kʲ	p	2.8557948321358104
u	o	2.725304429273501
ˈe	j_ˈe	2.7179276111283794
ˈa	ˈɛ	2.622908205714236
r	l	2.5562219570871636
ŋ	ŋ	2.499383448874068
m	m_o	2.3768833727531375
<#	<#_f	2.243929037954508
ˈu	ˈɔ	2.077836953333443
r	r_o	1.9016739814995365
s	z	1.545134151189894
t	d	1.5274901685249853
p	v	1.5050042132182844
k	ɡ	1.4692774177994257
e	e	1.4545754640985231
ʦ	d	1.3064491301806447
ə	e	1.2121077950059544
i	a	1.2058328950445427
j_#>	#>	1.0193723078505177
k	k_o	1.0147324820325145
ˈa_t	ˈa	0.9861864331448926
ʦ	k	0.9775807769007192
ɲ_ˈe	ˈɛ	0.9648033923615902
ʒ	z	0.9588890810516407
m	ɲ	0.9155533270232299
z	d	0.9118244237150342
ˈa_p	ˈa	0.9059877975705763
m	ŋ	0.8855526615368011
ʦ	t	0.745425677427212
u_r	r	0.7332754804034562
ˈu	ˈi	0.5413358613978059
ʦ	z	0.5191295989200571
<#_l	<#	0.4387446157010356
i	o	0.04728368462126334
i_#>	#>	-0.6187978602088543
#>	o_#>	-0.4844065598503488
ə	o	-0.18090468575061122