Phone1	Phone2	PMI
d	d	6.218364035294696
m	m	6.101427254270914
u	ʧ_o	6.015669627239555
l	ɰ	5.990863330544709
ɡ	ɡ	5.879494678947966
ʎ	ʤ	5.861088254134288
v	v	5.8181043744751655
p	p	5.74345314905664
b	b	5.588021060167708
p_t	t	5.119304579336263
f	f	5.047588402879838
k	k	4.95893382084749
t	t	4.912319267224048
e̯ˈa	ˈe	4.870147694767009
ˈi	ˈe	4.51903537533429
i	e	4.486660164932302
ʦ	s	4.461334350448589
n	n	4.428413183235083
ˈu	ˈo	4.407909220728438
r_i	l	4.361018493920677
r	r	4.310107252073649
ˈɔ	ˈa	4.290720365217347
ˈa	ˈa	4.279277908021043
ˈu	ˈu	4.259782307044528
ˈi	ˈi	4.168513933317166
s	s	4.073705941498011
ə	a	3.8205287506662406
ˈe	ˈe	3.79233667281783
k	ɡ_o	3.683924843255123
u	o	3.5864137297781613
#>	o_#>	3.488869343900724
ʃ	s	3.4313805550906182
n	ŋ	3.4260186549018683
ˈo	ˈo	3.3532542372844163
r_i	r	3.345113190963826
z	z	3.3221890379293386
ˈe	ˈɛ	3.028849402008747
l	l	3.0287870213425587
o̯ˈa	ˈo	2.979688854997239
ˈo	ˈɔ	2.9237344838518737
ˈa	ˈɛ	2.78509647605517
ˈi_ʎ	ˈi	2.7140236685653205
n_i	ŋ	2.659450906038114
ŋ	ŋ	2.469681124010396
o̯ˈa	ˈɔ	2.445468621982396
j_n	ŋ	2.4156783075096087
w	v	2.349077759688981
s	s_o	2.291604174140384
<#	<#_f	2.2656683981692414
l	j	2.1235472936136714
r	l	2.063072674583697
<#_w	<#	1.7206692522415288
i	a	1.5364089347392382
m	m_o	1.5062905811063396
ɡ_ʎ	ʤ	1.4638983667935015
ˈu	ˈɔ	1.416734417559801
t	d	1.4018579817431174
s	z	1.3847250281663974
ˈo	ˈi	1.3318767165263208
j_ˈa	ˈɛ	1.2874388629720714
p	k_w	1.247118806616926
ˈu_k	ˈɔ	1.2429603787047818
ʦ	t	1.2397135824421175
t	t_o	1.2147074549951316
j_n_i	ŋ	1.196803947445543
n	n_o	1.1555855942175457
ə	e	1.1281848038809776
j	ˈɛ	1.1060201131373275
r	r_o	1.092341903794316
j	v	1.0824365735425308
k	ɡ	1.0694402238552518
ʒ	z	0.9590628539159358
i_#>	#>	0.8899870634164999
kʲ	p	0.824535250103534
a	e	0.8098907194441297
k	z	0.6606922346500009
j_#>	#>	0.6530472978591524
ˈe	ˈa	0.5613866705693025
l	o	0.3876503358760483
ə	o	0.332454869349702