Phone1	Phone2	PMI
b	b	6.691637614496738
u	ʧ_o	5.911810023248037
f	f	5.8403159871618655
m	m	5.335033923488657
d	d	5.330372050669632
ɡ	ɡ	5.157349498746565
ˈe	j_ˈe	5.069844768122001
k	ɡ_o	4.975666883958426
v	v	4.966587170147363
p_t	t	4.828970874685713
l	ɰ	4.828323132878385
z	z	4.798322789520841
p	p	4.571617081379409
t	t	4.430700417933261
r_i	l	4.317246693231124
p	k_w	4.305892268635505
ˈi	ˈi	4.247252188767198
j	ˈɛ	4.241509426695165
ˈɔ	ˈa	4.157297355614647
e̯ˈa	ˈe	4.120158013826777
t	t_o	4.107699866903075
ʃ	s	4.04186468795721
s	s_o	4.028885989213478
l	j	3.9793960338767285
ˈo	ˈɔ	3.95455492077051
k	k	3.936240358151606
ˈa	ˈa	3.925981829105205
i	e	3.9057345079197487
n	n	3.8326358551809157
<#_w	<#	3.8247087917485256
ʦ	s	3.808121626311097
s	s	3.738862395085094
ˈo	ˈo	3.708930989410766
ˈi	ˈe	3.6990586838224577
ˈu	ˈo	3.655862076106567
r	r	3.5744608898683414
ə	a	3.528179673717313
ˈu	ˈu	3.4750789329588945
ˈe	ˈɛ	3.266863229471448
o̯ˈa	ˈo	3.2539900972077995
ˈu_k	ˈɔ	3.180733776019144
o̯ˈa	ˈɔ	3.167584029144468
j_ˈa	ˈɛ	3.1573552030317016
n	ŋ	3.1086499276744117
ˈu	ˈɔ	2.943599404654243
r_i	r	2.8730682559803347
ˈe	ˈe	2.8400186057963315
j_n_i	ŋ	2.74503798707385
n	n_o	2.6539099200643146
u	o	2.583455143992846
z	d	2.436522607820644
m	m_o	2.396531532739354
ˈi_ʎ	ˈi	2.352601130288704
u_r	r	2.31479823553441
l	l	2.2821361342916067
s	z	2.1221153928869696
k	k_o	2.047764675570647
ʦ	z	2.0419320924484863
ˈa	ˈɛ	2.026571849842824
r	r_o	1.9751280121826658
w	v	1.9737658049793962
r	l	1.9309789190320323
p	v	1.9135632531084452
kʲ	p	1.836228084446477
<#	<#_f	1.8358362892965945
k	ɡ	1.788067371092286
ˈu	ˈi	1.7089164241506787
ŋ	ŋ	1.6871912224471937
ʎ	ʤ	1.4974949311638202
ˈɔ_j_n	ˈa_ŋ	1.475139066974282
ə	e	1.4599441138885536
ˈi	f_ˈi	1.2517827393847223
ʦ	d	1.2092584099652801
ʒ	z	0.9454492523277207
i	a	0.9250818678989431
ˈa_t	ˈa	0.8767795474655623
ʦ	t	0.820554083430043
<#_j	<#	0.7189097099100709
w	o	0.676431181032132
ʦ	k	0.6356390267797168
m	ŋ	0.38425266587901646
r	ɰ	0.31817047913288177
<#_l	<#	0.21369594757655327
i	o	0.10716816241915371
i_#>	#>	-0.5910229003720262
#>	o_#>	-0.41319760022073854
ə	o	-0.1053882067637922