Phone1	Phone2	PMI
b	b	7.75682825331001
u	ʧ_o	7.137351862582238
f	f	6.5812794033202096
p_t	t	6.480755461652212
k	ɡ_o	6.319864077072815
s	s_o	6.310348049897332
z	z	6.19024898548495
ˈe	j_ˈe	6.129203127144645
d	d	6.127712888452887
m	m	5.838129322732962
ɡ	ɡ	5.778420500821655
r_i	r	5.7542896697972
l	ɰ	5.624371105018136
j_n_i	ŋ	5.603629739298353
p	p	5.298063205665458
v	v	5.194743253932385
ˈi	ˈi	5.193223994390898
ɡ_ʎ	ʤ	5.036338112054777
t	t_o	5.024241502006119
e̯ˈa	ˈe	4.885085967524302
ˈo	ˈɔ	4.793729379996706
ˈu	ˈo	4.781720391249
ʃ	s	4.726366002621704
k	k	4.723402900748757
t	t	4.669940734145892
ˈi_ʎ	ˈi	4.639179769256825
l	j	4.540781373478021
ˈɔ	ˈa	4.465184347123741
<#_w	<#	4.42999155796817
o̯ˈa	ˈɔ	4.2978260837862114
ˈa	ˈa	4.297328374122388
w	v	4.2786203769988695
ʎ	ʤ	4.268133031439961
ˈo	ˈo	4.252614656359005
ˈi	ˈe	4.224516542718049
i	e	4.223518845520565
n	n	4.210831943447057
ʦ	s	4.208330187287936
s	s	4.150109369630006
r	r	4.110948303592564
n	n_o	4.086247954594629
ə	a	4.073367923875074
ˈu	ˈu	4.008293280656158
ˈu_k	ˈɔ	3.996403643087504
o̯ˈa	ˈo	3.843303241603731
p	k_w	3.828496885600874
ˈe	ˈɛ	3.668570180700524
l	l	3.6208751787562985
n	ŋ	3.5670300705026743
j	ˈɛ	3.4830546766193837
u	o	3.2836234761115737
ˈe	ˈe	3.21056771751253
r	l	3.1680891417997032
kʲ	p	3.164630033551794
ˈa	ˈɛ	3.1149107798043367
m	m_o	2.8660078694039726
ŋ	ŋ	2.8544140133907883
<#	<#_f	2.7285051732149475
j_ˈa	ˈɛ	2.662583359337821
r_i	l	2.606234778042029
ˈu	ˈɔ	2.602343811977348
u_r	r	2.2440455647172324
k	ɡ	1.9847365477958514
ʦ	k	1.9814338748994766
t	d	1.911145054087468
ə	e	1.9051475644317648
p	v	1.8832948082413736
s	z	1.8667647168000179
i_#>	#>	1.7663667040863795
i	a	1.7569632751920812
r	r_o	1.6729165606411163
e	e	1.6688369458597072
ʦ	d	1.5575824904320368
#>	o_#>	1.4833131357090972
ɲ_ˈe	ˈɛ	1.3045767116380818
k	k_o	1.251827298906033
m	ɲ	1.0896597657925546
ʒ	z	1.0671339947703735
j_#>	#>	0.7700916432437825
ʦ	z	0.7077686093819009
i	o	0.6316492585175435
ʦ	t	0.5635643337978496
l	o	0.25878471948872356
ə	o	-0.03582178982063162