Phone1	Phone2	PMI
k_ə	ʃ	6.351867872312594
b	b	5.76491289989573
o̯ˈa	ɥ	5.411678561016148
d	d	5.410044068541692
p	p	5.244636690412046
t	t	5.107760863243522
n_ə	n	5.022091160937724
ˈu	y	4.744929593182834
m	m	4.744615134374684
f	f	4.72563345733503
ɡ	ɡ	4.599927445359373
v	v	4.566784878794498
n	n	4.50892726025321
ˈi	i	4.448425457222281
ʦ	s	4.24607087780609
k	k	4.221612610049269
s	s	4.03269517598724
u	u	3.885788256255808
l	l	3.7156322231486834
ʎ	l	3.677871263728286
ˈu	u	3.6632483585994207
ˈa	æɛ̯	3.639952072383906
e̯ˈa	ɛ	3.6085964635369976
e_#>	#>	3.569049103550236
ʣ	ʣ	3.558159448964494
j_#>	#>	3.3606143482451603
ˈo	œ	3.2745713477938736
r_i	ʁ	3.26777332210558
ˈa	a	3.262940528932873
ʣ	ʒ	3.0975358278904643
r_ə	ʁ	2.856577363802233
k	ʃ	2.8324505987163784
r	ʁ	2.710953753137592
i	e	2.6569689462851
j	v	2.616802016216633
ˈo	ɑɔ̯	2.592616557305251
ˈi_n	ẽɪ̯̃	2.579130105773037
ʃ	s	2.4000878303687148
e̯ˈa	w_ɛ	2.3844896437699155
ˈe	w_ɛ	2.140297113496444
r_i	e	2.130308510286888
t_i	t	2.076366061516805
ˈi	ã	2.0223739701991983
w	f	2.009042256001342
ˈɨ	æɛ̯	1.9879066586390488
i_r_i	ʁ	1.932667843873622
m_ə	m	1.932391595408518
ɲ	m	1.8984306206998571
ˈi	ɪ	1.894827609296668
u_#>	#>	1.8738155861112011
ə	a	1.7290127794337302
ə	æɛ̯	1.7219541583417066
l	oʊ̯	1.6454769004612986
i	i	1.566334906889692
ˈe	ɛ	1.55461804347288
ˈi_n	ã	1.5169786722703755
ˈu	ɒ̃ʊ̯̃	1.4888204895680397
i	ɛ	1.3103564037827726
ˈo_k	øʏ̯	1.2156145496229274
ˈu_n	ɒ̃ʊ̯̃	1.2038011156231916
ˈa_r	e	1.1947217915554114
ˈu	w	1.073785441167937
ˈo	u	1.0429848083695388
ʤ	ʒ	1.0264565807491917
ç	f	0.8595355795355788
ˈo	øʏ̯	0.8018852311920849
ˈa	ɛ	0.7902548569998726
ʎ	j	0.7259319314458358
n_#>	#>	0.6375254006351543
i	w_ɛ	0.6353644867675692
i	œ	0.625264041661315
k_#>	#>	0.5545179007793856
ʦ	k	0.5427731350984835
<#_a	<#	0.5083270138114111
ˈa	e	0.478613910018995
e̯ˈa	æɛ̯	0.4279819662030681
r	l	0.405372284325587
<#_s	<#	0.3825534323890375
i_#>	#>	-1.942176072285678
ə_#>	#>	-0.3288019360935439