Phone1	Phone2	PMI
ˈu	ˈy	7.130404081872412
j_ˈe	ˈɛ	6.7254554381986775
ɡ	ɣ	6.660068994216129
<#	<#_e	6.51095522524684
z	z	6.417963645647733
ð	ʤ	6.367117659041939
ɡ	ɡ	6.318505144514791
ˈɔ	ˈɔ	6.313038013572145
f	f	6.2427277248971205
p	p	6.030161178913684
ˈa_r	ˈa	6.004897457084332
o	u	5.994444129310623
ˈi	ˈi	5.976827339760694
d	d	5.860110005656598
v	v	5.859071610106905
d	ð	5.743117505512366
m	m	5.684965963904558
ˈo_r	ˈu	5.674611020544406
b	b	5.53267410166211
v	β	5.3211581013168106
ˈe	ˈe	5.245208792717513
t	t	5.213577983441277
ŋ	ŋ	5.2088361935567296
ˈo_ŋ	ˈu	5.183495528553442
ˈɛ	ˈɛ	5.161778613154561
n	n	5.073208468075662
e	e	4.888650713589111
k	k	4.78958189123603
θ	s	4.729828929995892
i	i	4.665912179238057
ˈo	ˈu	4.652363991879847
o_#>	#>	4.515521981688096
s	s	4.4744001033614165
r	r	4.38818559726371
l	l	4.383690084192144
j	l	4.370899011994287
ɲ	ɲ	4.24940011095388
ˈa	ˈa	4.228470475628686
ˈɛ	j_ˈɛ	4.200418773126879
r	ɾ	4.199285893260464
ŋ_t	n	4.020220762630103
a	ɔ	4.015089365760753
a	a	3.8937092674152542
ˈo	ˈɔ	3.841903352035804
s	ʦ	3.807143710877373
ɡ_o	k	3.761718216252916
e_r	e	3.6936908466865104
e_#>	#>	3.6899731365908
#>	e_#>	3.615997177997889
ˈa_ŋ	ˈa	3.6031403139010414
r_#>	#>	3.436355817006797
ŋ_#>	#>	3.3518887876678582
o	e	3.339910883123665
a	ʎ_ɔ	3.2744164082151554
#>	s_#>	3.1753023587829263
ˈu_r	ˈy	3.01855648837378
ˈi_r	ˈi	2.802947319228699
ˈɔ	ˈa_w	2.764085380132692
ˈe_ŋ	ˈe	2.7486454792069317
ˈe_r	ˈe	2.6980568763149977
ŋ	n	2.628971272257912
s	j_s	2.5879831630529555
b	β	2.587332633633048
#>	w_#>	2.499427017472833
n_e	n	2.411139911369101
ŋ	ɲ	2.2710773572226217
e	ɾ_e	2.2531881930176856
ŋ	m	2.1409255025491665
#>	t_#>	2.07357041408384
j	ˈɛ	2.01552945799668
t	ʧ	1.9597989538591816
ˈo	ɥ	1.866759058471867
ˈe	ˈɛ	1.740562630105071
ˈu	ˈu	1.6863192970851766
u	y	1.684376116969165
t_o	ʧ	1.563461526494113
ɡ	k	1.4981176711416728
r_o	r	1.4517484999109496
ˈi_ŋ	ˈi	1.3194701500414534
k_w	k	1.2802161070076097
ˈɔ_ʧ	ˈu	1.269722623028782
t	w_t	1.2664279207494142
r_n	r	1.2311936074403032
ˈa	ˈa_j	1.2221954199640537
r	j_ɾ	1.1453323002784717
r	w_ɾ	1.0354888475863784
<#	<#_ɡ	1.0299206302553283
#>	l_#>	0.8683318342949198
t_#>	#>	0.8301490494511274
ˈo	ˈy	0.7989883937423959
l_#>	#>	0.7930405384954684
r	ɾ_e	0.7757329189674815
t	ð	0.742812267267827
o	w	0.6573342604603408
i	e	0.5075420131474778