Phone1	Phone2	PMI
z	z	7.233411161165998
ð	ʒ	6.612965222778958
ŋ	ŋ	6.26431594547163
ɡ	ɣ	5.968370873561811
f	f	5.925052369176101
ˈɛ	j_ˈɛ	5.809936166788664
i	i	5.784326923735861
b	b	5.641817325058548
v	v	5.384186048632316
ˈu	ˈy	5.341745893048673
ɡ	ɡ	5.251498572964486
j_ˈe	ˈɛ	5.244355639634072
d	d	5.20662123880863
m	m	5.172528228178638
ˈi	ˈi	5.064927604438388
ˈɔ	ˈɔ	5.038665860470521
o	u	4.953920537093322
p	p	4.9328706707489784
j	ʎ	4.887403453987793
e_r	e	4.725170823296289
t	t	4.722421509977911
k	k	4.662791872743387
t	ʧ	4.654260857159754
ˈa_r	ˈa	4.602765084477112
ˈe	ˈe	4.5580779858417095
ˈi_ŋ	ˈi	4.522266464661376
v	β	4.468353960500464
n	n	4.394426876634216
ˈa_ŋ	ˈa	4.271595916578091
ˈo	ˈu	4.1378851410618935
e	e	4.108562184616827
s	s	4.0914925750940805
<#	<#_e	4.089138159100796
ˈɛ	ˈɛ	4.081083305271761
θ	s	4.067404625590838
r	r	4.065003961430563
k_w	k	3.9454914008724717
r	ɾ	3.941121768465654
d	ð	3.9127614846775893
ˈa	ˈa	3.8453886553227523
l	l	3.725638939868247
a	ɔ	3.667205050709481
ˈɔ	ɥ_ˈɛ	3.648083302126576
ˈo	ˈɔ	3.5426563766469092
j	l	3.267105186678461
#>	w_#>	3.2504112655769406
a	a	3.212311438458717
ˈe_ŋ	ˈɛ	2.8462162305152345
e_#>	#>	2.8280110992438297
o	w	2.7863383212518866
o	e	2.537204917163735
s	ʦ	2.414855897609833
<#	<#_a	2.4128926955573142
ˈɔ	ˈa_w	2.4007345988532696
r_o	r	2.396140080865451
#>	s_#>	2.34394323021393
ˈo_r	ˈu	2.224117815571043
s	j_s	2.2187113505441367
ŋ_t	n	2.05950996400389
ˈa	ˈa_j	2.0350737854494794
#>	n_#>	1.9856694245244184
#>	t_#>	1.926600420102453
r	j_ɾ	1.8983129958570184
ˈe	ˈɛ	1.7160158185009589
ʧ_o	l	1.654868306797399
#>	k_#>	1.5651557344919846
ˈo	ɥ	1.5528452061204123
ɲ	ɲ	1.3969570509747058
ŋ	n	1.246806052802129
ŋ	m	1.1986945437918965
o_#>	#>	1.1873117734279115
ˈo_ɡ	ˈɔ	1.1590272267861956
ŋ_#>	#>	1.0850043099197155
ˈo	ɥ_ˈɔ	1.019270696783868
ɡ	k	1.0089357996146042
ɡ_o	k	0.9982536715614548
j	ɡ	0.9656345816351779
e	ɾ_e	0.9061512461952285
#>	e_#>	0.8668851990369713
a	l_ɔ	0.7883378663844498
ʧ	l	0.7437519228487531
e	j	0.6823791172905895
r_#>	#>	0.22633822452645952
#>	l_#>	0.08420724798005735