Phone1	Phone2	PMI
w	w	6.791067670419367
b	b	6.543265191679127
ʒ	ʒ	6.521621430493333
v	v	6.274311028832686
u	u	5.9968756329617126
a	a	5.934406271642624
ɥ	o̯ˈa	5.902010474660616
ʦ	ʧ_e	5.854727532292981
ɡ	ɡ	5.5174054719494166
f	f	5.454443575567704
d	z	5.32296636657512
ˈy	ˈu	4.962406220381011
β	b	4.903095776346543
ˈa	ˈa_r	4.768652104680115
d	d	4.69851521656492
ʧ	p_t	4.662845950924663
p	p	4.583817239022721
ˈu	ˈu	4.560538286994035
ˈi	ˈi	4.460679812999597
e	i	4.443481446295824
s	s	4.440392833475839
ˈɔ	ˈo	4.405239668100637
m	m	4.398955468196687
n	n_t	4.380180293387268
l	l	4.303072515311731
k	k	4.291769198257633
ɥ_ˈɔ	ˈo	4.220371116032675
ˈa	ˈɨ	4.145847805376024
t	t	4.058079378867869
ˈɛ	ˈe	4.019343541543589
ʒ	ʤ	3.991062714098188
t	t_e	3.977352968662041
ɔ	ə	3.890983861654005
ð	t	3.869181030370942
ˈe	ˈe	3.86688560398874
s	ʧ	3.790661123375543
n	n	3.7129166472033854
ˈa	ˈa	3.6582665564110255
ˈɔ	o̯ˈa	3.649453072874613
ˈi_l	ˈi	3.557222068818881
ɾ	e_r	3.4844476944565272
r	r	3.4414197699099653
m	m_e	3.3644239499640305
ˈɛ	j_ˈe	3.1635285853248494
j	j	3.114040505422579
a	ə	3.110410055570424
ɾ	r	3.061651714810423
e	u	3.051845481434749
ɲ	m	2.999825730305636
e	e	2.6674664494225624
ˈe	e̯ˈa	2.578675969059444
<#_e	<#	2.3961889039430533
s	ʃ	2.34859422301526
ˈe	ˈi	2.3082670412919266
e_s	s	2.2241168240306988
ˈu	ˈo	2.2186556889453657
ˈa_w	ˈa	2.1869699035629147
#>	n_#>	2.017106809864852
ˈɛ	ˈi	2.0066876524678188
ˈe_j	ˈe	1.940089361390313
#>	k_#>	1.8170666908904665
ˈɔ	ˈu	1.792586917272561
ˈi	ˈi_n	1.7724018632458922
ɣ	k	1.712245925989376
ˈi	ˈi_r	1.142298322714983
<#_a	<#	1.0928753815617336
s	ʃ_t	1.0466205150483072
ɲ	j	1.0436602723880448
ˈɛ	j	0.9796011247960676
l	j	0.9778908878225254
e	e_r	0.9716727727957832
l	r_e	0.9633311468801194
l	r	0.9574832458600996
#>	j_#>	0.8962253379473234
j	t	0.8771990662282663
w	l	0.812646110351029
ɲ	n	0.7992796399772429
ˈu	o̯ˈa	0.7205927875007478
β	p	0.6627940536900272
ˈɛ	ˈa	0.5509493430494977
ɔ	e	0.4668344440145431
a	e	0.3720169228754585
s_#>	#>	0.2754581757504153
#>	e_#>	-0.0661857094745248
e_#>	#>	-0.0325459000076217