Phone1	Phone2	PMI
cː	ʧ	7.080964769161727
w	w	7.029083367095867
ɽ	t_r	6.75663099963518
d	d	6.367042365386251
c	p_j	6.3520811768921925
ɲː	ɲ	6.312704881917738
b	b	6.050714490876105
f	f	5.857288365346486
n_ɪ	ŋ	5.847374826717666
ɡ	ɡ	5.764891283556095
ˈɛ_ɖː	ˈɛ	5.693616663527177
m	m	5.520586436591464
ˈi_ɖː	ˈe	5.436700222934964
ʤ	z	5.315834311187578
n_ʊ	ŋ	5.138705182939629
ɾ	a_r	5.1066497066131875
i	i	5.010165046229263
s	s	4.965499527878543
l	ɰ	4.914122366040282
v	v	4.905442852882779
ʃ	s	4.888205858462129
j	z	4.838745087645148
r_ɪ	r	4.787317762905253
kː	k	4.739541157134196
p	p	4.706701289239786
ˈɛ	ˈɛ	4.700926284488477
t	t	4.673969702118473
ˈɔ	ˈɔ	4.643189482974063
tː	t	4.592082078989162
ˈu	ˈu	4.478761961704629
ɾ_ɪ	r	4.440755649809141
k	k	4.394635771093743
ˈa	ˈa	4.373610148884162
ɪ	e	4.225949195567201
ɕ	z	4.169055236491279
nː	n	4.158342386983531
<#_a	<#	4.123427543056998
ʃː	s	4.117526643903667
n	n	4.115536716776584
ŋ	ŋ	4.106507787476325
ˈi	ˈi	4.087368726967563
r	r	3.95553132030392
ˈu	ˈo	3.9077027915598546
i	e	3.8802963165849857
a	a	3.8102315736259436
l	l	3.748032067039641
ˈi	ˈe	3.7073380343847266
ʐ	r	3.6023852018538585
ç	f_j	3.5941827487595637
k	ɡ	3.5635356811685064
#>	i_#>	3.441401680095523
ˈɔ	ˈo	3.3998975502489994
ɕ	s	3.239023928189899
ʊ	o	3.2334830305277564
ɾ	r	3.08466236253133
t	d	2.9505737980294784
n	ŋ	2.875994558373204
ɟː	j	2.7700560474555314
ˈɛ	j_ˈɛ	2.6915868111112333
n_ʊ	n	2.6609511351745705
ʈ_ɽ	r	2.561478978916894
ɾ	d	2.5400009840509394
ˈa_w	ˈɔ	2.4898250325941347
ɟː	ʤ	2.4444972003357726
j	j	2.4263099673211785
ɾ	l	2.3351171367203616
ˈɛ	j_ˈe	2.231276165686928
mː	m	2.077074040605631
l_ˈi	ˈe	2.046704995316757
l	o_ɰ	1.9777620532066005
z	z	1.8312754106893567
p	v	1.8307827251510806
u	o	1.7832061633474898
ʦː	s	1.5749969288440941
#>	ˈi_#>	1.3159888851909063
ʊ	o_ɰ	1.3099441304935824
<#_l	<#	1.3065747606684934
ˈɛ	ˈe	1.2604806753344766
v	b	1.1608921776146146
<#_j	<#	1.1324024760488998
ˈo	ˈo	0.977899995403859
ˈa_ɾ	ˈa	0.9404991183879957
sː	s	0.8224976629249008
ɽ	r	0.5179869132904978
ɪ_#>	#>	-1.6955810494928736
#>	e_#>	-0.15569321404671935