Phone1	Phone2	PMI
ɡ	ɡ	6.546386662266447
d	d	5.847547508728629
k_a	ʃ	5.7435226826405925
p	p	5.547753031902937
n_a	n	5.16126233365037
ˈu	y	5.159046422234743
b	b	5.029680963355868
m	m	5.008338185586264
n	n	4.980573001623981
t	t	4.769013589764288
e	ə	4.624629380665802
b	v	4.400398668202982
ɣ_u	ø	4.345595170284663
s	s	4.169394848272931
f	f	4.163218474906136
ˈu	u	4.161057155167528
ˈo	œ	4.052356270245969
o	ɔ	4.04853136164007
u	ø	3.999040788263029
l	l	3.993524474295072
k	k	3.965484886723234
u	o	3.9232271397444167
ʧ	s	3.870705954423196
t_a	t	3.791878863911287
a	a	3.531661363795477
ˈo	ɔ	3.499475714871358
ˈi	i	3.449739152075788
r_u	ʁ	3.4300244282183763
r_i	ʁ	3.3839039939447275
i_s	e	3.330931987247599
ˈa	ɛ	3.2944292860488926
k	ʃ	3.248810348334
s_t	t	3.1593313513517978
ˈa	e	3.0975221942570474
i	i	2.91218570117005
t_e	t	2.9033066704633343
ˈo	ɥ	2.83482867237243
l_i	l	2.6815358299153216
r	ʁ	2.6460800347713294
ˈe	j	2.552898910817487
ˈe	w	2.511181586455204
ˈe	ɛ	2.320678256066833
ˈa_r	e	2.2010662650599
ˈi	ɛ	2.182627256461951
ˈi_ð	w	2.1135852025984403
e_r_e	ʁ	2.09366904537064
ˈe	j_ɛ	2.081718661613249
ˈo	u	2.033822419291341
ɖː	l	2.027328068046097
j	j	2.011349587641265
ˈa	a	1.991646265285203
e	a	1.929632054056552
β	v	1.829745486953331
ˈi	w	1.69825613137775
ʣ	j	1.684571236777592
e_r	ʁ	1.3784159939312497
a	e	1.3226964306330544
ˈa_n	ɛ̃	1.297271754925536
r_a	ʁ	1.2190091541854469
i	a	1.2117804712614155
ɣ	ɡ	1.1991554262346944
ɖː_u	o	1.19116881158578
u	i	1.1287278704725503
ˈe	i	1.1197750876771873
e_#>	#>	1.0160915461272435
n	ɑ̃	1.0130672200330226
ð	w	0.98451657571382
ˈa_ð	e	0.9682570321023398
i	a_ʁ	0.9229428469999724
s_k	s	0.9061705408924332
d	ʒ	0.8500708501676251
u	u	0.8241284019346654
l_u	l	0.7822899877140891
i	e	0.7699214818219351
ʧ	k	0.7495707820617884
r_i	e	0.7089821913965584
ˈu	ɥ	0.6849980617973073
rː	ʁ	0.5296636473516056
ˈi	w_a	0.4841067888911524
r	l	0.1682118509850516
a_#>	#>	0.1362230117105478
#>	l_#>	0.1320905400610839
u_#>	#>	-0.8573260627628234
<#_b	<#	-0.5037544762067313
i_#>	#>	-0.0071699135627054