Phone1	Phone2	PMI
i	i	7.1803694968881535
ˈu	ˈu	6.535891012620865
o	o	6.257862665986105
z	ʒ	6.233936202428741
ɡ	ɡ	6.147526086653137
ð	ʒ	6.0079656022037895
θ	ʧ	5.913246941780601
b	b	5.752493874752574
f	f	5.566154360915648
ˈi	ˈi	5.522488785512322
p	p	5.4770747133445
ˈo	w_ˈɛ	5.420583950131951
ˈɔ	ˈɔ	5.247917901561776
e_r	e	5.1870919370931885
m	m	5.18593748786406
v	v	5.178939216627329
ˈo	ˈo_w	4.9620276002863815
d	d	4.906134783074556
e	e	4.848422060735289
ˈa_r	ˈe	4.751458486319437
ŋ	ŋ	4.7484089114881805
ˈe	ˈe_j	4.61929999249357
t	t	4.509498455961079
r_o	r	4.363501573934664
ˈa	ˈa	4.312691337956594
s	ʃ	4.239614272676236
θ	ʦ	4.231137511725449
ˈo	ˈo	4.2004922005094985
θ	ʨ	4.190540611197016
s	s	4.120468396747869
n	n	4.072115277798967
k	k	4.007868666827983
j	j	3.925842056390296
ˈɛ	ˈɛ	3.877260776691784
l	l	3.820405951103599
k	ʨ	3.801969015435952
r	r	3.75681000471344
ŋ	n	3.7149549846820182
a	a	3.6187084731400425
ˈo	ˈɔ	3.07801549221432
ɲ	ɲ	2.861954504477505
ˈe	ˈe	2.8274418141272104
j	l	2.7782577217636213
ɡ_o	k	2.373394404845119
ˈe	ˈɛ	2.228092830409063
ˈi_r	ˈi	2.165356622416654
a	l_a	2.057659946993933
ˈɔ	w	2.0141863326180127
ʧ	d	1.9961400062374504
ˈa	ˈɛ	1.6985361257868734
o	ˈɛ_k	1.3260861963504809
ˈo_ɡ	w	1.0867605026783962
k_w	k	1.0782417776627162
ˈɛ	j_ˈɛ	0.9491982037858532
t_o	t	0.9122267779511788
e_#>	#>	0.8915274761983524
o_#>	#>	0.8713434243364204
ɡ	k	0.6337908190711885
o	ˈɛ	0.3757406652121155
r	j	0.3585080134088572
ˈa	ˈe	0.2787746114320094
r_#>	#>	-0.3104727962249942