Phone1	Phone2	PMI
i	i	7.209277307825175
ˈu	ˈu	7.172927220457355
ð	ʒ	6.285031679573203
z	ʒ	6.055704691420715
o	o	5.979684848630136
θ	ʧ	5.872323432735646
ɡ	ɡ	5.853540191979908
p	p	5.620270579491066
ˈi	ˈi	5.479654114160533
ˈɔ	ˈɔ	5.450676796098819
e_r	e	5.439719440564788
f	f	5.323995479183098
m	m	5.233463227192559
b	b	5.193939320672256
v	v	5.126460793486629
d	d	4.814397161425325
ˈa_r	ˈe	4.804501107992657
ˈe	ˈe_j	4.662962679724244
e	e	4.648079186949651
ˈo	ˈo	4.612324446405981
t	t	4.518601487093619
s	ʃ	4.449663203100785
s	s	4.380732085183506
ˈa	ˈa	4.317784663664894
k	k	4.234022751179512
θ	ʨ	4.143125045911902
r_o	r	4.137205793736744
k	ʨ	4.091309501898899
j	j	4.042525083857883
ˈɛ	ˈɛ	4.033322984886519
l	l	3.996307844034616
r	r	3.7567114422701104
n	n	3.741532728293064
ŋ	n	3.6022861185473283
a	a	3.5124484501244164
ˈo	ˈɔ	3.2208628283456084
θ	ʦ	3.1847367587654527
ˈo	w_ˈɛ	3.0420038326566905
j	ɡ_l	2.830888102897032
ˈe	ˈe	2.716451645244156
ŋ	ŋ	2.6465769227942157
p	p_j	2.564976397231574
k_w	k	2.39159160036958
ˈe	ˈɛ	2.157786811999052
ˈo	ˈo_w	2.0553438148060263
ʧ	d	2.0268757445746743
r	w_r	1.942261168422096
t_o	t	1.752331797733265
ˈa	ˈɛ	1.5866471789675862
j	l	1.5509491159135116
ɲ	ɲ	1.5309435948203156
ʧ	d_l	1.4841136618815354
o	ˈɛ	1.379559923171336
l_o	l	1.360899509459216
o	ˈɛ_f	1.3250983434257018
o	ˈɛ_k	1.3250983434257018
p_j	p	1.2452109847344974
ɡ	k	1.204119283886452
o	u	1.1787009667377388
e_#>	#>	1.1109665916533928
ˈi_r	ˈi	1.105123041106279
ˈo_ɡ	w	1.0728630809703168
ˈɛ	j_ˈɛ	1.0401630154405352
ˈɛ_j	j	0.8388780806818541
r	e_r	0.7883219863864015
ˈɔ	ˈe	0.752234235905398
a	l_a	0.7049347701132787
#>	s_#>	0.565309697458183
j	ˈɛ	0.5478615864563693
r	j	0.4582912587141144
ˈa	ˈe	0.3026444059041845
e	ˈe	0.2298719093146401
#>	r_#>	0.1322773841614976
t	d	0.099792549159084
o_#>	#>	-0.1195690617548033
#>	l_#>	-0.0922327784517068