Phone1	Phone2	PMI
ɡ	ɡ	7.1558683007146895
ʎː	ʎ	6.849899469136351
j_ˈɛ	ˈɛ	6.631211328874954
ˈa_n	ˈɐ̃	6.511454033831292
ɲː	ɲ	6.509336971814652
ˈɛ_n	ˈẽ	6.4653649593807
tː	j_t	6.390288635220099
ʤ	ʒ	6.251533390969203
w	w	6.208898002100329
n_ə	w̃	6.10954098010189
d	d	5.9875249163676525
ˈe	ˈe	5.677091917085577
f	f	5.543214294112247
lː	l	5.541326783914696
mː	m	5.381295745271865
ˈɛ	ˈɛ	5.355019901929237
j	ʒ	5.328934688206906
w_ˈɔ	ˈo	5.241234464669868
m	m	5.239901574498192
n_t	t	5.160650931397422
l	l	5.045835925195662
kː	k	4.930568112705671
n	n	4.847021757377232
p	p	4.665673026997911
p	β	4.665673026997911
ˈi	ˈi	4.644802376067301
v	v	4.6139208628711215
i	ɨ	4.6078664499951225
ˈu	ˈu	4.4762118512106825
ˈɔ	ˈɔ	4.3885544152962055
s	s	4.368182419101376
k	k	4.309901952665899
n	ɲ	4.287045562134959
nː	n	4.272027106965308
t	ð	4.263567056816531
ˈa	ˈa_ɾ	4.253080642454142
ʃ_ə	ʃ	4.209005152601463
ˈo	ˈo	4.189333780020217
ˈɔ	ˈo	4.043103214494466
l_ˈa	ˈa	3.973530923354998
k	ɣ	3.843362235739961
ˈa	ˈa	3.8023607225662137
ˈi	ˈe	3.797494430555315
a	ɐ	3.771610219765276
ʃ	s	3.75284259792341
r	ɾ	3.639641364411457
ɾ	ɾ	3.624685284535413
t	t	3.619925006855574
r	ʁ	3.6104276377346416
ɾ_ə	ɾ	3.604655741739696
tː	t	3.582443473255025
ˈa	ˈɐ	3.5564032048839302
ʃ	ʃ	3.3675815567082035
o	u	3.310349918204833
v	b	3.202419234237479
ˈu	ˈo	2.879548445815569
ʃː	ʃ	2.771542855682294
e	ɨ	2.7634878638465614
ˈo	ˈɔ	2.6885412958595687
ˈa	ˈɐ̃	2.5650318456951675
ʃ	i_ʃ	2.427988801698203
ə	u	2.414098246949096
ˈɛ	ˈe	2.1450745192660867
ə	ɐ	2.119059922606584
ə	ɨ	2.0939689712282825
u	u	2.092897578189348
s	ʃ	2.0591817620942825
w_ˈɔ	ˈɔ	2.015444266397611
l	ɫ	1.9709428129917383
#>	ʃ_#>	1.7895487937664485
ˈu	ˈɔ	1.741754910573621
ʦː	s	1.734923887235731
ə	ɾ_ɐ	1.6811727891172743
<#	<#_i	1.6348230270787518
ə	ɐ̃	1.5459390860560416
b	b	1.4460016103370326
l_ə	ɫ	1.4453565143973035
kː_j	ʎ	1.417468492234519
ˈe	ˈɐ_j	1.189821021737182
<#_w	<#	1.1438777641884166
k_w	k	1.103461840668702
j	j	1.0058297583796711
ʃː	s	0.9742502775409888
n_ə	ɐ	0.9701958078748976
ˈi	ˈĩ	0.8608392530647313
ɡ	ɣ	0.8592934582008656
#>	ɾ_#>	0.7770111998798693
ə	w̃	0.7131922106191052
ə	j	0.2178900988115724