Phone1	Phone2	PMI
j	k_ʎ	6.7682304536822775
f	f	6.423439588181562
d	d	5.912491233185394
t	p_t	5.49989132835616
b	v	5.3253893130325025
s	s	5.029724421715749
ð	t	4.8836266594439754
<#	<#_w	4.846275517089198
ʧ	ʦ	4.706821408597339
<#_i	<#	4.597253017521892
m	m	4.584102839605008
ˈu	ˈu	4.581491320500767
b	b	4.577996194199261
p	p	4.572078242372747
u	u	4.523688130560789
k	k	4.495067872357525
lː	ʎ	4.370769847689897
e	i	4.328357974383549
ˈi	e̯ˈa	4.13528353098565
ˈo	o̯ˈa	4.127433077809668
ɣ	k	4.091127114837331
l	l	4.071061925235356
ˈo	ˈo	3.948022338152381
ɡ	ɡ	3.812472299262827
t_u	t	3.731588490152787
r	r	3.721945181027821
ˈa	ˈa	3.697264510122174
a	ə	3.689806235705754
ˈi	ˈi	3.6649484433293673
t	t	3.6195059292865523
ˈi	ˈe	3.617005777009532
i	i	3.569422576187935
ˈa	ˈɔ	3.4811897919344608
ɣ_u	k	3.4675680163189653
n	n	3.4535925801453695
ˈe	ˈe	3.3602008267818158
o	u	3.073769499727418
ʒ	ʦ	3.0388050927183485
ˈa	ˈɔ_j	2.9488668638649393
ˈe	e̯ˈa	2.854921105136506
β	p	2.6921289552936782
ˈe	ˈi	2.679372255146706
n_u	n	2.6551237283315547
a	w_ə	2.540604238951993
rː	r	2.381042209697684
ˈo	ˈu	2.191889149481466
s_u	s	2.1237800330771552
f_ˈi	ˈi	1.9633561453339339
#>	l_#>	1.885698207066449
l	ʎ	1.7826453234534614
nː	n	1.7720114425109998
ɡ	m	1.7706947945864209
a	r_ə	1.7180076895021603
ˈe	ˈa	1.7010031178194829
k_w	p	1.6934252959120646
l_u	r	1.558843255912693
r	l	1.3600043680296672
j	w	1.3213466748877922
ŋ	ŋ	1.2473827966332787
<#_j	<#	1.2258566033889935
u	ə	1.1725762394097403
l	r	1.1367689918514654
rː	r_n	1.1156974579056405
ˈu	ˈo	1.0041320303421597
r_ˈa	ˈa	0.9473842732344983
b	z	0.8148928204572454
t	ʦ	0.6436575605348878
i	ə	0.599164791189885
<#_f	<#	0.5941707308680968
ʒ	k	0.5362195656209507
a	u	0.4681185133203368
b	t	0.4333476056439328
ˈe	i	0.053822251835968296
u_#>	#>	-0.2631003651455859