Phone1	Phone2	PMI
f	f	6.063045293450186
t	p_t	5.736117968063613
b	v	5.623733309648742
d	d	5.395488713913473
ð	t	5.279338664026624
o	u	5.254419981144634
s	s	5.250774383711973
b	b	4.989748309360279
j	k_ʎ	4.969266128885197
u	u	4.70123394375564
m	m	4.6003212743544175
p	p	4.417113471357404
e	i	4.35056265433222
ʧ	ʦ	4.274919641666153
k	k	4.246547706742666
ˈu	ˈu	4.197063419962621
ʒ	ʦ	4.153317166910113
ˈi	e̯ˈa	4.1388043429666705
ɣ_u	k	4.100411101724213
ˈo	o̯ˈa	4.039929643431847
ˈa	ˈɔ_j	3.958513625766167
t	t	3.923869554237475
ˈa	ˈa	3.8831306225150466
a	ə	3.8627855348182587
ˈe	ˈe	3.8522711852336786
ŋ	ŋ	3.843563383229267
i	i	3.804408813669234
l	l	3.7851956151648887
n_u	n	3.7744135460241934
ˈi	ˈi	3.757258028557093
ˈo	ˈo	3.750804479609394
β	p	3.7262085350561747
r	r	3.723773727798348
ʣ	ʎ	3.723443232308414
n	n	3.679977095673898
ɡ	ɡ	3.5183222866386594
<#_i	<#	3.4954374779291273
l_u	r	2.982811040617987
ɣ	k	2.93183587136533
ˈe	ˈi	2.681032195944229
a	w_ə	2.6722527218763954
ˈa	ˈɔ	2.6694605064218013
ˈi	ˈe	2.6568596969974934
j	w	2.498544199396173
<#	<#_w	2.4460893582304983
ˈe	e̯ˈa	2.3902386503827553
ˈo	ˈu	2.3145931462755907
nː	n	2.1178147707004538
rː	r	2.1084598371824392
r	l	1.9225113095494082
l	ʎ	1.4925963435755396
ˈe	ˈa	1.490893489099431
ˈu	ˈo	1.4621216514415993
i_s	s	1.1231796009478672
f_ˈi	ˈi	0.9724268034756003
#>	l_#>	0.9323556195543976
r_ˈa	ˈa	0.9163683980191504
k_w	p	0.7943937137967967
l	r	0.607442533339667
ɡ	m	0.6008847040280123
<#_f	<#	0.5731837629104425
u	ə	0.5363230879466552
ˈe	i	0.2768441396616284
i	ə	0.20907296703129
a	u	0.20751215958340516