Phone1	Phone2	PMI
f	f	6.856904595600554
ɡ	ɡ	6.107767998023478
d	d	5.770407390614585
j	k_ʎ	5.364919646093209
s	s	5.081465574956255
m	m	4.915205203146353
o	u	4.812426111333265
b	v	4.770200467378625
p	p	4.607413745050716
ˈu	ˈu	4.559683687413643
u	u	4.508673211048098
t	p_t	4.499223002235474
k	k	4.457766873692445
ˈi	e̯ˈa	4.423697900807334
ˈo	o̯ˈa	4.338403642810313
b	b	4.241429229423679
l	l	4.200064306791096
ˈo	ˈo	4.085796761643554
a	ə	3.765469683855932
t	t	3.7308533154368826
n	n	3.7147599978546584
i	i	3.678678545395186
ˈa	ˈa	3.5896777864062877
ˈi	ˈi	3.498577003763634
ð	t	3.4887753311736054
r	r	3.4606309582058192
lː	ʎ	3.292635768749049
ɣ	k	3.150986515312953
ˈe	ˈi	3.051066439907035
ˈa	ˈɔ	2.9784149990417133
ˈe	ˈe	2.833590431042215
e	i	2.787947168076064
<#	<#_w	2.7115548104554423
n_u	n	2.6708822879573244
ˈo	ˈu	2.470433642233388
ˈe	ˈa	2.3144519226728337
ʧ	ʦ	2.2733833258476714
ʒ	ʦ	2.1353744164919286
ˈi	ˈe	2.1322842688285144
s	ʃ	2.0525879944209846
<#_i	<#	1.7687057069222178
ɣ_u	k	1.5283775652740381
l_u	r	1.449562167889906
b	t	1.2283173599118997
ŋ	ŋ	1.1696445471512438
i_s	s	1.1036544927392846
r	l	1.0836262663906338
z	j	1.0289691736271718
s_u	s	1.0236137980334248
z	s	0.9900655806583354
d	z	0.9747515655726714
ˈa	ˈɔ_j	0.9545007355449489
f_ˈi	ˈi	0.8809899626403277
a	w_ə	0.8453028145168018
l	r	0.8163248667180376
u	ə	0.7290401075320747
k_w	p	0.7175159486410446
rː	r	0.6397482306543605
nː	n	0.5984296157972606
i	ə	0.5162768113399184
ˈe	e̯ˈa	0.43695863138573976
u_#>	#>	-0.2970853654340484
<#_b	<#	-0.009128533111142482