Phone1	Phone2	PMI
f	f	6.483615869282287
m	m	5.66818679056033
s	s	5.615933565003943
b	v	5.090426471109128
ɡ	ɡ	4.922255727308534
j	k_ʎ	4.878717624486702
u	u	4.603419694869324
d	d	4.57368811501891
ˈo	o̯ˈa	4.52294315869389
k	k	4.342405120301248
ˈi	e̯ˈa	4.325582912779443
p	p	4.26855119139849
l	l	4.259161428611938
ˈu	ˈu	4.179229822025751
ˈo	ˈo	4.134721896504604
t	p_t	4.08185787371978
ˈa	ˈa	3.939990834141384
a	ə	3.806307281569613
o	u	3.727569481877446
i	i	3.632878570274076
r	r	3.528243659265381
n	n	3.5151685873583274
b	b	3.476921480106056
ˈi	ˈi	3.412174794234664
t	t	3.3402062924818736
ɣ_u	k	3.302934385720038
ʧ	ʦ	3.174105883856247
ʒ	ʦ	3.039539698164928
ˈe	ˈe	3.005064597320521
n_u	n	2.7620960909094445
ɣ	k	2.4883495015206893
ˈe	ˈi	2.48265300664441
e	i	2.35470015371199
ˈa	ˈɔ	2.288109954986327
ˈi	ˈe	2.193580824337405
ˈa	ˈɔ_j	2.093670088355214
rː	r	1.891505185320013
f_ˈi	ˈi	1.8484010103877813
<#_i	<#	1.6392128331842106
<#	<#_w	1.6392128331842106
ˈo	ˈu	1.4622807875023418
r	l	1.432142112061761
ˈu	ˈo	1.360900474565666
l	r	1.339030836221341
i_s	s	1.2965339548328676
ŋ	ŋ	1.2946273980796972
ʣ	ʎ	1.108202841777095
t	ʦ	1.0724745819566488
nː	n	1.035279170711338
#>	l_#>	1.0196064165921055
a	w_ə	0.9655866234324028
ˈe	ˈa	0.939122404078354
ð	t	0.8935685381457945
ˈe	j	0.8838586778162643
a	ʎ_ə	0.853502902134978
u	ə	0.7808498346963679
l_u	r	0.7562004525900982
ˈe	e̯ˈa	0.7455349904261471
β	r	0.7398669256103816
β	p	0.7277383690140049
<#	<#_j	0.6908351786371604
e	ˈi	0.649266135400125
ʒ	k	0.6253541815081117
j	w	0.5539447911886614
i	ə	0.5345110268855228
l	ʎ	0.43695229104443
u_#>	#>	-0.258952468529296