Phone1	Phone2	PMI
j	k_ʎ	6.348500448342317
ŋ	ŋ	6.26821776433814
f	f	6.192270547211046
ɡ	ɡ	6.0961990557126775
ʧ	ʦ	5.82138591206817
d	d	5.555114586363343
o	u	5.5250184323656
ð	t	5.389942036909189
s	s	5.32978728463929
b	v	5.304727502254987
u	u	4.899582417647947
b	b	4.729178652265186
ɣ_u	k	4.615209516315584
m	m	4.560343219629936
t	p_t	4.4499219849271405
k	k	4.404288325282463
e	i	4.381805098711269
ˈi	e̯ˈa	4.30145267093037
ˈo	o̯ˈa	4.264110813786854
p	p	4.22322856100735
ˈu	ˈu	4.105256010269561
t	t	4.009507846765184
ˈo	ˈo	3.989202269576698
ˈa	ˈɔ_j	3.9456252808162335
ʣ	ʎ	3.901690985636581
a	ə	3.8326086070403846
ˈa	ˈa	3.82851835358593
l	l	3.824077112503191
n_u	n	3.8095696005639295
β	p	3.785879239368672
i	i	3.75999994524223
ˈe	ˈe	3.728465833852507
r	r	3.694967583403442
a	w_ə	3.6924453354340376
ˈi	ˈi	3.675427872253503
n	n	3.637765688940826
<#_i	<#	3.620947773432965
<#	<#_w	3.386962773144503
ˈa	ˈɔ	3.3654933581636466
ɣ	k	3.193872116061037
ˈe	ˈi	2.766826654153112
ˈi	ˈe	2.7432034704372104
ˈo	ˈu	2.422463942118897
nː	n	2.1940484160202485
j	w	2.1363720395238204
r	l	2.1127334874806243
ʒ	ʦ	2.0583540273293397
rː	r	1.907182636914555
ˈe	ˈa	1.6036396514534874
l_u	r	1.5831728863287915
l	ʎ	1.559784246529708
ŭ_#>	#>	1.217492568250068
u	ˈe_r	1.124757913317446
ˈe	e̯ˈa	1.079494301366239
l	r	1.020255469491978
f_ˈi	ˈi	0.9386973914998652
ˈu	ˈo	0.9158833587812324
k_w	p	0.791304272666624
<#_f	<#	0.5774426605902458
ˈe	j	0.5741786294101443
#>	r_#>	0.4945505994270262
u	ə	0.2405674540648142
ˈe	i	0.2305025062716173
i	ə	0.1136748428299309
u_#>	#>	-0.1443744889871011