Phone1	Phone2	PMI
ˈe_ŋ	ˈĩː	8.301032583915784
w	w	7.719416989924293
ˈo_ŋ	ˈũː	7.486061043948733
ɲ	ɲ	7.051446989347368
ˈæ_ŋ	ˈẽː	6.591424890606094
ˈa_ŋ	ˈãː	6.547780754696783
ˈiː_r	ˈi	6.135017584204247
ˈiː	ˈe_j	6.129029458160746
ˈo	ˈy	6.091389353308035
ˈe	ˈi	5.937889230001825
ʤ	ʤ	5.841415537505981
e	e	5.765545128861629
ð	ʤ	5.7590962914545685
ˈɔː	ˈøː	5.750613540408526
u	u	5.585985513939616
ɡ	ɡ	5.540936442713713
ˈʌu̯	ˈu	5.490815629762769
b	b	5.372608587406022
p	p	5.341260987142177
i	ĩ	5.258881717920888
m	m	5.189881883915783
θ	ʦ	5.179463039475733
ˈɔː	ˈɔ	5.1440687275730435
j	j	5.084445167434893
d	d	5.078175300384897
ˈɔ	ˈø	5.037808550063104
ŋ_n	n	5.014107918904826
f	f	4.948418132256832
i	e	4.903560762333536
ˈuː	ˈyː	4.8749524382320075
n	n	4.798705871859498
z	z	4.758866997293959
#>	u_#>	4.555408914569574
ˈʌ_ŋ	ˈũː	4.537112536490257
v	ʋ	4.534609773973004
ʧ	ʧ	4.439993871667976
ŋ	ã	4.4201487532689026
s	s	4.385433840878892
k	k	4.302408711582391
ˈʌu̯	ˈyː	4.297991761131897
e_r	r	4.297946099235715
ˈɛ_r	ˈa	4.279649681511502
ˈaː	ˈa	4.269450147911692
θ	ʧ	4.2286057385899465
ˈɛ	ˈaː	4.227011080775983
t	t	4.226062237583165
l	l	4.12588797313848
ˈa	ˈe	4.0799156237737115
e_n	n	3.949931043243365
ˈɔ	ˈɔ	3.9129859832515033
ˈɔ	ˈu	3.841363490408699
z	s	3.797100606253966
ˈa_j	ˈe	3.7963389376563588
r	r	3.7437645434438114
a	a	3.6791787316840194
u	y	3.643237762519428
ʧ	ʤ	3.538434943628237
ˈɛ	ˈɛ	3.4423001715032924
ˈuː	ˈu	3.385966028443571
ˈa	ˈeː	3.3449803441706765
ˈʌ	ˈu	3.3437911951392953
ˈæ_ŋ	ˈɛ̃ː	3.3136122940263344
ˈuː	ˈø	3.2673285081190095
ˈa_j	ˈɛ	3.203521903000608
ɡ	k	3.1889840211676215
v	f	2.9650364566353824
ˈa	ˈɛ	2.9569401287789225
ŋ_t	t	2.9357753747632334
ð	ʦ	2.7775764416845634
θ	ʃ	2.652383658479125
d_e	e	2.64124744562891
t	ʧ	2.5877322830637595
ˈɛ	ˈa	2.563439443238793
ˈiː	ˈe	2.561597364885979
ˈi	ˈi	2.1973220120513632
ˈæ	ˈe	2.0993419453401994
j_ˈɔː_l	ˈi	2.0671656768118014
d	t	1.6501522003537152
ŋ	ˈẽː	1.341066866212472
a	ã	1.2331665174809223
ˈɛː	ˈe	1.0808329592683592
s_t	s	0.9189979508063726
r_e	r	0.9094095834918464
ˈo	ˈɔ	0.8660328429796038
ˈa	ˈa	0.8355862949844589
s_e	s	0.8238200057405594
ŋ_#>	#>	0.5853226833488383
ˈa	e	0.5820351911336259
ˈɛ	ˈe	0.45158609542229894
l_#>	#>	0.07325082604797975
r_#>	#>	-0.21474262365304153