Phone1	Phone2	PMI
ˈa_ŋ	ˈãː	7.137636619510397
ɲ	ɲ	6.528232559294821
ɡ	ɡ	6.333234113349745
ˈʌu̯	ˈu	6.162881205079647
ˈo	ˈy	6.1325752628598895
ð	ʤ	5.961825980140169
u	u	5.932480586390637
ˈe	ˈi	5.831147193860773
e	e	5.386139436042872
p	p	5.385712287174074
b	b	5.284204014125678
m	m	5.237096662539583
ˈɔː	ˈɔ	5.077120138688292
j	j	5.0660173508470665
d	d	4.982402608965503
f	f	4.820628762010623
ʤ	ʤ	4.784580842386334
v	ʋ	4.770681513000765
n	n	4.731596099961785
ˈe_ŋ	ˈĩː	4.707113170101537
θ	ʦ	4.701291480385757
s	s	4.659990735753105
ˈiː	ˈe_j	4.596412409351335
ˈiː_r	ˈi	4.522450896297969
t	t	4.359600174688124
k	k	4.298615115217297
ˈaː	ˈa	4.2333198450195395
w	w	4.233046492034581
ˈɔ	ˈɔ	4.232967274552324
l	l	4.20915411669607
θ	ʧ	4.068493991335633
ˈa_j	ˈe	3.99705358394659
z	s	3.9884887902850354
ˈʌ_ŋ	ˈũː	3.953133185540045
ˈa	ˈe	3.877822302447722
e_n	n	3.871233543318425
ˈɔ	ˈø	3.798935353537167
ˈɔː	ˈøː	3.73237674500108
a	a	3.6291848772556863
r	r	3.6088954805520044
ˈɛ	ˈɛ	3.516558438088399
ˈɛ	ˈaː	3.4167725242613645
ˈɛ_r	ˈa	3.2890444799274925
ˈɔ	ˈu	3.2573715038358286
ʧ	ʤ	3.18297214153384
ˈæ_ŋ	ˈẽː	3.1069064730007288
ŋ_t	t	3.0545593162404496
ð	ʦ	2.902201742843704
i	e	2.871540283861686
ʧ	ʧ	2.839462486233365
ˈo_ŋ	ˈũː	2.7000633299331462
ˈɛ	ˈa	2.6661292201501876
ˈa	ˈɛ	2.619479250448493
i	ĩ	2.6014647325703573
ˈuː	ˈyː	2.5860828842321983
t	ʧ	2.55115843508255
ŋ_n	n	2.5021392603148693
z	z	2.4632447666886144
ˈuː	ˈø	2.2972822630372223
#>	u_#>	2.280175887256437
ˈʌ	ˈu	2.2513756408500893
ˈa	ˈeː	2.117721882579171
v	f	2.1018426349948096
ˈiː	ˈe	2.0694248621127627
ɡ	k	2.0601570582039455
θ	ʃ	1.9095359155458762
ˈa_j	ˈɛ	1.65196890459309
d	t	1.6470462146477671
ˈo	ˈɔ	1.6235796836845846
ˈæ	ˈe	1.6191171087135698
e_r	r	1.5683816311345646
ŋ	ˈẽː	1.5630574804965558
s_e	s	1.4599758369535403
ˈe	ˈĩː	1.367196140486751
ˈæ	ˈɛ̃ː	1.2198030216535094
ˈa	e	1.1607749770904614
ˈʌu̯	ˈyː	1.1154255330576028
u	y	1.0814405327691403
ˈi	ˈi	1.0011811407752131
ˈɛː	ˈe	0.927394150815737
s_t	s	0.8779197546843382
r	j_r	0.8558735265318633
ˈa	ˈa	0.8191749795964275
a	ã	0.5977312757579438
ŋ_#>	#>	0.5877941133204881
a	e	0.3742079106432884
r_#>	#>	-0.366907987943268
l_#>	#>	-0.009699703538238