Phone1	Phone2	PMI
b	b	5.813765857193423
d	d	5.757900214558534
f	f	5.738952713548915
m	m	4.990209860457329
ˈe	ˈɛ	4.737132966133353
v	v	4.714055743860486
ˈu	ˈy	4.528668436298431
p	p	4.520401285364945
i	e	4.494939010050967
k	k	4.381869803233752
t	t	4.379737503436592
ˈo	ˈɔ	4.264091306691617
l	l	4.139649458634562
ˈɔ	ˈa	4.028772280429116
ˈu	ˈu	4.0003592304809255
u	u	3.7540639002517593
n	n	3.724431776924307
e̯ˈa	ˈe	3.5540350048404084
r	r	3.4706811679983827
s	s	3.458695893435407
n	ŋ	3.4463969248771438
ˈa	ˈa	3.4402355008380887
ə	a	3.420236798270893
ˈi	ˈɛ	3.3099954179090827
o̯ˈa	ˈu	3.270322566146992
ˈi	ˈi	3.225572850873561
ʃ	s	3.0930031104028544
ˈo	ˈø	2.745391535867565
t_i	t	2.6455354035581022
ɡ	ɡ	2.618826062857339
ʎ	l	2.568722001390084
i_m	m	2.435160876771445
ʦ	t	2.38296091775548
ʦ	s	2.2097054754052143
n_i	n	2.1003996917049124
ˈi_k	ˈi	2.093404886607374
ˈa	ˈɛ	2.027408005823054
ˈo_k	ˈø	1.993779732853811
p	v	1.9166127217864488
ˈa_t	ˈa	1.8808029271022133
r_i	l	1.8606546501594263
ʎ_u	j	1.8439742743390348
ʒ	ʤ	1.8010455328228083
ŋ	ŋ	1.6686013314247663
n_i	ŋ	1.6585485166609926
l	j	1.3293290291144146
p	j	1.3164462551510527
w_ˈo	ˈɔ	1.1716564425179885
z	ʤ	1.1421469397737942
z	d	1.127256949941818
i	i	1.0855214964302158
ˈo	ˈu	1.0275074157657926
ɡ	j	1.018392846697056
ˈa	ˈe	1.0153845234614909
<#_j	<#	1.0079056728373277
ʎ	j	0.8965498072687079
kʲ	p	0.8538814481708075
#>	z_#>	0.8418906731257898
<#_w	<#	0.8418906731257898
r_i	r	0.8056414428064507
l	w	0.795186524616324
i	ˈe	0.7879922280080461
u_r	r	0.7611282980145896
ˈa	w	0.7578549426706617
ˈu	ˈi	0.7569071416586066
k	ɡ	0.7162903363848011
u	a	0.7014003465528249
ˈɔ_j	ˈa	0.6550253546748337
e̯ˈa	j	0.6234808294817975
r_u	r	0.5611282980145897
e̯ˈa	ˈɛ	0.493915991411366
#>	r_#>	0.313119435170845
<#	<#_f	0.258118025670871
k_#>	#>	0.258118025670871
u_#>	#>	0.2378974086054965
i_#>	#>	-0.3585640874889113