Phone1	Phone2	PMI
b	b	6.89875318087876
f	f	5.866053434422184
d	d	5.566602981908778
ʒ	ʤ	5.4121612994235395
i	i	5.307574386455553
i	e	5.1415593867440155
m	m	4.807783137383498
p	p	4.801613426319531
l	l	4.484349544019656
t_i	t	4.3983727357896685
ˈo	ˈɔ	4.373619055040413
ˈo	ˈø	4.280118071205818
ˈu	ˈu	4.259158053584056
m_i	m	4.182504140066048
ˈe	ˈɛ	4.144361311050268
v	v	4.115146386683817
t	t	4.111057725685183
ɡ	ɡ	4.072476970802279
k	k	4.051695994704153
ˈa_t	ˈa	4.019293691988896
r_i	l	3.86217589790311
r	r	3.8537956277850287
ˈi	ˈi	3.8362744007276954
i_m	m	3.7984143804385626
ə	a	3.782731708165265
ˈɔ	ˈa	3.7470247737153244
<#_w	<#	3.6626185823517288
o̯ˈa	ˈu	3.614047592733067
n_i	ŋ	3.5877033446454307
s	s	3.567757680903492
ˈa	ˈa	3.5039584508230956
n	n	3.4339706792668045
z	d	3.4202461243342692
ˈu	ˈy	3.370439065316832
e̯ˈa	ˈe	3.3004265049732395
n	ŋ	3.0371122572917537
e̯ˈa	ˈɛ	3.019708948278451
ˈɔ_j	ˈa	3.0142509364879544
ʎ_u	j	2.8420326563029157
r	j_r	2.7502417140580158
ʃ	s	2.729553055112729
ʦ	s	2.7284582002158917
p_t	t	2.6917278462210894
z	ʤ	2.6237212471570737
ʎ	l	2.6222704289348213
kʲ	p	2.5278493392003396
ˈi	ˈɛ	2.4945546098227
k	ɡ	2.460858137609963
ʦ	z	2.2773970208010446
ˈa	ˈɛ	2.0460342918011514
n_i	n	1.9994814035908413
<#_j	<#	1.9878505403825926
k_ʎ	j	1.9095358570484786
ˈa	w	1.8634811794140909
o̯ˈa	ˈø	1.8293399659003877
ʦ	t	1.8122017778735882
u_r	r	1.780641646026091
ˈo	ˈu	1.646067295281441
ˈe	ˈe	1.6032734148862542
r_u	r	1.561889188982597
ˈu	ˈi	1.5466249853106337
p	v	1.5253865095274333
u	u	1.4850664960013447
ʦ	k	1.4198845708795058
l	j	1.349560151469599
ˈa	ˈe	1.3178542031676161
ˈi	ˈe	1.3140094817365222
m	ŋ	1.2945185068030332
w_ˈo	ˈɔ	1.2293630367905888
ˈo_k	ˈø	1.175308761987467
ˈo_w	ˈø	1.1596477999413293
i	a	0.9804833195930566
u_#>	#>	0.9079300330375187
p	j	0.9013645197611231
ˈi	f_ˈi	0.8938945122133269
ˈu_k	ˈu	0.8479849176688848
j	ˈɛ	0.8247352175186858
r_i	r	0.6511020024903372
ŋ	ŋ	0.6385089774615795
i	ˈe	0.6371670467987912
<#	<#_f	0.6052677461939109
k	z	0.5508965194715354
k_#>	#>	0.2991390325248138
i_#>	#>	-0.5832537809239331
ə_#>	#>	-0.19811803122324356