Phone1	Phone2	PMI
b	b	6.0709908387563205
d	d	5.623253593020901
m	m	5.380939417521153
f	f	4.890401146015338
i	e	4.876171492064131
ˈo	ˈɔ	4.839851512171766
v	v	4.673565132564021
l	l	4.32768748712834
t	t	4.274425388881744
ˈu	ˈu	4.257777206312956
k	k	4.173254233059628
p	p	4.109136058944369
ˈe	ˈɛ	4.089384316984724
ˈi	ˈi	4.004105313699466
ˈi_k	ˈi	3.991174184705506
n_i	n	3.986844960777812
ˈɔ	ˈa	3.6656730811426144
r	r	3.6454190815579546
ˈu	ˈy	3.6374256774775264
ˈa	ˈa	3.6348819425934513
ə	a	3.5454389491537484
s	s	3.433153100160524
n	n	3.375657810427638
n	ŋ	3.371018394561972
ʎ	l	3.232294401991926
ʦ	s	3.1074671586021174
<#_j	<#	3.011939734462622
<#_w	<#	2.6308872354722417
ˈo	ˈø	2.4140196668754887
ˈi	ˈɛ	2.319449046042117
ɡ	ɡ	2.128800720097344
p	v	2.1001422472226814
e̯ˈa	ˈe	2.021924403390138
ʦ	z	2.0166874660501244
r_u	r	2.0068441187731563
l	w	1.8979799782062865
o̯ˈa	ˈu	1.8887511792440577
t_i	t	1.8767033555486343
i_m	m	1.6953991224106018
i	ˈe	1.5016385014801574
ˈa	ˈɛ	1.4764464921783194
ˈo	ˈu	1.3850675528410197
u	a	1.2953535006137076
u	u	1.2896858069864918
z	d	1.2522100342291511
i	ˈe_s	1.2302230896962507
i	i	1.2194872957005145
ʦ	t	1.2010738474386018
ʎ	ˈi	1.1352175340849202
ŋ	ŋ	1.119921896225653
r_i	l	1.0440379989070403
ˈo_k	ˈø	1.0392794425607008
ˈo_w	ˈø	1.0361431181142469
ə	l_a	1.0188169618286196
l	j	1.0150715402196684
ʒ	ʤ	0.9737465496733992
e̯ˈa	j	0.9380993829787028
o̯ˈa	ˈø	0.9253656951062772
n_i	ŋ	0.9191450333260356
k_ʎ	j	0.9191450333260356
j	ˈɛ	0.9112878295279976
m_i	m	0.8665437368032567
ʎ	j	0.8632153529955826
ʎ_u	j	0.7984547669183352
ˈa_t	ˈa	0.7880164150684933
p_t	t	0.7753593234343479
ˈe	ˈe	0.7673094133665443
u_r	r	0.7126607377875602
kʲ	p	0.6907390498176306
k	ɡ	0.6753759304074645
u	j	0.674246617779236
ˈɔ_j	ˈa	0.6434482933192696
k	z	0.5923684305516955
ˈu	ˈi	0.5648677258017087
r_#>	#>	0.5150229429529618
ˈa	ˈe	0.3775683142629403
r	l	0.3651251560910752
u_#>	#>	0.3150229429529618
#>	r_#>	0.3091936738210586
p	j	0.285797857710795
<#	<#_f	0.2541922643210846
i_#>	#>	-0.5447593122534232
ə_#>	#>	-0.1880633899269988