Phone1	Phone2	PMI
b	b	6.72740148325364
f	f	5.799915499130583
d	d	5.484208252818237
i	e	5.050496537445977
m	m	4.896442568718975
ʒ	ʤ	4.645525417644254
ˈo	ˈø	4.436936825364185
ˈa_t	ˈa	4.397964247529693
k	k	4.3832173790359485
t_i	t	4.361564021030788
m_i	m	4.255203334242696
v	v	4.240759854945838
ʎ	l	4.219138166180335
i	i	4.209877600818275
ˈi	ˈi	4.1255542615529315
l	l	4.122183619588117
p	p	4.097791225941533
ˈu	ˈu	4.091554439463729
o̯ˈa	ˈu	4.012724323336186
t	t	3.9640856191693103
ˈe	ˈɛ	3.9310230290158206
ɡ	ɡ	3.924081884210098
ˈɔ_j	ˈa	3.783766182404506
ʃ	s	3.7766369591082802
n	n	3.6829768405745136
u	u	3.652424136539404
ə	a	3.6325575552295795
ˈo	ˈɔ	3.5935897753432786
ˈɔ	ˈa	3.578478610390668
r	r	3.5636538495613603
s	s	3.53723048159024
ˈi_k	ˈi	3.5044453385814687
ˈu	ˈy	3.502312198204248
ˈa	ˈa	3.4416796179112064
n	ŋ	3.3676476703542124
n_i	n	3.2485158092323294
e̯ˈa	ˈe	3.2097290088315136
ˈi	ˈɛ	3.065584342740846
ˈo	ˈu	2.9272495004249772
n_i	ŋ	2.8691476134794476
r_u	r	2.832291591313289
i_m	m	2.816470625001859
i	ˈe	2.728055775444004
ʦ	t	2.6862993207651846
r	j_r	2.6850194251474306
<#_w	<#	2.6426645195216008
p_t	t	2.630904919282787
ʦ	s	2.6196557497616615
e̯ˈa	ˈɛ	2.577482300892744
o̯ˈa	ˈø	2.5412983117096006
l	w	2.5021487998661405
z	ʤ	2.392605817613542
u_r	r	2.348295082301113
ʎ_u	j	2.204095565552728
z	d	2.1729849396663248
l	j	2.16499305462309
ŋ	ŋ	2.123518881088687
<#_j	<#	2.0158113456746554
ʦ	z	2.011513955254804
ʎ	j	2.001431915479782
ˈu_k	ˈu	1.9374108188076893
ˈa	ˈɛ	1.8126966505765076
p	v	1.7669654554870655
r_i	l	1.73768939953145
r_i	r	1.6236121171966433
kʲ	p	1.5721182879758517
m	ŋ	1.3673861799401703
ˈa	ˈe	1.3504360891622154
ˈe	ˈe	1.2947711643500244
ˈo_k	ˈø	1.2092917242523904
ˈi	f_ˈi	1.2007504269722216
ˈu	ˈi	1.093771028138351
k_ʎ	j	1.074214588915987
k_ʎ_u	j	1.0604626668458181
k	z	0.995284184154165
j	ˈɛ	0.8500147945815373
j_ˈa	ˈɛ	0.7615410917223503
s_i	s	0.706414203199665
k_#>	#>	0.6332285514859733
#>	r_#>	0.62623887034169
p	j	0.6206707243884054
k	ɡ	0.6093580749037886
ə	e	0.4778477097342214
i	a	0.330386062363128
<#	<#_f	0.25811802567087105
u_#>	#>	0.23789740860549657
r	l	0.19191085468557229
i_#>	#>	-0.26147872205486294