Phone1	Phone2	PMI
ɲ	ɲ	6.976650866595013
z	ʦ	6.717574309342895
ð	ʒ	6.461758222887323
u	u	6.361016557961904
ŋ	ŋ	6.20010118297824
i	i	6.183130573541091
b	b	5.947851180184553
e	ɾ_e	5.746792037104529
f	f	5.676771348231108
d	d	5.6693137865971694
ɡ	ɣ	5.527730388109605
p	p	5.281483762218051
ˈa_j	ˈe	5.275357401359274
d	ð	5.2726330887033095
ˈɔː	ˈɔ	5.269095739127608
ˈʌu̯	ˈu	5.23682585636866
v	v	5.205813378030571
ˈɔ	ˈɔ	5.145164695350145
ɡ	ɡ	5.12426620605706
m	m	5.086411084767525
ʤ	ɡ_l	5.045364619955734
ˈʌ	ˈu	4.975306733259162
ŋ_t	n	4.967896710552632
ˈe	ˈi	4.96221162790691
ˈo	ˈy	4.918532983319364
ˈɔː	ˈa_w	4.835114214806661
ˈuː	ˈy	4.719508440327963
k	k	4.691068657133097
n_#>	#>	4.66851534024072
t	t	4.572241813047974
v	β	4.501325094797952
t	ʧ	4.489606439515662
ˈe_ŋ	ˈi	4.411542449198578
j	ʎ	4.311514714892389
ˈiː	ˈi	4.286652550672715
<#	<#_e	4.219233179853885
r	r	4.191497264038458
n	n	4.129660895519972
ˈuː	ɥ	4.017932606736118
θ	s	3.9524383206513916
ˈaː	ˈa	3.879374455104964
s	s	3.813360033972305
l	l	3.812283658159224
ˈa	ˈe	3.801303675787639
ˈæ	ˈɛ	3.7492454777528024
r	ɾ	3.6488865159275656
a	ɔ	3.5772864002029414
ˈɛ_r	ˈa	3.5050136559191913
j	l	3.5038848837948033
r_e	r	3.449638138415724
ŋ	n	3.3706386165298308
a	a	3.3682071845319568
#>	w_#>	3.1499777230974484
ˈo	ˈu	3.090815974221964
z	s	3.0284598720492464
e	e	2.9243637796526403
ˈɛ	ˈɛ	2.9031753100111426
ˈɛ	ˈa	2.8192429017160596
ˈɛː	ˈɛ	2.766983586739293
ˈa_ŋ	ˈa	2.7602363763342757
ˈiː	j	2.7529352277233725
ˈæ	ˈe	2.746398916040677
ɡ	k	2.7413091904919216
ˈuː	ˈu	2.706736731360021
ˈɔ	ɥ_ˈɛ	2.533045923386566
ˈa	ˈa	2.5148404027071654
#>	s_#>	2.4954794670194285
v	w	2.4789769506614876
b	β	2.407969437712733
ʧ	l	2.2588044712394546
#>	t_#>	2.026180042537339
ŋ_#>	#>	1.8935628152285557
e_r	e	1.8756014612674066
ˈɛ	j_ˈɛ	1.8058829243561625
ŋ_n	n	1.8002909779407492
ˈo	w	1.7108341489914405
ˈiː	ˈe	1.6895704643222103
ˈɛ	j	1.6720309246577012
ˈa	ˈɛ	1.6604633279992147
ʧ	ˈɛ_l	1.4898072124721513
u	a	1.4521966902966401
#>	e_#>	1.406212077697469
ˈe	ˈe	1.392385976778105
ˈɛ	ˈa_j	1.082554503674797
t	w_t	1.0704148664947337
s	j_s	0.9836228475782768
k_w	k	0.9557781168571274
r_#>	#>	0.9068564458588866
r	ɾ_ˈa	0.8204806856824007
<#	<#_a	0.8115430995712576
ˈɔ	ˈu	0.7342493449082255
d	t	0.4121148787306728
#>	l_#>	0.0325300675289117