Phone1	Phone2	PMI
z	ʦ	6.646036931052126
ð	ʒ	6.574243900893548
ɲ	ɲ	6.531475477299044
u	u	6.4818196503195376
ŋ	ŋ	6.132240091507234
i	i	6.0795348639321904
b	b	6.034496583583317
d	d	5.884358816200466
e	ɾ_e	5.882946103922444
ˈa_j	ˈe	5.591409641522644
f	f	5.572842728610592
d	ð	5.484358816200467
ɡ	ɣ	5.321873922958357
p	p	5.263088878046976
ˈo	ˈy	5.253440759543592
ˈʌu̯	ˈu	5.222553161118673
ˈɔː	ˈɔ	5.215092537804641
ˈɔ	ˈɔ	5.141757642261152
v	v	5.046152564880964
ɡ	ɡ	5.002702494593467
ˈe	ˈi	4.905371301699734
m	m	4.89773536948693
ˈʌ	ˈu	4.897398846003923
ŋ_t	n	4.859473693015234
e_r	e	4.675669278461319
n_#>	#>	4.66851534024072
j	ʎ	4.652262874205494
ˈiː	ˈi	4.594529716260974
k	k	4.458081690108424
v	β	4.423316074977901
t	ʧ	4.367576446267818
t	t	4.316146139572946
ˈɛ_r	ˈa	4.283644748796796
ˈe_ŋ	ˈi	4.260579862378744
r	r	4.226755874194698
ˈuː	ɥ	4.207840075767912
n	n	4.201915680876493
<#	<#_e	4.174754695586595
ˈæ	ˈɛ	4.056224085533798
θ	s	4.045543115632929
ˈɛ	j_ˈɛ	4.002174241412379
l	l	3.909134880948258
s	s	3.789800260814575
ˈaː	ˈa	3.733562932928941
ˈa	ˈe	3.6997858530682457
ˈuː	ˈy	3.5894996969394333
ˈɔː	ˈa_w	3.578270842462992
r	ɾ	3.569170389464292
j	l	3.559608423718791
a	ɔ	3.5489542671881176
ˈo	ˈu	3.4329257214541955
r_e	r	3.360770836365437
a	a	3.358405221043449
ŋ	n	3.3012503210655715
ʧ	l	3.205663537099517
z	s	3.1433315032145166
ˈuː	ˈu	3.0185685868850767
ˈɛ	ˈɛ	3.003108360299271
ˈɛ	ˈa	2.84388593500655
ˈɛː	ˈɛ	2.8156486443197446
ˈa_ŋ	ˈa	2.657420125581589
v	w	2.624914095788785
b	β	2.624405504413718
e	e	2.5948137932396835
ɡ	k	2.5076772373908387
ˈa	ˈa	2.455493174538705
ˈa	ˈɛ	2.4152476780591887
ˈiː	j	2.349031272252951
ˈiː_r	ˈi	2.1809198226463424
ˈɔ	ˈu	2.1424201315397333
#>	s_#>	2.035183615247216
ŋ_#>	#>	1.8069709337733344
ŋ_n	n	1.7193161420753806
ˈæ	ˈe	1.516345336071671
ɲ	n	1.507166993450594
u	a	1.4304047796804804
ˈe	ˈe	1.416016137917543
d	t	1.400996405628417
t	w_t	1.08949627599128
ˈʌu̯_r	ˈu	0.9961872420616704
s	j_s	0.93793627640705
#>	t_#>	0.7434576603017835
r	ɾ_e	0.7216193095643944
e	w	0.7171360934679821
ˈɛ	j	0.6964255886124894
ˈiː	ˈɛ	0.5665068594809921
#>	w_#>	0.5507124209393802
#>	e_#>	0.4774408397425239
r_#>	#>	-0.5510448775801104