Phone1	Phone2	PMI
ʦ	ʧ	6.1744406812117525
d	d	6.09047354765542
ʎ	ʣ	5.766631040519819
ɲ	m	5.416380996591093
p_t	t	5.373599139829338
b	b	5.262696222396347
ç	f	5.158459760691556
m	m	5.011312789431354
k	ɣ_u	4.988600822202217
ˈu	ˈu	4.951422957039753
n	n_u	4.936103322523925
t	ð	4.936010624384788
p	p	4.830702795241514
s	s	4.811098124505467
ˈa_r	ˈa	4.80974479367096
r	l_u	4.643316861592256
ʣ	d	4.631183590201429
f	f	4.4999450291910446
t	t	4.469027954011652
o̯ˈa	ˈo	4.359893354441858
l	l	4.3543616430647525
ˈo	ˈo	4.30927985799332
ˈi	ˈi	4.208484603933869
a	a	4.079245285611382
ə	a	4.028920433940531
ˈe	ˈe	3.976355642620021
e̯ˈa	ˈe	3.9608455983996063
v	b	3.938953876680753
ˈa	ˈa	3.9081735854948767
ˈɨ	ˈa	3.878822680115725
k	k	3.8392719878252746
k_ʎ	j	3.8219659077336647
u	o	3.792395014127437
n	n	3.550988835525009
ʦ	ʒ	3.472231869725508
e̯ˈa	ˈi	3.4339212924337192
i	i	3.345849105396306
r	r	3.3393021181971174
k	ɣ	3.160080738249423
i	e	3.104772154590099
j	b	3.095826961352582
n	nː	3.079523365994745
ˈu	ˈo	3.0201106743874115
ɡ	ɡ	2.9049953022863697
u	u	2.8973113325913773
ˈi	ˈe	2.7483169603386965
<#_a	<#	2.6626449423120864
<#	<#_i	2.558030576924008
w	j	2.3240336131453567
ʦ	t	2.2713953010161614
s	i_s	2.227829692432719
r	rː	2.1537339106953755
ʃ	s	2.0961376540132517
ɡ	b	2.0286487870368832
l	r	1.955056840831764
l	ɖː	1.8973593708570824
ˈe	ˈi	1.707965766330916
k	p	1.39928303707251
<#_j	<#	1.166723754145112
ˈa	ˈe	1.1516656743965652
r	l	0.977063697618048
j	j	0.9719670219571868
p	β	0.8698402726058697
e	i	0.5827568424658779
i	a	0.0598451022720872
#>	u_#>	-0.6277205044785505