Phone1	Phone2	PMI
r_n	rː	7.437699084814662
k_ʎ	j	6.600063743614955
d	d	6.265094208914674
ʦ	ʧ	6.259134906174531
ʎ	ʣ	5.891395320871775
k	ɣ_u	5.564034508004829
ç	f	5.562757903566821
m	m	5.423367928818803
p	p	5.376131899701297
ɲ	m	5.341986848550526
b	b	5.15041202889266
s	s	5.060387590631391
n	n_u	4.918370682297968
ʣ	d	4.857079102352085
f	f	4.832573712106771
ˈu	ˈu	4.757089912095529
ˈa_r	ˈa	4.729831840567005
o̯ˈa	ˈo	4.694369222910975
l	l	4.509162260274444
t	t	4.496933704082022
t	ð	4.4711364543339105
ˈo	ˈo	4.360100960901779
k	k	4.29808632735627
ˈe	ˈe	4.098113435940135
ˈa	ˈa	4.034411640469553
ə	a	4.0337212332735985
u	o	4.005414128342806
ɡ	b	3.9688514452205617
ˈi	ˈi	3.9129240394138725
v	b	3.8529604718883124
ˈɨ	ˈa	3.840062366768663
k	ɣ	3.5283170934064065
e̯ˈa	ˈe	3.4980916495920558
ʦ	ʒ	3.4969609674411855
e̯ˈa	ˈi	3.478657508608041
n	n	3.477692882461458
r	r	3.446681919682805
ˈu	ˈo	3.3027401782125625
ˈi	k_ˈi	3.2993645602258126
a	a	3.2822825687046526
i	i	3.2338188160202868
<#	<#_i	3.2025090611912974
u	u	3.1366364755910436
<#_a	<#	3.1107078081788284
i	e	3.05084432834012
ʃ	s	3.0060315786218323
n	nː	2.999761477007116
<#	<#_a	2.9907495851062995
l	ɖː	2.976690293829949
r	l_u	2.8989920069662523
w	j	2.8169987412293667
j	b	2.739065658564306
l	ɖː_u	2.690046493429567
w	ˈu	2.573919290941775
<#_j	<#	2.5452262461009374
ˈi	ˈe	2.527964314827994
<#_ʃ	<#	2.509933094433462
<#_ʣ	<#	2.509933094433462
e	i	2.455023676385076
ɡ	ɡ	2.3948630372668105
#>	e_#>	2.247933063164565
ʦ	t	2.204637872785871
a	ˈa	2.1937454068400433
p_t	t	2.1918236892111453
j	j	1.857654982463051
i	i_n	1.658666154870013
ʃ	i_s	1.5290022102587006
r	rː	1.4953202033282733
r	l	1.479849225651722
j	ˈe	1.4524435282071924
ˈe	ˈi	1.2628896329666208
l	r	1.2536262985729216
#>	ĕ_#>	1.236644364811154
p_l	p	1.2017898176596358
s	i_s	1.1791960448756273
ʃ_t	s	1.125569318270671
t	n_t	1.0456309659029288
j	z	0.9185362675555503
k	p	0.8978020564019749
p	β	0.8273521694240025
ʎ	l	0.7830406154524754
r	ˈo_r	0.7585669376604188
<#_ʦ	<#	0.6706293650996166
<#_k	<#	0.6422131082452729
ˈi	e	0.3538166673351685
ˈi	i	0.28165873397886126
#>	a_#>	0.189045210579121
u	ˈo	0.14294415479680134
#>	u_#>	0.052103885693373986