Phone1	Phone2	PMI
ʧ	ʧ	7.9882919000303465
ʃ	ʃ	7.764734424408919
z	z	7.746112543530623
ŋ	ŋ_k	7.730393312528753
j	j	7.283012178385037
ð	ð	6.673353486287268
ɲ	ɲ	6.6559610794572075
ɣ	ɣ	6.6132515383704185
i	i	6.571757523624251
ɡ	ɡ	6.321580570624692
ŋ	ŋ	6.2055083275298495
d	d	6.173426121072462
β	β	6.0869071344053856
ʒ	ʤ	5.974671055509098
ʤ	ʤ	5.930908671709522
f	f	5.798120474717124
ˈi	ˈi_r	5.770681661842098
ˈo	ˈo	5.578280090029526
u	u	5.551586989934782
w	w	5.503319100002115
ˈu	ˈu	5.420726472832722
ˈo	ˈo_r	5.221512101126447
ˈe	ˈe	5.172536828354501
n	n_t	5.095182564923332
m	m	5.050563722267734
ˈɛ	ˈæ	5.027508796600617
b	b	4.961745637062188
ʃ	j_ʃ	4.945537209430347
p	p	4.92685131295841
l	l	4.84859952739832
ʎ	ʎ	4.840886556283729
ˈɔ	ˈɒ	4.818225878354801
ˈi	ˈi	4.705865418511113
ɾ	ɾ	4.5767616353407785
t	t	4.565485164755576
b	v	4.542933990305183
k	k	4.4613143013504875
ˈa	ˈa_r	4.428287621324059
r	r	4.303170967131904
n	n	4.277111075186426
s	s	4.102862703841554
β	v	4.095688215683529
ˈu	ˈu_r	3.822676580068378
ˈa	ˈa	3.5877114295055788
ˈe	ˈe_r	3.286035900246289
ə	ɐ	2.990788693945988
ə	a	2.990788693945988
ə	ɜ	2.990788693945988
ə	ɞ	2.9225813103789746
ə	e	2.8916143413044213
ˈɛ	ˈæ_r	2.7653520654065518
ə	e_r	1.834266606064841
#>	r_#>	-0.8590708186913167