Phone1	Phone2	PMI
ʧ	ʧ	8.253936027936296
z	z	7.950955434058552
j	j	7.714605346690733
ɣ	ɣ	7.073095838398322
ð	ð	6.899242227280567
ɲ	ɲ	6.843826190467834
i	i	6.747939297389815
ŋ	ŋ_k	6.536334655123672
ɡ	ɡ	6.266447080258342
d	d	6.171053221009969
β	β	5.941392142526433
f	f	5.81029450308746
u	u	5.7165432849012925
ʒ	ʤ	5.634240848586358
ˈu	ˈu	5.588522306988851
ˈo	ˈo	5.476415241840448
ˈɛ	ˈæ	5.365639969055414
n	n_t	5.266432207880577
w	w	5.21868843490839
ŋ	ŋ	5.190426796877326
m	m	5.079519574399868
b	b	5.018472081010614
ˈe	ˈe	4.969883280394158
p	p	4.890698537027292
ʎ	ʎ	4.854338317285059
ˈi	ˈi	4.818258743403667
l	l	4.810485041701359
ˈɔ	ˈɒ	4.699706281192174
t	t	4.675070533972846
ɾ	ɾ	4.581488989960823
b	v	4.575846692545965
n	n	4.37366716481504
k	k	4.367622782435806
r	r	4.355872983243934
s	s	4.197458098456065
ʤ	ʤ	4.06761949530977
β	v	4.008236136860536
ʃ	j_ʃ	3.8099640530084473
ˈo	ˈo_r	3.676842938525875
ˈa	ˈa	3.595592203049174
ˈi	ˈi_r	3.472967085301475
ˈa	ˈa_r	3.4047503227485505
ʃ	ʃ	3.0145911038720685
ə	a	3.0058467654270524
ə	ɜ	3.0058467654270524
ə	ɐ	3.0058467654270524
ə	ɞ	2.9754461467380424
ə	e	2.9374535958022707
ə	e_r	1.3256520680543105
ˈɛ	ˈæ_r	1.2926105026827577
ˈu	ˈu_r	1.222225455887197
ˈe	ˈe_r	1.0549752879675651
#>	r_#>	-0.5079435550890898