Phone1	Phone2	PMI
ŋ	ŋ_k	9.043290792897615
ʧ	ʧ	8.489527438985416
z	z	8.41336308219723
j	j	7.955132352482983
ʃ	ʃ	7.885943057385964
ˈo	ˈo_r	7.717027165615035
ʃ	j_ʃ	7.642538390711405
i	i	7.4848672009556845
ɣ	ɣ	7.372029553235377
ɲ	ɲ	7.33054174120016
ð	ð	7.284266414784227
ˈi	ˈi_r	6.838982928536971
d	d	6.769654729753072
ˈe	ˈe_r	6.731407955724591
β	β	6.686187672495068
ɡ	ɡ	6.637139716127079
ʒ	ʤ	6.4713059582452646
ʤ	ʤ	6.467259544508372
n	n_t	6.417995259465573
u	o	6.279811481204769
f	f	6.205344705316527
ˈo	ˈo	6.082463416329473
ˈu	ˈu_r	5.999951918150284
ˈu	ˈu	5.944684997585008
w	w	5.907275840758842
ˈa	ˈa_r	5.832782493570384
b	b	5.650131088315857
p	p	5.5957898502323316
m	m	5.595555009702479
ˈe	ˈe	5.562828342955901
ˈɛ	ˈæ_r	5.5189873982399735
ˈɛ	ˈæ	5.473618329912272
ˈɔ	ˈɒ	5.34951544407086
l	l	5.32009158628004
b	v	5.293507450184483
ʎ	ʎ	5.225384444807336
ŋ	ŋ	5.152104000605774
ˈi	ˈi	5.1507432268761875
ɾ	ɾ	5.109128450309343
t	t	5.100122785972834
n	n	5.0904300529937485
k	k	4.956585800120852
r	r	4.88875575962802
s	s	4.68368937502041
β	v	4.454858937647556
ˈa	ˈa	4.293153145863536
u	u	3.718998167457215
ə	ɐ	3.5199116227816942
ə	a	3.519911622781694
ə	ɜ	3.519911622781694
ə	ɞ	3.4580487768378694
ə	e	3.4484307012998574
ə	e_r	1.668621445176429
#>	r_#>	0.12127370029398589