Phone1	Phone2	PMI
ʧ	ʧ	7.88644460971328
j	j	7.790578538799326
ŋ	ŋ_k	7.75411232484106
z	z	7.725921539925646
ʃ	ʃ	7.3412846593358125
ɣ	ɣ	7.124563640261601
ʃ	j_ʃ	6.999233558715861
ð	ð	6.8931381119800985
i	i	6.797491617995893
ɲ	ɲ	6.552565088344796
ˈo	ˈo_r	6.530262154572777
ɡ	ɡ	6.471191510321879
d	d	6.039763302059423
β	β	6.036773050866306
ŋ	ŋ	5.9669668229427835
f	f	5.8379351626782645
ʤ	ʤ	5.619698230968945
ʒ	ʤ	5.509662567834214
ˈu	ˈu	5.49553975752107
ˈo	ˈo	5.477328084885114
u	u	5.439626424733118
w	w	5.417710197886943
ˈu	ˈu_r	5.176195551405201
n	n_t	5.109400497064475
p	p	5.108141951644009
b	b	4.985168458332278
m	m	4.98258773428101
ˈɛ	ˈæ	4.964354175620049
ˈe	ˈe	4.948474810848183
ˈɔ	ˈɒ	4.833650665593448
l	l	4.816877645128219
ʎ	ʎ	4.7603855175268635
ˈi	ˈi	4.744356234660987
ˈi	ˈi_r	4.648917317650111
b	v	4.563963921035099
ˈa	ˈa_r	4.538792225803883
ɾ	ɾ	4.520156187492021
t	t	4.505580300424512
k	k	4.384995216889951
n	n	4.365918068347417
ˈe	ˈe_r	4.365412873000796
r	r	4.287595854972388
s	s	4.150732028358651
β	v	4.051289638503745
ˈa	ˈa	3.666932184378217
ˈɛ	ˈæ_r	3.291931358982911
ə	ɐ	3.0240393218692567
ə	ɜ	3.0240393218692563
ə	a	3.0112132543853134
ə	ɞ	2.956563616470049
ə	e	2.9441673800711845
ə	e_r	1.2245167732565767
#>	r_#>	-0.8717256774511372