Phone1	Phone2	PMI
ʧ	ʧ	8.189786552809911
ŋ	ŋ_k	8.12605962632146
z	z	8.023771553098372
ʃ	ʃ	7.204637893230055
j	j	6.972058346320386
ð	ð	6.9240497206887595
ɣ	ɣ	6.624635786233288
i	i	6.592336089419552
ˈo	ˈo_r	6.498435865198837
ɲ	ɲ	6.427328644798603
β	β	6.139319580992491
d	d	6.129146046660745
ɡ	ɡ	5.964774144428932
f	f	5.885705880224399
ʒ	ʤ	5.759517876215177
ˈi	ˈi_r	5.56043679711407
w	w	5.461262398640712
ˈu	ˈu	5.414621528199996
ˈo	ˈo	5.253761444403508
n	n_t	5.226769581522187
u	u	5.134975418967193
ˈɔ	ˈɒ	5.123249281736912
ˈe	ˈe	5.081772250527165
m	m	5.067633717131441
p	p	5.05900722022493
ˈɛ	ˈæ	5.038514436321436
b	b	5.030555622726
ŋ	ŋ	5.006462387849927
ʎ	ʎ	4.777173770770196
b	v	4.673114242314894
ˈa	ˈa_r	4.670685346051055
ˈi	ˈi	4.656157692054481
t	t	4.6371848892437875
k	k	4.60443117771252
l	l	4.569708034085145
ʤ	ʤ	4.558612452461851
ɾ	ɾ	4.479611182018598
n	n	4.408873993066658
r	r	4.372105734812788
s	s	4.118513804711307
β	v	4.1142838572700455
ˈa	ˈa	3.6861281941674093
ə	ɐ	3.0928515360475877
ə	ɜ	3.0928515360475877
ə	ɞ	3.0399595372606156
ə	e	2.9482195771193527
ə	a	2.8996729311325473
ə	e_r	1.2500317518960231
#>	r_#>	0.7191895028864254
#>	ʎ_#>	0.48727206801981343