Phone1	Phone2	PMI
mː	mː	9.698404253886315
ʎː	ɫː	9.698404253886315
ʧ	ʧ	8.623591110241808
z	z	8.186347348485214
ʃ	ʃ	7.928804872575324
ŋ	ŋ	7.329578347417191
ð	ð	7.036087733784
i	i	6.898909639492123
ɲ	ɲ	6.577128843377626
j	j	6.459875238297836
ɣ	ɣ	6.4488947743102445
ɡ	ɡ	6.353517127521083
β	β	6.139463274627458
d	d	6.096701095527103
f	f	5.8560182130064895
ʒ	ʤ	5.825692232659832
u	u	5.803970741660166
ʤ	ʤ	5.6833700609928774
ˈo	ˈo	5.4645210209927635
ˈu	ˈu	5.431108779285161
w	w	5.269406484339562
ˈe	ˈe	5.141695453425443
ˈɛ	ˈæ	5.0982166892528085
p	p	5.045502196094877
b	b	5.032922108473731
m	m	5.002455369823528
ˈɔ	ˈɒ	4.960088023654735
ˈi	ˈi	4.919497242483837
ʎ	ʎ	4.818026424661936
l	l	4.802215078987282
ɾ	ɾ	4.677456046139115
n	n	4.615217475815274
b	v	4.608160993037914
k	k	4.528202997488045
t	t	4.4316946516958655
r	r	4.359172234238208
β	v	4.1504232841262585
s	s	4.043443857007231
ˈa	ˈa	3.7796583558744343
j	i	3.2401773103159957
ə	ɐ	2.9543950407412725
ə	ɞ	2.9543950407412725
ə	ɜ	2.9543950407412725
ə	e	2.946700211178345
ə	a	2.940317175162993
#>	k_#>	2.3040907452093786
#>	r_#>	2.2672687920424184
j	ˈi	1.512997417126719
#>	t_#>	1.3192773898052093
ˈu	w	0.6890944706367432
k	ɣ	0.29414568136290614
ɣ	k	0.2299317606994427
ə	ˈi	-0.4087078465834826
ˈi	e	-0.010074542201799501