Phone1	Phone2	PMI
ʧ	ʧ	7.998661585508404
ŋ	ŋ_k	7.930610709301564
z	z	7.832646585796867
ʃ	ʃ	7.393725990765272
j	j	7.068810514305987
ð	ð	6.732924753387253
ɣ	ɣ	6.623621223848475
ɲ	ɲ	6.621918239979767
ˈo	ˈo_r	6.419024141935104
i	i	6.4012111221180445
β	β	6.247256936206912
ɡ	ɡ	6.209673826490411
d	d	6.190656136787744
f	f	5.809460855152996
ˈi	ˈi_r	5.72853887523113
ʒ	ʤ	5.68562279204799
w	w	5.404306139897637
ˈu	ˈu	5.350655260121477
u	u	5.342156072959754
ˈo	ˈo	5.333924347863236
p	p	5.223346275616112
ˈɛ	ˈæ	5.150692046472788
n	n_t	5.112363864346467
m	m	5.068154014211655
ˈe	ˈe	5.025116459616873
b	b	5.006194173705531
ˈɔ	ˈɒ	4.989433790776402
l	l	4.864315403116412
ŋ	ŋ	4.8578229962602855
ʎ	ʎ	4.759891208355879
ˈa	ˈa_r	4.73338399437097
b	v	4.62216294547062
ˈi	ˈi	4.619913702687145
k	k	4.560866574722538
t	t	4.556661532011824
ɾ	ɾ	4.521696926534425
ʤ	ʤ	4.434180546342509
r	r	4.34730765390088
n	n	4.311369695702213
β	v	4.123397982916817
s	s	4.121127215330124
ˈa	ˈa	3.726277793160775
ə	ɞ	2.9790260438690828
ə	a	2.9790260438690828
ə	ɜ	2.9790260438690828
ə	ɐ	2.9790260438690828
ə	e	2.8926264225570413
ə	e_r	1.317965443244128
#>	r_#>	0.2554589103155251