Phone1	Phone2	PMI
ŋ	ŋ	7.471286073084618
ɲ_u	ɲ	7.253963282877125
ɡ	ɡ	6.929125414029015
ɲ	ɲ	6.538300226104907
ɟ	ʤ	6.198130068922486
d	d	6.164834903770116
ʧ_e	w	5.983942931589168
i	i	5.758327560361996
f	f	5.692437959115579
m_e	m	5.687102254909512
b	b	5.685724269831796
lː_u	ʎ	5.502303301940444
v	v	5.397369611624976
k_u	k	5.348307470424369
u	u	5.329639549074658
ʦː_u	w	5.28198793072378
l_u	l	5.240469723539268
ˈu	ˈu	5.202673125948048
t	ð	5.120943010185363
j	l	5.088576778946136
m	m	5.054232299345984
r_e	r	4.886928472028703
r_u	r	4.835520063217973
t_u	t	4.783736441412161
p	p	4.678759279155631
t_e	t	4.67370728388242
ˈi	ˈi	4.598216265301379
ˈo	ˈɒ	4.527768430493366
ˈa	ˈa_r	4.508531526227431
ˈa_n	ˈa	4.379400380696531
n	n	4.370342187471973
l_e	l	4.331691635799145
ˈɔ	ˈɒ	4.296062331413309
k	k	4.2001198834144
lː	l	4.1573320664229225
s	s	4.079754203381516
ˈɛ	ˈe	4.0601602493921005
ˈi_n	ˈi	4.053416421469765
ˈe	ˈæ	4.035328679633476
<#	<#_e	4.03233005394392
ˈɛ	ˈæ	4.03146608798939
tː_u	t	4.015429943810623
p	β	4.003946135511123
ʧ	s	3.977296818386128
r	ɾ	3.9735404315439298
l	ʎ	3.96474756349139
w	w	3.923269146540792
ˈɔ	ˈo	3.922135751082825
ʎ	ʎ	3.8973137439339336
i	e	3.867931939959291
ˈe	ˈe	3.843986529909448
e	ˈi_r	3.756114766825748
t	t	3.728671370148377
a	ɐ	3.6496530415089663
a	a	3.6390859012665344
e	e	3.632582513915264
tː	t	3.6238142727117015
ˈa	ˈa	3.542188170767081
kː	k	3.4984622188630925
l	l	3.46014556149571
ˈo	ˈo	3.385740305346092
a	ɞ	3.257705440116932
a	ɜ	3.155515398289355
sː	s	3.051603491419647
u	e	3.045096513145324
e_r	ɾ	3.017623584656848
k	ɣ	2.9370922890938687
e	w	2.8641895562049284
r	r	2.8446442044133247
lː	ʎ	2.7515185559793145
tː_e	t	2.7363576868882835
#>	s_#>	2.62663869732065
ˈu	ˈo	2.4617825606760007
ˈe	ˈi	1.9767740802543297
n_e	n	1.8551315425938808
b	β	1.7639385783893746
e	e_r	1.1530937077840664
d_e	w	1.1109967774254357
o	u	1.0682361559395637
e	ɾ_ɜ	1.0515833336309175
v	w	0.8932884794346228
ɟ	ɡ	0.8872312545026049
ʦ	s	0.722652065026924
u	ɞ	0.6762757306101717
u	w	0.5911244960075923
ˈɔ	u	0.4330006826677406
ˈɔ	ˈu	0.358606927190349
ˈɔ	ˈæ	0.281952796648382
ˈa	ˈe	0.2785634077539345
e	r	0.2423795525505705
u_#>	#>	-0.7614546569147399
e_#>	#>	-0.708947152034251
#>	r_#>	-0.1226459806188409
#>	ɜ_#>	-0.0076055802380691