Phone1	Phone2	PMI
ˈaː	ˈaː_r	6.2482331835486375
ˈɔ	ˈɔ	5.9782484399573805
ɡ	ɡ	5.973215102620701
ɲ	ɲ	5.827878607592447
b	b	5.594666444743695
t_e	t	5.529153013720886
ʒ_e	ʃ	5.43193199775618
w	u	5.412736562874261
m	m	5.396005953476592
ˈuː	ˈuː	5.390945651138124
m_e	m	5.345629264591004
f	f	5.177731134706212
p	p	5.16692530840474
ʤ_u	ʎ	5.096227984472238
ˈeː	ˈɛ	5.084384903178163
ˈy	ˈu	5.082678319581127
v	v	5.03850472972377
d	d	4.874950583927263
s_u	s	4.855446847336755
t_u	t	4.774295143484538
ˈi	ˈiː	4.698746133594626
ʤ	ʎ	4.687848555249215
e	ə_r	4.576832392579842
z	ʃ	4.518487566285171
ˈu	ˈu	4.42996476430477
ˈu	ˈuː	4.34251715758086
ˈi	ˈi	4.337857380867453
l	l	4.328475810060516
t	t	4.261723706675471
j	j	4.207454083349033
ˈɛː	ˈa	4.100737547641133
k	k	4.092046755662351
s	ʧ	4.036408561195566
ˈɔː	ˈɔː	3.942120834137872
ˈuː	ˈu	3.9352557594940274
k	ʨ	3.912300696104121
n	n	3.897780199491168
ˈyː	ˈi	3.8822900776787206
s	s	3.81380082514786
ˈøː	ˈɔ	3.67985942773958
ˈiː	ˈiː	3.604387968930407
j	j_r	3.460308118032956
ŋ	n	3.377885324450971
r	r	3.3735236670204087
ˈe	ˈɛ	3.3554749915839426
a	ə	3.232744717936051
ŋ	ŋ	3.194350869021222
ˈa	ˈɔ	3.1807665109128465
ˈe	ˈe	3.079026567179384
ˈa	ˈa	3.077522592035
a	l_ə	3.030925160887914
ˈø	ˈo	3.002648030685297
ʒ	ʃ	2.9451436128424247
e	i	2.9327264949147347
s	ʃ	2.8365005844807274
ˈaː	ˈaː	2.8096940900933576
ˈe	ˈa	2.776102457574661
ˈa	ˈa_w	2.7142657674001875
t	ʨ	2.6284919693907645
f	f_j	2.557082772329605
e	ə	2.438812221599184
l	l_j	2.424407752915408
ˈeː	ˈeː	2.3902793512841884
#>	l_#>	2.366418657639397
ʃ	ʃ	2.252474910349553
ˈaː	ˈa	2.2041791637096506
ˈe	ˈa_j	2.106921114405432
ŋ	w_n	2.027916090845719
ˈa	ˈaː	2.004561429825418
r_u	r	1.968253758404288
ʤ	ɡ	1.704793806010154
#>	s_#>	1.6784385256249612
d_u	t	1.6701761796251475
n_u	n	1.6237445142595064
j	r	1.5820260563599295
ɲ_u	ɲ	1.530309902767374
v	f	1.5142495585960494
d	t	1.480726531741634
ʤ	ʥ	1.4772068669551568
t_u	ʨ	1.47048446255328
ˈe_l	ˈɛː	1.330309902767374
z	ʥ	1.2349305463084614
<#_a	<#	1.1407807146889328
u	w	1.084249029735689
ˈɔː	ˈa_w	1.0445635888766818
l_u	l	0.9481114460560331
ˈɔː	ˈa	0.8930635168600499
#>	ʎ_#>	0.7407807146889327
ɡ	w	0.644020060548285
e_#>	#>	0.3594768233460149
#>	r_#>	0.1888096607537129
j	ə	0.1703872413766985
u_#>	#>	-0.2544064315557146