Phone1	Phone2	PMI
j̃	ɲ	6.777755269131427
o	u	6.541141734800149
ʒ	ʤ	6.491727655789728
ɡ	ɡ	6.172850175568674
ˈĩ	ˈĩː	5.813570605885525
ˈi	ˈi	5.766274861552813
ˈõ	ˈũː	5.5428269742361564
j̃_u	ɲ	5.3070205902293095
u	ˈy	5.276138697975647
b	b	5.235013843589069
e	e	5.14638005913974
t_u	t	5.093451268422086
ˈɐ̃	ˈãː	5.087243782980747
ˈa	ˈaː	5.041929081106411
p	p	5.00991542787398
m	m	4.976900492624681
d	d	4.920355879593165
n	n	4.913536987053719
ɡ_u	k	4.818260810160996
ˈɐ̃_w̃	ˈãː	4.8178628433829145
f	f	4.712190859815386
ˈa_h	ˈa	4.656603666890776
w	w	4.597331778404972
ʃ	s	4.561346715351679
ˈe_j	ˈe	4.54699410723874
ˈɔ	ˈɔ	4.528393237218288
v	ʋ	4.51895040460432
j_ʃ	s	4.491119867460936
ˈu	ˈy	4.274256249484648
l_u	l	4.174623331086786
s_u	s	4.124025034501928
t	t	4.07426118278233
ˈo	ˈu	4.031540543737948
ɐ	n_a	4.007972856968706
k	k	4.004243501449079
l	l	3.902052889438406
ˈe	ˈɛ	3.86313813242696
ˈo	ˈɔ	3.862691589399179
ˈo	ˈø	3.845669631678626
ˈe	ˈe	3.8223099890709142
ˈa	ˈa	3.643496248989232
ɾ_u	r	3.5907548341780875
ˈɔ	ˈu	3.5847349885061743
w	l	3.584630727751127
s	ʧ	3.547277094865834
ˈu	ˈyː	3.532555129606507
s	s	3.464152516895991
ɾ	r	3.4555472686692084
ˈɛ	ˈɛ	3.432036112215409
s	ʦ	3.395346197096752
b	ʋ	3.357439540039556
ɐ	a	3.334372875597118
a	a	3.135174873026426
#>	ʧ_#>	3.0590875929089307
ˈɛ	ˈe	2.8995122973731378
ɦ	r	2.8734958307545497
z	z	2.856253919210629
u	j	2.7647070393554007
ɾ	e_r	2.7449262225899376
k_u	k	2.6105918798460728
ˈɐ̃	ˈa	2.521808590236593
v	b	2.490130786385952
ˈu	ˈu	2.3318047026342854
ɾ_i	r	2.300938269573428
<#_h	<#	2.18530294265322
ˈe	ˈe_j	2.178878555408266
ˈa	l_ˈa	1.9761570065466247
ʧ_i	t	1.896878151927149
ˈĩ	ˈi	1.7979637392669408
d	t	1.753618433575626
i_#>	#>	1.7215539444852748
ˈẽ	ˈẽː	1.538316156351777
ɡ	k	1.4240046036616407
ˈɐ̃_w̃	ˈũː	1.3086474390967295
a	ˈa	1.226130350764816
v_i	f	1.0656007590432532
j̃_#>	#>	0.9719939096442052
h_#>	#>	0.9598282161309544
s_ˈe	s	0.9354588141942576
ˈo_w	ˈɔ	0.9344518607316832
v	f	0.9090665337906064
ʧ	t	0.8903009405731337
ˈɛ_ɦ	ˈɛ	0.8515228934649735
ˈo	ˈøː	0.8489899197471216
u	ˈɛ	0.8344048357572982
h	r	0.7511530104250265
w̃_#>	#>	0.7158026468779941
#>	r_#>	0.315802646877994
u_#>	#>	-0.9576899344563844