Phone1	Phone2	PMI
ŋ	ŋ	8.356934218691755
ɲ	ɲ	7.0443243739701
tː	ʧ	6.947989435508274
lː	ʝ	6.794398073943438
i	i	6.778961124558459
f	f	6.460593370943702
ɟ	x	6.3357234636189
ɡ	ɡ	6.219727559976328
ˈe	j_ˈe	6.153171917117114
d	d	6.120203947576928
ʎ	x	6.0891117466272195
c	x	6.0599963817700955
ʧ_e	θ	5.974716603200319
ˈu	ˈu	5.757351693700788
l_e	l	5.389367000237842
m	m	5.38687779260786
ˈɔ	w_ˈe	5.244572914438435
e	ɾ_e	5.193145208525524
ʧ	θ	5.156215996531017
ˈi	ˈi	4.967471949443011
ˈɛ	j_ˈe	4.905495344509416
p	p	4.815144178630326
l	l	4.795540256125265
ˈa	ˈa_ɾ	4.709604382340178
b	b	4.579055430372659
s	s	4.570154960944497
k	k	4.562746370531046
n_e	n	4.5500282406889445
ˈo	ˈo	4.538869042889104
r	o_ɾ	4.5201004258993756
t	ð	4.517435342378727
#>	s_#>	4.502211971829191
t	t	4.476036050205638
v	b	4.344565917621834
p_j	ɟ͡ʝ	4.340895807462698
r_e	ɾ	4.268531447612934
w	w	4.245435152323644
j	j	4.170179675736537
tː	t	4.11402447334671
ˈa	ˈa	3.989339482708194
n	n	3.9257865463402006
e	e	3.784913369012404
ˈɔ	ˈo	3.745783404030473
k	ɣ	3.636503584197501
u	o	3.6200244225241174
r	r	3.566492426205343
v	β	3.5588596482065573
a	a	3.5548003329227273
ˈe	ˈe	3.4142604579075484
ɡ	ɣ	3.3991622364672325
o	o	3.3601649223684644
m_e	m	3.2836426585689047
r	ɾ	3.266444261304694
b	β	3.2390879511852346
ˈɛ	ˈe	3.187241446982254
p	β	3.0948006691760828
<#_f	<#	3.0540786532681237
kː	k	2.933589577289049
d	ð	2.7093345750913174
sː	s	2.606641448419542
e_r	ɾ	2.4972029384871552
s	e_s	2.3713816672191896
ˈo	w_ˈe	2.3553616935925397
i	e	2.2742522579078788
v	ˈe_β	2.2297151074048522
v	b_j	2.225027188259513
e	ˈi_ɾ	2.1786970469677605
<#_ˈa	<#	2.08723930475774
<#	<#_e	1.9898863666529765
lː	l	1.9776060590979514
n	e_n	1.913931138883794
z	s	1.8376583499984662
ˈɛ	ˈi	1.6013175446304222
j	ɟ͡ʝ	1.4812572481069557
ˈɔ	w	1.4679459047840202
nː	ɲ	1.255092501859891
ˈu	ˈo	1.0980265284496136
k	ˈe_ɣ	1.0928414685049435
#>	ɾ_#>	1.0104219216639385
#>	e_#>	0.8015430977922477
e	ˈe_ɾ	0.7032620921009122
j	ɾ	0.6116184853347635
e	ɾ	0.3856236041968973
e_#>	#>	-0.4599906809260202