Phone1	Phone2	PMI
z	ʤ	7.404311158878271
ʤ	ʎː	7.030827581252584
b	b_w	6.803990242049855
i	i	6.435192030915842
d	d	6.3358718806789245
ʃ	ʃː	6.209006021251599
ɡ	ɡ	6.102353812514438
ˈøː	w_ˈɔ	5.591367802819002
f	f	5.570080758346967
ˈeː	j_ˈɛ	5.494383878706957
ʧ	k_j	5.445733141111509
m	mː	5.421140636255331
m	m	5.343736011633481
ʒ	ʃ	5.274735461608569
v	v	5.155346711624845
p	p	5.109360509246345
s	s	5.095456241746187
ˈiː	ˈi	5.058091833281476
ˈø	ˈɔ	5.048621618098349
l	lː	4.957385724121297
ˈi	ˈi	4.944322525179691
n	nː	4.856394072264028
ŋ	n_ə	4.79851861842846
ŋ	ŋ	4.794130469107189
ˈɔ	w_ˈɔ	4.7198939994075335
r	r	4.662330187824832
ˈu	ˈo	4.610329332030228
ˈy	ˈu	4.590338137051964
ˈuː	ˈu	4.485988607853361
ˈɛ	ˈɛ	4.470826411869031
t	tː	4.431348521244961
l	l	4.428555762444123
ˈyː	ˈu	4.371390636042345
ˈɔː	w_ˈɔ	4.326587701319854
ˈaː	ˈa_ɾ	4.325616237314587
ɲ	ɲː	4.28864507210028
s	ʃ	4.220537657205868
ˈa	ˈa	4.214093293681202
ˈe	ˈe	4.192104898205994
ˈuː	ˈo	4.184455112878876
w	u	4.127009484094925
k	k	4.055880981853943
t	t	4.002227642078215
ˈaː	ˈa	3.979760069844812
ˈɔː	ˈɔ	3.937934331437972
n	n	3.746045986014293
ˈu	ˈu	3.691621928222407
r	ɾ	3.6006056169113645
a	a	3.5015495439130424
ˈe	j_ˈɛ	3.460876913562758
ˈɛː	ˈa	3.441585934427426
ɡ	k	3.380311176638485
ˈɔ	ˈɔ	3.283298447327044
ˈe	ˈi	3.0152499164285462
u	o	3.0099238588203865
ˈɛː	ˈa_t	3.00751773120182
ŋ	n	3.003114591275346
ˈe	ˈɛ	2.8014923848980606
b	v	2.677425976180216
j	ə_ɾ	2.6353068307865883
v	p	2.433426399151684
u	ɾ_ə	2.395785987470369
ˈeː	ˈɛ	2.341243914824205
<#	<#_w	2.2856982070664493
ʤ	ɲː	2.279702983952045
ʃ	ʃ	2.255405235595444
ˈɛː	ˈɛ	2.199178887571212
e	ə	2.0851695391421177
a	ə	2.077893081754409
ˈu	ˈɔ	2.063697288489263
<#_ʤ	<#	2.0281557311565592
w	w	2.027090228087456
u	ə	2.018802986389203
s	ʦ	1.9560381375422689
e	i	1.9549626840096863
j	l	1.806867020541982
u	u	1.66289707670067
u	j_ə	1.6000046501814869
k	kː	1.5095364203816224
j_#>	#>	1.485698207066449
j	ɾ	1.2986500289376162
p	p_w	1.239228228039985
ˈe_j	ˈe	1.1904513894793012
j	ə	1.1725714977262685
ʤ	kː	1.1166731917107804
ˈøː	ˈɔ	1.0987691645155595
t	t_j	1.0673713581862905
ŋ	ɲː	0.7708646340954772
ʤ	j	0.7579633672042656