Phone1	Phone2	PMI
ɲ	ɲ	7.320526068716398
ɡ	ɡ	6.412947219303523
ʧ	ʧ	6.311046458673251
o	u	6.045646965760098
b	b	5.520910048502753
f	f	5.47163451499021
ʒ	ʃ	5.456501114183812
ˈɛ_l	ˈɛː	5.392489492239786
d_l	ʎ	5.373938943231834
e	ə_r	5.36056502460871
d	d	5.357053730005276
p	p	5.356008632289154
m	m	5.256619830090929
ʃ	ʃ	5.240544659368883
v	v	5.195529864602138
ŋ	ŋ	5.066535556434246
ʥ	ʥ	5.001426725980234
ˈi	ˈiː	4.918600217257791
w	w	4.869834519916774
n	w_n	4.860055097168472
ˈi	ˈi	4.834541618169802
ˈe	ˈaː_r	4.701439466105873
k	k	4.673322997851055
ˈo	ˈu	4.655753251457568
t	t	4.6359477936983415
ˈɔ	ˈɔː	4.602975426775578
s	s	4.600983402337374
j	j	4.576273450872318
ˈɔ	ˈɔ	4.507366676508148
ˈo	ˈuː	4.217155527925396
ˈɛ	ˈɛ	4.185881479377219
l	l	4.181726264967429
ʨ	ʨ	4.158247942362336
ˈe	ˈe	4.114053948908737
ˈu	ˈi	3.848753109709607
n	n	3.75599815941096
r	r	3.6106075382930616
ˈa	ˈa	3.544411098158007
j_ˈɛ	ˈɛ	3.54080890829974
ˈo_w	ˈuː	3.5119412052982444
a	ə	3.468111928956449
w_ˈɛ	ˈɔ	3.439487404707628
#>	w_#>	3.398946749413145
ˈɛ_k	ˈɛ	3.3334625814545618
ʨ	ʧ	3.249121789565633
ˈa	ˈɔ	3.1770609924328945
j	j_r	3.171980791055399
ʦ	ʦ	3.087924326459975
ˈa	ˈaː	2.969328668359074
ˈe	ˈeː	2.942305542855794
ˈu	ˈiː	2.926786023041896
ˈo_w	ˈu	2.926280978315727
ŋ_k	ŋ	2.749324293402914
ˈe	ˈa	2.7045232200633067
ˈɔ	ˈu	2.6712797888305904
t	ʨ	2.616369585504888
e	ə	2.608377679764113
ʒ	ʒ	2.598346901166184
ˈu	ˈu	2.5108649557993843
ˈɔ	ˈuː	2.5089540231410177
f	f_j	2.4974189872029395
ˈɛ	ˈɛː	2.452562731801753
ˈi	ˈiː_r	2.445154974527925
o	o	2.3523099454374474
k	ʨ	2.237910712482121
ʒ	ʥ	2.217337461900507
w_ˈɛ	w	2.1813830658671143
ˈɛ	ˈa	2.0449448526216387
l	l_j	1.9110116100731147
w	j	1.8669954312091328
ˈɛ	ˈaː	1.822043882954747
e	i	1.6648885886172002
j	ʎ	1.458245958481441
<#_w	<#	1.4044735626056908
ʨ	k	1.289198796855958
w	ˈo	1.244631101785911
ˈɛ	ˈeː	1.1964488647385625
m_j	m	1.1333449941303555
w_ʃ	ʃ	1.0568074426286036
e	e	1.0091234646754736
ʦ	s	0.9802454828084388
ŋ	n	0.9683034443336777
#>	s_#>	0.966869297449134
j	ʥ	0.8420612503112288
n	j_n	0.8284096572339588
ˈɛ	ˈiə̯	0.7871241730381714
n_w	n	0.7795946914126328
k_#>	#>	0.7409771246344568
ˈe	ˈi	0.6935151459215062
#>	ʎ_#>	0.6044735626056909
ˈe	ˈɛ	0.5988147156488243
b	v	0.5791161701802103
o	ə	0.5099158445790071
ˈɛ	ˈɔ	0.4769386599963519
e	r	0.2051282210699739
<#	<#_v	0.1365035620287659
#>	r_#>	-1.0832113391084497