Phone1	Phone2	PMI
ɲ	ɲ	7.394461656526478
ˈɛ_l	ˈɛː	7.096405001922467
ʧ	ʧ	6.6299953576102855
ɡ	ɡ	6.377616353981301
b	b	5.795527761945363
ˈɔ	ˈɔː	5.759165974776285
f	f	5.599608052932011
d	d	5.333548646071427
ˈe	ˈaː_r	5.328274712070574
e	ə_r	5.286689695249765
m	m	5.284809361575334
o	u	5.194909519719709
ʥ	ʥ	5.179816802761063
ʒ	ʃ	5.178042883962779
k	k	5.105931179437535
ʃ	ʃ	5.0689892788405855
w	w	5.016152038910175
ˈi	ˈiː	4.981058147383385
ˈo	ˈuː	4.90609744519597
v	v	4.903580123044268
p	p	4.869699610015634
ˈɛ	ˈɛ	4.867945368495721
ˈi	ˈi	4.864030190034246
ˈɔ	ˈɔ	4.858497711382574
t	t	4.77658921420574
ʦ	ʦ	4.757236920043713
ʨ	ʨ	4.685317288086118
ˈo	ˈu	4.668983724608404
s	s	4.657631798945895
j	ˈa_j	4.525462390314244
ŋ	ŋ	4.460154985974554
ˈe	ˈeː	4.370281509182655
ˈɛ	ˈɛː	4.366661504170759
ˈe	ˈe	4.2552292892768815
l	l	4.073309889518419
ˈɛ	ˈiə̯	3.9514158642338866
ʨ	ʧ	3.6254750312374897
n	n	3.598045033386886
r	r	3.5591077006798515
ˈu	ˈiː	3.4846572790277333
ˈu	ˈu	3.427250616323956
a	ə	3.3771576846040725
n_ˈe	n	3.343997868740258
ˈa	ˈa	3.3296674472546255
d_ˈe	d	3.307977742757081
p_ˈɛ	p	3.3064669910818205
j	j	3.2256478383885345
ʒ	ʥ	3.1786374570952964
ˈa	ˈaː	3.11689915473097
w_ʃ	ʃ	2.8987570150793887
ˈa	ˈɔ	2.8911896767021896
e	i	2.8600472106807517
n	w_n	2.841564443072765
t	ʨ	2.829239607775872
l_ˈɛ	l	2.714570137783505
ˈu	ˈi	2.6917753123974415
d_l	ʎ	2.685961786658364
e	ə	2.6179473593981104
w	ˈo	2.5849299596742923
w_ˈɛ	w	2.4715081661274168
w_ˈɛ	ˈɔ	2.4252479885219635
r_e	r	2.3906024116470608
k	ʨ	2.240175844133528
ˈo_w	ˈu	2.192858685251946
#>	w_#>	2.0697483625894018
r	ˈaː_r	2.059717650918986
l	ə_l	1.8382748600828653
k_#>	#>	1.692843806073389
s_ˈe	s	1.6477302838975016
ˈa	ˈa_w	1.5386923107213784
j	ʥ	1.478261671305989
r_ˈe	r	1.4175655622216383
o	o	1.3211144286769623
b_ˈɔ	b	1.2982237057809152
ˈɔ	ˈu	1.2727102895058056
ˈi	ˈiː_r	1.2330271006293314
t_ˈe	t	1.1543215620247271
j_ˈɛ	ˈɛ	1.1195156820697174
#>	s_#>	1.0761294735195441
ˈɛ_k	ˈɛ	1.0723671023919217
j	j_r	1.0112858487408316
ʨ_ˈɛ	ʨ	0.99985308651498
d	ʎ	0.8944007261897718
j	ʎ	0.8132826664553561
<#_l	<#	0.7604881865189914
ˈe	j	0.7231630804343914
ˈe	ˈa_j	0.5989033463068522
#>	t_#>	0.5729618524995728
ˈe	ˈa	0.5245481920309631
#>	n_#>	0.5159392495573761
#>	ʨ_#>	0.48748106246145967
k	w	0.4749897761462383
l_#>	#>	0.08153159378264925
#>	r_#>	-0.17642627013616322