Phone1	Phone2	PMI
ʦ	ʦ	8.00599985977554
ɲ	ɲ	7.2879934856956305
d_l	ʎ	7.188132477484564
ˈɛ_l	ˈɛː	6.820657784159118
ʥ	ʥ	6.720334384623099
ʧ	ʧ	6.553927805468447
w_ˈɛ	ˈɔ	6.31529276467774
ɡ	ɡ	6.313754688518974
o	u	6.0797991294843685
f	f_j	5.809178602753175
ˈɔ	ˈɔː	5.6342910677515485
b	b	5.47483442676337
m	m	5.427139558002637
ˈo_w	ˈuː	5.399661763680988
o	o	5.350835121168177
d	d	5.283269629581843
f	f	5.231518220484744
p	p	5.217371148144455
ʒ	ʥ	5.1106496872715255
k	k	5.069756397061467
ʃ	ʃ	5.069477365826501
e	ə_r	5.042347991825879
v	v	4.895357228448264
ˈi	ˈi	4.798458463899134
ˈe	ˈaː_r	4.766009021282074
ˈo	ˈu	4.7277073879033455
w	w	4.706992507479301
#>	w_#>	4.698206549685319
ʒ	ʃ	4.675087809925972
t	t	4.65143182354382
ˈi	ˈiː	4.614182063368263
ʨ	ʨ	4.579449308006721
s	s	4.554750613002762
ˈɔ	ˈɔ	4.527673335679028
j	j	4.511261498313649
ˈɛ_k	ˈɛ	4.4748894069114495
ˈɛ	ˈiə̯	4.472183491642563
e	i	4.38168787040336
ˈo	ˈuː	4.381336799762076
ˈi	ˈiː_r	4.336207430274242
l	l	4.321742232548382
ˈu	ˈu	4.245631032657592
ʨ	ʧ	4.22718516387755
ˈe	ˈe	4.1731009582960255
ŋ	ŋ	4.119779559531023
w_ʃ	ʃ	4.104494117795826
ˈɛ	ˈɛ	4.041623703359472
ʒ	ʒ	3.9161202447646977
ˈe	ˈeː	3.907525486052316
j_ˈɛ	ˈɛ	3.6787608248880175
ˈɛ	ˈɛː	3.635899363586535
r	r	3.6002752476181223
n	w_n	3.5926106754491967
ˈu	ˈiː	3.589330819281096
a	ə	3.4526180833850524
n	n	3.44103429019689
ˈa	ˈɔ	3.350281264146712
ˈa	ˈa	3.335362480774985
w	j	3.2097795545975942
ŋ_k	ŋ	3.109428531807117
m_e	m	3.0988237624419672
ˈa	ˈaː	2.957684181945283
j	j_r	2.817350929424008
ˈe	ˈa	2.776062817063148
e	e	2.660065991875106
k	ʨ	2.626346614350199
t	ʨ	2.6105296515049177
ˈu	ˈi	2.551674638780262
w	ˈo	2.4423686097364024
e	ə	2.4384843332693493
ˈɔ	ˈuː	2.3387408012792146
i	ˈu	2.164803984347177
ˈɛ	ˈa	2.101441380092694
ˈɛ	ˈaː	2.085091542081505
b	v	2.060292187019751
j	ʎ	1.9941946722854145
ˈɔ	ˈu	1.7306742532119574
e_r	r	1.5660037520437398
#>	s_#>	1.5595641222441112
r_j	r	1.4033166169426532
ʦ	s	1.3599775453532272
j	ʥ	1.2874611071864828
ŋ	n	1.0634959764785703
ˈo_w	ˈu	0.9435702355397404
ʨ	k	0.8968442220242094
o	ə	0.8848169562296401
ˈa	ˈa_w	0.8759858934657533
n	j_n	0.7452178377962839
ˈe	ˈɛ	0.739722958810044
<#	<#_v	0.6825178101438296
ˈɛ	ˈeː	0.608387126572508
k	w	0.5328483887237812
#>	t_#>	0.3389768522111102
e	r	0.0603404649724846
#>	r_#>	-1.579502924101909