Phone1	Phone2	PMI
ˈi	ˈi	6.123584748272087
d	d	5.227608848012632
s	s	4.813843542508543
b	b	4.805422636913809
m	m	4.727289662694436
ɡ	ɡ	4.281413333267708
ˈe	ˈe	4.220114447824613
p	p	4.124460017063815
k	k	4.104916946208898
v	v	4.012915771722921
j	j	3.9057040155550102
a	ə	3.804051306457791
ˈo	ˈu	3.7198500424520073
l	l	3.457218031932993
t	t	3.4561140051291432
ˈɔ	ˈo	3.455081331033333
f	f	3.423468106164236
n	n	3.4157227781134347
r	r	3.4090502003360394
ʨ	ʦ	3.3682026938119995
t	p_t	3.097098052170744
ˈɛ	ˈa	3.0005310380206485
ˈa	ˈa	2.998763591658323
ˈe	e̯ˈa	2.86066383123614
ʒ	ʒ	2.8485852923180577
ʨ	k	2.812701216206189
ˈa	ˈɔ_j	2.8104685896528334
l	ʎ	2.708756807491553
n	n_i	2.6455191424201416
ʃ	s	2.6380734322987185
ˈu	ˈu	2.5166779568076887
ˈɔ	o̯ˈa	2.5001031594424066
ˈa	ˈɔ	2.4958924680134
ˈɛ	ˈa_t	2.428658647146954
e	u	2.408988195221503
ˈɛ	ˈi	2.398747936952617
t	t_r	1.882851619200009
w_ˈɛ	ˈo	1.870015254012564
j	w	1.85062344605056
w	o̯ˈa	1.813600155817922
e	ə	1.7030424123661043
t	t_i	1.6679505319272834
<#	<#_j	1.3982780650496276
w	l	1.3165715544500922
f	p	1.3014520760067538
e	r_u	1.24694617942731
d	t	1.2375408639015248
#>	e_#>	1.2279102704797586
e	i	1.2058461867798635
ˈo	w	1.1806123468490404
j_ˈɛ	ˈe	1.1804755781520408
ˈe	ˈi	1.1290499978994637
ʦ	ʦ	1.1289237641824972
l	r	1.063376707340146
t	p_t_i	1.0506256877212086
m	m_i	1.028189426191564
ˈɔ	ˈu	1.015426767806982
ŋ	n	0.9764600489054326
p	kʲ	0.968203206743198
ˈe_j	ˈe	0.9273924353427958
f_w	f	0.8173929174087465
r	r_i	0.7982680159867646
ŋ_k	n	0.6833902127179924
#>	u_#>	0.6318974051143823
s	ʃ	0.6276215971997932
ˈo	ˈo	0.6051396051297097
ˈɛ	i	0.5939096338499013
t	d	0.5775191148810052
ɡ	k	0.4713351644026515
p_j	p	0.3935066467161366
ˈe	i	0.3058283206985099
#>	i_#>	-0.3232523383855497