Phone1	Phone2	PMI
ˈi	ˈi	6.599139203837529
v	v	5.897734994202917
s	s	5.474426458106934
m	m	5.462685721937334
b	b	5.45059256751205
#>	i_#>	5.315988898623091
ɡ	ɡ	4.93855056487516
p	p	4.81767671980699
ˈe	ˈe	4.773309166251361
k	k	4.6705748701067895
ˈo	ˈu	4.631754585385269
d	d	4.525186142773587
a	ə	4.489095167471842
r	r_i	4.143746906365364
t	t	4.07451756422781
ˈa	ˈɔ	4.031758711620203
l	l	3.975994703759548
n	n	3.8506458541509554
r	r	3.7979774835842455
t	p_t	3.780195196581801
ˈɛ	ˈa	3.675138113969743
ʨ	k	3.552502536715087
ˈa	ˈɔ_j	3.3731385380052523
e	u	3.372143985720508
j	j	3.289381666276562
n	n_i	3.2856758339342957
#>	u_#>	3.284821672739275
ˈa	ˈa	3.258508989397968
ˈɔ	o̯ˈa	3.198205233318653
ˈe	e̯ˈa	3.132104228872023
ʒ	ʒ	3.1276899995947023
ʨ	ʦ	3.08851693012775
ˈu	ˈu	3.066215770098249
ʃ	s	3.0201456673803118
l	ʎ	2.9544536552623506
ˈɛ	ˈi	2.8324746619277845
ˈɔ	ˈo	2.7482698038500137
w_ˈɛ	ˈo	2.717731929812074
e	i	2.504869900893522
f	f	2.481834970893158
<#	<#_j	2.3973780527380777
j	w	2.287917431417212
w	o̯ˈa	2.131233878683046
ʦ	ʦ	2.060735037993661
t	t_i	2.059729040772217
ˈɛ	ˈa_t	2.017497821346146
ŋ	n	1.909193022197468
f	p	1.8975492834276295
e	ə	1.8002624812346648
w	l	1.5853950121252658
d	t	1.5822048975967422
ˈo	w	1.520213222249355
l	r	1.512566973732007
j_ˈɛ	ˈe	1.5020927330141547
e	r_u	1.463212297043909
t	p_t_i	1.371142864074749
#>	e_#>	1.3659445470172116
ˈe	ˈi	1.3323408341345764
ˈe_j	ˈe	1.304364474591034
m	m_i	1.2955933420595598
f_w	f	1.2114756924742485
d	k	1.2102148455041797
l	ʎ_u	1.1479505139868669
t	t_r	1.1088256339415683
p	kʲ	1.0520565862401652
ŋ_k	n	1.019085233158386
s	ʃ	0.8126339635109323
n	n_ə	0.7559719782910227
t	d	0.6613724943779726
ɡ	k	0.5970628311449927
ˈɔ	ˈu	0.5719490003234196
ˈe	ˈu	0.440462953230464
ˈe	i	0.377781497845745
ˈɛ	i	0.246085330712299