Phone1	Phone2	PMI
f	f	6.337808842859028
b	b	6.23709037343403
v	v	5.748733857794918
t	p_t_i	5.6000533072811995
ɡ	ɡ	5.464646524691678
ʒ	z	5.431186456743155
ˈi	ˈi_ʎ	5.375922876307784
d	d	5.246098498118568
ʃ	s	5.074371027211174
j	j	4.904140166048268
ˈi	ˈi	4.847948404597044
m	m	4.78968253397386
ˈo_w	ˈu	4.709249198425265
s	s	4.677988193139828
p	p	4.653743055672693
ˈe	e̯ˈa	4.4774801478785395
ˈɔ	ˈo	4.317462612586779
k	k	4.296567667914287
ɲ	m	4.292887335636851
w	o̯ˈa	4.259657255703144
w_ˈɛ	ˈo	4.208578509034701
ʒ	ʒ	3.982013008039737
ˈo	ˈu	3.938611647660481
a	ə	3.8665549839818794
m	m_i	3.714364521007094
ˈe	ˈe	3.611450427540073
ˈa	ˈa	3.5982112722919077
r	r_i	3.450539837253959
ˈa	ˈɔ_j	3.4503148283779144
n	n	3.4031083289232016
t	t	3.360941634718222
r	r	3.359708640900088
ˈe_j	ˈe	3.3404276023817445
l	l	3.3016359306554164
ˈa	ˈɔ	3.2938262720053544
n	n_i	3.2859735882808847
ʦ	ʦ	3.2662197072283483
ʨ	ʦ	3.193057259246659
e	u	3.160321794474333
ʨ	k	3.0352626797197515
t	p_t	2.865657356715042
l	ʎ	2.8577032623398964
ˈɛ	ˈa_t	2.835541921357185
e	i	2.807496578256911
<#	<#_j	2.788341461736194
d	k	2.7559482990372635
ˈɔ	w_ˈo	2.638164099096909
ˈɛ	ˈa	2.611830171056882
f	p	2.609238220921529
ˈɛ	ˈi	2.424397284959901
ˈu	ˈu	2.3741432972493675
w	l	2.3603440884546303
ˈe	ˈi	2.2484352357157418
ˈo	w	2.0567336771524802
s	ʃ	1.9485330211889251
<#	<#_w	1.885698207066449
ˈɔ	ˈu	1.816616732943853
ŋ	n	1.7103474651610857
t	d	1.644530908902051
ˈe	ˈu	1.642958743875173
l	ʎ_u	1.5757292634884978
t	t_i	1.5591633868783106
<#_f	<#	1.5485389113925048
ˈɛ	ˈe	1.458059573134652
#>	u_#>	1.3930366573855102
e	ə	1.3170169671649254
j	w	1.2515880151635324
<#_a	<#	1.2258566033889935
#>	e_#>	1.2258566033889935
e_r	r	1.2033278608881754
e	r_u	1.183640138149179
ˈo	ˈo	1.1637684118197575
t	t_r	1.085777904102247
p	kʲ	1.0591815852033366
l	r	0.9456230468605155
e_r	u	0.8223902637066258
ɡ	k	0.7951620318079431
ŋ_k	n	0.7709850139952293
l_w	l	0.597095902850878
f_#>	#>	0.5918716031005309
ˈɛ	j	0.5508282749164158
v	p	0.46739627220384083
r_#>	#>	0.24208395593407445
ˈe	i	0.20755466852638507
ˈɛ	i	0.09332332828715988
#>	i_#>	-0.4691350548619043