Phone1	Phone2	PMI
ɡ	ɡ	6.202675358328304
ɲ	ɲ	5.985543494045084
ˈɛ_l	o	5.881188098719377
z	ʒ	5.67569026642852
d	d	5.587609682787714
o	ɔ	5.464002112420352
p_#>	#>	5.40746672575573
e	ə	5.2932988721285446
b	b	5.254440463313506
ˈy	y	5.233518027136553
n_a	n	5.008109407265231
p	p	4.934011116372932
k_a	ʃ	4.849710954877889
t	t	4.839008799695051
f	f	4.824856922366902
ˈø	œ	4.781155047150774
m_a	m	4.752651015364099
l_a	l	4.684359117998183
z	z	4.621326201561617
n	n	4.544436681505085
ʋ	v	4.506222072896862
m	m	4.461394113885707
ˈu	ɔ̃	4.418556117428494
ˈɔ	ɔ	4.332896707525239
ˈo	o	4.310079809742356
k	k	4.246462171060479
s	s	4.220536456806616
l	l	4.168182530344186
j	l	4.145368194676044
k	ʃ	4.141019376158416
s_t	t	4.067901992039089
k_#>	#>	3.968281774174448
a	a	3.92669505812369
ˈu	œ	3.849611762524076
ˈi	i_ʁ	3.736129460246681
ˈu	u	3.73383621487204
e_#>	#>	3.663195956384499
n	ɑ̃	3.511026890303913
ˈɛ	ɛ	3.500703790132248
e_r	ʁ	3.4819410506771686
ˈe	ɑ̃	3.4657738444990875
ˈi	w	3.4283631440715574
ˈo	u	3.4056327362576515
r_a	ʁ	3.3521642246003465
ˈe	i	3.274791422404796
ˈo	ɔ	3.210717024419285
ˈa	e	3.1988961153847137
ˈe	j	3.138783717188521
t_e	t	3.1369088984514133
ˈi	i	3.1273162561326817
ˈø	u	3.080864395226137
ˈɔ	o	3.0131163229218503
s_a	s	3.007703673258259
ʧ	j	2.979837910603379
ˈɛ	w	2.9690860154500736
ˈɔ	ɥ	2.9303053943470845
r	ʁ	2.926785901351745
t_a	t	2.7623420101534046
ˈa	ɛ̃	2.7528254279636464
ˈa	ɛ	2.729312938340442
t_#>	#>	2.565282875873471
j	j	2.3650061160694027
ˈi	ɛ̃	2.33614132665846
e	a	2.3306780748708595
#>	a_#>	2.242666527181752
ˈø	y	2.238107459215297
ɲ	ɛ̃	1.9434740438929687
k	e_k	1.8807624437353536
ʧ_#>	#>	1.7386075441725652
e	ɛ	1.6513931029883613
ˈa	a	1.43807684433147
<#	<#_v	1.27577209118803
ˈa_ŋ	ɑ̃	1.1444526715026846
ˈø_ʧ	u	1.0337985453493874
ˈu	ɔ	1.0149523841487809
s_#>	#>	1.012434638310414
ˈe	w	1.0041028223248825
m_#>	#>	0.9518666814389322
n	ɛ̃	0.7322419014359786
#>	n_#>	0.7017330904545178
ˈɛ	w_a	0.6990960983668331
w_ˈa	a	0.6800670525252122
s	t	0.6185176808079818
r_t	ʁ	0.6104000770017686
r_e	ʁ	0.5404727600151437
ˈi	w_a	0.5055803939053085
s	ʒ	0.4901875343298242
ˈɛ	i	0.4505820377120173
ˈe	ɛ	0.2200314896830905
#>	e_#>	0.1258194258087059
#>	ʁ_#>	-0.9216194711681166
a_#>	#>	-0.8256408126031726
<#_s	<#	-0.0969324204302586