Phone1	Phone2	PMI
ˈɛː	ˈɛ_ɖː	7.432273193655484
ɡ	ɡ	7.211860571642615
ʎ	cː_ʊ	7.0971437437499745
b	b	6.5716365015680145
ʃ	ɕ_ɪ	6.490038997533939
f	f	6.048417195696896
ŋ	ŋ	6.026350892898675
ʧ	ɕ	5.98115913180354
ʎ	ɟː	5.907735629321636
ʃ	ʃ	5.778080493725673
m	m	5.770602604350775
v_ə	v	5.75680489766839
w	w	5.724724587614936
ɲ	ɲː	5.600765669405889
d	d	5.577833436313187
s	s	5.277016491098308
r	r_ʊ	5.1732489155589
k	k	4.994530989091577
ˈɔː	ˈɔ	4.992069588126774
l	ɖː_ʊ	4.8854045016109255
ˈuː	ˈu	4.85729951315716
v	v	4.8548013616628705
ˈɛ	ˈɛ	4.810620346479184
ʨ	kː	4.737508466773895
l	l_ʊ	4.705765228369084
p	p	4.678892664647854
r	ɪ_ɾ_ɪ	4.6609080254246384
n	n_ʊ	4.535399861800844
d	t	4.457190595257712
ˈaː	ˈa	4.451347548018058
l	l	4.35684364138134
ˈa_j	ˈi	4.326905669572591
r	ɾ_ɪ	4.275767477299203
t	t	4.273976760843751
ʨ	tː_ʊ	4.221592476870036
ˈiː	ˈi	4.215369287170079
r	r_ɪ	4.188286414837743
ˈu	ˈu	4.181637411062264
ʥ	j	4.146451658070713
ˈe	ˈi	4.079789789416194
ʨ	k	4.031995658001968
ˈɔ	ˈɔ	3.9962772128510426
n	nː	3.9829061028538475
ə	a	3.8950940832167693
t	tː	3.8683843949434156
ˈa	ˈa	3.8593015981168244
ˈiə̯	ˈɛ	3.733052646953258
s	j	3.698930589182285
i	i	3.592933277655541
n	n	3.5654783013973703
w	k_ʊ	3.5571940613878956
ʦ	ʦː_ʊ	3.4019269430525205
l	ɖː	3.394298705108831
ˈɔ	ˈa	3.3465546574914464
n	n_ɪ	3.3223771932479282
ˈi	ˈi	3.188979317716839
p_l	c	3.166396101599394
r	ɪ_r_ɪ	3.1632597733307177
ˈɛː	ˈɛ	3.1074403102783634
ˈu	ˈɔ	3.096017045236082
r	ɾ	2.954805936343507
ʃ	ʃː	2.9538227897036125
r	ɾ_ʊ	2.933085685813879
u	u	2.87684142937357
f	v	2.82258844931201
<#_r	<#	2.8217738525327962
r	r	2.7498558008420986
ˈa_w	ˈa	2.556456098527543
n_ʨ	n	2.5512304746067294
ˈi	ˈu	2.5311573858695438
f_j	f	2.527570725876179
v	p	2.4860914990192695
<#_ʃ	<#	2.3188055412839295
t	t_ɪ	2.2351435969775277
t	t_ʊ	2.116835358958414
p_l	p	2.0469407158434834
w_n	n	1.9542839270169026
ˈu	ˈo	1.921474821426243
t	ɽ	1.806148572358656
ʎ	l	1.5963772165824226
r	ɪ_ɾ	1.476017861920043
<#	<#_a	1.4384759024577642
ˈiː	ˈu	1.408496055845256
m	m_ɪ	1.3614729624440345
f_ˈi	f	1.3518534064276269
l_j	l	1.096800678159331
ˈa_w	ˈɔ	1.0717875083338355
e	i	1.0690954399643782
w	ʊ	0.9804985821291959
ˈɛ	ˈɔ	0.6507318253920491
ʨ	t	0.32794104594898654
#>	ɪ_#>	0.21236277655292612
#>	ʊ_#>	0.09954109496686075