Phone1	Phone2	PMI
ʎ	ɟː	7.806303532515305
ˈɛː	ˈɛ_ɖː	7.163844184103486
ɡ	ɡ	6.987953031533217
ʃ	ɕ_ɪ	6.407202716128413
b	b	6.178388533728551
w	w	6.17659516552941
ŋ	ŋ	5.897663786558844
f	f	5.833212500128632
ʧ	ɕ	5.831110520311869
ɲ	ɲː	5.633278167581373
ʃ	ʃ	5.593452396176977
d	d	5.435604788759305
m	m	5.430809552679273
ˈɔː	ˈɔ	5.363886793025494
v	v	5.0765139446983545
s	s	5.047155504316128
r	ɾ_ʊ	4.992074581134214
l	ɖː_ʊ	4.8803996714267885
p	p	4.8650895826442655
r	r_ɪ	4.8551749462798
k	k	4.833346185215366
l	l_ʊ	4.801049747768883
ˈɛ	ˈɛ	4.626823623864574
ˈa_j	ˈi	4.611931511056168
r	ɾ_ɪ	4.54851471912702
l	l	4.540621577326412
ˈuː	ˈu	4.504033040592929
ˈe	ˈi	4.463205522017526
ˈiː	ˈi	4.353852096736103
n	n_ʊ	4.320407434179786
n	n_ɪ	4.2442430773916
ˈu	ˈu	4.232858050055802
ʥ	j	4.197789885204743
ˈaː	ˈa	4.17138441332647
s	j	4.144356308442725
ˈi	ˈi	4.0951548415018815
d	t	4.070551327768326
t	t	3.9826508460029766
r	r_ʊ	3.9654843072721975
ʨ	k	3.908698611435572
n	nː	3.880734551527565
ˈa	ˈa	3.693525872318394
t	tː	3.687991879733054
i	i	3.583071699954381
l	ɖː	3.5243165203146827
n	n	3.456951389650956
ˈɔ	ˈa	3.4551152409285013
ə	a	3.438188857586119
ʨ	kː	3.4213676142168934
t	t_ɪ	3.228095808291426
ˈɔ	ˈɔ	3.099154869838586
ʨ	tː	2.99022818456252
ʃ	ʃː	2.934642026650076
u	u	2.854503435077884
r	ɾ	2.830526724981563
r	r	2.807609304967565
ˈu	ˈɔ	2.7883512120325125
ˈiə̯	ˈɛ	2.7598938414019405
f	v	2.643853808146023
ˈa_w	ˈa	2.334946727967826
ˈi	ˈu	2.1667146837689373
ˈɛː	ˈɛ	2.160207624451969
ˈu	ˈo	1.9064393783171845
ə	i	1.8179654550461333
w_n	n	1.810339224373238
ʦ	ʦː_ʊ	1.627070457292728
ˈiː	ˈu	1.3992281549580985
m	m_ɪ	1.3231687710031417
ʨ	t	1.2994208400762193
w	k_ʊ	1.2510473210812714
j_ˈɛ	ˈɔ	1.179849455941722
f_j	f	1.1537245633966775
l_j	l	1.1242131257139056
e	i	1.089010519727784
ˈɛ	ˈɔ_k	1.0511895819858652
t	t_ʊ	1.012965737243578
ʨ	tː_ʊ	0.947464242498097
ə	ɪ	0.8601577619837236
v	p	0.8489782206244758
ˈa_w	ˈɔ	0.7205627848026613
w	ʊ	0.4092364466853176
ˈiː	ɪ	0.392131647621656
ˈɛ	ˈi	0.3716377878445919
#>	ɪ_#>	-0.6238122836476445
#>	ʊ_#>	-0.1581476553324333