Phone1	Phone2	PMI
l_i	ɫ	7.035409412180805
ɡ	ɡ	6.708307395965184
ˈa_n	ˈɐ̃	6.668140234680531
d	d	5.925762213806591
ð	ð	5.846259574167847
ˈe_n	ˈẽ	5.77571213948187
ɣ	ɣ	5.725762213806592
t	j_t	5.701075839740614
w	w	5.692431906648712
f	f	5.614660445252975
rː	ɾ_n	5.50217056136992
m	m	5.403137589010713
b	b	5.368391624442031
ˈu	ˈu	5.346690653701762
p	p	5.2205132387520585
ˈe	ˈɛ	4.943910511069605
z	ʃ	4.849621194072392
n	ɲ	4.845724289771373
ʧ	s	4.829836089966819
j	j	4.792914185674228
n	n	4.747668229379509
ɖː	l	4.721490601122511
l	l	4.703981398331052
r_i	ɾ	4.695231824173169
β	β	4.685445366845671
e	ɨ	4.649862725687708
ˈi	ˈi	4.643547171020984
n_u	w̃	4.625718446201423
b	v	4.6001827952593946
k	k	4.5411695481335945
ˈa	ˈa	4.506348607196818
i	i	4.379729775197987
t	t	4.2779094893664285
r	ʁ	4.144442742772731
β	v	4.100545551187806
ʣ	ʎ	4.089157442949801
ˈo	ˈɔ	4.0791648583524855
sː	s	3.9945024269596354
s	s	3.990347411544783
i	ɨ	3.898255598992031
ˈe	ˈɐ	3.8430066094364377
ˈo	ˈo	3.833396328108016
r	ɾ	3.662826522091973
r_e	ɾ	3.662006827959626
s	ʃ	3.657630661545827
o	u	3.628939949011321
ˈe	ˈe	3.607246514454647
a	ɐ	3.5556227819628856
u	u	3.504404157566733
ŭ_#>	#>	3.433985000288463
ˈi	ˈe	3.410489988509944
ʒ_i	ʃ	3.231947298927936
l	ɫ	3.1400345187090646
ˈu	ˈo	3.0609541987524693
ˈi	ˈĩ	2.8243835563071
u_z	u	2.650002739385886
i	j̃	2.6075520295858814
ĕ_#>	#>	2.566014999711537
n_a	ɐ	2.446413302090785
i	w̃	2.250625060474377
n	ˈɐ̃	2.152398226006003
n_t	t	2.150725550279549
j	v	1.917085446100401
ˈa	ˈɐ̃	1.9055489501859773
e_r	ɾ	1.8783492203606644
ˈa	ˈɐ	1.7034297044037991
u	w	1.5571355195385717
n_i	j̃	1.457305330243409
e	ˈe	1.4434640630510034
n_i	w̃	1.3403128300991778
ˈe_n	ˈɐ	1.0755403133311752
n	ˈõ	1.0372677681295808
u	w̃	1.0295039534063282
ˈi	ˈɐ	0.9853081127438368
a	ʎ_ɐ	0.967990429082464
ʃː	ʃ	0.8573362938672127
u	ʎ_u	0.8205846174041052
j	ɾ	0.6747924871479638
e_#>	#>	0.4490224995673063
i_#>	#>	-1.5898543336376032