Phone1	Phone2	PMI
ŋ	ŋ	6.7282986841118895
j_ˈɛ	ˈɛ	6.26207466037158
ɡ	ɡ	6.236512403222679
f	f	5.674514227104112
t_ə	t	5.36813421284304
ˈe	ˈeː	5.301465867836203
ʃ_ə	ʃ	5.257370210485372
ˈo	ˈuː	5.251959887541681
v	v	5.133396726860093
l_ə	l	5.12543396905315
ʎː	ʎ	5.013650555099073
d	d	4.990694348163469
u	u	4.989182233018353
p	p	4.985902861708427
w_ˈɔ	ˈɔː	4.893638912394472
ʃ	ʧ	4.809903055507496
ˈɛ	ˈiə̯	4.746958889208801
m	m	4.699445852917841
n_ə	n	4.4447465045968
ˈi	ˈa_j	4.368967972881289
ˈɛ	ˈɛ	4.337411763919232
s	s	4.324628419985005
ɲː	ɲ	4.316971347782915
l	l	4.254525331620321
ɾ_ə	r	4.214401734133545
ˈu	ˈu	4.109649039866571
ˈo	ˈu	4.0842873688585
ˈa	ˈaː_r	4.062521020758977
k	k	4.017701943165743
t	t	3.9439028514143897
ˈi	ˈiː	3.8884996949678152
ˈi	ˈi	3.8601913231631673
k	ʨ	3.752163084615808
r	r	3.732537658576053
n	n	3.7178904724960025
ʃ	ʃ	3.6812472562451
kː	ʨ	3.587383966669921
t	d	3.5797649325831697
ˈe	ˈe	3.5615648721735305
a	ə	3.3853226712417834
w	w	3.3651631982400128
ə	ə	3.3019280702619085
ˈɔ	ˈa_w	3.2727030946941453
ˈa	ˈaː	3.2702500400663896
ɾ	r	3.205747875172829
ˈɔ	ˈu	3.205475259896767
ˈa	ˈa	3.067630775186189
ˈu	ˈuː	2.9448148215421037
ˈa	ˈɔ	2.756276759160752
tː	t	2.738687735991049
ˈu_j	ˈu	2.7309905095984144
lː	l	2.7106211283382478
ˈɔ	ˈɔː	2.5969462458732915
b_w	b	2.5963333202574885
kː_j_ə	ʎ	2.439567689241212
nː_ə	n	2.408596733985195
mː_ə	m	2.3912263018360607
ˈa	ˈa_w	2.2655210250167963
k_w	k	2.242083986226702
#>	s_#>	2.203499962070312
n	w_n	2.130643045142772
ˈu	ˈi	2.071584694480416
mː	m	2.0032961146902464
lː_ə	l	1.985841432876226
ˈi	ˈe	1.8276840811768045
ˈɔ	w	1.756598166266251
ˈu	ˈiː	1.7375099265470773
ʃː	ʃ	1.72491664814407
v	b	1.6848840942607133
nː	n	1.52943448204624
s	ʃ	1.3111601273998272
ˈe	ˈa	1.2580612390624195
tː_ə	ʨ	1.168974902955335
w	ˈɛ	1.0936559041111646
i	ˈiː	1.0545200765047589
ˈɛ	j	0.8833980583717939
ˈɛ	ˈɛː	0.880218420728635
j	s	0.8773385449165121
t	ʨ	0.8055785062932447
j	l	0.797628669618457
ə	i	0.7180828698115052
i	ə	0.6722108852354367
ɾ	l	0.4360012104013152
p	v	0.3798626209664386
ˈɛ	ˈa	0.2802184207286351
#>	r_#>	0.2528631340536088
#>	t_#>	0.1859581995437194