Phone1	Phone2	PMI
t	p_t	7.014195490045314
ˈɛ	j_ˈe	6.869049101758754
v	v	6.700841365094985
ɡ	ɡ	6.665655998736154
ŋ	n_e	6.44060673956614
b	b	6.204386227086252
f	f	5.699731757317667
o	u	5.671206447275078
ð	ʤ	5.5892622802110585
m	m	5.568968189767545
p	p	5.516427798165661
s	s	5.413826643767576
ɡ_o	k	5.408843892194841
θ	ʧ	5.351270524313631
ˈi	ˈi	5.297739427722489
d	d	5.289623268724476
ˈɔ	ˈo	5.2691861401004925
r	r_e	5.165364956535497
k	k	5.108681590444175
t	t_e	4.837480151570196
l	l	4.828037282960643
z	ʧ	4.798391512924824
j	l	4.599727120978122
ˈa	ˈa	4.470364974642902
n	n	4.404180396427287
ˈo	ˈu	4.348635074568271
ˈo	o̯ˈa	4.227169011818349
ˈa	ˈɨ	4.226922514726568
a	ə	4.176584958299188
ŋ	n	4.138670159398972
t	t	4.126544237434136
e	i	4.111623546067863
j_ˈe	ˈe	4.0294512143200025
d	z	3.9856628861376007
k_w	p	3.92293122484103
ˈɔ	o̯ˈa	3.914385478129786
ˈe	ˈe	3.8051462328388
o_#>	#>	3.608376274095833
ˈo	ˈo	3.582690527551059
j	j	3.430837747815261
ˈa	ˈa_t	3.4159591395033484
ˈe	ˈi	3.310871506690515
o	o	3.243902420262655
ˈe_l	e̯ˈa	3.130857806396264
θ	ʦ	3.1181764907481906
r	r	2.973460762288493
s	ʃ_t	2.9438792278545622
ð	ʒ	2.9382990936145705
e	e	2.9339021131257854
ˈe	e̯ˈa	2.925782640497539
ˈu	ˈu	2.909327108130357
#>	kʲ_#>	2.8230335341107016
<#	<#_a	2.787005146794508
#>	w_#>	2.7578734482249363
ˈi_v	ˈi	2.520908836868505
ˈɛ	ˈe	2.511809434910562
ɡ	k	2.3746978587920515
e	ə	2.367253116429943
l	r_e	2.35838399246786
#>	e_#>	2.313573729319504
o	e	2.248678334224998
s	ʃ	2.150385723367364
a	a	2.1192650292838
ˈu	ˈo	2.102199316359397
ˈi	ˈu	2.0531640778835576
d	t	1.977524188269888
ʧ	k	1.9715465940533703
l	r	1.932144670574236
ˈe	ˈɨ	1.9015569927702836
#>	j_#>	1.3545393303220044
<#	<#_j	1.3167144530760266
t	ʦ	1.3148699838082514
ˈa	ˈɨ_j	1.2964981656360977
ˈo	ˈo_j	1.2478446487581016
θ	t	1.1807083172169146
ˈɔ	ˈau̯	1.1798567930170083
ŋ	m	1.1514918312156888
s	ʧ_e	1.0390510902918568
j	ɡ	1.0183717027220085
o	w	0.9946170608394704
r	u_r	0.917341003700639
r_o	r	0.884343642158121
w_a	ə	0.8839809191038528
e	ˈe	0.8222863215554692
a	e	0.7632548958679066
a	ɨ	0.7126872647827738
a	j	0.5182033268106221
ˈe	ˈa	0.3143313661437675
ˈe	e	0.2085258267449207