Phone1	Phone2	PMI
j	j	7.3993401921605715
ʎ	k_r	7.180996665202724
β	β	6.545411165141375
ð	ð	6.495542348856249
ŋ	n_e	6.320145620308922
θ	ɣ_e	6.0779446807928466
d	d	5.800098514126187
ɣ	ɣ	5.7951727061631635
m	m	5.781884315599263
p	p	5.704004633328383
f	f	5.693680879291065
o	o	5.6932030467126005
ˈu	ˈu	5.392203811267404
l	l_e	5.315593090774229
ʃ	ɡ	5.22691381608328
t	t	5.0632446644286
ˈɛ	ˈe	4.932145140169882
l	ɖː	4.820188206145299
s	s	4.793411792975864
b	b	4.765181614222733
ʎ	ʣ	4.691560056572671
ɾ_n	rː	4.6614875505802695
e	i	4.532623098888359
k	k	4.5271561452062485
ɲ	n	4.4331251453477805
ˈɔ	ˈo	4.360105774174746
i	i	4.3218260995897655
ɾ	r_e	4.312575579202875
ˈi	ˈi	4.296022249874229
ˈa	ˈa_n	4.280879164462806
ɾ	e_r_e	4.202477725632751
ˈa	ˈa	4.154033431160954
n	n	4.089039228689715
ŋ	m	4.034195397851816
l	l	3.9761386734328767
ˈo	ˈo_n	3.9368090780778333
ʊ	u	3.852440483533481
ɐ	a	3.8516434087996414
ˈe	ˈe	3.767261386927207
ˈɑ	ˈa	3.741885315255208
ŋ	n_u	3.6810423506645065
ˈo	ˈo	3.6411437948606924
o	ˈo	3.542167614586214
a	a	3.53278070316882
ˈo	ˈu	3.5254824504858187
#>	ŭ_#>	3.454038801210933
ɡ	b	3.439702635984144
r	r	3.3839616873974645
ˈe	ˈi	3.379277309984985
θ	k	3.3246100785703563
β_ɪ	e	3.320256818838388
ɾ	e_r	3.1598539963701335
ɐ	n_a	3.1131152014151944
s	z	3.0811136288945544
θ	ɣ	3.033612367648683
ɪ	n_e	2.964183337582666
<#	<#_a	2.894708401806885
ɪ	e	2.8659631186953853
ˈe	ˈe_n	2.7775219653565495
ʊ	l_u	2.6626520203427564
ɾ	r	2.579135621791259
ʧ	p	2.556221238712956
ʃ	j	2.4799865536809405
a	ˈa	2.467255848383842
t	ˈa_t	2.317247628275882
ˈe_j	ˈe	2.3072479349689576
e	e	2.2903580945634374
ʧ	r	2.086456266541666
ʊ	u_z	2.0665116067194886
ɡ	ɡ	2.006347774391892
b_e	b	1.80677398887032
β_ɐ	a	1.6706079228811732
#>	ŏ_#>	1.289692100163259
<#_i	<#	1.289692100163259
j_t	t	1.1864361938146772
ɪ	i_n	1.172740536034187
w	o	1.1265490237165827
n	ŋ	0.8679060786119311
ŋ	n	0.8510333880275709
ˈi	i	0.7915984303319226
ɾ_ɪ	r	0.7560355751256673
s_#>	#>	0.5399044529968023
<#	<#_f	0.26907630048977643
<#_k	<#	0.19840387362549414
#>	e_#>	-1.1054178231416532