Phone1	Phone2	PMI
ə_s	ʃ	7.94751661056507
ŋ	ŋ	7.853975707832491
ʃ	ʃː	7.800409192965169
ɡ	ɡ	7.247253097587806
u	u	7.126446853823203
ɲ	ɲː	7.102759559417598
l	l_ʊ	6.931211645099327
d	d	6.787611938946177
ʒ	ʤ	6.395843631404689
i	i	6.365028842027494
t	tː_ʊ	6.363186278568096
ʒ	j	5.84247160263878
f	f	5.74416194521321
m	m	5.734281193189371
u	o	5.731807171324776
ʎ	ɖː_ʊ	5.632535949690401
k	k_ʊ	5.53619404872423
n	n_t	5.383893423872038
ɣ	ɡ	5.252202067408818
w	ɕ_ɪ	5.192399865004841
ˈa	ˈa_r	5.077504222733166
b	b	5.038118230744013
ˈɔ	ˈɔ	5.029955513916582
s	s	4.992932643415984
k	kː	4.830927073230276
p	p	4.804502720713918
ˈu	ˈu	4.642822405098474
k	k	4.52751106754221
ð	t	4.524430727563858
ˈo	ˈu	4.50965886219156
b	v	4.506875655249935
m	mː	4.505529672251075
ˈa	ˈa_n	4.380250662011244
w	w	4.3487651326260375
ʎ	ɟː	4.346162234970951
l	l	4.325595699712391
t	t	4.207953382265482
r	r	4.183001298569554
ˈi	ˈi	4.077803605983159
ɾ	ɪ_ɾ	4.055068058678904
β	p	3.997258618417265
s	ɕ	3.9439101438486777
ˈɛ_r	ˈɛ	3.876505776919184
ˈe	ˈɛ	3.7868234775176286
ɾ	ɾ	3.775207097603942
ˈa	ˈa	3.667401618911855
ʎ	l	3.660261039442607
n	n	3.6239660150537727
r	ʐ	3.5359801097920425
w	v_ɪ	3.50149110006472
r	ɾ	3.4632601050502068
ˈɛ	ˈi	3.431479701031928
β	v	3.3292740356646657
w	ʦː_ʊ	3.2873432071561384
ə	a	3.1777219637189327
ˈi	ˈi_n	3.011842187342819
ˈɛ	ˈɛ	3.001098200382227
ɾ	r	2.99505503503538
ʎ	ɖː	2.7934723318375725
l	l_ɪ	2.7599834369335765
t	tː	2.750729687611552
m	m_ɪ	2.7105047860755738
ˈe	ˈi	2.550739389730712
ˈa	ˈa_ɾ	2.507656269555782
l	w	2.4647614609386377
ˈo	ˈu_ɾ	2.3424186411235435
ə	i	2.28717361993624
t	t_ɪ	2.006333035085425
ɾ	ɽ	1.983701678600338
ˈi	ˈɛ	1.79199033562074
n	nː	1.391691895522904
t	tː_ɪ	1.2798909210371483
w	ɪ	1.1403856445917029
w	v	1.014323874722668
ˈɔ	ˈu	0.9453244445428248
ˈɔ	ˈo	0.9361700794513852
ˈɛ	ˈu	0.934821391664685
ˈi	ɪ	0.9042391311261188
ʎ	cː	0.8959663822706952
s_#>	#>	0.8586322863378784
ˈe	ˈa	0.8583560940904771
ə	ɪ	0.7627513534019215
ɣ	k	0.7091005380684688
ˈo	ˈɔ	0.5400940047329996
#>	ɪ_#>	0.5192752719952715
ˈu	ˈɔ	0.4271000592256014
w	ʊ	0.0414936195274626
ə	ʊ	-0.2315002068655257
#>	ʊ_#>	-0.0927483964900748