Phone1	Phone2	PMI
ʧ	c	8.035082112834582
o	u	7.890461872983024
d	d	7.081249111514194
j_t	tː	7.044078185994568
ɡ	ɡ	6.743745437767528
ŋ	n_ɪ	6.690022559921638
ʎ	ɟː	6.586701410879201
e_s	ʃ	6.408162745922012
θ	ɕ_ɪ	6.370132340876201
w	w	6.3294476630800816
ŋ	n_ʊ	6.272294353432113
e	i	5.900845933360672
i	i	5.8508418628239
ɲ	ɲː	5.794622752404962
f	f	5.738943798881855
s	s	5.591469178733094
m	m	5.431761765583814
ɣ	ɡ	5.408565840766416
b	b	5.190783897543845
ˈɛ	ˈɛ	5.149502947949635
ɾ	r_ɪ	5.077648946994401
ʎ	cː	5.056950088361926
ʃ	j	5.011100565555679
n	nː	4.969175006204779
ŋ	ŋ	4.883709981998269
θ	ɕ	4.86306527111191
k	k	4.840038216028043
p	p	4.819274047266715
ɾ	ɾ_ɪ	4.725317005027607
b	v	4.643650997283639
ˈi	ˈi	4.568376132657884
j	j	4.532117065050596
r	ʐ	4.497881879524088
t	t	4.494846451975404
ˈu	ˈu	4.493490295956438
ˈɔ	ˈɔ	4.487691140723742
ɣ	k	4.452830275314559
β	v	4.408857819153896
ð	t	4.388586250367723
m	mː	4.355350461408599
l	ɖː	4.339714224649365
r	r	4.123798015909894
n	n	3.966879968672116
k	kː	3.9109670382684527
β	p	3.875304023245841
a	a	3.8479735863837785
l	l	3.8478037419685314
ˈɑ	ˈa	3.84229176050466
ˈa	ˈa	3.725006014168108
ˈo	ˈɔ	3.706751613003689
ˈe	ˈi	3.65499767072964
ɐ	a	3.5850618654139006
ˈo	ˈu	3.552591259323666
ʊ	ʊ	3.495702720390081
s_#>	#>	3.3313782664138305
ɾ	ɾ	3.261950408710085
ɪ	ɪ	3.076996707002992
ɾ	r	3.0216166421941364
ˈe	ˈɛ	2.921984188656751
ʃ	ʤ	2.832819747025162
ˈɔ	ˈu	2.767991557193628
ɲ	n	2.667954620975597
ˈa	ˈa_n	2.563415818577127
j	ɪ	2.378820284234949
ɾ	ɪ_ɾ	2.281337270784088
ɾ	ɽ	2.266123118341586
ɐ	n_a	2.252633733443814
l	l_ɪ	2.2055722612770925
θ	ʦː	2.0671251032951687
t	tː	2.028445274445365
ˈa	l_ˈa	1.6034316941868416
ɪ	ʊ	1.342187295566658
l	w	1.3022721356215323
s	ʃ	1.045991778948781
a	ˈa	0.9912739963288844
<#_e	<#	0.8646740138122538
ˈe	ˈa	0.6624676164224532
ˈe	ɪ	0.5085165020441874
l	ɾ	0.3532980875733288
ˈo	ˈa	0.3394664080155672
#>	ɪ_#>	-1.638479598510545