Phone1	Phone2	PMI
ʧ	c	8.139792144671384
j_t	tː	7.554949842349642
o	u	7.483610856231218
r	ʐ	7.335655921273692
ɡ	ɡ	6.966048755920018
d	d	6.744992245960934
ŋ	n_ɪ	6.739327170556194
θ	ɕ_ɪ	6.479130150208722
ʎ	cː	6.389127035575366
ŋ	n_ʊ	6.364367387661175
ʎ	ɟː	6.163270432186373
ɲ	ɲː	6.046725903075005
f	f	6.013864507534688
w	ˈa_w	5.824149804317226
i	i	5.743498037026514
ɣ	ɡ	5.614720043110836
e	i	5.610139430303184
m	m	5.540626808381063
s	s	5.422865911784904
ɾ	ɪ_ɾ_ɪ	5.357795793070325
ˈɛ	ˈɛ	5.146137086563943
ŋ	ŋ	5.073910673882183
θ	ɕ	5.04281034710867
b	b	5.029165375308014
ɾ	r_ɪ	5.006575525977462
j	j	4.9595109921550025
n	nː	4.837190978810575
k	k	4.809089268793449
p	p	4.722702372395385
t	t	4.719031952229618
b	v	4.687425546276118
ð	t	4.683859316131702
ˈɔ	ˈɔ	4.663512848224588
ʃ	j	4.656764699077006
ˈi	ˈi	4.619001543904742
ˈu	ˈu	4.5483749243196865
m	mː	4.506060549731775
w	w	4.480503769674102
ɣ	k	4.39988853615264
ɾ	ɾ_ɪ	4.373809820209095
l	ɖː	4.303553134204534
β	v	4.177113594711865
ˈɑ	ˈa	4.147044483831382
l	l	4.123807163393008
β	p	4.012852636925874
k	kː	3.9730281127096214
ˈa_l	ˈa	3.96370972197445
ˈo_n	ˈɔ	3.9345037549443638
ˈe	ˈi	3.905840039360229
ˈa	ˈa	3.8679388675172133
ˈo	ˈɔ	3.847437221414765
n	n	3.758887136843859
a	a	3.7427419238100814
ɐ	a	3.6897039874027495
ˈo	ˈu	3.649870763008664
ɪ	ɪ	3.633501105873326
e_s	ʃ	3.6066343654877633
ʊ	ʊ	3.438917447109502
<#_e	<#	3.325260602447146
ˈe	ˈɛ	3.079919717473192
ɾ	ɾ	3.0384364245316666
ɾ	ɾ_i	3.0338159083045544
t	tː	3.0247265139529897
ɾ	r	3.016940220265817
ˈɔ	ˈu	2.9255539168912614
ˈa	ˈa_n	2.7607145528487878
ʃ	ʤ	2.728732101951053
ɲ	n	2.6989738124303453
r	r	2.6388920159648532
ɐ	n_a	2.371843273778935
ɾ	ɽ	2.2257064827372948
θ	ʦː	2.0894724117191243
s	ʃ	2.0337790686483856
s_#>	#>	1.943594088490661
d	j	1.843003712404471
ˈa	l_ˈa	1.6710364478951116
l	w	1.3526483375944849
<#_o	<#	1.3149817672114468
<#_ʃ	<#	1.240391059089928
ɾ	ɪ_r_ɪ	1.1220188733014949
l	l_ɪ	1.1037863761576319
<#_a	<#	1.020195529544964
#>	j_#>	1.020195529544964
ɾ_ɪ	ɾ	0.9761582372216742
ʊ	sː_ʊ	0.9681692862401634
a	ˈa	0.929315456028167
s	j	0.6330506766079094
ˈe	i	0.40764311955503707
#>	ɪ_#>	-0.5441659023150864