Phone1	Phone2	PMI
ˈĩ	ˈi_n	7.255536907100325
ˈɛː	ˈa_j	7.071851501362398
ˈɔ̃	ˈu_n	6.754637131174415
ˈoː	ˈɔː	6.326926714293577
ʒ	ʥ	5.795866003319318
b	b	5.723653664447839
d	d	5.530123898881738
ɡ	ɡ	5.4808440805228
p	p	5.402792596800063
k	k	5.3257457368416965
ɲ	ɲ	5.29597638338283
w	ˈo	5.278805886124732
ˈe_l	ˈɛː	5.269592338522527
f	f	5.060467118747703
ʎ	ʎ	5.001280199480558
t	s_t	4.961924657243617
m	m	4.848322712705856
v	v	4.748499935120377
ˈɛ̃	ˈɛ_n	4.629431731195074
ʃ	ʨ	4.544893473539847
ˈo	ˈu	4.529069533592594
s	ʧ	4.4758806209469695
ɔ	u	4.453862986194899
l	l	4.438423035915476
ˈi	ˈiː	4.426834534011867
z	ʃ	4.400975770372647
o	u	4.2426540143516345
ˈi	ˈi	4.235448278390244
t	t	4.127655475449509
ˈa	ˈaː	4.0639292640403655
s	s	3.969171181640385
ð_ə	r	3.920967819979242
n	n	3.856620281547702
ˈɛ	ˈe	3.8423240334293696
ˈa	ˈa	3.750616546061236
<#_e	<#	3.724783400364573
ˈɑː	ˈa	3.681880560301904
ð	r	3.646660846369439
ə	ə_r	3.636294830157752
ˈe	ˈɛ	3.612163333509732
ˈɑ̃	ˈɔ	3.5459175766616493
w	ˈu	3.4342042104919464
ˈaː	ˈa	3.424638865698137
ʃ	ʃ	3.381897054850304
a	ə	3.3189141869249768
ʁ	r	3.1850918054527533
ˈoː	ˈɔ	3.089447753121989
ə	ə	3.0450776910092485
ˈe	j	2.968013775759171
#>	ʨ_#>	2.9449920500994806
ʁ	r_t	2.8661664978103936
ˈɔ	ˈuː	2.8294713219416416
ˈɔ̃	ˈu	2.8292331648312485
#>	s_#>	2.775489819181003
ˈɑ̃	ˈa_w	2.674479918199101
ˈe	ˈiː	2.5858606115265346
#>	t_#>	2.5062736815724973
ð	ʥ	2.382035769830562
ˈɛ	ˈɛ	2.215569751027674
ʁ_o	r	2.1484845390425105
ʎ	l	2.130272810848428
o_#>	#>	2.1183389227142277
n	w_n	1.9260171369768075
ˈe	ˈa	1.7141664496472857
ˈɑ̃	ˈɔ_n	1.4916547824486084
ʁ	ə_r	1.3024686018488607
j	j	1.2424153895271473
j	ˈɛ	1.211753829783332
ˈɛ̃	n	1.147501105269419
j_ˈe	ˈaː	1.127395930259731
ˈaː	ˈaː	0.9986873322320792
ˈɛ̃	ˈɛ	0.9903707890000296
#>	n_#>	0.9877252227500662
t	ʨ	0.9079237390806212
ˈĩ	n	0.8989603231891202
ˈi	ˈeː	0.8892539110795289
ˈe	w	0.8114050024072246
ˈɑ̃	ˈa	0.6708295000599427
ˈɛ̃	ˈa	0.6348492732673192
#>	r_#>	0.6255684354389084
ˈe	ˈaː	0.5883095589232373
i	ə	0.5384534252879661
k	ʨ	0.4808883099982215
ʃ	s	0.3395600985363398
ə_#>	#>	-0.0282233799585764