Phone1	Phone2	PMI
ɲ	ɲ	7.397423047950337
c	ʧ	7.204657770461034
w	w	7.129453047373412
j	j	6.563943433267682
b	b	6.0002090068366005
n_e	ŋ	5.932732527145364
f	f	5.924478780480533
i	i	5.890755836497059
d	d	5.826608865501786
l_e	l	5.810968599591186
ɡ	ɡ	5.683825911953618
n_u	ŋ	5.532608018601847
ˈu	ˈu	5.439822981527287
ˈi	ˈi	5.275933238924572
m	m	5.166917555681105
v	v	5.070094384727254
l	ɰ	4.988577992644999
p	p	4.954136366660772
ɟ	z	4.950130248613492
ŋ	ŋ	4.8828504625058065
t	t	4.580691064833477
kː	k	4.478856899139437
tː	t	4.476343085228815
ˈe	ˈɛ	4.424945163582547
s	s	4.397018127149028
ˈɛ	ˈe	4.378885287056175
k	k	4.33354691500203
e	e_r	4.326539737015507
n	n	4.297782445123119
sː	s	4.263646051097087
lː	ɰ	4.242557060834091
ˈɛ_lː	ˈɛ	4.211706324277784
ˈe	j_ˈɛ	4.188169921057335
ˈo	ˈo	4.159589135022229
ˈo	ˈɔ	4.158868149303865
ˈɔ	ˈo	4.00769002433605
ˈɔ	ˈɔ	3.9760303646785884
ʧ	z	3.947211133611955
ˈa	ˈa	3.9052605129077227
e	e	3.8094683066859876
ˈa	ˈa_r	3.786094620928376
z	z	3.66277797674554
r	r	3.6495321378147447
a	a	3.621981332927118
l	l	3.589080330221025
ˈe_lː	ˈɛ	3.475978617485062
i	e	3.4695071883335293
nː	n	3.468035578344695
ˈɛ	ˈɛ	3.42663909760337
u	o	3.2923156931206816
k	ɡ	3.2393280077694544
n	ŋ	3.0158923166401657
ˈe	ˈe	2.8876536364562146
ʧ	s	2.6930738072908866
ˈe	j_ˈe	2.576453321907935
ʃ	s	2.376867192305817
ʧː	s	2.361355287209149
p	v	2.0865490212988442
o	o	2.0488819637464784
ˈe_lː	ˈe	2.032872975488273
ˈi_ʎ	ˈi	1.9740628300119214
t	d	1.9246305231307754
r_e	r	1.8838817556003948
ʤ	z	1.872739877016553
ʒ	z	1.5335116745929263
ˈu	ˈo	1.5256164093393503
lː_u	o	1.4355672467814546
ʎ	ʤ	1.4028611191831482
ʧ	s_j	1.3863686871447534
ˈu	ˈɔ	1.3408623929752044
m	ŋ	1.332386790548607
u	u	1.2635031890530901
ˈu	ˈi	1.2602739747433096
ɟ	ʤ	1.0257809665078241
l_ˈɛ	ˈe	1.0105970064325587
rː	r	1.0053968820403112
bː	b	0.9096220716292998
a_t	a	0.87413887634986
<#_l	<#	0.8358320013364512
<#_a	<#	0.8294975224645114
ˈɛ_lː	ˈe	0.8078852562546844
lː_a	a	0.7911313764940913
lː_e	e	0.7730716057974044
ʦ	s	0.7674656045935069
e	a	0.7331064172194912
ʦː	s	0.6413901347716273
n_u	n	0.638477972952452
ʃː	s	0.6078193421317282
e	ˈi	0.5314832702766209
ˈi	ˈe	0.44162372183144233
ˈɛ	e	0.4037123640034605
u	e	0.1152703502417691
e_#>	#>	-0.8369711106063785
a	o	-0.255906697290457
#>	r_#>	-0.23710849851555751
ˈɔ	o	-0.22136909367660446