Phone1	Phone2	PMI
ʎ	ʤ	8.012825517089546
ɲ	ɲ	7.350684785644524
l_e	l	7.252012666776633
c	ʧ	6.975461555786046
w	w	6.971551554055272
ˈe	j_ˈɛ	6.905198204159166
b	b	6.026315799212835
n_e	ŋ	5.971417147621872
f	f	5.942392197185774
j	j	5.901062550003688
ˈe_lː	ˈɛ	5.772545487813344
lː	ɰ	5.767391740759687
d	d	5.728321490601831
i	i	5.5378378853150565
ɡ	ɡ	5.430283845564897
ˈu	ˈu	5.384821258917119
ˈɛ_lː	ˈɛ	5.338374328666181
e	e_r	5.29808311373411
l	ɰ	5.217215581126413
n_u	ŋ	5.189116097243463
ˈi	ˈi	5.159512280684139
v	v	5.157400131991869
ɟ	z	5.117536035276471
m	m	5.04250176879652
ŋ	ŋ	4.904850883390174
p	p	4.8523761628795965
z	z	4.72658471256633
kː	k	4.726174720817904
tː	t	4.637276955638898
ˈa	ˈa_r	4.625928427461437
l	l	4.556768649070821
t	t	4.5364596408836215
ˈɛ	ˈe	4.49901637017935
ˈe	ˈɛ	4.418518827035992
s	s	4.393142418295466
k	k	4.367176080503264
nː	n	4.350302175781992
ˈo	ˈo	4.300763378671819
n	n	4.194360964175723
ʧ	z	4.070442929180875
ˈɔ	ˈɔ	4.063711682891702
sː	s	4.011788333075585
ˈe	j_ˈe	3.94678627186504
ʃ	s	3.8725895704536057
ʧː	s	3.867231624668032
ˈa	ˈa	3.8404372245429848
ˈɔ	ˈo	3.8171832513345607
ˈa_t	ˈa	3.724945673111242
e	e	3.720202854479527
ˈo	ˈɔ	3.683941124241157
a	a	3.674136344124227
r	r	3.650738160218414
ʒ	z	3.643541517921226
ˈɛ	ˈɛ	3.588113607678672
o	o	3.512542049540388
n_u	n	3.47208253128808
u	o	3.357585440005353
ʤ	z	3.249109470851323
i	e	3.211141815581154
n	ŋ	3.188144830952756
e	ˈi_r	3.078367002718568
k	ɡ	3.0691396418170327
a_t	a	2.9025692035529884
ʧ	s	2.7815691123909163
ˈe_lː	ˈe	2.7082432762200224
ʦ	s	2.609756661126601
ˈɛ_lː	ˈe	2.538652491730208
r	o_r	2.507603060511023
t	d	2.286656984551084
ʃː	s	2.258779160693907
ˈi_ʎ	ˈi	2.1485142719742365
bː	b	2.126497741282313
ˈe	ˈe	2.045923035678003
ɟ	ʤ	1.9964963361490864
rː	r	1.8630274795404675
r_e	r	1.8597931034727544
p	v	1.816355481787026
ʧː	ʤ	1.6547720247959954
ˈe	ˈi	1.6434111996907552
ʦː	s	1.5308029099039295
ˈu	ˈɔ	1.509383523062508
m	ŋ	1.4634273951734815
ˈu	ˈo	1.4581324710043302
<#_l	<#	1.4261085192118603
ˈi	ˈe	1.305183741427004
ʧ	s_j	1.2883498682153487
u	u	1.2065532965164998
ˈɔ_j	ˈu	1.186119550536474
l_ˈɛ	ˈe	1.0505051695139465
t_r	r	0.9267232029850476
e	a	0.8981173482542234
<#_a	<#	0.8258566033889932
a	s_a	0.5675574876931722
ˈu	ˈi	0.300715152818117
ˈɛ	e	0.1591331798050586
#>	r_#>	-0.4896644840646523
u	e	-0.0571539834836195