Phone1	Phone2	PMI
ɲ	ɲ	7.637791185966894
c	ʧ	7.287139305665523
j	j	6.326530212361018
f	f	6.012402056730126
b	b	5.905468149436438
d	d	5.623220769961529
w	w	5.496020974543977
v	v	5.467969218972783
n_u	ŋ	5.425871669107812
ˈɛ_lː	ˈɛ	5.417197932544547
ˈi	ˈi	5.323358587657332
i	i	5.3163148130136815
ɡ	ɡ	5.229326298352115
ˈu	ˈu	5.216722784679838
l	ɰ	5.188938874256611
p	p	5.174034978448502
m	m	5.074027624416442
ɟ	z	4.889524280231008
l_e	l	4.803945433552844
ŋ	ŋ	4.643057451977387
t	t	4.63550589608414
ˈe_lː	ˈɛ	4.537918120606762
tː	t	4.5182111632203155
ˈɛ	ˈe	4.490042514668203
ˈe	ˈɛ	4.478832344609703
k	k	4.3389629655459085
ˈo	ˈo	4.335298688199959
n_e	ŋ	4.334000155575439
s	s	4.312271786589629
n	n	4.207435489958169
e	e_r	4.1036559872539495
ˈɔ	ˈɔ	4.083160287858316
ˈa	ˈa	3.922027089473311
ˈɔ	ˈo	3.8937198972189737
ˈo	ˈɔ	3.8483817277819847
l	l	3.791964848085337
ˈa	ˈa_r	3.768881845670258
ʧ	z	3.7400167136035662
e	e	3.680211002546041
a	a	3.6757770008288775
kː	k	3.64492836931787
ˈɛ	ˈɛ	3.525108613196248
r	r	3.524731053193807
o	o	3.504786439772172
nː	n	3.488904989652915
u	o	3.4411522098666114
lː	ɰ	3.3418628093690974
z	z	3.2979369755870125
sː	s	3.2538643708725807
k	ɡ	3.185185428936235
i	e	3.166900617607428
n	ŋ	3.0206272409063692
ˈe	ˈe	2.8843395573767414
ʧ	s	2.874867159039615
ʃ	s	2.845286519309923
ˈe	j_ˈe	2.7245431598441705
ˈe	j_ˈɛ	2.72454315984417
ˈa_t	ˈa	2.6866960016518027
ʧː	s	2.3740364590584258
e	ˈi_r	2.144326535296824
ɟ	ʤ	2.101562701733051
ʤ	z	1.8422035505174805
r_e	r	1.747499024732909
a_t	a	1.7225623123216427
p	v	1.6695841998117453
r	o_r	1.648682082556536
ʦ	s	1.5723828334527536
ʎ	ʤ	1.5315328334723914
ʒ	z	1.5308222107269185
u	u	1.5271286180535422
t	d	1.5164248718015196
n_u	n	1.3365894221296204
ʧ	s_j	1.3149530704120456
ˈu	ˈo	1.2426481027000509
<#_l	<#	1.2370498579012303
ˈɔ_j	ˈu	1.226409105311927
rː	r	0.9855577020053664
m	e_m	0.9788129707275102
ˈi	ˈe	0.9710682278549967
bː	b	0.9595480080127665
ˈu	ˈi	0.9181402605061237
ˈe_lː	ˈe	0.9153660738465061
t_r	r	0.8875943676959528
ˈɛ_lː	ˈe	0.8571937490069429
e	a	0.8223343504233814
lː_u	o	0.7260151357937196
ˈu	ˈɔ	0.6627638585530363
m	ŋ	0.6091433438592793
ˈɛ	e	0.07710295356688365
u	e	0.05368934247561062
e_#>	#>	-0.33278276842319565
#>	r_#>	-0.09337780750067068