Phone1	Phone2	PMI
ʎ	ʤ	7.890733723944328
c	ʧ	7.385333802752112
ɲ	ɲ	7.361722086895569
w	w	7.237494864240641
l_e	l	6.9432720444998
b	b	6.264175314575762
f	f	6.13572820321693
j	j	5.982318479291378
n_e	ŋ	5.8850156340751845
d	d	5.63682406387002
ɡ	ɡ	5.530386304878235
i	i	5.482556432711917
ˈe_lː	ˈɛ	5.454248322015189
ˈu	ˈu	5.39200586312419
n_u	ŋ	5.382463322084414
ˈɛ_lː	ˈɛ	5.379249019511982
l	ɰ	5.270285468796731
ˈi	ˈi	5.245412167812017
e	e_r	5.2004026345533365
v	v	5.117074821443278
m	m	5.03172691214793
p	p	5.01270708308872
ɟ	z	4.951980603770183
ˈa_t	ˈa	4.884297340882262
ŋ	ŋ	4.843795409851457
z	z	4.711084487209472
lː	ɰ	4.665554018688342
tː	t	4.545664994372659
l	l	4.541928048590581
ˈa	ˈa_r	4.519753929570334
kː	k	4.517570259407434
ˈɛ	ˈe	4.485665980694286
bː	b	4.464354387071935
ˈo	ˈo	4.435456066736199
t	t	4.430606473103069
ˈe	ˈɛ	4.363187130096577
nː	n	4.331905780888486
k	k	4.30503431800121
n	n	4.291440285354633
s	s	4.189121887832277
ˈɔ	ˈɔ	4.159393924478149
ʃ	s	4.036121575979342
ʧ	z	4.01762556752076
sː	s	3.926297839034016
ˈe	j_ˈɛ	3.902564420291207
ˈɔ	ˈo	3.8511550027858488
ˈa	ˈa	3.839995857249705
ʧː	s	3.768574327206344
e	e	3.744204614292273
ˈo	ˈɔ	3.6690160665067486
a	a	3.611356998969698
r	r	3.566785776289414
o	o	3.5498064639818288
a_t	a	3.498062155239941
ˈɛ	ˈɛ	3.4565887873826657
u	o	3.369611265060897
i	e	3.283683144619526
n	ŋ	3.2133700405019847
e	ˈi_r	3.1701227888338543
k	ɡ	3.1566587832515336
ʤ	z	3.122829701880965
ʦː	s	3.067974509509327
ʧ	s_j	2.9932611800449234
ʃː	s	2.9509820093650956
ˈe	ˈe	2.829087605636386
ʧ	s	2.810632656867555
ˈe_lː	ˈe	2.580000691007272
ʦ	s	2.552266448930455
r_e	r	2.5268539352152315
rː	r	2.4643549717778592
ˈɛ_lː	ˈe	2.4575039926830358
r	o_r	2.444928573187699
t	d	2.37431809613244
l_ˈe	ˈɛ	2.3544915592975455
ˈi_ʎ	ˈi	2.1538744643998067
n_u	n	2.038314913735367
p	v	1.8347792577770063
ʒ	z	1.7884318067054674
ˈu	ˈo	1.7528590516888662
ɟ	ʤ	1.7051253599580767
m	ŋ	1.5591064344480874
ˈu	ˈɔ	1.4590668643464242
ˈi	ˈe	1.4053075882446673
ˈe	j_ˈe	1.3931925929276614
ˈe	ˈi	1.2357884648313693
<#_l	<#	1.2315923132013993
ˈɔ_j	ˈu	1.2114412670586217
ˈi_lː	ˈi	1.1715774274092055
ˈu	ˈi	1.0963486749260731
u	u	1.0863225383705422
l_ˈɛ	ˈe	1.0315583611636383
<#_a	<#	0.8330930706503226
e	a	0.8211607599741858
e	ˈi	0.1970714192556603
ˈɛ	e	0.13251687545249527
e_#>	#>	-0.38299713264819046
#>	r_#>	-0.34840204879870496
u	e	-0.05638795762439468