Phone1	Phone2	PMI
ʎ	ʤ	7.711174158166893
ɲ	ɲ	7.533326180409526
w	w	7.470020394679526
l_e	l	7.425192949536343
c	ʧ	6.8457746652537415
ˈe	j_ˈɛ	6.689424507709277
b	b	6.146870702767931
j	j	5.956632314261647
f	f	5.937914323319657
lː	ɰ	5.912279127242011
n_e	ŋ	5.718544455442967
d	d	5.66021181685629
ɡ	ɡ	5.595772659853813
ˈe_lː	ˈɛ	5.539844457347617
ˈi	ˈi	5.466044872480171
e	e_r	5.350018448155671
l	ɰ	5.314829000021458
v	v	5.311759441853829
n_u	ŋ	5.298249216335744
i	i	5.274471826809576
ˈu	ˈu	5.245765321268599
ɟ	z	4.993993441204028
ŋ	ŋ	4.9705918012961074
ˈa_t	ˈa	4.9446783196313175
p	p	4.879795053037843
l	l	4.8382262451508975
m	m	4.834798342155025
z	z	4.730429030028128
tː	t	4.697612289948121
ˈa	ˈa_r	4.566516455919569
ʧː	s	4.556063143737451
t	t	4.52599663670973
ˈɛ_lː	ˈɛ	4.519528253457013
nː	n	4.491606664304654
kː	k	4.476025657124715
k	k	4.412084431359103
ˈo	ˈo	4.310251435219896
ˈɛ	ˈe	4.270325063436183
ˈe	ˈɛ	4.240743403278758
n	n	4.238007085971863
ˈɔ	ˈɔ	4.231685296329485
s	s	4.198599050525331
ˈe	j_ˈe	4.087512794314882
ʧ	z	3.9538582121249775
ʃ	s	3.8681200491385512
ˈa	ˈa	3.8611899681226327
ˈɔ	ˈo	3.8481401338743813
sː	s	3.7547119305937726
a	a	3.7533488381348485
ʃː	s	3.7021050494270136
e	e	3.6874365052813
ʒ	z	3.6250107342565454
r	r	3.595187667772654
a_t	a	3.5718944586329404
ʦ	s	3.434134671004327
ˈo	ˈɔ	3.4079090170083433
k	ɡ	3.3725924048728873
u	o	3.3545121280226917
ˈɛ	ˈɛ	3.351967755405291
o	o	3.236313597685927
n	ŋ	3.20617290693872
i	e	3.170815396399751
e	ˈi_r	3.0167683502314278
n_u	n	2.9744008874262695
ʧ	s	2.8308139531691716
ɟ	ʤ	2.749252902837953
ˈe	ˈe	2.606980480638078
ˈe_lː	ˈe	2.60307884689707
r	o_r	2.4547347061873377
t	d	2.256078440267824
ˈi_ʎ	ˈi	2.223313065176835
bː	b	2.1960673867705496
ˈu	ˈɔ	1.9308612096996547
rː	r	1.8758031375322122
u	u	1.7670062543594713
p	v	1.7128860293292631
ˈu	ˈo	1.6736456338389223
r_e	r	1.659301993107603
ʦː	s	1.5863307144698988
m	ŋ	1.366627832226339
ʧ	s_j	1.3359529954389708
ˈɔ_j	ˈu	1.2258714022533657
<#_l	<#	1.164603239291396
l_ˈe	ˈɛ	1.1451607105520598
ˈe	ˈi	1.1102287593614464
ˈu	ˈi	1.043053392155938
ʤ	z	1.0410326767941107
l_ˈɛ	ˈe	1.0176747264290014
lː_a	a	0.9955992898348642
ˈɛ_lː	ˈe	0.9448481886778526
e	a	0.9382019970825743
m	e_m	0.9318315631660953
lː_u	o	0.8802346586526362
ˈi	ˈe	0.8006554032584573
e	ˈi	0.1819806479090543
ˈɛ	e	0.11868034428439023
#>	r_#>	-0.4998171748727203
u	e	-0.04549835223593489