Phone1	Phone2	PMI
c	ʧ	7.038985474066178
w	w	6.933446091601337
ɲ	ɲ	6.854582599185944
b	b	6.128260526507912
f	f	6.10298948792658
n_e	ŋ	6.047483552813552
d	d	5.7995639464076305
lː	ɰ	5.790343264344968
j	j	5.743310613146961
l_e	l	5.604149491536308
e	e_r	5.5603181581102685
ɡ	ɡ	5.385491046682473
ˈu	ˈu	5.35970513464524
ˈi	ˈi	5.294473902462102
i	i	5.275482277774936
ɟ	z	5.17757962893632
v	v	5.162748452215245
ŋ	ŋ	5.1626609712309515
l	ɰ	5.091687028994343
ˈe_lː	ˈɛ	5.068506185971091
n_u	ŋ	4.981354122912826
kː	k	4.950389819515671
p	p	4.944360383050839
m	m	4.842660837465107
ˈɛ_lː	ˈɛ	4.748451247272238
ˈa	ˈa_r	4.693718373687213
t	t	4.681410365857482
z	z	4.675061241686521
tː	t	4.64149925057687
ˈe	ˈɛ	4.562619032710705
ˈɛ	ˈe	4.55426427263517
m_e	m	4.471552008256197
nː	n	4.451616361157048
k	k	4.436634744845903
s	s	4.38282910216486
ˈo	ˈo	4.371592364494801
l	l	4.369669635983028
sː	s	4.1425158349412134
n	n	4.130912691293984
ˈɔ	ˈɔ	4.079561725111971
ʧ	z	4.057589166991501
ˈe	j_ˈɛ	4.03438334088733
e	e	4.0121476651277055
n_u	n	3.990832154347492
ˈɔ	ˈo	3.9254202521740305
ˈo	ˈɔ	3.8980122530943935
ˈa	ˈa	3.819578259272611
a	a	3.6517193814872084
r_e	r	3.622075870930396
ˈe	ˈe	3.5493131646954823
r	r	3.528537824360774
ˈɛ	ˈɛ	3.4266589753277277
u	o	3.4127311386711345
r	a_r	3.2918146003403264
n	ŋ	3.233745757986985
i	e	3.196443143475598
ʃ	s	3.1614829243440137
k	ɡ	3.1402916206207236
<#_a	<#	2.8285473105996735
ʧ	s	2.80052364937395
o	o	2.753732974249142
ʒ	z	2.4688818650449877
p	v	2.157656740981514
a	s_a	2.0877738244068578
t	d	2.025263928447578
<#_l	<#	1.80978576610113
ʧː	s	1.769906067355175
t_r	r	1.6868568665887291
lː_u	o	1.652603807752555
ʎ	ʤ	1.5437938863192286
ˈe	ˈi	1.5260055253674334
m	ŋ	1.4418951560816569
ˈu	ˈɔ	1.2423333264315324
ˈa_t	ˈa	0.9603545135274073
l_ˈɛ	ˈe	0.9453182075293467
r	o_r	0.9448036137812638
#>	r_#>	0.5887990004910998
u	s_o	0.5529838703675265
ˈu	ˈo	0.3726129802385693
#>	e_#>	0.008595912834892715