Phone1	Phone2	PMI
ɲ	ɲ	7.378318847147851
c	ʧ	6.96911061700091
w	w	6.948757662612498
b	b	6.0199648604277
n_e	ŋ	5.9628072959128575
f	f	5.936041258400639
j	j	5.845293038825599
lː	ɰ	5.761040801974552
d	d	5.721970551816694
n_u	ŋ	5.605353468370296
i	i	5.5694191904306365
l_e	l	5.542256640589414
ˈu	ˈu	5.512812864933276
ɡ	ɡ	5.4779170650635685
e	e_r	5.278126879428396
ˈi	ˈi	5.231082000276545
ɟ	z	5.194192596347103
l	ɰ	5.167557826133388
v	v	5.15136997034725
m	m	5.094914284808644
ˈe_lː	ˈɛ	4.9977977895710906
ŋ	ŋ	4.898499944605039
p	p	4.84602522409446
kː	k	4.727128957237791
z	z	4.720233773781194
tː	t	4.630926016853762
l	l	4.596602689472039
ˈa	ˈa_r	4.582037967513094
t	t	4.543531541270193
ˈɛ	ˈe	4.49729882107064
ˈe	ˈɛ	4.436665351724451
r_e	r	4.429493768784428
s	s	4.376368278665543
k	k	4.372977064756189
ˈo	ˈo	4.3579531416918105
nː	n	4.3439512369968565
n	n	4.215741397645851
ˈɔ	ˈɔ	4.087226986165026
sː	s	4.0061288595980535
ʧ	z	3.9917071509353534
ˈe	j_ˈɛ	3.858312522490991
ˈɔ	ˈo	3.834456485050302
ˈa	ˈa	3.828049606738744
ˈo	ˈɔ	3.732572840529975
e	e	3.722593787484107
a	a	3.6895105413633327
r	r	3.686298748643386
ˈɛ	ˈɛ	3.657437305760598
ˈe	ˈe	3.4539662504101707
ˈɛ_lː	ˈɛ	3.3824057221001604
u	o	3.3610215770132656
i	e	3.2364502865148665
n	ŋ	3.1002756172440136
k	ɡ	3.074241210942429
ʃ	s	3.054356915632866
ʧ	s	2.908068814753015
ˈa_t	ˈa	2.737629650092296
o	o	2.6127844180226893
t	d	1.935733663615833
p	v	1.810325320142408
ʧː	s	1.7744142969610412
lː_u	o	1.6522678242811288
<#_l	<#	1.5735016380451017
ʎ	ʤ	1.544822808112799
m	ŋ	1.4983478717288512
ˈe	ˈi	1.3992102872334855
ˈu	ˈɔ	1.2810740965447238
t_r	r	0.8465563745017806
ˈu	ˈo	0.823824054120792
e	a	0.7968420463882904
e	ˈi	0.7733801265675361
ˈɛ	e	0.1092187461275405
#>	r_#>	-0.0592638653756422
u	e	-0.0384157969927871