Phone1	Phone2	PMI
ɲ	ɲ	7.660441791736059
z	z	6.777314092333384
ɡ	ɡ	6.571159203070158
d	d	6.085427768605925
ˈɔ̃	ɒ̃ʊ̯̃	6.041168861268383
ˈe_l	oʊ̯	5.828457161601
o	u	5.593872483683571
ˈo	u	5.507969046705971
ə	œ	5.400825042064343
ˈɔ	ɔ	5.394985117858044
j	j	5.276201861838735
b	b	5.2459960587647165
n_a	n	5.23716998332265
k	k	5.205603327218994
ˈĩ	ẽɪ̯̃	5.204669437378444
t	t	5.18306220026845
ʃ	ʃ	5.179271840331079
n	n	5.062914422582114
ˈoː	ɑɔ̯	5.061922364412151
j_ˈe	e	5.056685687479784
a	a	5.017185799033674
m	m	5.01648704559266
w	ɥ	5.000702279284284
ˈɛː	w_ɛ	4.974618805416125
f	f	4.90017567473111
p	p	4.853841082794605
ˈɑ̃	ã	4.807088460414271
v	v	4.77433969040135
ˈu	y	4.729164604247919
e	e	4.717512109437926
ˈu	u	4.687398266499423
ʒ	ʒ	4.600516206258405
ˈi	i	4.589995420739315
ˈoː	oʊ̯	4.576686189483142
ð	ʒ	4.542858855971851
s_ə	s	4.527532182572142
w	øʏ̯	4.420609413994467
ˈɛ	ɛ	4.415158403971734
ˈɛ̃	ẽɪ̯̃	4.399474181815783
ˈe	ɪ	4.387564113867751
ˈi	ɪ	4.3320646560464615
l_a	l	4.270012049050054
t_a	t	4.265641036044046
s	s	4.21857424273237
ˈaː	æɛ̯	4.198444307707589
ˈɛ̃	ã	4.123096337203416
l	l	4.017945420863249
m_a	m	3.908702792297604
ˈɑ̃	ẽɪ̯̃	3.69742397105801
w	w	3.685174553521724
ˈa	a	3.46321115384166
d	ʣ	3.457412312175244
ʁ_a	ʁ	3.439067175290892
ʃ_#>	#>	3.420491703090282
ʁ_ə	ʁ	3.41897388172201
ˈɑː	æɛ̯	3.2756056140060363
ʁ	ʁ	3.26938507980446
ˈa	e	3.264343743684456
ˈɛː	æɛ̯	3.1573907094638445
ˈe	ɛ	2.959839937562891
ˈi	i_ʁ	2.9060668958579954
ˈe	æɛ̯	2.8640873181850446
ð_ə	ʁ	2.780459412810913
ˈa	æɛ̯	2.603488266071321
ɛ	æɛ̯	2.4852149838007
ɔ	ɔ	2.4714989561004503
o_#>	#>	2.384129412648187
ð	ʁ	2.2134948810862825
ʁ_o	ʁ	2.2116077620761287
ð_o	ʒ	2.13862586462106
ʎ_ə	j	2.130530574331879
i_#>	#>	2.077508697358672
ʎ	j	1.8352224547318703
ˈɛ	æɛ̯	1.5006819049480709
ˈaː	e	1.4374479965001958
j	i	1.4246561818502197
ʎ	l	1.4116119082211631
ˈoː	u	1.3373038833819115
w_ˈe	œ	1.105887204164507
w	œ	1.0689868758920658
ə_#>	#>	1.0142166142801494
v	v_w	1.0135466194511469
t	ʦ	0.9635116028190426
s_a	s	0.8851790217428623
ʎ_#>	#>	0.7675255866342809
l_#>	#>	0.6317958525683305
ˈaː	a	0.5946496874309547
ˈe	œ	0.5267579409094145
ˈa_#>	#>	0.367525586634281
a_#>	#>	0.1810791913564205