Phone1	Phone2	PMI
ɲ	ɲ	7.57969656078076
z	z	6.8253400993330295
ɡ	ɡ	6.444152632452559
ˈɔ̃	ɒ̃ʊ̯̃	6.183981105934511
ˈe_l	oʊ̯	5.929321515746215
d	d	5.836824141906068
o	u	5.546832466590286
ˈɔ	ɔ	5.535281618045815
ˈɛː	w_ɛ	5.438313547372617
b	b	5.403886305220798
ˈĩ	ẽɪ̯̃	5.380981814612647
t	t	5.380035573844311
k	k	5.329755516948343
ə	œ	5.261183371189737
ˈo	u	5.2170097789078165
m	m	5.214812691035481
f	f	5.17788004970929
n_a	n	5.175678019684465
ʃ	ʃ	5.122191867920917
ˈɑ̃	ã	5.082100383431139
ˈoː	ɑɔ̯	5.069123456446174
j_ˈe	e	5.020891641178078
n	n	4.98432422476195
a	a	4.933423091311723
j	j	4.891899775918796
ˈe	ɪ	4.849141879902426
e	e	4.828813756678859
v	v	4.8134099991635795
p	p	4.701495158635065
ˈu	u	4.6786527181164494
ˈɛ	ɛ	4.675033184034002
ˈoː	oʊ̯	4.646987646662751
s_ə	s	4.638738290496938
ˈu	y	4.634802523253547
ʒ	ʒ	4.615668880001332
d	ʣ	4.600942062453545
ˈɛ̃	ẽɪ̯̃	4.549502806792194
ˈi	i	4.50923133002889
w	øʏ̯	4.478446869332564
w	ɥ	4.462124116221833
t_a	t	4.450743802255571
ˈi	ɪ	4.399235572128001
l_a	l	4.3525958970430105
ˈɛ̃	ã	4.333295492374012
ð	ʒ	4.305783696837519
s	s	4.172653320219017
ʎ_ə	j	4.158636598939752
ˈɑ̃	ẽɪ̯̃	3.9122653638806923
m_a	m	3.8994731505748392
l	l	3.896599969741834
w	w	3.8207051220916495
ʁ_a	ʁ	3.655766540690364
ʁ	æɛ̯_ʁ	3.623046428006369
ˈe	ɛ	3.5842363187165556
s_#>	#>	3.5443494709564947
ˈaː	æɛ̯	3.51956006192672
ʁ_ə	ʁ	3.474202262709961
ʃ_#>	#>	3.4590207186787616
ˈa	a	3.4534280935111266
ˈɑː	æɛ̯	3.410587599706947
ˈa	e	3.2821862486321853
ʁ	ʁ	3.232130566541634
ˈaː	a	3.0049409905854283
ˈi	i_ʁ	2.993240410721121
ð_ə	ʁ	2.8164162199576683
ɔ	ɔ	2.5880069152423677
ˈa	æɛ̯	2.5600657567529583
ð	ʁ	2.4692602607061915
ʁ_o	ʁ	2.3326060285833656
o_#>	#>	2.3226731488635948
w_ˈe	œ	2.253226602026194
ð_o	ʒ	2.20305145638317
j	i	2.1537219534364165
#>	s_#>	1.9493987975113765
ʎ	l	1.9202200178700557
v_ˈɛ	v	1.903593369888306
#>	ʃ_#>	1.867081172691637
ʎ	j	1.7914994638218977
ɛ	æɛ̯	1.713309459668096
#>	i_#>	1.7020848934192632
ˈa_#>	#>	1.5531098463928927
ˈoː	u	1.4723536583277284
ˈaː	e	1.3881595844946446
ʎ	æɛ̯_j	1.384214838872637
#>	l_#>	1.3224408245946933
w	œ	1.0871775907824612
i_#>	#>	1.038754348679336
t	ʦ	1.037847199928805
#>	e_#>	1.024794656578255
ə_#>	#>	0.980231613991687
n	æɛ̯_n	0.861219824915118
l_#>	#>	0.6317958525683305
ˈɛː	œ	0.6263131356436675
a_#>	#>	0.3372557334957032