Phone1	Phone2	PMI
ɡ	ɡ	6.23811001398507
b	b	6.139281169807187
ʣ	d	5.624653756742314
d	d	5.366242405424909
t	t	5.219518890668159
w	f	5.184551092487166
f	f	5.121450727341581
ʎ	ʎ	4.998166925928006
ʦ	s	4.968022918792021
p	p	4.96579610598816
v	v	4.872552920703716
j	v	4.863860255690724
ˈo	ˈo	4.7805845480171385
u	o	4.695097080142968
ˈa	ˈaː	4.680561822753198
n	n	4.6460935826706775
s	s	4.596462283929004
ʎ_u	ʎ	4.528128680258294
m	m	4.521766062616836
j_#>	#>	4.401231461405569
k	k	4.27669403083276
l	l	4.244065331282668
ə	a	4.029129561943375
k	ʃ	4.0255653977670205
i	ə	3.913284426373655
ˈi_r	ˈi	3.867417496743601
ˈa	ˈa	3.626669687754552
e̯ˈa	ˈɛː	3.597048073809215
e̯ˈa	ˈɛ	3.4977745358130363
ˈu_n	ˈɔ̃	3.403527385182181
r	ʁ	3.266400189875172
ˈu	w	3.07834091616022
o̯ˈa	w	3.067254574060589
ˈa	j	2.9347519977745984
ç	f	2.872889017682081
ˈi	ˈi	2.870293909745093
n_#>	#>	2.848648786601923
ˈe	ˈɛː	2.830911276792921
ˈe	ˈe	2.7692842080310136
ˈi	ˈɑː	2.590469620376061
r_i	ʁ	2.535365835444565
ˈu	ˈɔ̃	2.4905244264698214
ˈo	w	2.394660215089755
u	ʁ_o	2.3172747960802305
i_r	ʁ	2.2102344047827978
ˈi	ˈɛ̃	1.9289331815172188
ɲ	m	1.9253113251792495
ˈo_k	w	1.893610234990468
ˈu	ˈu	1.8802571327954587
ə	ə	1.8260465514660371
ˈu	ˈø	1.798073122295678
#>	ʃ_#>	1.599180147464223
i	ð_ə	1.567842692413291
ˈa	ˈɑː	1.5343279852086007
ˈɨ	ˈɑ̃	1.3690039565708692
r	l	1.3633595254090278
ˈi_n	ˈɛ̃	1.3253783476749708
<#_a	<#	1.2855647159682646
#>	o_#>	1.2331951240758383
u_r	o	1.0215823458025015
ʃ	s	1.0017037030274452
u_#>	#>	0.984179789643725
k_ʎ	ʎ	0.9682938898861924
e_#>	#>	0.9300507921945752
ʦ_i	ˈe	0.923030539320324
ˈo	ˈoː	0.880909330652537
ˈa	j_ˈe	0.8592456719177622
i_r	ð	0.8266602239144382
i	ˈe	0.8155279209024763
i	ˈɛː	0.6899216763798679
ˈi	ˈe	0.5415367120757059
r	ð	0.5166552467704653
k	p	0.4308406031272238
i_#>	#>	-0.4084021072292635