Phone1	Phone2	PMI
b	b	6.234349964656974
t	t	5.296794593897944
p	p	5.138879259330062
v	v	4.883013616695173
f	f	4.729736988494913
ˈo	ˈo	4.678152600353625
ɡ	ɡ	4.6481719389747145
u	ʁ_o	4.575621682731225
n	n	4.567610349028234
ʎ	ʎ	4.5129183152899035
u	o	4.397476070969964
k	k	4.383201378680424
m	m	4.35113737749278
d	d	4.207824752503293
i	ə	4.048072193643742
l	l	3.905938522863387
ˈa	ˈa	3.9006519755845432
ə	a	3.640430532234354
ʦ	s	3.5688499172365846
j	v	3.5309759280546773
e̯ˈa	ˈɛ	3.4977262030813008
s	s	3.405317708142487
r	ʁ	3.134893088940721
k	ʃ	3.1220307985057563
ˈa	ˈaː	3.080743173561477
ˈu	ˈø	3.0030148875385017
e̯ˈa	ˈɛː	2.802371499999138
ˈe	ˈe	2.649067523172096
ʦ	z	2.358150584930175
ˈi	ˈe	2.3309447848462925
ˈɨ	ˈa	2.1974800039105076
ˈu	ˈɔ̃	2.139459773931489
ˈo_s	ˈoː	2.001962963210909
ʣ	d	1.9865889540796158
ˈe	ˈɛː	1.9273213898412749
ˈi	ˈɛ	1.9263086469308681
ˈa	j_ˈe	1.9166609916228736
ʤ	ð	1.8118141808311727
ˈu	ˈo	1.800086941787561
ˈu	ˈɔ	1.7676177151072974
r_i	ʁ	1.7669744274233348
i_m	m	1.7557744182708337
w	f	1.6077079113571464
ˈi_n	ˈĩ	1.5449586428072168
ˈu	ˈu	1.5372170964182874
j_#>	#>	1.4626493943394412
ˈo	ˈoː	1.4215347808844194
r_i	ˈi	1.3377699209356253
ˈi_n	ˈɛ̃	1.3015168203507583
<#	<#_a	1.284735457270283
i_r	ʁ	1.1922518095957038
u	o_ð	1.1570223050603787
k	ʃ_j	1.137682891089102
ˈi	ˈɛ̃	1.1026922732176085
ʦ_i	ˈe	1.0235823232366408
r	l	0.9771858386564782
k_ʎ_u	ʎ	0.9626445735939587
ˈo_k	w	0.9597587590959721
#>	f_#>	0.9535309596474694
e̯ˈa_r	ˈɛː	0.9479800212852583
ˈi_m	ˈɛ̃	0.9447230045677605
ˈa	j	0.9093111041214238
w_ə	f	0.8678724353685124
<#_a	<#	0.8554014306052384
ˈo_j	ˈo	0.8277305044235292
k	p	0.8165145225076084
i	ð_ə	0.7877042879922377
l_t	t	0.7783806399742683
ç	f	0.7626402359986584
#>	ʃ_#>	0.7593602287793726
ˈu	w	0.7518686161674043
ʦ	ð	0.7464297155736862
ˈa	ˈɑː	0.7229793145108879
<#_s	<#	0.662649394339441
i_r	ə	0.6401525798513277
s	ʃ	0.6395624300434485
n_#>	#>	0.6143321970254892
ˈo	w	0.593573471528084
i	ˈi	0.5923186039771926
t	ð	0.5338287520560676
d_ə	a	0.5272304363176926
r	ð	0.5118995657768008
ˈa	ˈe	0.5009405857611394
i	ˈe	0.4851746288111845
r_t	ʁ	0.4613881398300371
ˈe	ˈɛ	0.4594349965786759
ˈu	ˈe	0.4423912665075025
ə	ə	0.44161048309629913
i	ˈɛː	0.39601521826240316
#>	o_#>	0.3776416220603258
#>	ˈa_#>	0.3313246971697205
u_#>	#>	0.1558983602171508
i_#>	#>	-2.029602005723577