Phone1	Phone2	PMI
ɲ	ɲ	7.594699707314305
u	u	6.783704814546861
θ	ʧ	6.351371508988813
ˈɔː	ˈɔː	6.11036645111554
b	b	6.082635202256444
ɡ	ɡ	5.822072748458366
ʧ	ʎ	5.736802877257841
ˈɛ_l	ˈɛː	5.682177772874148
f	f	5.613516733816368
ˈe	ˈiː	5.567389654805551
p	p	5.415301559243969
ˈʌu̯	ˈuː	5.331991607768875
m	m	5.154299991468084
d	d	5.062988025404718
ˈe	ˈi	5.019246109000088
ˈʌ	ˈu	4.973170566949463
v	v	4.81421295149157
ˈɔ	ˈɔ	4.770073968632017
ˈo	ˈu	4.699825011912258
z	ʃ	4.575957477999036
ˈɔː	ˈa_w	4.4385705221025455
t	t	4.389154239583313
f	f_j	4.382683208810901
s	s	4.30870087906084
k	k	4.227938252895358
ˈɔ	ˈu	4.206771771837495
ˈɛ	ˈaː	4.159867022722263
l	l	4.113173824766509
ˈʌu̯	ˈu	4.087296571225721
j	ʎ	3.9663996141096103
k	ʨ	3.87674781107024
ˈo	ˈi	3.841108704371513
ˈaː	ˈɔ	3.7653490243310808
ˈiː	ˈiː	3.748853850678526
n	n	3.710540892003984
ŋ	ˈɛ_n	3.7067782012895636
s	ʃ	3.687232244439099
ˈɛ	ˈɛː	3.6323423530038754
ˈa	ˈeː	3.5241296098934347
a	ə	3.493185368857949
ˈa	ˈa	3.464330892119975
ŋ	n	3.4041224570095476
ˈuː	ˈɛ	3.3411490673765787
r	r	3.318544531578769
ˈuː	ˈu	3.2720874413916823
ˈɛ	ˈɛ	3.2617699203816706
ð	ʃ	3.2194994660511935
ˈaː	ˈaː	3.127463973891922
e_r	r	3.1034944617020845
ˈaː	ˈa	3.081298034795271
#>	s_#>	2.9955534088117663
ˈiː	ˈa_j	2.9844874416873495
ˈiː	ˈi	2.970367322008262
j	j	2.8938294924221433
t	ʨ	2.869950655367893
ŋ	ŋ	2.6572891723875256
ˈɔː_v	ˈɔ	2.4992700437084614
j	l	2.4779931999975275
e_n	n	2.3814197371394394
ŋ	w_n	2.135232962819676
l	l_j	2.0625301206767226
ˈæ	ˈɛ	2.025806129477656
ˈæ	j	2.0210226662103805
e	ə	1.8548850498531055
n	ˈɛ_n	1.8270611423898908
#>	f_#>	1.7884266827737016
r	ə_r	1.7060910288563231
ˈɔː	ˈɔ	1.6995417646416104
v	f	1.693408673799882
d	t	1.606584968087851
ˈa	ˈe	1.5921665028626328
ˈa	ˈa_w	1.525865201701046
ɡ	w	1.5160053430236042
ˈɛ	ˈa	1.4630524333656956
z	s	1.4555018808195384
r_e	r	1.383463300996393
ð	ʥ	1.2230843128095754
#>	ʦ_#>	1.1019550008653876
l	ʎ	1.0917855600524433
ˈuː	ˈi	1.0198408411067204
#>	w_#>	0.9731837629104424
#>	t_#>	0.9031382241303421
j	ˈe	0.8253107332545498
ˈɛ	ˈa_w	0.8029293551928802
<#	<#_ˈa	0.7790130320423457
r	j_r	0.7559617900750812
e	j	0.5933804730944613
#>	n_#>	0.3545470602314055
<#_l	<#	0.2669698643652517