Phone1	Phone2	PMI
ɲ	ɲ	7.087738685781504
u	u	6.783242809179465
ˈɔː	ˈɔː	6.570115958211959
θ	ʧ	6.352820342606018
b	b	6.005629096056746
ɡ	ɡ	5.787139130331488
f	f	5.656807733615363
ʧ	ʎ	5.641602039048645
ˈɛ_l	ˈɛː	5.424387562793565
ˈe	ˈiː	5.410487511445348
p	p	5.409093046232152
ˈʌu̯	ˈuː	5.378908000607791
ˈo	ˈu	5.254383151155458
m	m	5.148799269018952
z	ʃ	5.061249018855277
ˈɔ	ˈɔ	5.03644185742789
d	d	4.983769910872649
v	v	4.924899702820199
ˈe	ˈi	4.875696352117267
ˈʌ	ˈu	4.733678174871473
t	t	4.347473614751422
j	ʎ	4.305795071693917
l	l	4.259857208081979
k	k	4.256302929011151
s	s	4.199053274747809
ˈɔ	ˈu	4.109552644992596
ˈɛ	ˈaː	3.999862450293544
ˈʌu̯	ˈu	3.967696593230984
k	ʨ	3.943179365307965
n	n	3.831989871430901
e_r	r	3.790038243521915
ˈiː	ˈiː	3.716201060421692
ˈaː	ˈɔ	3.6918182955448624
s	ʃ	3.611812737091401
ˈa	ˈeː	3.6019526934037325
ˈɛ	ˈɛː	3.523456429419432
ˈa	ˈa	3.4557037065141207
a	ə	3.4553594018811387
ŋ	ŋ	3.4326781974850364
ŋ	n	3.4246746766288645
ˈuː	ˈu	3.395476062107253
r	r	3.3473332432163723
ˈɛ	ˈɛ	3.19826957306394
ð	ʃ	3.16541557278163
ˈɔː	ˈa_w	3.128230854562865
ˈaː	ˈa	2.9997516427907174
j	j	2.980816323048426
ˈiː	ˈi	2.914627502998444
ˈaː	ˈaː	2.912597321766285
ˈiː	ˈa_j	2.9059457500601726
f	f_j	2.8355512583530764
e	ə	2.827763816801187
t	ʨ	2.7863272954832365
#>	s_#>	2.7696968054227726
j	l	2.6841816924158985
d	t	2.4611809240016083
ˈuː	ˈɛ	2.425810027683572
e_n	n	2.4066717210927315
ˈɛ	ˈa	2.2078028597900023
e	j	2.194874162103606
ˈa	ˈa_j	2.1495527180522656
ˈæ	j	2.065790061025256
ˈæ	ˈɛ	2.015096505445196
ŋ	w_n	2.0058854976984746
#>	w_#>	1.9463675258208848
ˈa	ˈe	1.7703231252573348
ˈa	ˈa_w	1.633295404584528
ˈɔː	ˈɔ	1.5294405106419224
ˈuː	j_ˈɛ	1.4167366392193697
r_e	r	1.3077413470389183
#>	i_#>	1.267970000576925
ð	ʥ	1.1908600374676837
v	f	1.133529099475409
l	l_j	1.0553635980991625
ˈuː	ˈi	1.0537335704192707
ɲ	n	0.9908374892709044
ɡ	w	0.6886676536122078
l_#>	#>	0.1450280317538833