Phone1	Phone2	PMI
ʤ	ʒ	6.756570119180782
ŋ	ŋ	6.643209681416867
o	u	6.399576674192144
ɡ	ɡ	6.189895784066062
ɲ	ɲ	6.047385879602681
ɡ	ɣ	5.940873284498755
f	f	5.711709840980419
ˈu	ˈy	5.669510988109189
b	b	5.537322494364285
w	w	5.433655531900862
n_t	n	5.390508427107518
v	v	5.358427657187109
a	a	5.2784036660221325
d	d	5.22016895941002
m	m	5.213879126914619
d	ð	5.160910445805021
ˈoː	ˈu	5.141607015017276
k_w	k	5.100805190326223
ˈeː	ˈe	5.089068278913123
p	p	4.949838660900713
j_ˈɛ	ˈɛ	4.937266959072315
ˈe	ˈe	4.720557198789892
s	j_s	4.671813589753296
ˈi	ˈi	4.58530818995606
ˈɛ	ˈɛ	4.542584468807912
c	k	4.536765140992467
n	n	4.524270044185758
v	β	4.477569644298142
j	j	4.456178735855568
k	k	4.42514364740169
t	ʧ	4.403614748508955
t	w_t	4.377453408640696
t	t	4.371305119122985
ˈo	ˈu	4.340131874023591
ˈe	ˈe_j	4.224775908775938
ˈoː_r	ˈu	4.1951284847859664
r	r	4.131055812477037
ʧ	s	4.098585114252812
ˈiː	ˈi	4.065243597160016
i	e	4.031590917222977
l	l	3.960574235066316
ˈaː	ˈa	3.9374212255668537
<#	<#_e	3.926101200828109
r	ɾ	3.9104254306637833
i	i	3.82715607822269
e	ɔ	3.807610513590394
ˈu	ˈu	3.781601277185159
ˈa	ˈa	3.721577753300328
s	s	3.679488956947484
ˈiː	ˈɛ	3.609196934392318
l_i	l	3.5732561221394654
j	ʒ	3.5510450317145867
ˈuː	ˈɔ	3.5156537383636906
s	ʦ	3.505845758137533
i	ɾ_e	3.2859638826062683
w_ˈi	ˈɔ	3.265721242585447
j	ʎ	3.2146312326392943
ˈi_ŋ	ˈi	3.1993094370787483
ˈa_l	ˈa	3.1855844604347503
ɲ	n	2.98155734166891
ˈuː	ɥ_ˈɔ	2.967955931981065
ˈo	ˈy	2.893955452814193
ˈɔ	ɥ	2.680514432649468
ˈa_ŋ	ˈa	2.5816685753162414
ŋ	n	2.5345272860726906
w_ˈa	ˈɔ	2.516547915711345
ˈo	ˈe	2.4387442756547903
f	w	2.41232792246345
w_ˈɛ	ˈɔ	2.357475477277263
ˈɔ	ˈu	2.2277071875272862
b	β	2.213431965811524
#>	w_#>	2.177913724109598
ˈo_ŋ	ˈu	2.104564759911273
ˈi	ˈɛ	1.8842200397996616
ˈuː	ˈy	1.6743006870880537
<#	<#_a	1.2942908239352235
ŋ_#>	#>	1.2719200191990585
ˈɔ	ˈɔ	1.171443137079346
ˈuː_f	ˈɔ	1.0665262595815466
ˈo	ˈɔ	0.9870306279894476
ˈuː	ɥ	0.9826118535948052
e	e	0.9647070667884692
u	e	0.8572117968401208
r_#>	#>	0.8302369336353673
r	j_ɾ	0.7741270491399599
#>	e_#>	0.7240617338800728
#>	s_#>	0.6002088639748562
j	l	0.3081119229343155
ˈa	ˈɔ	0.271449203977905
i_#>	#>	0.156969148912938