Phone1	Phone2	PMI
ˈi_ŋ	ˈĩ	7.194611720517125
ˈa_ŋ	ˈɑ̃	6.955962505381739
z	z	6.743202613061199
ɡ	ɡ	6.689113358086165
d	d	5.829265627569812
o	o	5.797899708176054
ˈɔ	ˈø	5.763859450647207
f	f	5.338625030800068
ˈe_ŋ	ˈɛ̃	5.277355567193565
b	b	5.141315880613473
m	m	5.027657691578839
ˈo	ˈɔ	4.990835708901399
ˈi	ˈi	4.979853930442523
ð	ð	4.958345273812506
n	n	4.95062264713433
p	p	4.845534308188818
t	t	4.832044992801171
θ	s	4.71654255743641
ŋ	ˈɛ̃	4.682156450641619
ˈa	ˈaː	4.635936158442373
s	s	4.605893388906487
j	j	4.594409889467952
v	v	4.511717661454844
e	ə	4.500745557820178
ˈa	ˈa	4.290934290727779
k	k	4.290581222922503
ˈo	ˈo	4.059765343178888
ˈɛ	ˈɛ	4.049197182495159
l	l	4.004761222971704
s_t	t	3.977189460052341
k	ʃ	3.969360201538995
e_r	ə	3.907918756958299
ˈe	ˈɛː	3.839603742948317
ˈɛ	ˈe	3.780044076662796
ˈo	w	3.550247697167343
j	ʎ	3.4804474745677823
a	a	3.4239952566576126
o	ɔ	3.4230069829405902
ˈa	ˈɑː	3.377491793376444
r	ʁ	3.351788667844844
ˈɔ	ˈoː	3.219278533721284
ˈo_ŋ	ˈɔ̃	3.1108673233829247
ˈo_ɡ	w	3.037202423338801
r	ð	2.671118013874001
ˈi	ˈe	2.613566519752057
t_#>	#>	2.577813811581322
ˈe	ˈɛ	2.540044750618533
ˈo	ˈu	2.47925981589446
j	l	2.371239150298834
ˈa_r	ˈa	2.3361188595046234
ˈe_ŋ_t	ˈɛ̃	2.2294043587875167
a	ə	2.1355675620725365
k	e_k	2.1110049234048867
ˈe	ˈe	1.9969453641937207
<#_s	<#	1.891253789043552
ˈo	ˈɔ̃	1.8679068647140509
#>	ʃ_#>	1.854361529268544
a	i	1.841836886460011
l	ˈoː	1.2633381634405
ˈa	ˈe	1.231137338067242
s	ʃ	1.1673610541554915
e_m	m	1.0995426820144385
ˈɛ	ˈɛː	0.9640582921955724
s_#>	#>	0.9042110200892876
r_o	ʁ	0.7618005969026413
r_t	ʁ	0.7254516489852765
ˈo	ˈoː	0.6537372197269355
ˈe	ˈi	0.516261542667735
e_#>	#>	0.4521055100446438
ŋ_#>	#>	0.3341128736887392
r_#>	#>	0.2364020203443418
o_#>	#>	0.0849023330537199
#>	ə_#>	-0.1448114794780186