Phone1	Phone2	PMI
ˈa_ŋ	ˈɑ̃	7.1018052459376
ˈe_ŋ	ˈɛ̃	7.052968905228993
ɡ	ɡ	6.993937905017734
d	d	5.904366921517051
n	n	5.303750771379073
p	p	5.219265653814929
f	f	5.169457313753677
t	t	5.108105499569529
ð	ð	5.061634332560618
m	m	5.051030626215401
z	z	5.044172353961823
b	b	4.9794457454026855
ˈi	ˈi	4.961707026109031
o	o	4.898577035418551
θ	s	4.702320619158583
s	s	4.62640130373681
v	v	4.410548527851126
ˈa	ˈaː	4.408389532470194
j	j	4.404018301232339
e	ə	4.316574833004922
l	l	4.205103756616093
ˈɔ	ˈoː	4.164406572335747
ˈɔ	ˈø	4.150768879074822
ˈo	ˈɔ	4.02797242877164
k	k	3.998850043636702
k	ʃ	3.976577821847161
ˈa	ˈa	3.963911048202904
e_r	ə	3.8560906957724415
ˈe	ˈɛː	3.85126659160916
ˈo	w	3.778538600882233
ˈɛ	ˈe	3.7321271210165303
ˈi_ŋ	ˈĩ	3.6294592277337
ˈɛ	ˈɛ	3.437360760530044
a	a	3.345672895631304
ˈo_ŋ	ˈɔ̃	3.3323030144076595
ˈa_r	ˈa	3.2843158034535125
r	ʁ	3.194505357237728
ˈa	ˈɑː	3.128807994948033
k	e_k	3.0723361295628147
s_t	t	3.0676608385562867
ˈi	ˈe	2.9477458610883827
ɲ	ɲ	2.9049595659015184
ˈe	ˈɛ	2.6941569622897035
j	ʎ	2.682679562330478
o_l	o	2.622038264804707
ˈa	j_ˈe	2.399582454605784
a	i	2.399538177061088
ˈo	ˈo	2.380997531872056
e_m	m	2.319055006833146
o	ɔ	2.2923260176290707
r	ð	2.278287511538002
ˈo	ˈoː	2.269479712254527
j	l	2.2454137750222904
ˈo_ɡ	w	2.130444271690348
ˈe	ˈe	2.1245377037987185
ŋ_t	t	2.0615146374128592
ˈo	ˈu	1.958966878260144
#>	ʃ_#>	1.9459626906074183
ˈɔ	ˈu	1.9002996099785008
a	ə	1.8903767908936544
t_#>	#>	1.8598894164485804
r_o	ʁ	1.5387125651439846
<#_s	<#	1.4429434958487284
ˈɛ	ˈɛː	1.4375174849673475
r	ð_ə	1.3895757760575531
i_#>	#>	1.3715961990255143
i	i	1.356247265432462
r_t	ʁ	1.262184046989925
o	ʁ_o	1.2148891839702471
s	ʃ	1.1971701213233312
ˈu	ˈo	1.174544443669823
s_#>	#>	1.129826096355387
o	ˈa	1.0998609825924763
w	w	1.064419546781401
ʧ	k	1.0337011349764411
ˈe	ˈi	1.0008364858777823
v	v_w	0.9798815345280788
ˈi_r	ˈi	0.9678291977945368
o	u	0.9209971374941166
ˈo	ˈɔ̃	0.8655516026163264
o	ˈø	0.8536205688532551
o	w	0.8183581417482785
ˈo	ˈø	0.7708105401113979
#>	ˈi_#>	0.737611198737052
ŋ_#>	#>	0.7268256877203674
e	ˈɛː	0.6305128262026367
ˈa	ˈe	0.6091797732011107
o	ˈoː	0.6040046373498854
ˈa	ˈɛ̃	0.5879256774532611
θ	t	0.5036403842657033
e_#>	#>	0.3376111987370519
o	ˈe	0.216284746282714
o	a	0.1595261530825957
l_#>	#>	0.0428249610705694
#>	ə_#>	-0.4568076019489712
r_#>	#>	-0.449607538329667
o_#>	#>	-0.2747042929107125