Phone1	Phone2	PMI
ˈe_ŋ	ˈɛ̃	8.983518458277194
ˈa_ŋ	ˈɑ̃	8.738853815151206
ɡ	ɡ	7.580755255932225
d	d	6.536485978393277
n	n	5.944175139671995
p	p	5.782987561245433
m	m	5.748891008595312
ð	ð	5.706257606348456
f	f	5.691889045690695
b	b	5.639736745894682
t	t	5.604362210934409
z	z	5.519208921249539
θ	s	5.389482096975251
o	o	5.374732526442828
ˈi	ˈi	5.343980361723505
s	s	5.232199383058704
e_r	ə	5.205880725119206
ˈa	ˈaː	5.037045691843942
v	v	5.031848480617203
j	j	5.0240407842092125
ˈi_ŋ	ˈĩ	4.809598071060904
l	l	4.791041574576004
e	ə	4.725631902134711
k	k	4.657846284844496
k	ʃ	4.638689577106535
ˈɔ	ˈø	4.6203290116965325
ˈɔ	ˈoː	4.57695905278498
ˈa	ˈa	4.5650665028266655
ˈo	ˈɔ	4.492108450162777
<#_s	<#	4.457038777376127
ˈo	w	4.437462905755912
ˈe	ˈɛː	4.40177983244942
t_#>	#>	4.3866993807232335
r_#>	#>	4.323779381769798
ˈɛ	ˈe	4.3189444719310215
ˈa_r	ˈa	4.236855654434916
s_t	t	4.051302381885324
ˈo_ŋ	ˈɔ̃	3.947131671390152
a	a	3.929200022019197
ˈɛ	ˈɛ	3.906920893151754
r	ʁ	3.844894088013355
k	e_k	3.782642224291256
#>	ʃ_#>	3.62762528163618
o_#>	#>	3.559691049006575
ˈi	ˈe	3.3873853595693686
o_l	o	3.242663862635081
ɲ	ɲ	3.144011067251614
ˈe	ˈɛ	3.080231539274998
e_m	m	3.0492975315610917
r	ð	2.987718243675256
j	ʎ	2.940724067269859
a	i	2.884594060218342
j	l	2.8308839272767954
ˈo_ɡ	w	2.816023267766097
ˈo	ˈo	2.7723548192377026
ŋ_t	t	2.7657155143669043
ˈa	ˈɑː	2.744834525958914
ˈe	ˈe	2.637877635576712
#>	ə_#>	2.6017686782471867
ŋ_#>	#>	2.566383092662452
s_#>	#>	2.561614876302261
ˈo	ˈoː	2.5524528809236973
a	ə	2.5119287256359937
o	ɔ	2.5104016711441783
ˈo	ˈu	2.243320216602537
r_o	ʁ	2.2219959991490725
ˈa	j_ˈe	2.1819823749248086
ˈɔ	ˈu	2.0835738737988785
ˈe	ˈi	1.9942989896591
r_t	ʁ	1.9347461341232437
ˈɛ	ˈɛː	1.7766749530839878
r	ð_ə	1.550164658088662
s	ʃ	1.4721874645768716
i	i	1.464896102277487
o	ʁ_o	1.4358866455246826
o	ˈa	1.3312699660295733
ˈi_r	ˈi	1.3230919948281987
ˈa	ˈe	1.3115214423251949
ˈu	ˈo	1.283395085642938
v	v_w	1.2209101367589148
#>	ˈi_#>	1.17527163534407
w	w	1.1118147114307024
e	o	1.105865242751892
o	u	1.0922338366711632
ˈo	ˈɔ̃	1.0195022764536497
o	w	1.008129375918
ˈo	ˈø	0.9909823929701294
o	ˈø	0.9840232333583254
l_#>	#>	0.8737040799156622
e	ˈɛː	0.7930717504571525
i_#>	#>	0.59524059535991
o	ˈe	0.3875214454597606
o	a	0.3307628522596423