Phone1	Phone2	PMI
ɡ	ɡ	6.585202100728488
ˈe_ŋ	ˈɛ̃	5.927596455884907
d	d	5.806358323900536
p	p	5.506205268198404
m	m	5.329048063258817
ˈi	ˈi	5.286481253023236
o	o	5.253304982409974
o_l	o	5.120241533827303
n	n	5.078485333095892
b	b	4.988317948056056
ð	ð	4.985817708700685
z	z	4.945203880834048
θ	s	4.932511538072756
t	t	4.918166130625522
e_r	ə	4.8356444116199
f	f	4.81868879221522
v	v	4.7400185855617485
s	s	4.647973392931423
j	j	4.54291125401579
ˈɛ	ˈɛ	4.523987775586245
ˈɔ	ˈoː	4.45505246485969
ˈɔ	ˈø	4.320877784693228
s_t	t	4.2764180759665855
ˈa	ˈaː	4.265669341587246
e	ə	4.243630480430047
ˈa_ŋ	ˈɑ̃	4.139521378255854
l	l	4.13868750847621
k	k	4.126027242534281
ˈo	ˈɔ	4.063784125879843
k	ʃ	3.941322060604755
ˈe	ˈɛː	3.871182006351463
ˈa	ˈa	3.829151058931552
ˈɛ	ˈe	3.790700727763868
ˈo	ˈu	3.741832120269775
ˈi_ŋ	ˈĩ	3.648289612592566
o	ɔ	3.4193701392239646
j	ʎ	3.405921285573593
a	a	3.2618408420515403
r	ʁ	3.1930954388545243
k	e_k	3.01161369083737
ɲ	ɲ	2.916122287708088
i	i	2.551222287342126
ɡ_o	w	2.489022895898205
ˈo	ˈo	2.44787863511316
ˈa	ˈɑː	2.388078592858543
ˈu	ˈo	2.299456057433418
ˈa_r	ˈa	2.261476074286596
ˈe	ˈe	2.2106973692408087
ŋ_t	t	2.150384955678987
ˈi	ˈe	2.1289993087502976
ˈe	ˈɛ	2.028893050391812
r	ð	1.9897122576960884
r_t	ʁ	1.9652499724819248
a	ə	1.9043624000792987
t_#>	#>	1.7369146718322863
ˈo_ŋ	ˈɔ̃	1.6522495247914637
#>	ʃ_#>	1.624131923263091
o	w	1.573535724668644
ˈo	w	1.5454287234837087
a	i	1.4949296961016252
ˈu	ˈu	1.4130883659185909
ˈe	ˈi	1.360353883701435
ˈɛ	ˈɛː	1.3592961008033198
s	ʃ	1.3397130382772522
ˈo	w_ˈɛː	1.2503216780777144
<#_s	<#	1.2323767335655398
j	l	1.1529315775673603
s_#>	#>	1.1260869241284783
e_m	m	1.0826501434804736
o	u	1.0688491040152837
ˈo_ɡ	w	1.036790536473247
ˈi_r	ˈi	1.02283355275938
ˈi	ˈĩ	0.9420532398293904
ˈa	ˈe	0.930518421457156
ŋ_#>	#>	0.8704796343266996
ˈo	ˈɔ̃	0.8618613045141588
<#_j	<#	0.8415785703282666
ˈa	j_ˈe	0.7983016426060193
a	ʎ_ə	0.7856346058224413
r_o	ʁ	0.7503195368824384
e	ˈɛː	0.6604014464998338
ˈɛ_s	ˈe	0.6192979682231792
ˈa	ˈɛː	0.5970215835840057
o	ˈe	0.5714010751876519
ɡ_r	ʁ	0.5448914756767774
ˈa	ˈɛ̃	0.5076305049076044
r	ð_ə	0.4514498034903306
o_#>	#>	-0.8084610938348692
r_#>	#>	-0.4386538574079857
#>	ə_#>	-0.3379730747176717