Phone1	Phone2	PMI
f	f	7.698162874244908
ʃ	ʃ	7.354028516879797
o̯ˈa	o̯ˈa	6.967026549210606
ʣ	z	6.829801294224869
v	v	6.251319302898261
d	d	6.207147177036577
ŋ	ŋ	6.177825169250936
e̯ˈa	e̯ˈa	6.090503344893312
ˈɨ	ˈɔ	5.885938316755966
ɡ	ɡ	5.828907619836097
<#_ç	<#	5.564831539829514
b	b	5.485633709461974
w	w	5.4177296681968405
ʦ	ʦ	5.398775890125329
ˈi	ˈi	5.038521225526015
m	m	5.023825500461847
u	u	4.988071641647287
ɲ	m_ɲ	4.9295382732243
s	s	4.84889657758949
j	j	4.779225451589618
ʤ	ʒ	4.7752185434251455
t_u	t	4.761086263291991
ʎ	ʎ	4.657244883288708
p	p	4.622327443973451
ˈe	j_ˈe	4.605561424860551
ˈu	ˈu	4.595683007477371
j	v	4.520698542997907
ˈo	ˈo	4.390855232497173
t	t	4.387658694440515
ˈe	ˈe	4.284990960480618
k	k	4.116385559553244
ˈɨ	ˈɔ_j	4.08989887517524
l	l	4.072698800331038
<#_a	<#	4.056915351208639
ʧ	ʧ	4.028971587680226
r	r	4.01334222565733
i	i	3.885434239625057
n	n	3.7212518525422613
ə	ə	3.6319472975696234
ˈa	ˈa	3.5740383231913184
ɲ	m	2.6761627206832515
ɡ	b	2.605523232780995
<#	<#_w	2.4907507106963376
ˈo	w_ˈo	2.36400664372196
i	a	1.8653838121926933
k	kʲ	1.6346189912138414
i	ə	1.2842195090241608
e̯ˈa	ˈa	1.2733401819398584
u_#>	#>	0.8686940890193531
i	e	0.8565550431636082
ʎ	ʎ_u	0.8154197284456373
ˈa	ˈe	0.7791129066138285
e	i	0.7493160198440957
<#	<#_n	0.5195442626476303
#>	u_#>	0.4387446157010356
ˈa	ˈo	0.4380997842861861
ə	i	-0.013563082565313623