Phone1	Phone2	PMI
ŋ	ŋ	7.686454342633695
ʃ	ʃ	7.373046224088917
o̯ˈa	o̯ˈa	7.165397207541451
f	f	7.101817462043861
ʣ	z	6.863856500712832
e̯ˈa	e̯ˈa	6.462472060171368
ʤ	ʒ	6.45004593631036
d	d	6.321844796300951
v	v	6.054973890697213
ʦ	ʦ	5.725005815175533
ˈɨ	ˈɔ	5.655607904266455
ɡ	ɡ	5.579955326468291
ˈe	j_ˈe	5.5797988861007
w	w	5.455369256284255
b	b	5.355973044005965
<#_ç	<#	5.311987512289736
j	j	5.088724029147404
ˈi	ˈi	5.082947914989824
u	u	5.051614017462417
ʎ	ʎ	5.011916923377862
s	s	4.877002315398642
t_u	t	4.784483754883532
t	t	4.740867950031
j	v	4.738310796828232
m	m	4.717663268191438
<#_a	<#	4.715897514020511
ɲ	m_ɲ	4.663257926311047
p	p	4.660689282771343
ˈo	ˈo	4.507286227775801
ɲ	m	4.485088030278379
ˈu	ˈu	4.443639133248061
ˈe	ˈe	4.145093422598808
ˈɨ	ˈɔ_j	4.120201485375159
r	r	4.061123913707048
i	i	4.026299743231893
l	l	3.98769291130168
k	k	3.848501365105757
ˈa	ˈa	3.729314691438358
n	n	3.589727192063965
ə	ə	3.5325024539729486
<#	<#_w	3.4342345593677823
ɡ	b	3.1779196456641827
i	a	1.9676822346695968
i	e	1.6791084196031756
ʧ	ʧ	1.3062009034145208
i	ə	1.278964920374921
ˈo	w_ˈo	1.2139229882036655
u_#>	#>	0.9668275619122684
#>	u_#>	0.8624020096010186
k	kʲ	0.8084466885534358
e	i	0.7401859037029832
ˈa	ˈe	0.6376732010144261
e̯ˈa	ˈa	0.3632904846365163
<#	<#_n	0.3388192308645605
ˈa	ˈo	0.3334315273555849
ə	i	-0.1219000402384918