Phone1	Phone2	PMI
ʣ	z	7.05715248364639
e̯ˈa	e̯ˈa	6.91821338184394
d	d	6.596742825711484
o̯ˈa	o̯ˈa	6.310084984944471
ɡ	ɡ	6.030522405415531
ʦ	ʦ	6.0000015871796135
b	b	5.735821388786557
w	w	5.648010212811241
ʎ	ʎ	5.561217019621071
ʃ	ʃ	5.478335555011063
u	u	5.206309460318948
ˈi	ˈi	5.072979656968164
m	m	4.968389458013194
s	s	4.961106423601481
f	f	4.8713007001746185
ˈe	ˈe	4.805764896999725
ˈu	ˈu	4.543189482739272
p	p	4.515331164003918
ˈɨ	ˈɔ	4.3486341380529066
t	t	4.331202068328965
ˈɨ	ˈɔ_j	4.289227933313663
l	l	4.248606182219595
ˈo	ˈo	4.166296436987085
k	k	4.121722690362754
r	r	3.984667313107692
j	v	3.965737912749338
i	i	3.906132491737411
v	v	3.8913539675838873
ˈa	ˈa	3.7910484111360505
j	j	3.784559418579828
ə	ə	3.599971234960007
n	n	3.5290161732694987
t_u	t	3.3424531604894776
<#	<#_w	3.215336780880373
<#_a	<#	3.215336780880373
ŋ	ŋ	2.6806917561134207
k	kʲ	2.4955977029024083
ʧ	ʧ	2.3395627234276555
ˈe	j_ˈe	2.2115163260279527
<#_ç	<#	2.155737115845267
ʎ	ʎ_u	2.016892524123415
ɲ	m	1.9375890280540824
i	a	1.898557333662873
ɲ	m_ɲ	1.679256643840484
ʤ	ʒ	1.3966708875819205
e	i	1.3932106936519608
ˈo	w_ˈo	1.1002060579070765
i	ə	1.031312866947042
a_r	r	0.9504561664771524
ɡ	b	0.6658338046687767
e̯ˈa	ˈa	0.5842538945005731
u_#>	#>	0.4043084700418805
ˈa	ˈe	0.2875180615237782
<#	<#_n	0.1731814208825434
ə	i	-0.0735210400574453