Phone1	Phone2	PMI
ʣ	z	7.63326202873632
e̯ˈa	e̯ˈa	7.4943229269338705
d	d	7.172852370801414
o̯ˈa	o̯ˈa	6.886194530034401
ɡ	ɡ	6.606631950505461
ʦ	ʦ	6.576111132269545
b	b	6.311930933876488
w	w	6.224119757901171
ʎ	ʎ	6.137326564711001
ʃ	ʃ	5.93578880083944
u	u	5.782419005408878
ˈi	ˈi	5.649089202058094
m	m	5.544499003103123
s	s	5.53721596869141
<#	<#_w	5.4749009528167
ˈe	ˈe	5.381874442089655
f	f	5.346712190968782
ˈu	ˈu	5.144405204245974
p	p	5.091440709093848
<#_a	<#	5.022867682384412
ˈɨ	ˈɔ_j	4.984641360359852
t	t	4.907311613418895
l	l	4.824715727309525
ˈɨ	ˈɔ	4.802710780053038
ˈo	ˈo	4.769906686827002
t_u	t	4.713304153522707
k	k	4.697832235452684
r	r	4.560776858197623
i	i	4.491402774749966
j	v	4.4278532557231
ˈa	ˈa	4.367157956225981
v	v	4.252771256261882
j	j	4.238636060579959
ə	ə	4.176080780049936
n	n	4.128221161843416
u_#>	#>	3.899196299426479
ŋ	ŋ	2.913342257491142
k	kʲ	2.857014991580403
ˈe	j_ˈe	2.7029275010899982
ʧ	ʧ	2.560988864050066
ʎ	ʎ_u	2.497937650113093
i	a	2.243138414324077
ɲ	m	2.1569433816114025
ɲ	m_ɲ	1.9232568156545304
e	i	1.625861195029682
i	ə	1.4979268506980443
<#_ç	<#	1.4396570386248624
ˈo	w_ˈo	1.339695163753012
<#	<#_n	1.034623880700731
ɡ	b	0.7865618909954202
e̯ˈa	ˈa	0.7029101937621257
ˈa	ˈe	0.4061743607853308
ə	i	0.0271770142383219