Phone1	Phone2	PMI
β	β	7.01359851444901
l	l_u	6.876113931387859
ʒ	ɡ	6.279372533927346
ð	ð	6.251833693187923
w	ɣ_e	6.1896017917052735
t	t_e	6.058426576180704
ʎ	ɖː_u	5.987331621495795
m	m	5.850691917779829
d	d	5.778044671701836
p_l	p	5.775525363487921
f	f	5.702534587665005
p	p	5.56703321186656
i	j	5.424448805497686
u	o	5.412338040080995
ɣ	ɣ	5.284368934465915
ˈa	ˈa_r	5.205639084961344
ɡ	ɡ	5.124106635230839
l	l_e	5.047961321664133
ˈo	ˈu	4.886542800668153
b	b	4.8533202488927625
ˈu	ˈu	4.831787213944567
ˈa	ˈa_n	4.828446133610551
n	n_t	4.7707859747078905
ɲ	nː	4.6003307351059695
t	t	4.591692612909421
#>	ŭ_#>	4.525139890622224
ˈe	ˈe	4.520625553298937
ˈɔ	ˈo	4.459197521680977
ˈi	ˈi_n	4.41288390131087
k	k	4.36909203246378
s	s	4.35855868161165
ə	i_ɣ	4.287428939826477
ˈi	ˈi	4.277760897014244
n	n	4.016277505217864
ʎ	l	3.8242690341483065
ɾ_ə	r	3.7959604332791823
l	l	3.7462268603583935
i	i	3.7283395023497437
ˈɛ	ˈe	3.705642483071212
ə	a	3.6649286782012416
ˈa	ˈa	3.60869249913289
ʎ	r_u	3.5035855248946532
s	z_ŏ	3.3858043542008134
ˈɛ	ˈi	3.3029597883040225
ɾ	r	3.26971633294092
r	r	3.185057332972817
r	rː	3.1582497512984666
ˈu	ˈo	3.1366535414105203
ŋ	m_b	3.1282181955970887
k	ɣ_u	3.071148490872271
s	z	3.0318105207683264
ˈe	ˈi	3.013314337625321
r_n	rː	2.9934152268134127
ʎ_ə	l	2.986757547791998
w	β	2.6377570740862764
ʎ	ʣ	2.567889776372254
ʒ	j	2.517464189124404
ˈo	ˈo	2.435843684086074
ˈa	r_ˈa	2.3835436093845175
#>	ŏ_#>	2.3455774451668807
w	e	2.277926453641151
#>	i_#>	2.262569945311112
n_d	n	2.244665184289713
<#_ʒ	<#	2.2389674158032
ə	i	2.146214776735787
s	k	2.0063619482088217
ʃ	s	1.974907633610082
ɾ	e_r	1.8549346347086157
ˈa_l	ˈa	1.8389474988851866
ˈa	b_ˈa	1.7762866976431195
ɡ	b	1.606125669657345
n_ˈi	n	1.5409229615705176
#>	ĕ_#>	1.2972999723670935
u	e	1.2736567245837245
t	ð	1.2409132942728522
t	ð_u	1.2214034936774603
t	t_u	1.1499330235700196
#>	o_#>	1.131284972655556
s	z_ŭ	1.1220845119861116
s	o_z	1.0484447664376424
ŋ	m	0.9887207644921162
#>	e_#>	0.7974913941789121
#>	u_#>	0.7969833676784125
u	u	0.6880559038140434
<#_ə	<#	0.6625699453111122
r	r_e	0.581259558996322
k	ɣ	0.5714843617867056
u	ˈo	0.5668982550066829
ʎ	u	0.4911557903809331
<#_k	<#	0.0417150191625721
<#_b	<#	-0.06871502734444393