Phone1	Phone2	PMI
b	b	6.676060218832131
v	v	6.417629885500241
ð	ʤ	6.276986291858921
u	u	5.8782800158905335
θ	ʧ	5.633372040726546
ʧ	kʲ	5.628434635269178
ɡ	ɡ	5.496070204874657
f	f	5.47521405801827
d	d	5.333466458389273
t	p_t	5.276906302076839
i	i	5.158794831002797
ˈɔ	ˈo	5.106497729541693
ˈe	ˈi	5.002103612914091
z	ʃ	4.966989187214058
m	m	4.803988899462169
s	s	4.670193340337616
ˈa	ˈɨ	4.621152736436384
ˈaː	ˈa	4.572529288146535
k	k	4.568402207447607
p	p	4.5578431802208845
ˈæ	ˈi	4.555877842677474
ˈɔː	o̯ˈa	4.5501659219979365
#>	u_#>	4.407120670364844
r	r_e	4.341985840224997
l	l	4.329914703334025
j	l	4.191518066214156
ˈɛ	j_ˈe	4.183101650970707
z	ʧ	4.139824585609896
ˈo	ˈu	4.094511818088298
ˈuː	ˈu	4.055865669077209
a	ə	3.987506235101359
ˈʌu̯	ˈu	3.946737419881761
ŋ	n_e	3.938135290517821
ˈɛ	ˈa	3.874336444904536
ˈʌ	ˈu	3.862550002157073
ˈa	ˈe	3.844936974893297
ˈo	ˈo	3.599308079604677
n	n	3.5955506289030184
ˈuː	ˈo	3.5880867228076627
t	t_e	3.5345523908356844
e	e	3.481441789237558
ˈa_j	ˈe	3.3403367788879814
ɡ	k	3.300548260862882
t	t	3.2759281110352227
ŋ	n	3.2407635748716745
ˈiː	e̯ˈa	2.7328642905075817
r	r	2.578680209546996
ˈɔː	w	2.5066488395894817
ˈiː	ˈe	2.367115960132774
ˈiː	ˈi	2.333074759723479
t	ʦ	2.2153213378650736
ŋ_n	n	1.945118799161636
l	r	1.7006654444144265
ˈɛː	ˈa	1.6914010250370333
d	t	1.6900978408679883
ɲ	n	1.6462881843747594
t_e	t	1.6412067788215847
ˈɔ	o̯ˈa	1.6410481161724677
l	r_e	1.6141782530966622
e_r	r	1.497864184351576
s	ʃ	1.426382613905789
ˈɛ	ˈe	1.4107231780922038
s	ʃ_t	1.121094428405519
v	w	1.0630548131424786
j	ˈi	1.030573653266618
#>	j_#>	0.952257054672324
d	z	0.8922688981553393
ˈɔː	ˈo	0.8612437814857226
r	r_u	0.8362450429477549
r_e	r	0.6927582137274964
v	p	0.6470681631775738
a	e	0.639207870030224
ʧ	k	0.552575179300115
#>	e_#>	-0.7891292239496637