Phone1	Phone2	PMI
w	w	7.783118991961068
ɡ	ɡ	7.158165833625549
ˈa_n	ˈãː	6.854612645653505
ʤ	ʤ	6.407173511392114
w_ˈɔ	ˈɔ	6.115112868948758
kː_j	ʧ	5.914406392722172
ɲː_ə	ɲ	5.641457256966304
tː_ə	ʧ	5.566669248160564
ˈɔ	ˈøː	5.443229761910369
ʃ	ʧ	5.381267936625216
v_ə	f	5.29375611470325
d	d	5.275125848511424
j	p_j	5.21977559110234
ˈo	ˈu	5.083733941005949
j_ˈɛ	ˈɛ	5.081033718761259
n	n	5.072799033359093
<#_w	<#	5.052723445807674
m	m	5.047818558209845
ˈi	ˈe_j	5.042745554692424
ˈu	ˈy	5.038948484075767
ˈɔ	ˈø	4.829151896332089
b	b	4.792163265384778
f	f	4.792039659384313
k_ə	k	4.7416345110989395
ˈi	ˈi	4.6680842248234065
ʃ_ə	s	4.6389066578874925
v	ʋ	4.611443421907569
ˈu	ˈu	4.596934980836018
s	s	4.553286484982744
lː_ə	l	4.536730469316614
p	p	4.462681148131861
ɾ_ə	r	4.4288124769425945
mː_ə	m	4.428603488339731
l_ə	l	4.351213026810334
t_ə	t	4.346594085821649
j	ʤ	4.3161177796581836
ˈɔ	ˈɔ	4.248009415449841
ˈɛ	ˈɛ	4.214296264134649
ˈa	ˈaː	4.183309304569551
r	r	4.159591744441629
ˈe	ˈe	4.150087154740818
ʎː	j	4.0991801887120305
k	k	4.092819450601633
n_t	t	4.047059603743681
v	b	3.964512728121976
ˈa	ˈa	3.9560289818538066
t	t	3.9039545533708826
ʦː_ə	ʦ	3.9012908654670446
l	l	3.8213581571639588
ɾ	r	3.7894625978539596
ˈu	ˈyː	3.781224188150997
sː_ə	s	3.7700678865051005
t	d	3.619278914648323
a	a	3.5637977164523607
ˈe	ˈɛ	3.4439842114010615
ə	a	3.3349683475744447
ˈo	ˈyː	3.196648002244721
ə	e	3.140180567484181
ˈi	ˈe	3.139781688346297
k_ˈa	k	2.9149874595628398
ʃː_ə	s	2.90726998205265
ˈa_ɾ	ˈa	2.8726644249068265
tː_ə	t	2.6031377347159665
u	u	2.417130004232776
v_j	ʋ	2.2213847330565124
ˈɛ	ˈe	2.0713269053880445
ˈo	ˈũː	2.05739340449243
p	ʋ	2.019792705376946
tː	t	1.9067910212793628
ˈi_n	ˈĩː	1.5584736075402497
j_ˈɛ	ˈe	1.5208389026483708
ˈa	ˈãː	1.3588373811981482
#>	t_#>	1.3119943055288177
i	e	1.199149684291367
ˈɛ	ˈẽː	1.112489342239134
<#_ʃ	<#	1.1097939284266929
mː	m	1.057121301167369
n_w	n	0.9015937963891993
#>	r_#>	0.8695496755765044
kː	k	0.8495789022295783
ˈu	ˈũː	0.8447557048478187
ˈi	ˈĩː	0.8423657159394594
n	ɲ	0.7540069941037701
#>	s_#>	0.4789972125816623
<#_k	<#	0.00505701233422311