Phone1	Phone2	PMI
f	f	6.240602055192132
p_t	tː	5.960051448893872
l	l	5.6658988838501365
d	d	5.462602897085465
ʦ	ʃ	5.329863482130637
s	s	5.150978117517833
m	m	4.962954808030328
ˈi	ˈi	4.864642674219816
p	p	4.649485372446356
t	t	4.567410008918219
v	v	4.484858638943971
b	v	4.472066027197578
ˈu	ˈu	4.399030547029346
m	mː	4.383045889179151
ˈi_r	ˈi	4.380401273471386
ç	f	4.37691852051899
ˈo	w_ˈɔ	4.342898075194943
ʎ	ʎː	4.326806085964002
ʎ	j	4.298581726318848
j	v	4.228787575724667
e̯ˈa	ˈe	4.151019352614772
ˈɨ	ˈa	4.048013252517164
n	n	3.906333783369436
ɲ	m	3.893312304032622
k	kː	3.811730524716496
a	a	3.764121417916074
ˈa_r	ˈa	3.7314879039769897
ˈe	j_ˈɛ	3.697490905072187
ˈa_l	ˈa	3.669643351409433
ˈa	ˈa	3.64985834646816
p	p_ə	3.6429634664247774
k	k	3.591897205655627
ʃ	s	3.5479783065033423
i	i	3.539484068527362
r	ɾ	3.4519899280643127
ˈu	ˈo	3.4181933544655125
r	r	3.4124693329545326
<#	<#_w	3.152496687081031
ɡ	ɡ	3.137735022570225
u	u	3.1292163077839072
u	o	3.0167678229396926
ˈe	ˈi	2.980160802056085
o̯ˈa	ˈo	2.974428743036202
a_r	r	2.907665194628862
k	k_ə	2.866042904625504
i	e	2.78941484243064
w	v_ə	2.739874418097642
o̯ˈa	ˈɔ	2.6587587536697206
s	ʃ	2.6116105849809634
ɲ	n	2.58876308207092
e̯ˈa_r	ˈe	2.58104672236583
b	b_w	2.556006971840488
n	nː	2.511396912520774
ˈa	j_ˈɛ	2.509622794537112
ˈo	ˈu	2.36376018320983
e̯ˈa	ˈɛ	2.347796142368338
r	l_ə	2.3373420311579487
e̯ˈa	ˈi	2.3080428590047912
n	ŋ	2.2934720810439995
ˈe	ˈe	2.236357731013621
ˈo	ˈɔ	2.171654294151497
ə	ə	2.1631406562976334
ˈi	ˈɛ	2.0989052619263706
i	ə	2.0767676894151115
ʣ	d	2.051518677638086
ˈa	ˈɛ	1.980265236877996
r	l	1.9723961099532423
n	n_ə	1.6778753961111443
ʃ_t	ʃː	1.662276503703048
u	ə	1.5723065509857062
ə	a	1.450410639709983
ˈi	ˈe	1.4295426671225426
<#_a	<#	1.4140713993009155
ˈu	ˈɔ	1.357212775127683
t	tː	1.2906057422711628
ʤ	ʤ	1.2854608830571084
j	j	1.1837508498468623
ʣ	ʤ	1.1499497959970406
j	j_ə	1.0406198146259966
d	ɾ	1.0201915432921698
e	ə	0.9767495152463388
f_l	ʃ	0.9224868831211472
a	ə	0.8924472084302557
n	ɲː	0.8815090226324307
ʤ	j	0.8097913996744962
ˈo	ˈo	0.808232551000333
o̯ˈa	ˈu	0.7208344311399171
ˈe	ˈɛ	0.6547217682004071
<#	<#_a	0.6498952601078144
m	n	0.6117234844651067
ə	ɾ_ə	0.6008732637044059
k	p	0.5434544059808991
p	w	0.5099120330673079
e̯ˈa	ˈa	0.3742709455084376
ˈa	ˈɔ	0.3032856508851842