Phone1	Phone2	PMI
f	f	6.319552148524637
p_t	tː	6.123778842391354
ˈo	w_ˈɔ	5.748845374863189
l	l	5.429068936148073
d	d	5.115391779734986
ʦ	ʃ	5.0718434879144025
s	s	4.881575458316534
ˈi	ˈi	4.847070168888932
t	t	4.632903495990398
p	p	4.552276426490646
ʎ	j	4.469364327200527
e̯ˈa	ˈe	4.384597287291215
m	m	4.223977733477272
a	a	4.139657078267926
j	v	4.114616553781506
<#	<#_w	3.993384540899732
k	k_ə	3.9814539670284015
ˈu	ˈo	3.8088603654705286
ˈɨ	ˈa	3.799055617206097
k	kː	3.792829307847813
n	n	3.744833055005112
ˈa	ˈa	3.733853524054206
ˈu	ˈu	3.697596033463892
o̯ˈa	ˈo	3.694709719348152
v	v	3.6804217631441647
r	r	3.662432818205422
r	ɾ	3.6131018856764334
i	i	3.5272526813383687
b	v	3.5057000768701068
ʣ	d	3.408927888606636
u	o	3.37954161966947
k	k	3.378167945593076
m	mː	3.3398903673748714
ɡ	ɡ	3.238668353243032
ˈo	ˈɔ	3.135138754626549
ˈi_r	ˈi	2.97040989212554
ˈa_r	ˈa	2.8714417295094
ç	f	2.8181205628236774
i	e	2.817274922488973
w	v	2.7851069660217505
ˈe	ˈɛ	2.629374927179553
ˈe	ˈe	2.627427244555588
u	u	2.56682243218251
s	ʃ	2.4634709039833
b	b	2.4184240858451904
ʎ	ʎː	2.3916034813551685
ˈe	j_ˈɛ	2.3657343899255743
m_n	nː	2.357535318342602
ʃ	s	2.319824763652533
r	l_ə	2.220987175510175
ɲ	n	2.2182609605730828
ə	ə	2.218244862907885
o̯ˈa	ˈu	2.200450873156667
e̯ˈa	ˈi	2.1973675325395408
n	ŋ	2.1790286410397406
ˈu	w_ˈɔ	2.074569104784956
ɲ	m	2.070562974852216
p	p_ə	2.057304610124224
i	ə	2.056343074483274
ˈi	ˈɛ	2.0488622751533963
j	j	1.9673310799399708
ˈa_l	ˈa	1.7322795011250656
ˈa	j_ˈɛ	1.7128060595527614
ʃ_t	ʃː	1.6789301874608622
n	ɲː	1.6686698176411157
n	n_ə	1.6570303335661705
m	n	1.6401711843745972
u	ə	1.5252551272771204
v	v_j	1.5244217176602648
a_r	r	1.511245193048873
o̯ˈa	ˈɔ	1.477225777529747
s	sː_ə	1.4361763130083234
ˈe	ˈi	1.4221747278152428
ˈo	ˈu	1.353494212249981
r	l	1.3431274177282009
ʣ	ʤ	1.301337627498523
ʤ	ʤ	1.2548446259073365
l	lː	1.2487307463317645
<#_a	<#	1.183758868941546
ˈa	ˈɛ	1.1705022535594876
n	nː	1.0525848371244455
e̯ˈa	ˈɛ	1.0350132449215428
f_l	ʃ	0.9870438637334026
j	j_ə	0.9295872374278638
ʣ	j	0.927745253852694
d	ɾ	0.9155519217283828
t	t_ə	0.8968874909712881
ə	a	0.8532046634174182
e	ə	0.8171779408913225
ˈa_v	ˈɔ	0.7925480762861835
t	tː	0.7015097648076937
l	j	0.6179874762191596
ˈa	ˈɔ	0.6011354830207841
k	p	0.5392570687000589
ˈo	ˈo	0.5164690849798028
e̯ˈa	ˈa	0.4294351752247677
t	p	0.3274406247392772
p	k	0.3031739042955871