Phone1	Phone2	PMI
w	w	6.958924831935336
ɣ	ɡ	6.684341574580512
i	i	6.543016372861374
ɡ	ɡ	6.437392625487698
o	u	6.182012862602077
ʃ	ʤ	5.952646953700554
ɲ	ɲ	5.882361673560055
ˈu	ˈy	5.512471555386385
f	f	5.502415778908077
d	d	5.252442426522132
m	m	5.251606847483237
m_ɪ	m	5.215761878208947
p	p	4.987841714918608
ˈi	ˈi	4.861915523128843
ˈa_ɾ	ˈe	4.814985152237198
ʎ_ʊ	j	4.769487598684355
ŋ	ŋ	4.627097921755875
t_ɪ	t	4.595924135871554
b	b	4.5104530801941145
ˈɑ	ˈa	4.492805205565729
ʎ	j	4.418721638564
l	l	4.413437746495501
t	t	4.409461945080003
ɾ_ʊ	r	4.37993302606758
θ	z	4.378405749492843
ɲ_ʊ	ɲ	4.37203100370758
ˈo_w	ˈɔ	4.338707543594395
s	s	4.333497191880885
ɣ_ʊ	ɡ	4.323722801292599
ˈa	ˈa	4.311307623823471
k	k	4.300951888465828
s_ʊ	s	4.204191127181882
n_ʊ	n	4.158379428228266
ˈe	ˈɛ	4.156956528765817
b	v	4.142391002353879
β	v	4.102863981048536
ˈɛ	ˈɛ	4.0954554014706925
ˈo	ˈu	3.9737020676448513
j_t	t	3.966376651414448
n	n	3.9120247231126224
β	b	3.889068892691053
l_ʊ	l	3.8857717157691374
ʊ	i	3.784603437425408
ˈɔ	ˈø	3.7517614072147487
s_#>	#>	3.71834371328791
<#_e	<#	3.6340702213259695
ɾ	r	3.613837878102472
ɐ	a	3.53581178162313
ð	t	3.5294011219230703
a	a	3.52876694881526
ˈu	ˈu	3.520943174740977
r	r	3.5205697003260705
j	j	3.465727337397792
ˈo	ˈø	3.463671520250519
ˈe_ɾ	e	3.4618719483221487
n	ŋ	3.4579883546652463
ˈɔ	ˈɔ	3.450370674462884
ð	d	3.4355499575305286
ɲ	ŋ	3.40029426688556
e	e	3.315987185465155
ʧ	p_j	3.280177057814209
ˈe_j	ˈe	3.1178558151683955
ˈo	ˈɔ	3.0215581230625874
θ	s	3.005660505760525
ˈɛ	ˈe	2.890545806325296
ʃ	s	2.8195003792760467
k_ʊ	k	2.752410954827107
ˈɔ	ˈu	2.7086400193382625
ŋ	n	2.438818762706127
ˈe	ˈi	2.322094789654606
t_ʊ	t	2.200956597141783
β_ʊ	v	1.791551885252593
ˈe	ˈe	1.7326414141487567
ˈa_l	ˈa	1.6625448549407458
ɾ_ɪ	r	1.6615787524299948
a	ˈa	1.187626383075565
ɪ_#>	#>	1.1512380342487811
ɪ	e	1.04532702473606
ʧ	p	1.019466937176974
ʧ	j	0.9975595902540512
ˈe_j	ˈɛ	0.8516327686957345
ɾ	e	0.8495155308557881
j	ˈe	0.8369065631659673
#>	l_#>	0.6647112391087949
ˈa	ˈe	0.5024338210210313
ˈo	ˈy	0.4833209962857424
ˈe	j	0.45858414786911
ɾ	j	0.1790081620700806
ɾ_#>	#>	0.08877080967588
ʊ_#>	#>	-0.4897064207963701