Phone1	Phone2	PMI
w_ˈe	ˈɔ	6.507228609736723
ˈu	ˈu	6.281132893382694
ɣ	ɡ	6.200427621281377
j	j	5.90974425971613
p	p	5.765597648266803
j_ˈe	ˈɛ	5.747541429352464
f	f	5.675936951662991
ʃ	ð	5.5532299147599975
m	m	5.522008345005752
ɡ	ɡ	5.370027002592367
ˈi	ˈi	5.072988576932887
s	s	4.827578664397617
t	t	4.766173546660025
o	o	4.577332289091658
k	k	4.420167825695797
d	d	4.411748820337184
n	n	4.409049960893165
u	o	4.358455572027334
θ	θ	4.346764454322113
ʎ	l	4.331097859245576
β	v	4.26818278244191
w	w	4.185176237274063
ʎ_u	l	4.155339478719433
n_u	ŋ	4.148877380348584
ˈa	ˈa	4.129414938247719
e	e	4.1080818798242085
ŋ	ŋ	4.077263751942885
ʝ	ʧ	4.07604213711954
ˈo	ˈo	4.046368329146798
t_e	t	3.9012719893684746
ʧ	t	3.8813729169698536
θ	z	3.8496790888880645
ˈe	ˈe	3.8216467338923095
b	v	3.749609572531952
b	b	3.6174838010994197
ð	d	3.5542802570405416
l	l	3.512630703210789
a	a	3.470009279531493
ɲ	n	3.4181571131317185
ɾ	r	3.2489427058984153
t_u	t	3.108517742118232
ʝ	j	3.0468731224429515
n	ŋ	2.900277425505416
ˈo	ˈɔ	2.751406407074888
r	r	2.6920326687885225
ˈe	ˈɛ	2.5720612312035924
i	i	2.5315953533633526
ʎ	p_j	2.4258631477765715
w_ˈe	ˈo	2.4182078072442907
s_#>	#>	2.3589555940007685
ˈu	ˈo	2.197262255852689
θ	s	2.0667378304332766
e_s	s	1.9695732333769769
j_ˈe	ˈe	1.9191161554560245
ð	t	1.8772463859292086
β	f	1.8601198296628567
n_u	n	1.798670284618296
e	o	1.787070134008925
l_u	l	1.7523826487422542
<#_ɡ	<#	1.7134418702903278
s	z	1.6813424996471826
<#_a	<#	1.6497312540008806
ˈo_β	ˈo	1.582631597031539
m	e_m	1.532815084122465
ɲ	ŋ	1.5220323381182883
ʃ	s	1.5043700909405564
<#_e	<#	1.3713337287569205
β	b	1.2969261617015166
e	ð_e	1.2624898363438724
ˈo	ˈu	1.2495553810018616
ˈe	e	1.2049830303692504
f_w	f	1.1908428241334366
θ_j	θ	1.1731668920198062
b_j	v	1.1715380885477322
ɾ	e_r	1.1279458799359474
θ	z_e	1.0592152231343108
k_u	k	1.0499340008386708
f_j	f	0.961636573516885
u	o_l	0.9609763429837113
ˈa_ð	ˈa	0.8786290736611162
ʎ	ʧ	0.8289884128044396
ˈe_ɾ	r	0.8031760611257435
e	i	0.7436028091383792
ɾ_u	r	0.7396796231545094
ʝ_a	a	0.7126140739495787
t	θ	0.6744197094796769
ð_ɾ	r	0.6335766798147533
l	n	0.5280856497525022
m	ŋ	0.43293717126549724
d	t	0.4085390663897752
ˈe	ˈɔ	0.38872146019068
ˈi	ˈe	0.32388805874915416
#>	e_#>	0.31965186466692275
a	ˈa	0.1764338143981017
ˈe	ˈa	0.0916360947566316
u_#>	#>	-1.1457805430510781
e_#>	#>	-0.30760567926154847