Phone1	Phone2	PMI
ʃ	ð	6.618961970816643
ˈu	ˈu	6.055019856124191
w_ˈe	ˈɔ	5.966619338213621
p	p	5.9237261260110925
ɣ	ɡ	5.875944671995545
m	m	5.765425673604361
j_ˈe	ˈɛ	5.690562101067762
f	f	5.657975475495921
j	j	5.650963188508214
ɡ	ɡ	5.59048686402291
ʝ	j	5.260922178903365
n_u	ŋ	5.242351653836952
s	s	5.014339349236831
ˈi	ˈi	4.927387962999728
t	t	4.885356897863286
t_e	t	4.866542593308894
d	d	4.753949430799263
θ	θ	4.742550599571646
ɲ	n	4.674556233555325
b	b	4.617699403677638
o	o	4.563475437789197
β	v	4.560640984654106
l	l	4.4951608641519
ŋ	ŋ	4.393972417958247
ʎ	l	4.340983510359229
n	n	4.309696846900314
k	k	4.27670325191751
u	o	4.27448909030128
e	e	4.235273594883903
w	w	4.186423398715856
ˈo	ˈo	4.185126614328471
ˈa	ˈa	4.155953958554608
θ	z	4.14419470093264
ð	d	4.110690241052068
w_ˈe	ˈo	4.106175486437437
ʎ_u	l	3.966976470322785
ˈe	ˈe	3.923387703615224
b	v	3.805510680826766
ʧ	t	3.773661556388229
ʝ	ʧ	3.719237500720917
a	a	3.638013666969834
r	r	3.594869250429104
l_u	l	3.5905339459442125
ˈu	ˈo	3.5015246263355677
ɾ	r	3.2727481884217795
ð	t	3.2088023864956
ˈo	ˈɔ	2.794788672735002
n	ŋ	2.5447261420420437
<#_e	<#	2.379764873937953
t_u	t	2.1587408241940325
e_s	s	2.1371836282064454
θ	s	1.9448728670235425
e	o	1.8864664571194505
j_ˈe	ˈe	1.8035262648660535
s_#>	#>	1.6598988478018728
ʎ	j	1.3860067784757155
ʃ	s	1.2694645627270351
ð_ɾ	r	1.210674845557539
i	i	1.1897658912451845
ˈe	e	1.0637770588176487
<#_ɡ	<#	1.0433310533247289
<#_a	<#	0.935163186234454
ɾ_u	r	0.7872868191089599
ˈo	ˈu	0.7246803586626642
ˈe	ˈɛ	0.5079471638547132
#>	e_#>	0.4299494239009364
e_#>	#>	0.3233052351648361
a	ˈa	0.1651614912797981
ˈe	ˈo	0.1310019898444498
ˈe	ˈa	0.0377274379677465
u_#>	#>	-0.3985376386850182