Phone1	Phone2	PMI
ʃ	ð	7.03002409990394
ˈu	ˈu	6.434597747131079
w_ˈe	ˈɔ	6.35630394557377
j_ˈe	ˈɛ	6.171474070714804
j	j	6.0657734952159
p	p	5.889262669497636
ɣ	ɡ	5.712998372361924
f	f	5.6228555273783005
m	m	5.620585116768194
ʝ	ʧ	5.594783763070801
ɡ	ɡ	5.332905507072107
s	s	4.792838056998937
t	t	4.76555524556526
ˈi	ˈi	4.742615147340593
β	v	4.677059179620493
b	b	4.655407633239244
l	l	4.467517643065133
θ	θ	4.443749243865502
n	n	4.443553608791128
u	o_l	4.414400438725902
k	k	4.413646392629971
ʎ	l	4.41260361092773
ð	d	4.342988857120711
o	o	4.301187962563724
ˈo	ˈo	4.272728666989996
w	w	4.251067750549899
n_u	ŋ	4.245356807812541
u	o	4.0611617742585056
d	d	4.058316243066617
ŋ	ŋ	4.045359043052361
ʎ_u	l	4.043207935241403
ˈa	ˈa	4.005131726871676
θ	z	3.9829480064874825
e	e	3.9532206613279306
ˈe	ˈe	3.892460205778764
l_u	l	3.760831207025643
b	v	3.7537782525051786
a	a	3.537651083543692
r	r	3.5318924518914425
i	i	3.522644567136573
t_u	t	3.4533226961237444
t_e	t	3.4354038459608267
ɾ	r	3.2753575444344003
n	ŋ	3.0614079476927087
ʧ	t	2.7233187055008417
ˈo	ˈɔ	2.6764875460370208
ɲ	n	2.5691056067257936
w_ˈe	ˈo	2.524355141534917
θ	s	2.41203519508286
s	z	2.391450796019795
θ_j	θ	2.2915053741826714
e	o	2.274199744069089
ˈu	ˈo	2.217813926048618
ʝ	j	1.998907421651336
e_s	s	1.969964937243242
<#_e	<#	1.9028165341925467
ʎ	ʧ	1.7952800874780648
ɾ	e_r	1.772447439228042
ˈe	ˈɛ	1.7713349704823296
ˈa_ð	ˈa	1.7297430025727267
<#_ɡ	<#	1.7292164579819322
ˈo_β	ˈo	1.6891817479168
ʝ_a	a	1.6206287199692733
j_ˈe	ˈe	1.6178001019311492
s_#>	#>	1.564183523323879
e	ð_e	1.359152214109608
ˈe	e	1.3152877479830176
ð	t	1.2537677482479168
f_w	f	1.2184012517363518
b_j	v	1.163525228270578
u	ɡ_o	0.9278865567078388
ɾ_u	r	0.8869787944409534
<#_a	<#	0.8288092739233412
e	i	0.8207207601873877
β_j	v	0.7760430117788355
β	b	0.7483374450874264
ʎ	j	0.7398909235601662
ʃ_u	s	0.7265149280088924
t	θ	0.696507568349846
ˈi	ˈe	0.6558820645879506
d	t	0.651789960067004
ð_ɾ	r	0.6162653120286896
ʃ	s	0.5531236379569562
ˈe	ˈi	0.5273302240007826
ɲ	ŋ	0.5204886857958202
l	n	0.458864226723354
m	ŋ	0.4149927505786075
#>	e_#>	0.3235955115898238
a	ˈa	0.1523617711574177
ˈe	ˈa	0.0412501042665432
u_#>	#>	-1.1889953366823935
e_#>	#>	-0.0265204555157107