Phone1	Phone2	PMI
ʃ	ð	6.558000746013995
f	f	5.966860064029147
p	p	5.9660129166074
w_ˈe	ˈɔ	5.837616834866769
ˈu	ˈu	5.710924654856974
m	m	5.631247143305408
ɣ	ɡ	5.572384702526057
j	j	5.518591967391575
n_u	ŋ	5.458434291229022
j_ˈe	ˈɛ	5.408268318696214
ɡ	ɡ	5.354146468158126
t_e	t	5.152929646146508
t	t	5.018389666905762
<#_a	<#	5.007845930595345
ʝ	j	4.994249465689262
ˈi	ˈi	4.979034653746218
s	s	4.962491370132493
n_a	n	4.8688323746422
ɲ	n	4.805672032437623
ŋ	ŋ	4.688745491605183
b	b	4.674553403502321
β	v	4.555521624432179
k	k	4.4746305413805985
d	d	4.456391175067065
θ	θ	4.430212863705085
ʎ	l	4.41840373434905
e	e	4.375112972675263
n	n	4.374482440306928
o	o	4.352419816954174
w_ˈe	ˈo	4.314212746506653
ˈe	ˈe	4.302856420520474
u	o	4.290936815233615
ˈa	ˈa	4.175553764941327
w	w	4.164791833549551
ð	d	4.164594833231471
l	l	4.123499864852185
ɾ	e_r	4.1147023612773745
ʧ	t	4.038525408519312
ˈo	ˈo	4.021265177059483
b	v	4.002634731782051
ʝ	ʧ	3.826240653373983
a	a	3.7781203342855623
θ	z	3.710964589261655
ˈu	ˈo	3.611221289534837
ð	t	3.4968218444111208
l_u	l	3.4781278989260764
r	r	3.4190364397087536
<#_e	<#	3.355822162840244
ˈo	ˈɔ	3.350699625692121
ʎ_u	l	3.1351482139925295
j_ˈe	ˈe	3.0814391057303596
<#_ɡ	<#	3.0756879866286995
ɾ	r	3.0337699427003697
n	ŋ	2.735362245335293
s_#>	#>	2.572855771558578
θ	s	2.474222835051087
ʎ	p_j	2.4622553946241936
#>	e_#>	2.380147738193692
t_u	t	2.302616366763228
e	r_e	2.281946073590677
ˈe_ɾ	r	1.5999282371401582
m	b	1.3823927688273405
ð_ɾ	r	1.2939515712233192
ʃ	s	1.2653567166902866
i	i	1.2208098214815655
e_s	s	1.214310833405289
m	e_m	1.1521941780185734
#>	l_#>	0.9157971507570528
l	n	0.9044050868173495
#>	o_#>	0.7948478982645365
ʝ_a	a	0.7785984488217379
#>	t_#>	0.6853638717477517
ˈe	ˈɛ	0.5124890760930703
e_#>	#>	0.3876908541423086
#>	ŋ_#>	0.2289492876892632
u_#>	#>	-0.6830210446139064