Phone1	Phone2	Surprisal	OOV_Smoothed
a	ɐ	0.5004001188717857	5.054086737912346
a	a	1.9108465815217175	5.054086737912346
b	b	-0.0	5.054086737912346
d	d	-0.0	5.054086737912346
e	e	0.8892112198239354	5.054086737912346
e	ɪ	1.5719275588900552	5.054086737912346
e	-	3.7279874239620687	5.054086737912346
e	i	4.372912105220598	5.054086737912346
f	f	-0.0	5.054086737912346
i	i	0.13745975491169796	5.054086737912346
i	e	3.459869380068021	5.054086737912346
j	-	0.8237422035843556	5.054086737912346
j	j	1.255158929676792	5.054086737912346
k	k	0.020206349341402332	5.054086737912346
l	l	0.4251846243024205	5.054086737912346
l	-	2.1757660831786967	5.054086737912346
m	m	-0.0	5.054086737912346
n	n	0.8795048557874727	5.054086737912346
n	ŋ	2.572988666220681	5.054086737912346
n	ɲ	2.768303464577475	5.054086737912346
n	-	2.944037955493828	5.054086737912346
o	ʊ	0.23183038291409513	5.054086737912346
o	o	3.1853269624429035	5.054086737912346
o	-	4.698437125107311	5.054086737912346
p	p	0.28808795407785726	5.054086737912346
p	β	2.4658329229745672	5.054086737912346
r	r	-0.0	5.054086737912346
s	s	-0.0	5.054086737912346
t	t	0.0925709618934596	5.054086737912346
u	o	-0.0	5.054086737912346
w	w	0.5860368446647718	5.054086737912346
w	-	2.5209145306382097	5.054086737912346
w	ˈɔ	2.783078420995199	5.054086737912346
ð	ð	0.1749562695679044	5.054086737912346
ð	-	3.130294303676755	5.054086737912346
ŋ	ŋ	-0.0	5.054086737912346
ɡ	ɡ	0.10389026038923825	5.054086737912346
ɡ	-	3.847267482729035	5.054086737912346
ɣ	ɣ	-0.0	5.054086737912346
ɲ	ɲ	-0.0	5.054086737912346
ɾ	ɾ	0.034504279740281224	5.054086737912346
ʃ	ʃ	0.1948838327150488	5.054086737912346
ʃ	j_ʃ	2.9844252423148667	5.054086737912346
ʎ	ʎ	0.6001299281155922	5.054086737912346
ʎ	l	1.5550978007789702	5.054086737912346
ʝ	-	-0.0	5.054086737912346
ʧ	ʃ	-0.0	5.054086737912346
ˈa	ˈa	0.39545511901201613	5.054086737912346
ˈa	ˈɑ	2.4736917425284264	5.054086737912346
ˈa	a	4.629520596161134	5.054086737912346
ˈe	ˈe	0.23738812160348066	5.054086737912346
ˈe	ˈi	4.630698382305964	5.054086737912346
ˈe	ˈo	5.029796976110886	5.054086737912346
ˈi	ˈi	-0.0	5.054086737912346
ˈo	ˈo	0.7701897591852738	5.054086737912346
ˈo	ˈɔ	2.151461396110101	5.054086737912346
ˈo	ˈo_w	2.4067884872932535	5.054086737912346
ˈu	ˈu	0.5121516614005508	5.054086737912346
ˈu	ˈo	1.7426316438658007	5.054086737912346
β	β	-0.0	5.054086737912346
θ	θ	-0.0	5.054086737912346