Phone1	Phone2	PMI
mː	m_b	8.46434059949987
f	f	8.418329175817457
ŋ	ŋ	7.613153449452336
k_j	ɟ͡ʝ	7.512959051334052
ɡ	ɡ	7.268760287396367
ɲː	ɲ	7.095920550214291
tː	ʧ	7.064659675207558
kː_j	x	6.999123783920475
lː	ʝ	6.5658967903414664
d	d	6.397898341309027
i	i	5.998914881816041
j	j	5.635523734065831
m	m	5.476729316987544
r	r	5.413387075469336
l_ə	l	5.367509112520675
b	b	5.331381456575873
nː	ɲ	5.252157930709597
s	s	5.039531485765159
ʎː	x	4.983943138674915
p	p	4.779325736194977
v	b	4.714081651856706
l	l	4.657432573400403
w	w	4.65736833150512
ˈu	ˈu	4.647474782087753
ˈo	ˈo	4.494020139822153
ʃ	θ	4.477287244568916
ʃ_ə	θ	4.459683979451756
ˈa	ˈa_ɾ	4.388446026452622
t	ð	4.313376841623882
t	t	4.262207848646377
p	a_β	4.224463027781996
ˈi	ˈi	4.191082624973677
k	k	4.186213688503131
ˈa	ˈa	4.071916871864246
n	n	4.07188233651737
n	ˈe_n	3.908783381898848
k	ɣ	3.874641829542138
#>	s_#>	3.8641494549681403
ˈu	ˈo	3.8434439189744434
v	β	3.8082389270899855
ˈɔ	ˈo	3.790301981578816
kː	k	3.766163804307316
a	a	3.7433526293636965
i	e	3.694202490604638
w_ˈɔ	w	3.668240388570408
ˈɔ	w_ˈe	3.635749739576113
ɾ	ɾ	3.6245141756728905
ˈɛ	j_ˈe	3.546559309297314
ʃː_ə	θ	3.537034478976204
ɾ_ə	ɾ	3.5240473374864965
ˈe	ˈe	3.4492951739675792
<#	<#_o	3.400266925245017
ˈɛ	ˈe	3.3145482420448733
u	o	3.214412517964059
o	o	3.1705642611220837
<#_f	<#	3.0356421341653292
r	ɾ	2.9580972570530673
<#_ˈa	<#	2.914263304511971
w_ˈɔ	ˈo	2.8533252192875396
tː	t	2.7875668143491494
p	β	2.7629487428491317
ʃ	e_s	2.5553443506607616
<#_j	<#	2.514448518631661
ʦ	θ	2.5025534632751394
ə	ɾ_a	2.4337511326878936
ə	θ_a	2.4292071173878766
ˈi	ˈe	2.41717495400176
ˈo	ˈu	2.378419283513039
ə	o	2.2888529808495655
<#_a	<#	2.2002669252450167
ˈi	ˈi_ɾ	2.1874243573893057
lː	l	2.1849844408592527
ə	ɾ_e	2.075604748753402
ə	a	2.018410977733929
n_ə	n	1.9627249904204578
ɡ	ɣ	1.8832548655047006
e	e	1.8178652703223661
ˈɛ	j	1.691177135722806
ə	e	1.6692590221529482
ə	o_s	1.6664443125586295
w	o	1.5272428982070243
<#	<#_e	1.382306821775942
ʃ	s	1.2576661355211352
#>	ɾ_#>	1.2193453505695282
ʃː	θ	1.1405386889527764
<#_ʤ	<#	1.1334223084150055
ˈɔ	ˈe	1.1245422921068287
v	ˈe_β	1.1153829897673837
lː_ə	o	0.8619637017900811
<#_ʃ	<#	0.8139532113801817
ɾ	ˈe_ɾ	0.6877637732493501
ˈɔ	w	0.45820924564662874