Phone1	Phone2	Surprisal	OOV_Smoothed
a	a	0.3753276741619128	4.811042324821159
a	ˈa	2.1261414182236003	4.811042324821159
b	b	0.08181907545168347	4.811042324821159
b	-	4.18090152990525	4.811042324821159
d	d	-0.0	4.811042324821159
e	e	-0.0	4.811042324821159
e̯ˈa	ˈe	1.0231055088542809	4.811042324821159
e̯ˈa	ˈa	1.5229180871854442	4.811042324821159
e̯ˈa	e̯ˈa	2.644193270145045	4.811042324821159
f	f	-0.0	4.811042324821159
i	e	0.234719090464403	4.811042324821159
i	-	4.1040765949060045	4.811042324821159
i	i	4.318360453358023	4.811042324821159
i	ə	4.577741956337961	4.811042324821159
j	j	0.8864722208007044	4.811042324821159
j	v	1.3861733810029417	4.811042324821159
j	j_e	3.8822597328221837	4.811042324821159
k	k	0.12387744066097976	4.811042324821159
k	p_j	3.6032765345047957	4.811042324821159
l	l	-0.0	4.811042324821159
m	m	0.017070977158499707	4.811042324821159
n	n	-0.0	4.811042324821159
o̯ˈa	o̯ˈa	-0.0	4.811042324821159
p	p	-0.0	4.811042324821159
r	r	0.03840224135041964	4.811042324821159
s	s	-0.0	4.811042324821159
t	t	-0.0	4.811042324821159
u	u	0.32244510992419206	4.811042324821159
u	e	2.3198618855644155	4.811042324821159
v	v	0.11274122416049544	4.811042324821159
v	-	3.733682864874268	4.811042324821159
w	w	-0.0	4.811042324821159
z	z	-0.0	4.811042324821159
ç	f	-0.0	4.811042324821159
ŋ	ŋ	-0.0	4.811042324821159
ə	ə	0.21268083879598898	4.811042324821159
ə	-	3.4406894080713712	4.811042324821159
ə	e	4.474894325764819	4.811042324821159
ɡ	ɡ	0.20406025630998956	4.811042324821159
ɡ	b	2.922526945100258	4.811042324821159
ɲ	m	0.9416223829438031	4.811042324821159
ɲ	m_j	1.060839806144806	4.811042324821159
ʃ	ʃ	-0.0	4.811042324821159
ʎ	j	-0.0	4.811042324821159
ʣ	ʤ	0.3359899597879054	4.811042324821159
ʣ	z	2.2670124282649504	4.811042324821159
ʤ	ʒ	0.8030475423811748	4.811042324821159
ʤ	ʤ	1.2281556724744003	4.811042324821159
ʦ	ʧ	0.1501373776702616	4.811042324821159
ʦ	ʦ	3.33882900917104	4.811042324821159
ʧ	ʧ	-0.0	4.811042324821159
ˈa	ˈa	0.15656635197996516	4.811042324821159
ˈa	ˈe	4.335108956186765	4.811042324821159
ˈe	ˈe	0.11966127745236384	4.811042324821159
ˈe	j_ˈe	3.651155216708022	4.811042324821159
ˈi	ˈi	0.16725439378246656	4.811042324821159
ˈi	ˈɨ	4.3286902541016135	4.811042324821159
ˈi	ˈə	4.493504650373507	4.811042324821159
ˈo	ˈo	-0.0	4.811042324821159
ˈu	ˈu	-0.0	4.811042324821159
ˈɨ	ˈɨ	0.1523861723310733	4.811042324821159
ˈɨ	ˈɨ_j	3.3184849545829875	4.811042324821159