Phone1	Phone2	PMI
w_ˈa	ˈɔː	7.483547861925673
ɲ	ɲ	6.958979413841785
o	o	6.938535891833586
ˈeː	ˈa_j	6.437104952346174
ˈaː	ˈaː_r	6.19330385378043
ʧ	ʧ	6.003704330133958
o	u	5.909094906845141
b	b	5.898957093320414
ɡ	ɡ	5.864491839683391
j_ˈɛ	ˈɛː	5.837543817714002
i	ə_r	5.700351799459762
ˈe	ˈe	5.430328107961922
f	f	5.425512381897244
ŋ	w_n	5.416888150713677
ˈe	ˈa_j	5.332251521181552
k	k	5.255758136418383
p	p	5.244544177381501
w	w	5.228407653563667
m	m	5.195682496523067
i	i	5.132663745394979
v	v	4.999206659875399
ˈɛ	ˈɛ	4.882253614926671
j_ˈɛ	ˈɛ	4.869795999741717
c	ʨ	4.762326284177303
ʧ	ʦ	4.715039807497448
d	d	4.711460665450014
ŋ	ŋ	4.641797178850323
ˈoː	ˈu	4.628748482272931
ˈiː	ˈiː_r	4.628627275162027
j	j	4.611798572759676
t	t	4.555398445513216
ˈo	ˈuː	4.469141417281152
l	l	4.462713225911123
ˈi	ˈiː	4.3085090855936095
ˈo	ˈu	4.23633165080581
ˈu	ˈu	4.097965787288804
ˈɛ_l	ˈɛː	4.014207058080657
s	s	3.985625389245583
n	n	3.9691060458222376
ˈuː	ˈɔ	3.825507561718039
ˈi	ˈi	3.7856551875689095
s	ʃ	3.771962294194242
ɟ	ʥ	3.7446138307104193
ˈa	ˈa	3.6004627902724486
ˈu	ˈi	3.5727807326471885
ˈa	ˈɔ	3.541738245139005
e	ə	3.4678557806672115
#>	i_#>	3.4347083118719706
ˈi	ˈɛ	3.3708128728425586
r	r	3.3669229727797467
a	ə	3.212404854252735
l	ʎ	3.210870040520485
ˈɔ	ˈu	3.166059688838332
ˈa	ˈaː	3.0670465660335164
ˈaː	ˈa	3.021471643385205
ŋ	n	2.901920472835773
j	ʎ	2.847231675096734
k	ʨ	2.837766277966637
i	ə	2.4097153655474344
l_i	ʎ	2.371683761224874
k_w	k	2.188086655134012
ˈu	ˈiː	2.158899809895249
ˈɛ	j	2.1318495322868056
w	ˈɔ	1.9464902051581463
t	ʨ	1.9079462665524984
z	ʃ	1.8998071688469689
r	r_n	1.889564856214387
ˈiː	ˈiː	1.885336202140596
ˈiː	ˈi	1.883184995239562
r_i	r	1.872296981800075
t	t_ə	1.8198567211991648
ˈe	ˈeː	1.7937649170457282
#>	s_#>	1.3296801629125312
j_ˈɛ_l	ˈɛː	1.2186742548529004
u	u	1.217316222868052
j	ʥ	0.9414335049584271
r	ə_r	0.6343123547711333
ˈaː	ˈaː	0.6191631454949162
i_#>	#>	0.5631539296955924
#>	n_#>	0.0429477697586025
#>	r_#>	-0.545835434679063