Phone1	Phone2	PMI
v	v	4.991994338507638
b	b	4.797246638369153
l	l	4.553604784191783
m	m	4.056598726439486
k	ʧ	3.8888035631911215
n_ə	n	3.7200026657833223
ɡ	ɡ	3.695291637503765
t	t	3.589176332230141
d	d	3.482668704685037
ˈo	ˈɔ	3.4671359063472065
r	ʀ	3.4634107430511825
p	p	3.070181682312825
f	f	2.9912439115354164
n	n	2.7401179980247634
k	k	2.73761424142004
s	s	2.650545927498849
e̯ˈa	ˈɛ	2.2249347847866563
ˈa	ˈe	2.20446424035106
ˈu	ˈɔ̃	2.202666890309612
j	ˈi	2.0885121235667805
t_#>	#>	1.9716835136977384
ʦ	s	1.9342758616659568
ʎ	l	1.934061352914687
ʃ	ʃ	1.67474951451391
ˈi	ˈɛ	1.656045963509418
ˈa	ˈiː	1.5845755934871355
ə	j	1.5398001115632396
ˈa	ˈa	1.4129930373886737
ʒ	ʤ	1.3196593904538432
ˈa	ˈɛː	1.292995400302426
ˈe	ˈɛ	1.292082226273658
ˈo_k	ˈøː	1.1728042667671947
ˈɔ	ˈɑ̃	1.1204516206137904
ˈa	ˈɔː	1.118566148810899
ə	ˈɛ̃	1.071290394044351
ˈi_n	ˈẽ	1.0698196592105664
ʦ	t	1.0678447394470316
t_i	ɛ	1.0558117666229632
r_i	ˈe	1.0463239372527413
ˈu_n	ˈɔ̃	1.037189885744667
u_#>	#>	1.0339238513565994
ˈu	j	1.0011698151393376
i	ˈe	0.9508522393028004
j	ˈe	0.9238972752111098
ˈe	ˈiː	0.9234567575558068
ˈo_w	ˈuː	0.8897967669114258
ˈu	ˈuː	0.8864666203253281
ˈɔ	ˈɛ̃	0.8569416897384328
p_t	t	0.8394190405215566
ʦ	w	0.8268119097770615
k_#>	#>	0.826435676183109
n_#>	#>	0.826435676183109
ˈi	ˈɛ̃	0.8064642574115757
o̯ˈa	w	0.7145779336841163
m_ˈɔ	m_w_ˈɛ̃	0.7051890001869279
#>	ˈɔ̃_#>	0.6844466001366095
l_#>	#>	0.6844466001366095
ˈo	ˈøː	0.6533573081389803
ˈe	j	0.6243973433169463
ˈi_ʎ	ˈɛ	0.6045241938475682
r_#>	#>	0.579232837803092
s	ʃ	0.4723887547470483
p	f	0.3776025170805658
#>	ˈa_#>	0.3452478375146295
<#	<#_f	0.3452478375146295
ə_#>	#>	-1.478788335996705
i_#>	#>	-0.3211015618424267