Phone1	Phone2	PMI
m	m	6.176676486818261
v	v	5.830908268283499
l	l	5.651075063813212
d	d	4.927687844930128
n_ə	n	4.355000029508373
ɡ	ɡ	4.240770343343584
ˈo	ˈɔ	4.2080705968870085
r	ʀ	4.023651981542949
i_#>	#>	3.985200422014062
k	ʧ	3.921513543827262
f	f	3.852931119640189
ə_#>	#>	3.717837931724758
s	s	3.5604341388588554
t	t	3.540184617849105
n	n	3.4300672741782114
p	p	3.4139346944143862
k	k	2.943175946657155
e̯ˈa	ˈɛ	2.6917023322830813
j	ˈi	2.4196615333421527
ˈa	ˈiː	2.3605824760409457
u_#>	#>	2.325198325755554
b	b	2.275124347195174
ˈa	ˈɔː	2.1900051035051904
ʎ	l	2.1786883978319165
ə	j	2.0018165508776438
ʦ	s	2.0010396524638567
ʃ	ʃ	1.953464429555829
ˈi	ˈɛ	1.9449342493060715
p	f	1.9200480815225065
ˈa	ˈa	1.795214903479306
ˈe	ˈɛ	1.7561526483812566
ʒ	ʤ	1.7262613372148237
ʦ	w	1.5810091155585766
ˈi_n	ˈẽ	1.5347152334882217
ˈa	ˈɛː	1.5157183627163715
ˈa	ˈe	1.4867880397647002
r_i	ˈe	1.4236013565443586
ˈi_n	ˈɛ̃	1.41079515295668
ˈɔ	w_ˈɛ̃	1.4017155880028964
ˈo_k	ˈøː	1.354089443704755
k_#>	#>	1.3536387833443706
p_t	t	1.3043146147992113
ˈɔ	ˈɑ̃	1.2595778166639486
i	ɛ	1.244864113324574
#>	ˈɔ̃_#>	1.2234948054967767
ʦ	t	1.2069709354971905
ʎ_ə	j	1.2006438312251566
ˈi	ˈi	1.194024735713906
ˈo_w	ˈuː	1.1880744439932174
ˈu_n	ˈɔ̃	1.168700233776684
ˈɔ	ˈɛ̃	1.1665240309639189
ˈu	ˈuː	1.0781996975422452
ˈe	ˈiː	1.0670240990697557
i	ˈe	1.059577816663949
ˈu	j	1.0272808989892408
ˈi_ʎ	ˈɛ	1.0118226187336448
ˈu	ˈɔ̃	0.9678657031503743
w	ˈuː	0.96364570698399
r_ə	ʀ	0.9581882717899212
ʎ	ˈa	0.9425853165197176
ˈu	ˈɔ	0.7678657031503742
o̯ˈa	w	0.7361450022340027
ˈo	ˈøː	0.7325390306754562
r	ˈa	0.7209959311041987
l_#>	#>	0.6902367492209317
t_#>	#>	0.6333444135509642