Phone1	Phone2	PMI
ʣ	ʎ	7.597937357173075
w	w	6.8869602850194465
ŋ	ŋ	6.886774126160747
ʃː	ʃː	6.79099662004016
z	z	6.759620236383245
j	c	6.653580897560964
ɡ	ɡ	6.499838117803347
ʒ	ʧ	6.26220277660364
ɖː	lː	6.109485774244304
ʧ	ʧ	5.7639640759612885
i_s	ʃ	5.521740011233372
ʤ	ɟ	5.413636723661044
d	d	5.364625868094323
m	m	5.346071812680383
f	f	5.340696149216044
ŭ_#>	#>	5.287937431028661
s	s	5.165087265680878
i_r	e	5.094824398614757
p	p	5.020022951522744
k	kː	4.981442760508124
b	b	4.964284105187761
ˈa_r	ˈa	4.961334705577774
ˈu	ˈu	4.947491004712983
rː	rː	4.924111833068829
l	l	4.8441643251910795
ˈi	ˈi	4.757699480580138
b	v	4.687360813561127
ɣ	k	4.5899905426638705
u	j_u	4.558838757541033
k	k	4.553762392609009
ˈe	ˈe	4.46127525546888
t	tː	4.3469854391223
ð	t	4.318669507931866
n	n	4.192289347458916
ʧ	c	4.116388007672451
u_z	u	4.103103781527527
β	p	4.0788735273493515
ˈa	ˈa	4.0223561732890865
r	r	3.988928704999651
ˈo	ˈɔ	3.9624839797429967
e	i	3.927785187872481
t	t	3.926338454922425
ˈe	ˈɛ	3.8665901476353413
β	v	3.8212605987451362
<#_i	<#	3.803722355729474
ˈo	ˈo	3.758096010975745
i	i	3.75502328498845
a	a	3.6625614160200524
o	u	3.5579375830506996
i	e	3.5504637150486476
sː	lː	3.525281562805353
b	ɟ	3.437787196019124
n_ʤ	ɲ	3.4234156989191886
u	u	3.2376863800747513
e	e	3.1914590654730617
ˈi	ˈɛ	3.1676525845693178
ˈu	ˈo	3.0571882650495104
e	d_e	3.002300781436575
r_ˈa	r	2.885155769265886
ɣ	ɡ	2.732031865445305
ˈu	ˈɔ	2.6893250083846754
r	j	2.658191515111381
ˈa_i	ˈa	2.642313441497578
u	o	2.4329375758471854
e_r	e	2.135099237913658
s	ʃ	2.09729003858241
rː	r_n	2.089529006151502
ˈa_j	ˈa	1.9778044505441934
ĕ	ˈɛ	1.9536429636201906
i_n	e	1.9105278883565513
l	lː	1.8549717174092846
j	j	1.853924079136381
e_#>	#>	1.8167086689836056
j_#>	#>	1.6623917001822863
o_z	i	1.459000852015912
ɲː	ɲ	1.4568362333631162
n	ŋ	1.4433978214677148
<#_a	<#	1.4337400870576356
ŏ_#>	#>	1.40668460030749
rː	r	1.2931582804513841
ˈi	ˈe	1.2688780608973493
j	v_e	1.2606923032733492
ˈo	ˈu	1.1760091884027049
k_r	k	1.1007181763781952
e	a	1.0768572621836001
ɡ	ɟ	0.9293502492400579
i	d_e	0.8832505738280572
o	ˈɔ	0.6196086559498666
ˈa	ˈo	0.5699030217071669
i	u	0.17071932342379673
r	l	0.13326672315877316
i_#>	#>	-0.15241980163190214
a	e	-0.02324436684635267