Phone1	Phone2	PMI
ʣ	ʎ	7.9296193132537125
w	w	7.121556875666036
j	c	6.968285074124299
ŋ	ŋ	6.915541447675433
ɡ	ɡ	6.785756335784809
ɖː	lː	6.2560431602283
ʒ	ʧ	5.9419305358961925
ʧ	ʧ	5.7677328990500705
d	d	5.554448872631945
f	f	5.513910330383228
ŭ_#>	#>	5.352323050006134
m	m	5.3422502003445835
i_r	e	5.170364837265894
s	s	5.148444080605323
k	kː	5.061975687520915
p	p	5.043440712023262
ˈu	ˈu	4.970398211254203
ˈa_r	ˈa	4.9624236481284365
b	b	4.913759141999149
b	v	4.875883669177452
l	l	4.849471935390406
ɣ	k	4.826673635285997
r_ˈa	r	4.717351393612906
ˈe	ˈe	4.6377693750843845
ð	t	4.588337350582134
t	tː	4.548469524148152
k	k	4.532771786387549
ˈi	ˈi	4.53163520429688
<#_i	<#	4.256329236896233
u_z	u	4.165995164586569
β	p	4.150705884037961
n	n	4.1200582668216805
rː	r	4.118891921286151
ˈo	ˈɔ	4.095983408865319
ˈa	ˈa	4.074437547409603
t	t	4.055055281719548
ˈo	ˈo	3.9306772899047524
i	i	3.9123506266947046
ˈe	ˈɛ	3.892239959745903
r	r	3.8221038994277072
a	a	3.7405759246961967
i	e	3.6798265840021296
e	e	3.5041880026971826
ˈi	ˈɛ	3.3112965489765642
u	u	3.3031453124279837
m_i	m	3.2608588265898772
β	v	3.2412809558212974
ʧ	c	3.233688334170016
<#_a	<#	3.1405443121954195
s	ʃ	3.1128887925709394
o	u	3.0160136317848494
r_u	r	2.926038448917906
r	j	2.893496373230606
ˈa_j	ˈa	2.786832919276343
ˈu	ˈɔ	2.6658676368226044
e	i	2.525495449233417
ʤ	ɟ	2.3280329840582423
e_#>	#>	2.15244324955304
ˈa_n	ˈa	1.9789720318950301
n_a	n	1.9491943416581323
l	lː	1.8800178139172228
ˈu	ˈo	1.7802767919080698
n_ʤ	ɲ	1.6940677150298669
i_n	e	1.6478133170704035
ʤ	ɲ	1.2138206551352935
e	d_e	1.1155891511549125
r	u_r	1.0048684143541666
j	v	0.8070073018293241
ˈi	ˈe	0.4499351042636578
i_#>	#>	0.040402843000968
<#_b	<#	-0.05536523717945645