Phone1	Phone2	PMI
ʣ	ʎ	7.584708251371055
w	w	6.918209663484716
ŋ	ŋ	6.918023504626017
j	c	6.795199726597972
ɡ	ɡ	6.617679377723839
ʒ	ʧ	6.29345215506891
ɖː	lː	6.096256668442283
ʧ	ʧ	5.9356974708804255
d	d	5.381797380981314
m	m	5.335864085356405
f	f	5.327467043414025
ŭ_#>	#>	5.287937431028661
i_r	e	5.16911699286847
b	b	5.134021021849149
s	s	5.0947777161064085
p	p	5.005801001207313
ˈa_r	ˈa	4.991504653350559
ˈu	ˈu	4.958822116776622
l	l	4.9319822810391445
k	kː	4.896420711947162
ˈi	ˈi	4.850994795090959
b	v	4.837814217266736
ɣ	k	4.771562395155262
k	k	4.5138023249917945
ˈe	ˈe	4.429592311170172
t	tː	4.333756333320281
β	p	4.299233349010146
ð	t	4.29753472929252
n	n	4.217755068206838
<#_i	<#	4.165193340140995
u_z	u	4.085748685492308
e	i	4.080658544151712
ˈa	ˈa	4.049564599063379
r	r	4.040763130252847
ˈo	ˈɔ	3.981445307325837
t	t	3.905203676283078
ˈe	ˈɛ	3.883492569813676
ˈo	ˈo	3.775724592502384
o	u	3.742133772282749
i	i	3.7091962948514574
a	a	3.6834618036065967
i	e	3.598015077552473
e	e	3.5187075413160938
u	u	3.297076534954511
ˈi	ˈɛ	3.2621996971744758
ʧ	c	3.089533773653061
ˈu	ˈo	3.0685193771131485
s	ʃ	3.034472581936343
ʤ	ɟ	2.68630367360846
ˈu	ˈɔ	2.653998707960365
r	j	2.6427873560897552
rː	r	2.434664113746116
β	v	2.356259230838526
e_#>	#>	1.6997161688393745
e_r	e	0.9729202111775108
j_#>	#>	0.8896921001632588
ˈa_j	ˈa	0.8700055766115593
j	v	0.7949046798299596
e	a	0.7222562589877743
i	u	0.1282670969996843
i_#>	#>	-0.0698394506449315