Phone1	Phone2	PMI
w	w	6.973276460060956
j	c	6.257328814654797
ɖː	lː	6.126967715573974
ʒ	ʧ	6.073021340340214
ʣ	ʎ	5.867363728334228
ŋ	ŋ	5.686172394910537
d	d	5.654527554002218
f	f	5.3039567858888885
i_r	e	5.238880374406339
s	s	5.220324831450802
p	p	5.082689969168231
ˈi	ˈi	5.052585737892825
m	m	5.02042771713894
b	b	4.9008365038983515
ˈu	ˈu	4.8749492211747905
k	k	4.840277205162681
ɡ	ɡ	4.823911463918608
ð	t	4.821206678470039
t	tː	4.803665469116646
ɣ	k	4.638447831305512
ˈa_r	ˈa	4.6031317894162855
b	v	4.530347941581122
l	l	4.4882678014226975
ˈe	ˈe	4.433588204828554
k	kː	4.32579987863289
t	t	4.324016081849408
n	n	4.318620361893167
ʧ	ʧ	4.218689497250229
ˈe	ˈɛ	4.029383642424671
ˈa	ˈa	4.027201716978439
ŭ_#>	#>	3.954885321180492
ˈo	ˈɔ	3.916230002518414
ʤ	ɟ	3.886976750528799
r	r	3.8520158656518904
ˈo	ˈo	3.75160555493523
<#_i	<#	3.710369076609122
i	i	3.6799310494630184
a	a	3.651043298067866
β	p	3.46618935999556
ˈi	ˈɛ	3.3998452395685086
i	e	3.3558682961469106
e	i	3.335130854959389
e	e	3.315458642282352
u	u	3.3097439172293073
u_z	u	3.2219746924105523
ʃː	ʃː	3.139989103609398
ʧ	c	3.0212827618359714
b	ɟ	2.884961200792987
ŏ_#>	#>	2.834985136500136
ă_#>	#>	2.834985136500136
ˈu	ˈo	2.7936291761483836
r	j	2.6668600821224495
o_z	i	2.6297067912688994
β	v	2.444757086107819
ˈu	ˈɔ	2.271269439009689
l	lː	2.052127581998855
ˈo	ˈɔ_d	2.0254188386265635
o	u	1.9577762914565247
u	j_u	1.8518452209419771
i_n	e	1.8499388464771145
j	j	1.750347845752377
e_r	e	1.7086081629383427
ˈa_i	ˈa	1.6529896242678968
n_ʤ	ɲ	1.6305393723085888
e_r	r	1.6019974032082747
ɣ	ɡ	1.5769299282422682
z	z	1.477999668809911
u	o	1.2048432227078814
e	a	1.197961455504
ɡ	ɟ	1.186392966864706
o	ˈɔ	1.17100137285174
m_i	m	1.1343363876578083
sː	lː	1.1313898742669433
e_#>	#>	1.1058628216131856
s	ʃ	1.0459285982397333
<#_a	<#	0.9774426605902459
k_r	k	0.9576675996774757
r_ˈa	r	0.9386548649562242
ˈi	ˈe	0.8617607860041567
i	d_e	0.8220972711520396
rː	r	0.7829782641929178
ˈa_j	ˈa	0.7525343341646085
i	u	0.3504971035118056
ˈo	ˈu	0.33183124607494885
r	l	0.27702357820615703
u	e	0.13091970458761867
e	u	0.1020688491612517
i_#>	#>	-0.4698278847149528
a	e	-0.12025711654280556
a	u	-0.10501155028096194
i	a	-0.029362703281688766
ˈe	ˈa	-0.0022489762098078193