Phone1	Phone2	PMI
ŋ	ŋ	7.425167540363057
ʣ	ʎ	7.299860484460657
w	w	7.026061214751828
ɡ	ɡ	6.856613013790138
ʃː	ʃː	6.852578760825807
z	z	6.625453093003635
ʤ	ɟ	6.518668524197652
j	c	6.4580889198632585
rː	rː	6.320322222372811
ɖː	lː	6.006071105791279
ʒ	ʧ	5.892769957998762
ʧ	ʧ	5.585191108585886
d	d	5.558323758315649
ˈo	ˈɔ_d	5.351974591780888
f	f	5.347833038837144
p	p	5.2809018907590195
m	m	5.265117939992216
s	s	5.259525192247913
ŭ_#>	#>	5.111576652052539
b	b	5.0531610714963096
ˈa_r	ˈa	4.983168211740851
ˈu	ˈu	4.956588551336352
k	kː	4.909911532157852
ˈi	ˈi	4.892884051041714
l	l	4.707646402776547
ɣ	k	4.70416386437716
i_r	e	4.676994996532607
b	v	4.620734818624075
t	tː	4.57347338205418
k	k	4.4643104945948835
β	p	4.442542703914778
ð	t	4.440397290151234
ɲː	ɲ	4.433946301254376
ˈe	ˈe	4.383965034838415
u_z	u	4.353285133758298
n	n	4.206597949495434
ʧ	c	4.160570377635378
t	t	4.077517471847705
ˈe	ˈɛ	3.943300165784455
<#_i	<#	3.9103690766091224
ˈo	ˈɔ	3.9083868570885394
ˈa	ˈa	3.89040757711394
r	r	3.8411016172698287
ˈo	ˈo	3.8079600251503476
i_s	ʃ	3.8050312161670305
i	i	3.7679854581833623
ˈa_i	ˈa	3.71071893189513
o	u	3.6883795088120532
a	a	3.6383838910713235
rː	r_n	3.606391762940621
e	i	3.4991465235078443
i	e	3.471224902661202
sː	lː	3.3834016960094244
n_ʤ	ɲ	3.380225754668729
e	e	3.3664629420870287
u	u	3.348707931904372
ˈi	ˈɛ	3.178843759602784
ˈu	ˈo	3.031767249516862
r_i	e	2.94157413774807
o_z	i	2.897360627470583
ŏ_#>	#>	2.834985136500136
i_n	e	2.830834922091061
ˈu	ˈɔ	2.7825018348542465
r	j	2.7803985396738047
u	j_u	2.743320835366541
b	ɟ	2.5625101380954987
β	v	2.54267530700653
j	j	2.480344177555892
rː	r	2.2925183933690776
n	ŋ	2.1234721842912947
j_#>	#>	2.034985136500136
s	ʃ	2.014350895901782
<#_a	<#	1.9548853211804917
u	o	1.947486784619787
r_ˈa	r	1.867811160393316
ɣ	ɡ	1.835630717993945
e	d_e	1.8132569635214477
ˈa	v_ˈa	1.778484921605109
e_r	e	1.7526519687710365
ˈa_j	ˈa	1.7430874186883503
e_#>	#>	1.5233553898632535
ˈi	ˈe	1.5162847215764814
j	v	1.499769885006754
l	lː	1.4820102348110822
ˈo	ˈu	1.2257997423762133
ĕ_#>	#>	1.1835075679616054
z	j	1.035658444915957
k_r	k	0.9692999629115041
e	a	0.9691157058218418
e_r	r	0.7906830036948066
i	d_e	0.789287363844888
o	ˈɔ	0.7400590882846095
ˈa	ˈo	0.6369913644001557
i	u	0.2403316427846288
i_#>	#>	-0.2616785572225007
r	l	-0.023454621097235773