Phone1	Phone2	PMI
lː	ʎ	8.131159036382801
ŋ	ŋ	7.0878146255980985
j	c	7.060432369283404
w	w	6.99072926016405
ɡ	ɡ	6.702991586149565
ɖː	lː	6.158498381255347
n_ʤ	ɲ	6.029694279918136
ʒ	ʧ	5.927508695471557
d	d	5.743136321428143
f	f	5.311751845263642
s	s	5.295625829043175
m	m	5.273255482210175
k	kː	5.1283044976863135
p	p	5.095741764427231
ˈi	ˈi	5.077509806486014
b	b	4.9256952333303206
ˈu	ˈu	4.90668846747996
ɣ	k	4.899916976580865
l	l	4.791919866885553
ˈa_r	ˈa	4.734343153131229
k	k	4.726081286073805
t	tː	4.695130326322845
b	v	4.691055206635285
ˈe	ˈe	4.582610006306734
ð	t	4.3839982884698685
β	p	4.341745808638901
ʧ	ʧ	4.330183808491919
n	n	4.268092983391621
ˈe	ˈɛ	4.0735394911821885
t	t	4.039752182521499
ˈa	ˈa	3.9386208662885887
ʤ	ɟ	3.8907490522312345
ˈo	ˈɔ	3.8331240593272047
r	r	3.7962515123684972
i	i	3.693317828479766
ˈo	ˈo	3.6646928358045536
a	a	3.5772453563980076
<#_i	<#	3.5404105144930353
e	e	3.493805890950968
i	e	3.4220885866761903
ˈi	ˈɛ	3.3218546735957464
u	u	3.296809210112462
ʃː	ʃː	3.0883537153688714
ŭ_#>	#>	3.042233596734839
ʦ	ʦː	2.9922210001764316
b	ɟ	2.9437739318086473
e	i	2.919062433589293
ˈu	ˈo	2.8898927954650415
ŏ_#>	#>	2.8517132067779865
r	j	2.8261273581032773
o	u	2.765592482193795
ɲ	ɲ	2.728176933211854
i_r	e	2.7258758318000376
o_z	i	2.5263767028425583
ˈu	ˈɔ	2.4123228978984286
ˈi_s	ˈɛ	2.3551697979757
u_z	u	2.2759227533006663
p_r	p	2.2064071425553187
s	ʃ	2.087614515235314
β	v	2.0401146138032495
n_a	n	1.9836095157418392
rː	r_n	1.969210180998012
i	d_e	1.9527882304718847
j	j	1.8886567724082743
i_n	e	1.850085240711109
ɣ	ɡ	1.8498657293803924
rː	rː	1.8213498213309378
u	j_u	1.744490999178881
ʧ	c	1.6938442257687205
ˈa_i	ˈa	1.658130057362102
i_s	ʃ	1.6064400648327588
z	z	1.5611703615974752
a	r_a	1.2212963851837708
e	a	1.1645638724863605
e_#>	#>	1.1498124461477144
e_r	e	1.0789540807097004
e	d_e	1.023947424224371
ˈa	v_ˈa	1.020213895737594
ɡ	ɟ	1.0062026566599138
o	ˈɔ	0.9954932179419445
<#_a	<#	0.9941707308680968
l	lː	0.983715809495019
rː	r	0.9668504193769882
ˈo	ˈu	0.9345692074366354
r_i	e	0.8862592559147233
r_ˈa	r	0.8391081277920961
u	o	0.8273871914921431
ˈi	ˈe	0.820552126605628
ˈa_j	ˈa	0.7794576155309634
n	ŋ	0.6469924624004173
ˈa	ˈo	0.39467261344776977
i	u	0.2564357485402871
r	l	0.13800951662555944
i	a	0.1308517258634641
u	ˈo	0.06895191297261058
u	a	0.027387191492142953
i_#>	#>	-0.3449620724420912
u	e	-0.11809865514858539