Phone1	Phone2	PMI
w	w	6.926233328653957
ʣ	ʎ	6.423183520555395
j	c	6.371756667659319
ɡ	ɡ	6.343721136049667
ʒ	ʧ	6.257129254594446
ɖː	lː	6.141410289205424
d	d	5.580665843477763
ŋ	ŋ	5.524933100836368
f	f	5.340828815480063
p	p	5.236752835047993
i_r	e	5.155665495206096
s	s	5.108380812575045
m	m	5.100263757837073
ˈa_r	ˈa	5.0574634638493094
ˈi	ˈi	4.987223837830047
b	b	4.848728591436246
k	k	4.829850586798225
ʤ	ɟ	4.797447116713308
ˈu	ˈu	4.788066034937725
ɣ	k	4.771561852044328
ð	t	4.608656588073469
l	l	4.594122269960607
ˈe	ˈe	4.57312849812935
i_n	e	4.567258074158111
t	tː	4.533744182229923
ʧ	c	4.50989122997226
b	v	4.437773075319979
ʧ	ʧ	4.33189253298756
n	n	4.281704343928981
k	kː	4.263401224933867
ŏ_#>	#>	4.255654284551912
β	p	4.166609146726782
s	ʃ	4.111279416804251
t	t	4.084959065652705
ˈe	ˈɛ	4.045772555175318
o_z	i	4.015674155170527
ˈa	ˈa	3.97544866151061
ˈo	ˈɔ	3.949693188573941
r	r	3.85748402412376
ˈo	ˈo	3.798673442507989
<#_i	<#	3.734285257156931
ŭ_#>	#>	3.6761132610603338
ˈa_i	ˈa	3.6475773290451876
i	i	3.6377760837265556
a	a	3.6083119594567514
u_z	u	3.5238775160436453
ˈi	ˈɛ	3.4036556587962354
u	u	3.36879367861515
i	e	3.305077847639218
z	z	3.221225134809458
e	e	3.2150109254822707
ʃː	ʃː	3.1985133089035696
n_ʤ	ɲ	3.1227239130558044
o	u	3.001902346801312
r	j	2.7669574063014104
ˈu	ˈo	2.7558033727472653
β	v	2.5964819958829333
ˈu	ˈɔ	2.4141846233629045
l	lː	2.2404105071154152
e	i	2.2158460226601298
b	ɟ	2.179020408618204
ɡ	ɟ	2.1618016928641572
rː	r_n	1.913322709971796
ˈa	v_ˈa	1.898294906431545
u	j_u	1.8275214455979703
i	d_e	1.8083175688668265
r_ˈa	r	1.7132018087536902
u	o	1.4601809505950372
rː	rː	1.3586262985343331
e	a	1.3402250630954489
n	ŋ	1.199330572240963
ĕ_#>	#>	1.184566427895508
z	j	1.165435487928678
o	ˈɔ	1.134153448935112
sː	lː	1.1144765000044516
ˈo	ˈɔ_d	1.0179596551101766
m_i	m	1.001814345359484
<#_a	<#	0.979560380458051
r_i	e	0.9340539626691327
e_#>	#>	0.9100982613487959
ˈi	ˈe	0.8649760509128094
j	j	0.8544970216646961
ɣ	ɡ	0.7553046433604966
rː	r	0.5327696951453399
ˈo	ˈu	0.3670833811712103
i	u	0.34178336583231167
ˈa	ˈo	0.2869771394655764
ˈe	ˈa	0.12188013834086456
r	l	0.05083099627977907
i	a	0.036514386570814454
u	e	0.034014280198624694
i_#>	#>	-0.465528477493577
e	u	-0.035764801223024105
a	u	-0.004712659153576629