Phone1	Phone2	PMI
ʣ	ʎ	7.61364215160047
w	w	7.229191429869336
ŋ	ŋ	6.924871341924591
ʃː	ʃː	6.7679488497913125
ʤ	ɟ	6.555085801754901
j	c	6.548843444858775
ɡ	ɡ	6.497880665053011
ɖː	lː	6.342948216415081
ʒ	ʧ	6.237639053515913
ʧ	ʧ	5.877193662116749
ɲː	ɲ	5.862514981002305
d	d	5.619264995277319
i_s	ʃ	5.6014941564179015
f	f	5.299445366020869
rː	r_n	5.27949444872094
m	m	5.2464811356732
s	s	5.2114028051937815
ŭ_#>	#>	5.13922550082728
p	p	5.1252658275105345
k	kː	5.0539348862702065
ˈa_r	ˈa	5.022712971771027
rː	rː	4.9846672276831505
z	z	4.927182448534616
b	b	4.906060960159696
n_ʤ	ɲ	4.8793271254430275
ˈu	ˈu	4.7951259675878655
i_r	e	4.745221846281815
ˈi	ˈi	4.744216087508262
l	l	4.715795149315895
β	p	4.699444187649096
k	k	4.613388656965096
b	v	4.5683471149791295
ˈa_i	ˈa	4.548847742750406
ɣ	k	4.5054265939784335
t	tː	4.452414310686611
ð	t	4.380048568215009
ˈe	ˈe	4.356981433358435
u_z	u	4.306190147706094
ʧ	c	4.124251692344198
ˈo	ˈɔ	4.119943701526507
n	n	4.109210255651563
t	t	4.046571013013362
<#_i	<#	4.036388544649797
i_n	e	3.9811820471386077
ˈa	ˈa	3.980897995999975
ˈo	ˈo	3.8947387325015743
ˈe	ˈɛ	3.8945739050035897
r	r	3.8729787204730663
e	i	3.7922812088355022
u	j_u	3.7441926954966656
ɣ	ɡ	3.6882726788430316
a	a	3.684992700942094
sː	lː	3.662670557375392
o	u	3.6395934732623227
i	i	3.570593590256153
i	e	3.488745086460525
e	e	3.438423038736856
u	u	3.3410923303291105
ˈi	ˈɛ	3.0817208949590773
ˈu	ˈo	2.938997396814297
o_z	i	2.866793056731484
ŏ_#>	#>	2.8264356761831086
r	j	2.7786727202702615
ˈu	ˈɔ	2.748911953751655
b	ɟ	2.6661698152960835
ˈa_j	ˈa	2.569137685122377
u	o	2.550568139874251
l	lː	2.3692258294885615
β	v	2.302088117705892
s	ʃ	2.23835631685216
<#_a	<#	1.9377864005464385
n	ŋ	1.9027779125683657
ˈi	ˈe	1.7538981241183378
ˈo	ˈu	1.537585369492086
j	j	1.4585523209118831
e_#>	#>	1.4036111198047516
j	v	1.2883387166528868
ɡ	ɟ	1.0821432960855613
j_#>	#>	1.0132178380915546
r_ˈa	r	0.8946200650187542
ð	d	0.5769375321171946
e	a	0.5735267417523722
i	u	0.29596580112873977
e	ˈɛ	0.24593632659352163
ˈa	ˈo	0.23850726207565445
e	u	0.03752249351434439
a	e	-0.2206769552378567
u	e	-0.08790171832786012
i_#>	#>	-0.06623051577042921
r	l	-0.03978315444428127