Phone1	Phone2	PMI
ʣ	ʎ	7.419531862275009
i_s	ʃ	7.334160895975038
rː	rː	7.281298851521436
w	w	7.122632655699659
ŋ	ŋ	6.783247734218981
ʃː	ʃː	6.766803984977092
ʤ	ɟ	6.643983012285209
ɡ	ɡ	6.430296726150043
ʒ	ʧ	6.32663166461187
j	c	6.323453868642196
ɖː	lː	6.205959382302537
ʧ	ʧ	5.820078408211351
d	d	5.466373424869746
m	m	5.387479143288138
f	f	5.195481898496224
s	s	5.174700829296789
i_r	e	5.1431474935372705
ŭ_#>	#>	5.112055299661809
p	p	5.08811457712578
ˈu	ˈu	5.019034125673326
b	b	5.018188982892741
k	kː	5.010254180481187
z	z	4.9652170683226435
ˈi	ˈi	4.799479743395734
ˈa_r	ˈa	4.796896122133842
b	v	4.723102072966259
l	l	4.677869980394107
k	k	4.608522442259976
ɣ	k	4.583153446334254
t	tː	4.522527636341489
u	j_u	4.518310603312936
ˈe	ˈe	4.475647364309482
ʧ	c	4.315043452716084
u_z	u	4.249797495715974
n	n	4.233666805235476
ð	t	4.225617492395284
β	p	4.187518176484956
r	r	4.027466075940895
t	t	3.9918489900449927
ˈa	ˈa	3.9713867033748014
β	v	3.9543563978909404
r_ˈa	r	3.942086237294257
ˈo	ˈɔ	3.927992012950685
e	i	3.8979869244048877
ˈe	ˈɛ	3.8857959921357295
<#_i	<#	3.8092183434843268
ˈo	ˈo	3.8076236694412042
i	i	3.796831568229185
o	u	3.725519753607081
a	a	3.683739826121664
sː	lː	3.4814404977704636
ˈa_i	ˈa	3.477434668002674
i	e	3.4603221557209913
n_ʤ	ɲ	3.373148928220769
e	e	3.338267028289381
ˈi	ˈɛ	3.290944637204366
u	o	3.250786777853817
u	u	3.1855383845813003
ˈa_j	ˈa	2.973752505204582
o_z	i	2.9369528468045205
ˈu	ˈo	2.833952909045053
ŏ_#>	#>	2.8155675957169213
j	v_e	2.7476629101701526
b	ɟ	2.7220267396822746
r	j	2.7197131219539177
ˈu	ˈɔ	2.705962120410694
j	j	2.688424714391614
ɣ	ɡ	2.590881402684117
e	d_e	2.0064374466958017
i_n	e	1.8901442745560793
j_#>	#>	1.7815825954284583
l	lː	1.7014706644530149
e_#>	#>	1.640826537616754
ɲː	ɲ	1.4540790904415952
<#_a	<#	1.4370376797105466
n	ŋ	1.432192243009419
ˈi	ˈe	1.0503184364634697
e_r	e	1.045322947206047
r_i	e	1.0091471704949115
ɡ	ɟ	0.9265931063185369
ˈo	ˈu	0.8182211299577646
i	d_e	0.7970432529441713
e	a	0.7779391694053474
rː	r	0.6638827038297779
i	u	0.29359716830974103
ˈa	ˈo	0.28650095139697346
r	l	0.1042326995791554
e	u	0.039773537303381463
i_#>	#>	-0.14559606382256177
u	e	-0.08578908303492774
a	e	-0.05230377493919408
ˈe	ˈa	-0.005890893684495674