Phone1	Phone2	PMI
lː	ʎ	8.66105082130422
ŋ	ŋ	7.670313291686276
j	c	7.590324154204824
w	w	7.52062104508547
n_ʤ	ɲ	7.392321011701226
ɡ	ɡ	7.232883371070985
ɖː	lː	6.6357832850100085
ʒ	ʧ	6.457400480392977
d	d	6.298134282766334
ˈa_r	ˈa	6.297314711559843
f	f	5.861550764895244
m	m	5.803147267131594
s	s	5.7870492094483215
k	kː	5.632544147639847
p	p	5.626603614387815
b	b	5.539394904219008
ˈi	ˈi	5.487278644929703
ˈu	ˈu	5.436580252401379
ɣ	k	5.420026841406095
l	l	5.321811651806972
b	v	5.2566734571701215
t	tː	5.222722983476699
k	k	5.220539015931149
ˈe	ˈe	5.112501791228153
ð	t	4.941390778141275
β	p	4.85611522656109
n	n	4.791270718120491
ʧ	ʧ	4.758491892492779
<#_i	<#	4.654028911958546
e_#>	#>	4.635015451637135
t	t	4.5673448396753535
ˈe	ˈɛ	4.562141100610123
ˈa	ˈa	4.48354310599348
r	r	4.37696600659894
ˈo	ˈɔ	4.350784496136197
ʤ	ɟ	4.208563395756353
ˈo	ˈo	4.205842446895282
i	i	4.194128744157074
e	e	4.044931405397982
a	a	4.017643350036137
ˈi	ˈɛ	3.968796821101702
i	e	3.9465982129066326
u	u	3.795401721723957
i_r	e	3.751326474268296
b	ɟ	3.444433504817828
ˈu	ˈo	3.441167621169764
r	j	3.344992921608156
e	i	3.3420134389262333
u_z	u	3.3302071892443337
ʃː	ʃː	3.296674667529246
o_z	i	3.2697752201969306
ʦ	ʦː	3.2051236427215115
o	u	3.184230794189709
ˈi_s	ˈɛ	2.9616912274310327
ˈu	ˈɔ	2.9535313884931216
ɲ	ɲ	2.9481640650523406
p_r	p	2.929721541956446
i_#>	#>	2.743181886844905
e_r	e	2.703998453580024
ŭ_#>	#>	2.643595623515167
i_n	e	2.484009104241115
β	v	2.3631613526374147
ˈa_i	ˈa	2.2838096799912795
s	ʃ	2.274114181209733
rː	r_n	2.1959507231248074
u	j_u	2.1907550694554514
j	j	2.098908663544798
ɣ	ɡ	2.0548586814812877
rː	rː	1.926261522310976
ʧ	c	1.9074241169647232
i_s	ʃ	1.8792989073552249
z	z	1.662754062518034
ŏ_#>	#>	1.6295593483381332
e	a	1.507536931037076
ˈo	ˈɔ_d	1.2858440836350904
e	d_e	1.2529833213614503
ˈo	ˈu	1.2497327995531975
ˈa	v_ˈa	1.2388697069993997
i	d_e	1.196807446543224
l	lː	1.188708761595914
r_ˈa	r	1.157808670182415
ɡ	ɟ	1.1540903921075396
ˈa_j	ˈa	1.0877999113703851
rː	r	1.0702596705573242
ˈi	ˈe	1.044881883320432
u	o	0.9178388011537172
i	u	0.9169198919836644
a	r_a	0.8483525454329698
n	ŋ	0.7519041633804555
ˈa	ˈo	0.5052066465742501
r	l	0.3832390464974496
u	e	0.2609578404701164
u	ˈo	0.1705356138931694
i	a	0.1607516267394396
u	a	0.1118893324749068
a	e	0.01624899523074
a	u	-0.131439138407963