Phone1	Phone2	PMI
z	ʤ	7.132035470430874
v	v	6.529575844234335
t	p_t	6.356755744043709
ˈaː	ˈa_r	6.253975824534308
u	u	6.012788538668515
i	i	6.004909540109468
b	b	5.8671827251856135
f	f	5.671425965900274
ɡ	ɡ	5.570001959185915
ʒ	ʧ	5.368463839889302
s_u	s	5.334951755483412
d	d	5.328180995060006
w	u_r	5.295744891866755
ˈɛː	j_ˈe	5.239784494070867
ˈɔː	o̯ˈa	5.2111662033308574
l	l	5.199758400835171
ˈɔ	ˈo	5.166489592376447
ˈa	ˈɨ	5.137194547098037
ˈuː	o̯ˈa_r	5.113137363615682
m	m	5.024586278417124
t_u	t	4.971033579437442
ˈi	ˈi	4.927615714911319
ɡ_u	k	4.885504491687891
k	k	4.719953015859315
ˈy	ˈu	4.704582428145864
ʤ	kʲ	4.643760825534035
ˈe	e̯ˈa	4.634296976191188
ˈu	ˈu	4.592629242360636
e	e_r	4.565091261761173
ˈeː	ˈe	4.398402994181385
p	p	4.385943788713341
ʤ	ʒ	4.322396403368248
s	s	4.279023567931185
d	z	4.1997781334274835
ˈø	o̯ˈa	4.13056684227647
ˈiː	ˈi	4.113075817195599
s	ʧ	4.1046509377063005
ˈøː	ˈo	4.070373979169785
ˈuː	ˈu_p	4.029981436772232
t	t	3.8715623074721943
ˈeː	j_ˈe	3.868838708874162
ʃ	ʃ	3.8566141537842085
a	ə	3.8243422876781508
ŋ	j_n	3.7721433231489323
a	a	3.7067231728604986
ˈuː	ˈu	3.703008779479196
ˈɛː	ˈa	3.6938475929054007
n	n	3.6203973524490753
ˈe	ˈe	3.6111895225089365
ˈaː	ˈa	3.5904335803770584
ŋ	n	3.58723566046637
#>	r_#>	3.5481480325957806
n_u	n	3.5147725825649943
ˈa	ˈa	3.472230386540995
r	r	3.3783855665332228
ˈøː	ˈo_w	3.3783112460221387
ɡ	k	3.259730060534461
j	r	3.189035371808491
ˈe	ˈi	3.1461135941885634
ˈyː	ˈu	2.912413837107305
e	e	2.8662853763138596
ŋ	n_e	2.8249747156549385
ˈiː	ˈi_r	2.7899945832672035
r_ˈa	r	2.726755022604533
j	e_r	2.683804352345984
ˈø	ˈo	2.5917339998079982
ˈɛː	ˈa_t	2.584396967632956
i	j	2.427325545027502
#>	w_#>	2.3847528486380307
p	p_j	2.2621331586779654
l_u	l	2.1342373568973816
s_e	s	2.1317260733699115
s	ʦ	2.1205719462752928
w	ˈo	1.9495969312721775
p_u	p	1.8830222878942307
#>	k_#>	1.7467167643513983
ʤ_u	kʲ	1.6600348588355185
ʧ	p	1.5934870387959967
s	ʃ	1.5065779101858658
ˈiː	j	1.3804037684461048
ˈøː_v	ˈo	1.135415332913933
ˈe_j	ˈe	1.102180776625537
<#_a	<#	0.989346172028062
i_#>	#>	0.989346172028062
w	u	0.9828827510488157
w_ˈiː	j	0.9695088478401779
ɲ	n	0.8071499634911076
e	ə	0.8063568638149065
t	ʦ	0.788177193321054
l	u	0.7560982107784266
j	e	0.583426822249953
e	w	0.5481724998141992
#>	e_#>	0.5200620661542803
<#_k	<#	0.08413240969454441
<#_p	<#	0.03794152272656999