Phone1	Phone2	PMI
z	ʤ	6.746160372405432
b	b	6.280969752944633
ˈaː	ˈa_r	6.273503764924123
v	v	6.135835083771089
ʤ	kʲ	6.082244702772852
u	u	5.926484883842117
t	p_t	5.833282983191896
ɡ	ɡ	5.680498773108383
d	d	5.661035519008491
ˈøː	ˈo	5.454823364062388
ˈɔː	o̯ˈa	5.379961135084543
f	f	5.339414447982144
l	l	5.128555613128656
ʃ	ʃ_t	5.066961042499202
ˈɔ	ˈo	5.034312340456684
ˈa	ˈɨ	4.938491258208431
ˈi	ˈi	4.88649874209504
ˈeː	ˈe	4.859976872108131
s_u	s	4.832196314198203
m	m	4.697393025595623
ˈø	o̯ˈa	4.635496947511443
ˈe	e̯ˈa	4.612910634035298
ˈuː	ˈu	4.537156172720039
ɡ_u	k	4.522240862371021
ˈy	ˈu	4.427332435774713
s	s	4.395342078428939
k	k	4.3160187251168844
s	ʧ	4.287140244464864
ˈu	ˈu	4.27707662829899
ʤ	ʒ	4.258026838047148
ˈiː	ˈi	4.189021797217877
ˈaː	ˈa	4.082178986994991
p	p	4.048563669913541
a	a	3.929132319875809
ˈɛː	ˈa	3.85851999949388
ʒ	ʧ	3.726906264831322
ˈɛː	j_ˈe	3.620216102083517
a	ə	3.591306437272367
t	t	3.589470942161241
j	r	3.47764917775297
r	r	3.472798120703376
n	n	3.4112217286469746
p	p_j	3.377706630281159
t_u	t	3.3575346564429167
ŋ	j_n	3.356483267207867
ˈe	ˈe	3.3334258837796864
ŋ	n	3.265573024910108
ˈa	ˈa	3.2655499345276846
e	e_r	3.2164943771433703
ˈe	ˈi	2.911219621301937
ɡ	k	2.878386158826102
ˈyː	ˈu	2.807881468087956
e	e	2.7642208808747624
i	i	2.7135315236347317
j	e_r	2.589179041274149
ŋ	n_e	2.562087910708773
ˈeː	j_ˈe	2.481021219230463
l_u	l	2.4471932470249955
ɲ	n	2.344668405957236
w	u	2.202237330498406
d	z	2.157008419258896
ˈøː_v	ˈo	2.082548940092168
u	w	2.0536806521303137
w	ˈo	2.0385119202324837
ˈø	ˈo	1.8484177397715256
p_u	p	1.6062961141602945
a	r_ə	1.5861536977101822
ɲ_u	n	1.5512061449867105
ˈiː	j	1.4858915834309072
ˈiː	ˈi_r	1.358919117758075
ˈɛː	ˈe	1.3547888156270318
s	ʦ	1.3201965008931542
i	j	1.110285606149097
e	ə	1.0922118766139004
<#_ʧ	<#	0.989346172028062
t	ʦ	0.7347873722477171
j	e	0.6339997848218923
e	r_e	0.5129672606418306
#>	r_#>	0.4841324096945444
v	p	0.473649138268848
ˈe	e	0.1093978567469468
a	e	0.069952741803815
u_#>	#>	-0.8059107797802777
#>	e_#>	-0.7903974547312419