Phone1	Phone2	PMI
e	e_s	8.045159307378492
j	ð	7.16901158528404
ɲ	ɲ	6.800727976094581
ɡ	ɡ	6.463828341240167
d	d	6.266110305179094
ˈɑ̃	ˈa_n	6.258930149095758
ʒ	ʤ	5.988783194350629
b	b	5.811123717479861
ˈu	ˈu	5.689529003425503
ˈo	ˈo	5.601233935636655
ɔ	u	5.50673317684079
f	f	5.432256162661188
ˈa	ˈa_r	5.191941145552032
m	m	5.0664648746421
v	v	4.987407001830155
n	n	4.912690508603814
o	u	4.718789271570034
p	p	4.680769336959841
t	s_t	4.636190874568372
ˈoː	ˈɒ	4.61998874447102
v	β	4.5883488906075725
ˈɔ̃	ˈo	4.521485197249016
ʃ	k	4.498393677298607
ˈi	ˈi	4.42899402742505
ˈaː	ˈa	4.384974760881091
k	k	4.365165657303609
w	w	4.324038165065429
ð	ʤ	4.323793999306439
ʎ	ʎ	4.282045863479014
s	s	4.20906551065895
t	t	4.149161399371009
w	ˈu	4.00692546537429
ˈɛ	ˈæ	3.956675782307981
ˈɛː	ˈæ	3.928943669118664
ˈĩ	ˈi	3.848968314094764
ʁ	r_t	3.834443744910684
ˈɑː	ˈa	3.788745301339243
l	l	3.778827615055918
l	ʎ	3.648921550163122
i	ɐ	3.648272833306554
o	e	3.6466341032222
a	a	3.597735301224592
ˈe	ˈe	3.587008990177928
ə	e	3.5107023021830264
ˈɛ̃	ˈe_n	3.4858193419879795
ˈa	ˈa	3.405361483835857
#>	k_#>	3.395410129717206
a	ɐ	3.374354691296245
ə	ɜ	3.348977768538865
ð	ɾ	3.3183648440495683
ʁ	ɾ	3.2737834674182165
ˈɛː	ˈæ_w	3.150928134666951
ʁ	r	3.144430676239452
ˈɑ̃	ˈa	3.092228180835908
w_ˈe	ˈɒ	3.034577916619658
a	ɜ	2.997460181401116
a	ɞ	2.868458803330197
ə	ɐ	2.80979840054986
w	ˈɒ	2.7340858180442766
ˈe	ˈi	2.710329915193641
ˈɔ̃	ˈɒ_n	2.602525809665516
ˈɛ̃	ɲ	2.5975427740106296
ə	ɞ	2.545976639354839
ˈɛ	ˈe	2.524283020238224
b	β	2.517141508905972
ˈoː	ˈa_l	2.498113381215339
ˈe	ˈæ	2.417409608866938
o	ɞ	2.401944371535552
#>	t_#>	2.3819856394836205
ˈɔ̃	ˈɒ	2.344454455853378
ˈɔ	ˈo	2.3134983611182243
ð	w_ɾ	2.1629864410203954
ˈø	ˈo	2.084836809901358
ˈi	ˈe	2.074243743599135
ˈɛː	ˈe	1.975756371433572
ˈø	ˈɒ	1.8464230558571608
#>	s_#>	1.831434596953704
#>	w_#>	1.4498499378257177
ˈu	ˈɒ	1.3605514741554503
ˈɛː	ˈe_j	1.158285221943256
ˈe	ˈa	1.073701471216945
#>	m_#>	1.027172633073736
ˈe	w	1.0232321378440548
ʎ	l	1.013457015732589
ˈɛ	ˈi	0.9992916801469208
ʃ	s	0.8342445562730771
ˈo	ˈɒ	0.7191233975589949
ˈi	ˈæ	0.6935135031148829
ʃ_#>	#>	0.6879738704517558
#>	r_#>	0.5620474239213082
f	w	0.5101058196532874