Phone1	Phone2	PMI
ɡ	ɡ	7.035412268210164
b	b	6.955205304910577
ˈa_r	ˈaː	5.955385190119128
ʦ	ʧ	5.8314625713464485
v	v	5.375699164687641
f	f	5.0967149143768005
ˈo	ˈuː	5.015987185322125
u	u	4.99939754569772
e̯ˈa	ˈe	4.942773024333082
i_r	i	4.882600023834226
p	p	4.8608368159896855
d	d	4.834093988585732
m	m	4.798699041535942
j	j	4.701965854290605
ˈi	ˈi	4.698749700796714
ˈe	ˈɛ	4.614912273973934
ˈu	ˈu	4.570244834260967
ç	f	4.481351794966634
k	c	4.188356672996877
ˈɨ	ˈa	4.146626862177298
w	f	4.063296186701356
i	i	4.00714827692921
t	t	3.919758347391256
k	k	3.908035968193453
t_i	t	3.9060421674084234
ʎ	l	3.876184676190888
l	l	3.8749435987932617
ə	e	3.812299411508999
n	n	3.802075206442561
ˈu	ˈo	3.7654229334597527
u	o	3.745462120582931
s	s	3.66632028009183
r	r	3.653140119238692
n	ŋ	3.635842768092636
ʣ	d	3.631077315732514
ˈo	ˈo	3.5899728959788404
u	i	3.542812958737762
ˈa	ˈa	3.5381807288181504
ˈa	ˈaː	3.3966208441615517
ˈi	ˈiː	3.3845538824111885
s	ˈɛ_s	3.163962290828612
j	v	3.1151817014408283
a	ˈaː	3.1011981305713543
t_u	t	3.029039002956605
ʃ_t	s	3.026148045553488
p_t	t	2.97610822820121
ɲ	m	2.97135952481628
t	d	2.8443845426532364
i	e	2.7740081938130934
<#_a	<#	2.7517748974255105
k_ʎ	l	2.576194191493921
ˈi	ˈe	2.5030546075742897
ʣ	ʤ	2.5023916520690768
ə	a	2.250497714766824
o̯ˈa	w	2.243665601989129
ˈu	w_ˈi	2.210493384365778
ˈe	ˈe	2.1086334145167918
o̯ˈa	ˈo	2.099695934962595
ˈu	ˈi	2.074652553256756
ˈo	w	1.9683348067242517
ʃ	s	1.947623596866368
n	ɲ	1.901488842757605
e̯ˈa	ˈeː	1.893316653606358
u_#>	#>	1.7130048200249874
ˈi_r	ˈiː	1.5210097642826077
#>	s_#>	1.4651048535842226
r	l	1.4631829527934572
ɲ	ɲ	1.373089517334514
r	ˈa_r	1.3391656279352533
i	v_i	1.141063118805759
k	p	0.6923940373047339
ˈa	ˈɛ	0.6706167898207989
e̯ˈa	j	0.647218193318592
ˈu	ˈɔ	0.6406301401078605
i	a	0.6065481986295379
<#	<#_v	0.16959938131099
i_#>	#>	0.0704261897310448