Phone1	Phone2	PMI
ɡ	ɡ	6.638152278736187
ˈɛ	j_ˈe	6.461329081128669
ʎ	x_o	5.758710148647805
ʧ	θ	5.5709697020882585
p	p	5.450057532221958
d	d	5.431358849422296
m	m	5.324290017032876
t	t_o	5.287821450980833
ˈiə̯	j_ˈe	5.208996119169465
ˈɔː	w_ˈe	5.06664405944586
ɲ	ɲ	5.05653686143061
ˈi	ˈu	4.998247102132705
d	ð	4.887616071500299
ˈi	ˈi	4.843223729131688
l	l_o	4.734929323020614
ˈiː	ˈi	4.713625968926727
ʨ	ʧ	4.643129363818627
l	l	4.602015478878795
ʃ	θ	4.5889985613203965
b	b_w	4.551820464049499
k	k	4.525429556985523
b	b	4.524363093552424
ˈuː	ˈo	4.337745231173412
t	t_e	4.326410545373675
ˈaː	ˈa	4.277151985373015
ˈa	ˈa	4.261698439373817
s	s	4.236915965985767
ˈɔ	w_ˈe	4.216281224079325
ˈu	ˈo	4.1492372972899245
ˈa_j	ˈe	4.141248227966124
v	b	4.074362289475122
r	ɾ_o	4.053890139910508
v	β	4.029091508407033
n	n_o	3.992796042396848
s	o_s	3.972309474790432
j	ˈe	3.91247562001408
ʨ	k	3.900605147849717
t	t	3.741584419286339
ʎ	x	3.718202331943545
f	β	3.700495179790084
r	r	3.674726967861454
w	β	3.6019420340898685
n	n	3.593569442546815
ˈeː	ˈe	3.524790596159101
ˈe	ˈe	3.507095121583584
ə	a	3.486917669005481
ˈɔ	ˈa	3.478688432084144
u	o	3.384465335982191
ˈa_w	ˈo	3.3148206066806893
ŋ	ŋ	3.270276165463957
r	ɾ	3.260428293383153
ˈiː	ˈu	3.043965850223217
o	o	3.020815423350012
ˈu	ˈu	2.9571483232370435
ʨ	k_o	2.8476984069871216
l	ʝ	2.621384484240643
t	ð	2.602399332532733
ʃ	e_s	2.4895983511707755
t	ð_o	2.4461509493701072
<#_f	<#	2.429602535539152
ˈa_w	ˈa	2.410837118010744
w	ɣ	2.3230080635339623
<#	<#_e	2.1885779583637586
#>	e_#>	2.1481101277344137
t_ə	t	2.1274366763294483
ɡ	ɣ	1.9982211717252565
ʃ	s	1.8190921852855773
n	ɲ_o	1.8131800018521669
w_n	n	1.6983467527517553
ˈɛ	ˈe	1.6810491785802657
ˈu	w_ˈe	1.6660834349432028
<#_ˈa	<#	1.597048187853761
f	β_e	1.5752062228385522
n	ɲ	1.517479405521933
f	f	1.5159739857500745
w	ˈo	1.5004009106315397
ə	e	1.3923369822891944
ʨ	t	1.2864281267752409
k	k_w	1.2724070269651495
r	ˈe_ɾ	1.194716525487723
s	s_o	1.180639150182365
v_ə	β	1.1551856864639274
m	m_b	1.132198969699039
v	b_j	1.1129494421985684
ʥ	j	1.1094165056065717
t	d	1.0647135911077272
ˈiː	j	0.9052940797004488
j_ˈɛ	ˈe	0.8153939958108941
ə_r	ɾ	0.7874823602080876
r	ɾ_e	0.7033628736315428
<#	<#_a	0.6534960621729972
#>	o_#>	-0.4665438761421807
ə	ˈe	-0.1975207554704937