Phone1	Phone2	PMI
ɡ	ɡ	6.575618175308372
b	b	6.56489623858544
ɥ_ˈɛ	ˈø	6.550971708255205
ˈy	ˈy	6.450649219310137
ʒ	ʤ	6.378852137795245
ɲ	ɲ	6.368095206852959
u	u	6.181843517265923
d	d	5.621202656862423
f	f	5.228886286789077
m	m	5.174308529439626
p	p	5.06460768324745
ˈi	ˈi	4.969995221230778
ŋ	ŋ	4.8977321698495455
n	ŋ_t	4.796348395694548
e	e	4.723311562253705
ʧ	t	4.682731043970873
ʦ	z	4.678746658875266
j	ˈe	4.658921653323401
ɥ_ˈɔ	ˈø	4.646208576367647
ˈu	ˈu	4.633761367085213
ʎ	j	4.589729684401454
e	i	4.564173161347299
ˈɔ	ˈɔ	4.422855713483012
v	v	4.402772135972696
ɾ_e	r	4.346836050063873
t	t	4.312041840988314
n	n	4.296855845857134
k	k	4.254015216832943
ˈɛ	ˈɛ	4.139513772472704
s	s	4.133726557320903
<#_e	<#	4.109850706590818
β	b	4.069960360118192
ˈa	ˈa	3.974880170948431
w	v	3.919256575897516
j_s	s	3.911951283507622
l	l	3.8459973280279818
β	v	3.81643883651228
r	r	3.758298340593428
ɾ	r	3.746831624677388
ð	d	3.734190010237753
ˈe	ˈɛ	3.62227196686794
ˈɔ	ˈø	3.5036961702648366
ɔ	a	3.49713257441062
a	a	3.481003675889342
ˈa_w	ˈɔ	3.390525337644587
#>	ŋ_#>	3.32425419230042
ˈu	ˈy	3.188425327058182
ˈe	ˈe	3.0815911752642
n	ŋ	2.9410289847267035
ˈe	ˈe_j	2.6371422536293
l	j	2.5783123644848924
ˈa	ˈa_ŋ	2.517991679900625
#>	n_#>	2.4658824054028448
s	z	2.374361162417102
ˈa	ˈe	2.353776674684787
#>	r_#>	2.3391606459522363
ˈɛ	ˈe	2.294356227897018
ʦ	s	1.868980239308798
j_ˈɛ	ˈɛ	1.8586538042736984
ð	t	1.8415170928970184
ˈe	ˈi	1.6351927518927811
j_ɾ	r	1.5847243841488834
i	i	1.391561311967202
a	u	1.3461629008689742
w	w	1.3106832609513348
e	v_e	1.180153114600376
#>	j_#>	1.1464395971417478
ˈu	ˈɔ	1.117725025821966
#>	e_#>	1.10773108018826
k	k_w	1.0321740236616928
k	ɡ	1.0091656352663838
j_ˈɛ	ˈe	0.9846492006745924
w_ɾ	v	0.8391602582215268
ˈɔ	ˈu	0.8184780212231059
s_#>	#>	0.5639274045374575
#>	z_#>	0.4647268833675532
k_#>	#>	0.4219608018009483
e_#>	#>	0.3893873669003501
ˈa	ˈɔ	0.2633960442474097