Phone1	Phone2	PMI
s_k	ʃ	6.826600095419854
k_r	kʲ	6.138373634040127
ˈe	j_ˈe	6.048341812822052
o	u	5.987211829364049
t	p_t	5.948922247238028
ɣ_u	k	5.706712077424081
f	f	5.594442136487197
ɡ	n_ʤ	5.537730200771333
b	v	5.50620865434399
m	m	5.140431592710091
d	d	5.126773446714276
ɡ	ʤ	5.097775908994212
b	b	4.945665536534037
n_u	n	4.866495335354431
p	p	4.854165411766872
l	l	4.76372485363261
ɡ	ɡ	4.71326827526136
ˈu	ˈu	4.666568620953679
ɣ	ʧ	4.6560808130421885
s	s	4.578150031037065
ð	t	4.350456708698349
ˈo	o̯ˈa	4.314543567540889
a	a	4.305585365793549
<#_i	<#	4.2944785303856055
a	ə	4.271590106522732
ˈi	ˈi	4.185977763926119
ˈo	ˈo	4.172012474586809
i	i	4.127640283880986
ɖː	l	4.12331215341803
s	ʃ	4.116918413396075
k	k	4.0604492638685885
ˈa	ˈa	3.989489657807311
n	n	3.9454549640621734
ˈa	ˈɨ	3.9443769667053674
k	ʧ	3.9155977542730445
ʣ	j	3.9065011156640215
nː	n	3.896994185922044
l_u	r	3.8728735172272692
β	p	3.6884819655549252
t	t	3.6552166042341767
ˈe	ˈe	3.6500255720085377
ɣ	k	3.6414825804925806
k_r	k	3.586952033738947
ˈe	e̯ˈa	3.540057681622581
ŭ_#>	#>	3.3562038320385055
<#_a	<#	3.3215164005187883
m_i	m	3.236632942087571
r	r	3.235239169355609
ˈi	ˈe	3.208996658823417
e	e	3.161345589634739
ˈi_ʣ	ˈi	3.080787369278888
j	j	3.0153786398582794
ð_u	t	2.743873297671176
r_u	r	2.656433647706214
ˈo	ˈu	2.6084769863278123
d	z	2.5477992307900745
ˈe	ˈi	2.505728038212128
u	w	2.3394735000257563
ŏ_#>	#>	2.1821308881218244
#>	u_#>	2.1821308881218244
s_u	s	2.1219824637946783
t_u	t	1.975761602807427
rː	r	1.7416403120017805
i	e	1.7150220158784315
ˈu	ˈo	1.6281171859447534
i	ə	1.5808996222463418
#>	w_#>	1.529198386823743
#>	r_#>	1.3156761702691946
ɖː_u	l	1.1812199082538812
n	j_n	1.1442099752871988
<#_ˈi	<#	1.0910654440609122
u	u	1.0873919385416273
p_r	p	1.053439876989648
b	ʧʲ	1.0382637392200162
z	j	1.0101285988823894
r	l	1.0083633512295398
t	ʦ	0.8750974919105582
l	r	0.8645263894473206
rː_u	r	0.712429028010409
<#_b	<#	0.15495414763230253
u_#>	#>	0.05173046359920118
#>	ə_#>	-0.04855604077847598