Phone1	Phone2	PMI
ŋ	ŋ	7.478962853417831
ɲ	ɲ	7.400433409550287
ʧ	ʧ	6.3473675962329725
ɡ	ɡ	6.334532507848518
ʎ	ʎ	6.284846362784849
b	b	5.765222837679837
e	ə_r	5.757732560449162
ʧ_e	ʃ	5.720455648273571
f	f	5.498769017144043
ˈɛ	ˈa_j	5.3564905672034575
v	v	5.229970083439412
p	p	5.157541920985742
m	m	5.113753133586199
ˈe	ˈɛ	5.071261076804493
d	d	5.020612333020116
ˈo	ˈu	4.987170146576662
l_u	l	4.955614642795872
lː_u	l	4.87715115824012
ɟ	ʥ	4.854459772425753
t_u	t	4.786608557699346
ɲ_u	ɲ	4.703101400015132
ɟ	ʃ	4.661893363444169
ˈi	ˈiː	4.566545293467263
l	l	4.496141869067434
n_e	n	4.4836553297692365
n_u	n	4.483651020772626
ˈi	ˈi	4.443723524191128
lː	l	4.433717838221219
j	l	4.317274077151163
ˈu	ˈiː	4.314321058753215
m_e	m	4.311720380079514
ˈa	ˈaː_r	4.268885625469838
ˈu	ˈi	4.224829263358972
k	k	4.2142676440062825
ˈɔ	ˈɔː	4.156873068654998
ˈɛ	ˈɛː	4.0808483549969
s	s	4.062576665150874
ˈɔ	ˈuː	4.003530481142946
ˈu	ˈu	3.993605422975515
r_e	r	3.986091362307414
t	t	3.9542448159520585
u	u	3.941913808356591
k	ʨ	3.8936680129108425
n	n	3.795928644419766
ˈɛ	ˈe	3.7949114999482494
r_u	r	3.725804129624993
tː	t	3.645774378185656
tː	ʨ	3.572917716150225
ʃ	ʃ	3.568777073215137
ˈɔ	ˈu	3.4725803149673427
r	r	3.418612273269735
t_e	t	3.2979233392267453
ˈa	ˈɔ	3.2938898449553133
ˈa	ˈaː	3.2370945676272225
u	w	3.22514867910936
a	ə	3.180932153606149
ˈa	ˈa	3.172686146791869
ˈɛ	ˈɛ	3.1008756892539897
t	d	3.0907079516510647
s	ʃ	2.7622745667528235
kː	ʨ	2.573463163571562
u	o	2.5148235924094564
z	s	2.473166318007787
ˈɔ	ˈɔ	2.4630690226648784
#>	ʎ_#>	2.388357143778336
ˈɛ	ˈeː	2.380142182807974
#>	s_#>	2.2617901762567323
ɟ	ɡ	2.0536172517485234
ˈi	ˈɛ	2.0261741102171134
n	w_n	2.0101835751183947
e	ə	2.00286241453878
nː	n	1.8823226379530584
j	s	1.5433279493067338
ˈa	ˈa_w	1.37165454697873
ˈe	j	1.327558233842734
p	v	1.302742675764875
ˈe_lː	ˈɛː	1.2975885994716072
i	ə	1.2937736657239132
f	f_j	1.261167071255437
c	ʎ	1.241211080041621
i	e	1.2337701936467322
j	ʥ	1.184002356339778
v_e	f	1.1057169963710762
ˈɔ	u	1.0350702045980278
u	i	1.0342494637718556
sː_u	s	0.9849027316373042
sː	s	0.9308606483133544
ˈe	ˈɛː	0.8947461991849901
ˈo	w	0.8626066493852337
ˈo	ˈɛ	0.7351081367018651
d	t	0.6686435700483702
t	ʨ	0.6379214820661907
r	ə_r	0.6163764841906241
e	r	0.5778794056679203
#>	n_#>	0.3327222161928973
e_#>	#>	-0.7860954509711577
#>	r_#>	-0.732219737965348
u_#>	#>	-0.4218333516705878