Phone1	Phone2	Surprisal	OOV_Smoothed
a	ə	0.03554115064928999	4.761188408840743
b	b	-0.0	4.761188408840743
d	d	-0.0	4.761188408840743
e	ə	0.03113069794777317	4.761188408840743
f	f	-0.0	4.761188408840743
i	i	-0.0	4.761188408840743
j	j	-0.0	4.761188408840743
k	k	-0.0	4.761188408840743
l	l	-0.0	4.761188408840743
m	m	-0.0	4.761188408840743
n	n	-0.0	4.761188408840743
o	u	-0.0	4.761188408840743
p	p	-0.0	4.761188408840743
r	r	-0.0	4.761188408840743
s	s	-0.0	4.761188408840743
t	t	-0.0	4.761188408840743
u	u	-0.0	4.761188408840743
v	b	0.45090383367238374	4.761188408840743
v	β	1.8974594347815754	4.761188408840743
w	w	-0.0	4.761188408840743
z	z	-0.0	4.761188408840743
ð	ð	-0.0	4.761188408840743
ŋ	ŋ	-0.0	4.761188408840743
ɐ	ə	-0.0	4.761188408840743
ɜ	ə	-0.0	4.761188408840743
ɞ	ə	-0.0	4.761188408840743
ɡ	ɡ	-0.0	4.761188408840743
ɣ	ɣ	-0.0	4.761188408840743
ɲ	ɲ	-0.0	4.761188408840743
ɾ	ɾ	0.03245302289886149	4.761188408840743
ʃ	ʃ	-0.0	4.761188408840743
ʎ	ʎ	-0.0	4.761188408840743
ʤ	ʒ	0.3023079761786239	4.761188408840743
ʤ	ʤ	2.4031909271495455	4.761188408840743
ʧ	ʧ	-0.0	4.761188408840743
ˈa	ˈa	-0.0	4.761188408840743
ˈe	ˈe	-0.0	4.761188408840743
ˈi	ˈi	-0.0	4.761188408840743
ˈo	ˈo	-0.0	4.761188408840743
ˈu	ˈu	-0.0	4.761188408840743
ˈæ	ˈɛ	-0.0	4.761188408840743
ˈɒ	ˈɔ	-0.0	4.761188408840743
β	β	-0.0	4.761188408840743