Phone1	Phone2	PMI
ð	ʒ	6.367284600019312
d	d	6.319848584297397
ɲ	ɲ	6.280305909357489
ɡ	ɡ	5.89895575191328
ˈʌu̯	aœ̯	5.885213422401128
ˈɛ_l	oʊ̯	5.561166361225709
ˈɛ_r	e	5.535483521858516
i	i	5.31867191100166
n_a	n	5.28833587664101
ˈɔː	ɑɔ̯	5.249176524970858
b	b	5.203523216964998
p	p	5.191101547119935
t	t	5.054368295738072
n	n	4.951798774548708
a	a	4.950192797107719
f	f	4.855852737742678
v	v	4.778678388388194
ˈa_ŋ	ẽɪ̯̃	4.710202999911108
m	m	4.640567037470779
ˈuː	y	4.619567350991295
ˈiː	i	4.574717319111034
s	s	4.534330045536519
ˈa_ŋ	ã	4.533298443395095
ˈe	ɪ	4.506767792300474
ŋ	ẽɪ̯̃	4.456942542636915
ˈɔ_s	o	4.42839168793146
θ	s	4.385976933591934
l_a	l	4.360990303902967
m_a	m	4.277935684802885
ˈe	i	4.232751268412222
k	ʃ	4.142236006912999
l	l	4.102896349476759
ˈuː	øʏ̯	3.994971200034662
k_#>	#>	3.992763888317594
k	k	3.981309093702616
ŋ	ɒ̃ʊ̯̃	3.816038308955151
ˈa	w	3.815290884479277
ˈʌ_ŋ	ɒ̃ʊ̯̃	3.787391855746775
j	j	3.76476826665724
ˈɛ	æɛ̯	3.699562758993012
ʧ	j	3.694857102024893
e	ɛ	3.642701081039315
ˈaː	a	3.616217196284772
r_a	ʁ	3.584683420055544
e_r	ʁ	3.484286387667975
ˈæ_ŋ	ã	3.475789107112525
u	u	3.4610467020501097
ˈe_ŋ	ẽɪ̯̃	3.2996313451789585
ˈaː	æɛ̯	3.233778952237054
ʤ	ɡ	3.204969364187182
s_t	t	3.155739416969592
ɡ_#>	#>	3.077580416093965
z	z	3.008221964498439
r_e	ʁ	2.9066299205399506
r	ʁ	2.886863244063315
j	l	2.8059032719355432
k	e_k	2.800133997815069
ˈɛ	e	2.79159058538639
ˈo	y	2.697151894758239
m_#>	#>	2.678931629237644
d_#>	#>	2.642461342322916
t_#>	#>	2.623425926836432
k_a	ʃ	2.530778330076427
z_#>	#>	2.4950682234896746
d	ʣ	2.4691113875333204
ˈɔː	œ	2.1817025885649004
ˈa_d	w	1.9870951096463123
ˈɛ	ɛ	1.967290082956616
n_#>	#>	1.7859544194917625
ˈiː	w_ɛ	1.7025793966913514
j	ɛ	1.5854315733029187
ˈaː	ã	1.393254917913921
ˈa	w_ɛ	1.1710269424730275
ˈiː	ɛ	1.1647161294235175
r_t	ʁ	1.1500738926727163
ˈɔ	u	1.0729420168370924
k_w	k	1.0255936323206267
ˈa	æɛ̯	0.9936007169614628
t_e	t	0.9850393562071442
<#_s	<#	0.9010952566024708
ʧ_#>	#>	0.8929772097458812
ˈɛ	oʊ̯	0.7508517091246989
#>	øʏ̯_#>	0.4467863227779067
a	æɛ̯	0.4341941923714631
v	f	0.3603851159354246
l_#>	#>	0.2261970624351933
a_#>	#>	0.0287682932156343