Phone1	Phone2	PMI
ˈoː	ˈo_w	7.387374680558626
ɲ	ɲ	7.307766609736336
ˈeː	ˈe_j	6.976050041952603
ˈu	ˈu	6.588507675799191
ʤ	ʒ	6.487916015505968
o	o	6.3549194724327736
ɡ	ɡ	6.018832431431105
ˈɔ	ˈɔ	5.932243823719905
b	b	5.876728660739754
z	ʒ	5.869649879432716
ʧ	ʧ	5.680400092483314
v	v	5.66452704893795
ʧ	ʦ	5.461778211605018
i	e_r	5.427906663745975
c	ʨ	5.426688784289923
ˈuː	w_ˈɛ	5.384988239795531
ŋ	ŋ	5.3404265070711485
t_r	t	5.283868835902465
m	m	5.224646466036579
i	i	5.157778202966833
w	w	5.148379449622488
f	f	5.005495240717081
p	p	4.958696657628094
k	k	4.946969966914662
ˈo	ˈo	4.875906758475701
ˈi	ˈi	4.709483645647308
t	t	4.695680770375571
d	d	4.676009795425487
j	j	4.618252080382258
w_ˈa	ˈɔ	4.488586475715758
j_ˈɛ	ˈɛ	4.357828657498045
s	s	4.346061427433515
ˈa	ˈa	4.311838818333918
s	ʃ	4.288939201232121
n	n	4.177324774088411
i	e	4.17377916161393
k_w	k	4.121734173920373
l	l	3.9630278161534815
ˈe	ˈe	3.892534890262507
ˈaː	ˈe	3.8689360292379935
ˈiː	j_ˈɛ	3.866669183104999
r	r	3.837082526001461
a	a	3.704860669342579
ˈe	ˈe_j	3.685571444624913
u	o	3.654987616597682
e	a	3.565883169625024
ʧ	ʨ	3.5214356978170698
ˈiː	ˈi	3.502710101142262
ˈɛ	ˈɛ	3.499591428482112
ŋ	n	3.4621776927044707
ˈuː	ˈu	2.915507284105414
ˈaː	ˈɛ	2.75749150464466
ɟ	ʥ	2.726344775815108
l_i	l	2.69449010662479
#>	e_#>	2.3378150997642995
<#_j	<#	2.237772446131823
ˈi	ˈɛ	2.062077288198445
ˈa_l	ˈa	1.9995225403471983
r	r_n	1.9426420554008
ˈaː_t	ˈe	1.879678857717976
ˈo	ˈɔ	1.7252442384448254
l	d_l	1.6922798028142287
ˈɛ	ˈe	1.6209431574968949
e	e	1.5908122161029845
ˈoː	ˈo	1.4554587133344152
v_j	v	1.1479096770437789
w_ˈɛ	ˈɔ	1.1213308229443095
ˈiː	ˈɛ	1.1112842904317883
ˈa	ˈɛ	1.1100370253028424
ˈo	ˈe	1.0185403095270744
w	ˈɔ	0.8505756677347474
ˈɛ	ˈɔ	0.5941388853416397
ˈa	ˈɔ	0.3773059907194707
i_#>	#>	0.3358174452664357
<#_v	<#	0.3243030025113776
t_#>	#>	0.1160143604457705