Phone1	Phone2	PMI
ˈoː	ˈo_w	7.368537740222892
ɲ	ɲ	7.1750686287355965
ˈeː	ˈe_j	6.671786274446627
ˈu	ˈu	6.408773129182672
o	o	6.2695339303265545
ʤ	ʒ	6.263961938203084
ɡ	ɡ	6.166776863206777
b	b	6.089058711492899
z	ʒ	6.0819799301858595
ʧ	ʧ	5.892730143236458
w_ˈa	ˈɔ	5.766897429219059
ʧ	ʦ	5.674108262358161
ŋ	ŋ	5.5023648780114245
c	ʨ	5.399488679361644
v	v	5.3459376640918315
k_w	k	5.283930537203506
i	i	5.256840066801693
ˈi	ˈi	5.2530575219313675
ˈuː	ˈu	5.194959434664248
m	m	5.180538700730122
ˈuː	w_ˈɛ	5.144170297553274
ˈo	ˈo	5.069089767391632
ˈɔ	ˈɔ	5.066225828609846
k	k	5.065809720661048
n	ˈɛ_n	5.062679433394308
f	f	5.052153759138513
w	w	4.998844963891482
p	p	4.872015770627985
d	d	4.801538374762796
ˈe	ˈe_j	4.78076846494992
j	j	4.747681180502168
t	t	4.725872873626189
ˈa	ˈa	4.589738689860339
w_ˈɛ	ˈɔ	4.526096726971742
s	ʃ	4.386601901606586
s	s	4.335122588317423
i	e	4.326971721030002
<#_j	<#	4.043028862097818
ˈɛ	ˈɛ	3.991127740827305
ˈiː	j_ˈɛ	3.9814163022019122
t_r	t	3.9806897987381826
ˈiː	ˈi	3.958495788661638
n	n	3.8813176921594374
r	r	3.8606957949384046
u	o	3.7830736058564334
l	l	3.7263019925551375
e	a	3.712099975693001
ˈaː	ˈe	3.687119119142431
ʧ	ʨ	3.670902766414716
a	a	3.658881296770328
j_ˈɛ	ˈɛ	3.6543914504466404
ˈe	ˈe	3.5819916424698017
ŋ	n	3.5093551634845106
i	e_r	3.243764926817393
s_e	s	3.0050169771514064
ɟ	ʥ	2.8105661952711762
l	d_l	2.690089670142784
ˈaː	ˈɛ	2.6900672988401886
ˈɔ	w	2.5489322436660236
#>	e_#>	2.454807599908531
#>	m_#>	2.3207799459875917
v_j	v	2.192249563946032
r	r_n	2.0019769287419127
r	ˈɛ_r	1.9439582168417902
ˈa_l	ˈa	1.8666317891627502
ˈo	ˈɔ	1.8484827545520408
l_i	l	1.6171507855045162
ˈoː	ˈo	1.4887084373002384
<#_v	<#	1.1427875057015189
t	t_e	0.9481430694866531
w	ˈɔ	0.8668991586957105
#>	r_#>	0.8514587322669883
r_i	r	0.8380096734704523
t_#>	#>	0.5160143604457705
e	e	0.40324351301544914
i_#>	#>	0.22387829684429045
#>	n_#>	0.11193914842214522