Phone1	Phone2	PMI
ˈoː	ˈo_w	7.371018599576292
ɲ	ɲ	7.138125021376364
ˈuː	w_ˈɛ	7.004381991529231
o	o	6.651467180609352
ˈeː	ˈe_j	6.651167196933506
ɡ	ɡ	6.610038584357839
ˈu	ˈu	6.608281845167342
ʤ	ʒ	6.270364934766389
z	ʒ	6.019109266743309
u	o	5.920210656028141
ʧ	ʦ	5.7159170495702005
c	ʨ	5.653227274256978
v	v	5.633275228680127
ɟ	ʥ	5.528838457786736
b	b	5.415170530997282
ŋ	ŋ	5.193336853772647
m	m	5.192852733489658
i	i	5.058669986931034
f	f	4.965405575662883
d	d	4.951491907408192
p	p	4.942731774022623
k	k	4.887835168215256
t	t	4.858779581752604
ˈo	ˈo	4.812420147897685
j	j	4.784252586513475
ʧ	ʧ	4.732208874062924
ˈi	ˈi	4.686091419691422
ˈɔ	ˈɔ	4.573810226609499
w_ˈa	ˈɔ	4.535950095132638
j_ˈɛ	ˈɛ	4.5126299177060005
s	ʃ	4.460264228012064
s	s	4.431667979200203
ˈa	ˈa	4.341300355814267
i	e	4.2493640141905455
k_w	k	4.248754985333986
w	w	4.221308824362718
n	n	4.107504687832599
p_j	p	4.052864902516859
ʧ	ʨ	3.901088757019699
ˈaː	ˈe	3.866526379149139
l	l	3.849826827592473
ˈɛ	ˈɛ	3.7842505401768953
r	r	3.768532248422712
p	p_j	3.668070673746727
ˈe	ˈe	3.666259641525531
e	a	3.5430849611915334
ˈiː	ˈi	3.541914872715273
a	a	3.458864289147952
ŋ	n	3.3673582020039925
i	e_r	3.017191948244786
ˈe	ˈe_j	2.959898745187414
ˈaː	ˈɛ	2.8006237873047515
r	r_n	2.7729059892486987
l_i	l	2.714731831518918
ˈuː	ˈu	2.642381909289314
u	u	2.605084072774969
ˈaː_t	ˈe	2.564490153437525
w_ˈɛ	ˈɔ	2.337540692431652
ˈiː	j_ˈɛ	2.276770264986073
v_j	v	2.132075068722567
t_r	t	1.9165806951488336
n_t	n	1.8444206574976008
ˈa_l	ˈa	1.8006875526788613
r	w_r	1.58910123276435
#>	e_#>	1.5837321197931449
ˈɛ	ˈe	1.5102405271965476
e	e	1.442530221638839
ˈi	ˈɛ	1.3918559377881068
d	d_j	1.2994878489821629
ˈoː	ˈo	1.2977279928132894
<#_j	<#	1.2598988478018731
ˈa	ˈɛ	1.2531015082785155
ˈɛ	ˈɛ_d	1.2306897943224564
t	w_t	1.2212494015348618
ˈo	ˈe	1.155479478766221
a	e	1.1258406049640706
w_ˈi	ˈɔ	1.1186869230961454
ˈa_w	ˈɔ	1.0960994729506863
ˈo	ˈɔ	1.090772854747189
f_j	f	1.0760192282441627
b_j	b	1.0587748667243635
b_w	b	0.9577239320231528
ˈɔ	w	0.8553538144898265
l	d_l	0.8298003279997967
ˈu	ˈe	0.7119282973464724
ˈiː	ˈɛ	0.6522193839065172
ˈi	ˈɔ	0.6020035894171756
<#_v	<#	0.5356846062167638
ˈaː	ˈa	0.4085857258799842
l	w	0.3925570446415213
ˈe	ˈɛ	0.2826200025955273
ɲ	n	0.2574519539716052
<#	<#_l	0.2190673643682969
i_#>	#>	0.1089213473691791
#>	r_#>	0.1011781859459914
t_#>	#>	-0.3034582005076273
#>	n_#>	-0.004035576387526