Phone1	Phone2	PMI
p_t	ʧ	7.368949742063763
ɡ	ɡ	7.282837863499745
ˈo	w_ˈe	6.078503396773198
z	d	5.768490817096147
j	j	5.6039531972021
d	d	5.600902168717941
ʃ	θ	5.498224030779555
t	ð_o	5.442537650220598
o̯ˈa	w_ˈe	5.400006684819662
k	ɣ_o	5.287930496053301
v	b	5.221231479155868
ʧ	θ	5.171728070243169
p	p	4.858943932057918
f	f	4.795772050842833
m	m	4.766317387231129
b	b	4.682157409463329
l	l	4.591818223035799
s	s	4.577392956309305
ˈi	ˈi	4.561819161376346
n_e	n	4.406378327065138
ˈu	ˈu	4.2941883748811565
t	t	4.238381204425256
k	k	4.164223948523757
r_e	ɾ	4.127789305067219
b	β	4.0583414600194985
ˈɨ	ˈa	3.941723352148741
ˈa	ˈa	3.9223921304081335
ˈe	ˈe	3.886480709835904
e	e	3.724121471441309
n	n	3.6541400041265377
t	ð	3.6073869863302055
ə	a	3.5621404122400087
ˈo	ˈo	3.5499088329560307
ˈu	ˈo	3.48316673338306
ˈi	j_ˈe	3.4078031328037306
r	ɾ	3.2884200799419565
u	o	3.2816150341886785
n	n_o	3.2557513728429623
o̯ˈa	ˈo	3.2419949492157327
ʧ_e	θ	3.2028449240557952
#>	s_#>	3.1814515546311224
a	a	3.1250998584657528
e	ɾ_e	2.9294665613917643
k	ɣ	2.8500186722579013
ˈu	w_ˈe	2.635698230853942
l	ʝ	2.539095168031553
m_n	ɲ	2.5327139354567807
p	β	2.5161141874101025
r_e	l	2.4580530865401964
r	r	2.3927434895168624
e̯ˈa	ˈe	2.290290948932961
w	o	2.1901560211166182
<#_f	<#	2.1800086150083464
j	x	2.142509164801789
t	t_o	2.1394798161897106
n	ɲ	1.972341384282595
l	ɟ͡ʝ	1.9613397494217724
m	m_b	1.914922144513344
<#	<#_e	1.7237765897228563
e	a	1.6760547246433095
kʲ	x_o	1.6653623433664886
ˈi	ˈe	1.6106693483611805
i	i	1.4915318392584132
r	l	1.4363276866232644
ʧʲ	ŋ	1.3559174582358855
s	s_o	1.2428821371349947
w	β	1.154632204403999
s	e_s	1.1179692245332478
ʦ	θ	1.1109631297835487
ə	e	1.0179137768801712
r	l_o	0.972006183616948
ˈa	ˈe	0.838099820341329
ˈɨ_j	ˈa	0.7957829938147075
o	o	0.7424299513738046
n	ŋ	0.7340009616685497
e	ˈe	0.3580025222587701
ˈu	w	0.2968401967489115
ˈa	a	0.2304841951770556
ə	o	0.1412748264581507
#>	o_#>	-0.5040143205812773
e_#>	#>	-0.4982326393438773