Phone1	Phone2	PMI
p_t	ʧ	7.8406878820019035
m_n	ɲ	7.268909572470254
ɡ	ɡ	7.127487840308464
t	ð_o	5.930047641752601
z	d	5.908679800571469
d	d	5.883058835421932
ʧ_e	θ	5.700954559747211
ˈo	w_ˈe	5.501921135528785
o̯ˈa	w_ˈe	5.42300638158954
v	b	5.400536683045071
p	p	5.181615308408241
ʧ	θ	5.1253998190260495
f	f	4.952738628842091
m	m	4.916755358739167
k	ɣ_o	4.69006172305525
l	l	4.635828778495688
b	b	4.618625002055814
e	ɾ_e	4.571999712843939
n_e	n	4.571850165840335
k	k	4.566531539028135
l	ʝ	4.520792593554873
s	s	4.467154766243461
ˈu	ˈu	4.458445417505367
t	t	4.431046486240996
r	l_o	4.3239441705110515
r_e	ɾ	4.272336351361143
ˈɨ	ˈa	4.261438233681661
ˈi	ˈi	4.229532468825215
i	i	4.186277988736417
p_l	ɟ͡ʝ	4.179704655308159
e	e	4.172766772918378
#>	s_#>	4.116106301953086
t	ð	4.060265031843024
n	n_o	4.049626497304804
ˈa	ˈa	4.034381262382553
e̯ˈa	ˈe	3.9881875878775532
j	j	3.976843637285904
ˈe	ˈe	3.7979066109823347
b	β	3.6010098779054402
k	ɣ	3.5939338647606647
ə	a	3.5456636784390834
n	n	3.5285375995695603
ˈu	ˈo	3.4684503504360076
a	a	3.4266403661721005
w	ˈe_β	3.4215243867543927
u	o	3.4144713538483313
<#_r	<#	3.364049170620545
kʲ	x_o	3.2421552416843293
r	ɾ	3.2172741317328937
ʒ	x	3.199803103247793
o̯ˈa	ˈo	3.1643895579972403
ˈi_e	ˈi	3.153898721228942
ˈo	ˈo	3.1056106602659876
j	x	3.0239714886996194
m	m_b	2.9869898719488153
ˈo_j	ˈo	2.9024995664755275
<#_f	<#	2.836434032374224
#>	θ_#>	2.760520510606773
s	e_s	2.573932273059084
ʃ_t	θ	2.565017612537133
s	s_o	2.5359434916823034
ˈi	j_ˈe	2.411853661990857
r_e	l	2.378368912035536
p	β	2.318082093413509
n	ˈe_n	2.3021667285553833
j_ˈa	j	2.2669285966511525
r	ˈe_ɾ	2.229155317838291
ʃ_t	s	2.2130077710812834
r	r	2.204621480928258
r	e_ɾ	2.1750054430427883
ˈu	w	1.9831688255224529
<#	<#_o	1.9650599459588816
<#	<#_e	1.8653404394241941
<#_j	<#	1.7546324212918463
n	ɲ	1.646784293975628
ˈi	ˈe	1.6417494913560433
ˈo	w	1.639234436528287
ʧʲ	ŋ	1.4247806725219765
ə	e	1.260920192640867
ʦ	θ	1.1598949149563813
t	t_o	1.1467450028079385
w	β	1.1404879188343209
ˈa	a	0.9128717670085285
l	ɟ͡ʝ	0.8776185167771964
r	l	0.7729356084073612
r	ɾ_o	0.7537307424586429
w	o	0.6914010506938915
ˈe	j	0.6911748342901616
#>	e_#>	0.6470759322020295
ˈə	a	0.6323116510578222
i	e	0.6304301343882073
ˈu	w_ˈe	0.6240386722243529
ˈə	ˈe	0.5578834189157911
<#	<#_ˈo	0.5275285634794666
ˈi	a	0.4287678177557087
#>	o_#>	0.32753626123920676
<#_p	<#	0.07136674196711273
#>	a_#>	-0.09627614217343936