Phone1	Phone2	PMI
k_ʎ	c	8.526217732574736
ʣ	ɟ	6.906870671308807
b	b	6.886089123935569
p_t	tː	6.825644508744529
ʦ	ʧ	6.784440481475787
ˈa_r	ˈa	6.489963610133794
f	f	6.244696712466001
d	d	6.219615335030487
ʃ_t	ʃː	6.026606214110341
r	l_u	5.894490833939697
ç	f	5.590804577467356
ˈi	ˈi	5.522449400383241
i_r	e	5.438388985307098
ʤ	ɟ	5.408851103498256
m	m	5.337287838623452
ˈu	ˈu	5.329302619252919
s	s	5.324143455155417
n	n_u	5.246313791867359
p	p	5.119927427361845
l	l	4.943425320872934
j	v	4.938516015841973
ˈo	ˈo	4.917241804386093
t	t	4.871425038958783
ˈe	ˈɛ	4.633039439194306
<#_a	<#	4.512126817033045
o̯ˈa	ˈɔ	4.492130615899541
e̯ˈa	ˈɛ	4.3976676563364805
ˈa	ˈa	4.30335178954051
k	k	4.280599071410099
ˈɨ	ˈa	4.28044018463938
r	r	4.202325390736156
ˈo	ˈɔ	4.181352815076935
n	n	4.117798634096928
ɲ	ɲ	4.078670163208281
ˈu	ˈɔ	4.0480312440433055
ə	a	3.989643893667922
i	i	3.9884918544408494
ˈi	ˈɛ	3.9748188985599113
r_i	e	3.967841296403376
t	t_r	3.676951605999798
i	e	3.658988656601161
u	u	3.510860988948498
ʃ	s	3.4276647900789627
k	kː	3.41852432747868
a	a	3.379554282735709
v	v	3.1938691838651074
ɡ	ɡ	3.163499280840097
u	o	3.009397056369365
ˈe	ˈe	2.957585055809079
ʎ	ʎ	2.9036132223435285
l	j	2.8558151049289444
e	e	2.808850537029944
n	nː	2.587292428836963
o̯ˈa	ˈo	2.46763428498248
k	i_k	2.463895335099539
ˈu	ˈo	2.2898145226781152
k	k_u	2.2167126008689246
ʣ	d	2.0066787132832067
n	ɲ	1.996265666667044
m_n	nː	1.8528359780947876
ɲ	m	1.7541092359027184
e̯ˈa	j	1.7515695444407728
ʎ	ʎ_u	1.747033728586748
e̯ˈa	ˈe	1.6307908605768264
ˈa	ˈɛ	1.6241205474702436
i	u	1.5209357983677525
ˈa	ˈe	1.4684687217901136
ˈi	ˈi_v	1.4500354157368016
ʦ	t	1.4320557323654084
t	tː	1.4111362066205817
ʦ	k	1.4045589717263507
ŋ	ŋ	1.400784117182314
l	lː_u	1.3997093176972002
k	p	1.3025004124280384
ə	e	1.255140024832171
<#	<#_a	1.2012427992928691
ˈi_r	ˈɛ	1.19064798126794
a_r	r	1.1848659775178625
p	p_u	1.179293809093248
w	v	1.148177236015555
t	t_u	1.13988173540717
s	ʃ	1.0641780771472773
l	ŋ	1.0452626014496036
w	u	1.0013521342385758
v_r	r	0.9992057595629212
#>	u_#>	0.9909639686357286
e̯ˈa	ˈa	0.9201663103384968
r	l	0.9080065202884516
k	k_a	0.9026472676046196
b	v	0.8918537919514072
r	rː	0.883294222900456
t	p	0.8375462903893363
l	lː	0.8051263303620679
n	ŋ	0.7765755283981003
i	a	0.7434626366024373
ˈa	a	0.3541551867333682
m	n	0.3356579460877487
u	ˈɔ	0.1758214890599401
ə	u	0.0083176788591569