Phone1	Phone2	PMI
k_ʎ	c	6.994488893135707
b	b	6.591737899093883
ʦ	ʧ	6.497394431839124
ʣ	ɟ	6.038255850309208
f	f	5.866682961361975
p_t	tː	5.590928847000986
d	d	5.588855948725685
i_r	e	5.192988039191263
ɲ	ɲ	5.132428888301154
ʃ_t	ʃː	5.11557233010612
ˈi	ˈi	4.983074355081017
ʤ	ɟ	4.951317506803059
ˈa_r	ˈa	4.94921826622087
r	l_u	4.860664172239952
s	s	4.80840918953043
ˈu	ˈu	4.733322013677169
m	m	4.725803875963729
p	p	4.622387893746355
j	v	4.556257594928724
l	l	4.519944010547197
ˈe	ˈe	4.4584886051507135
ˈo	ˈo	4.443879889529961
t	t	4.366604225304179
n	n_u	4.114774301848753
ç	f	4.010068491269555
o̯ˈa	ˈɔ	3.9888085439010026
e̯ˈa	ˈɛ	3.921816847834074
r_i	e	3.9094426633282495
ˈa	ˈa	3.826565662956301
k	k	3.82063457195926
ˈe	ˈɛ	3.797002900112264
r	r	3.741918633697179
ˈɨ	ˈa	3.7244655741570414
ˈo	ˈɔ	3.5929171097241954
n	n	3.5452128973815973
i	i	3.531313375109232
ˈi	ˈɛ	3.5310023007739235
ˈu	ˈɔ	3.5215432758664558
ə	a	3.4435144296561897
i	e	3.101705053221021
a	a	3.0698268610659447
u	u	3.0432707130022814
k	kː	3.0088712888312403
t	t_r	3.0042123388036424
ɡ	ɡ	2.9955064194703693
ʃ	s	2.985151627470849
v	v	2.916927647738925
ɲ	m	2.756403588350385
u	o	2.7112995509789446
ʎ	ʎ	2.704382041276715
l	j	2.574376961872681
e	e	2.478713151943454
n	nː	2.249643878602479
o̯ˈa	ˈo	2.1823884403554694
k	i_k	2.0164971403999736
ˈu	ˈo	1.9664682950523584
k	k_u	1.8435711181167524
ʣ	d	1.7057751640846386
e̯ˈa	j	1.6733771692891062
w	v_u	1.6210991999102309
n	ɲ	1.5826448560816035
m_n	nː	1.5558228003993022
<#_a	<#	1.5217871215748924
ʎ	ʎ_u	1.5107471885935342
e̯ˈa	ˈe	1.4261590429678417
ŋ	ŋ	1.3515698421491034
n	ŋ	1.2950682643975768
ˈa	ˈe	1.2807501821151517
ʦ	k	1.2429459566723444
ˈi	ˈi_v	1.240288999700225
t	tː	1.1855851254129144
l	lː_u	1.180915345954055
w	j	1.1641933195052947
i	u	0.9951767098504076
s	ʃ	0.982881964733499
p	p_u	0.9753354618110546
k	p	0.9741434861943772
ə	e	0.9642548957060834
a_r	r	0.9631279756043248
t	t_u	0.9359233881249768
ə	v_e	0.925905919240177
ˈi_r	ˈɛ	0.8914426356329297
r	l	0.8153256731734033
b	v	0.7865369071643407
l	lː	0.7184295814061185
v_r	r	0.6858445466625918
ˈa	ˈɛ	0.6731299155377328
<#	<#_a	0.6678972932543334
k	k_a	0.6663607276114061
e̯ˈa	ˈa	0.6575974040628095
t	p	0.6224495311339483
ʦ	t	0.5245163752662261
i	a	0.3540498604879998
ˈa	ˈɔ	0.2971798499472298
m	n	0.2177228774347136
ˈa	a	0.185755542783354
u	ˈɔ	0.0778097794778964
#>	u_#>	-0.4756319968434833
ə	u	-0.0339692963254273