Phone1	Phone2	PMI
k_ʎ	c	7.32511928577759
p_t	tː	6.643397039753707
b	b	6.612123753848612
ɡ	ɡ	6.286805852663962
f	f	6.066052406905193
ʦ	ʧ	5.701349611361435
ʤ	ɟ	5.374960063449361
d	d	5.326354235699728
w	v	5.232785642843513
j	v	5.126707498485015
ˈa_r	ˈa	5.076284498600246
r	l_u	4.9782512528776985
s	s	4.894977895062588
ɲ	m	4.8630902237636695
m	m	4.834904178639644
ˈi	ˈi	4.758603973132692
ʣ	ɟ	4.700373788649482
t	t	4.696958989822
v	v	4.694740215429836
p	p	4.651343082944717
ˈu	ˈu	4.613585432747119
ç	f	4.498696438868144
l	l	4.448227990286056
ʃ	s	4.378663895196832
n	n_u	4.371456525807682
ˈo	ˈo	4.3276053362475455
k	k_u	4.32700872206356
o̯ˈa	ˈɔ	4.198104160525731
e̯ˈa	ˈɛ	4.143576542776981
ˈɨ	ˈa	4.1161695220458805
ˈa	ˈa	4.004959128407626
i_r	e	3.969709215873026
ˈe	ˈɛ	3.943657682765942
r	r	3.9132328001823344
k	k	3.860219514415413
r_i	e	3.781201122886444
n	n	3.674545331336749
ˈe	ˈe	3.653773325683252
ˈo	ˈɔ	3.5888381284772644
i	i	3.5199283128769725
ə	a	3.505437799517112
ˈu	ˈɔ	3.4998042018467017
l	lː_u	3.303664743840925
ˈu	ˈo	3.268972028305993
ˈi	ˈɛ	3.2529867986520484
ʎ	ʎ	3.1448295831746047
i	e	3.119816274628852
l	j	3.051472739218706
u	u	3.028493171677313
ʣ	d	2.7392206030959594
ʦ	t	2.7125383243251955
a	a	2.6117905281753333
e	e	2.404577888806268
k	kː	2.2746578271593627
e̯ˈa	ˈe	2.109628613785356
n	ɲ	1.81556010258258
u	o	1.7485264275570565
e̯ˈa	j	1.6454257732918758
n	nː	1.5987731842612378
o̯ˈa	ˈo	1.5826067028561988
<#_a	<#	1.4334612090856105
t	tː	1.4101255583831085
k	p	1.2967992176997882
ə	e	1.2458969154004738
ˈa	ˈe	1.1686917418733391
a_r	r	1.067323717164467
i	u	0.9675538014237304
j	j	0.9004502144035369
n	ŋ	0.6854831678190189
ʦ	k	0.4606374571929681
ˈa	ˈɛ	0.3441630035001362
ˈa	ˈɔ	0.2534348055101368
r	l	0.1835646895161349
i	a	0.1771970738845297
ə	u	-0.1305709610571222