Phone1	Phone2	PMI
ˈɨ	ˈɑ	6.2722155497550505
ʤ	ʃ	6.07917889236954
f	f	5.842224916106199
ʣ	d	5.656425281476086
j	b	5.564721158232331
d	d	5.561008816384288
v	b	5.527291237617039
a	a	5.43656150023427
b	b	5.303049294335182
ʦ	θ	5.2074374929463545
k	ɣ_ʊ	5.1002806060633885
l	l	5.09454357341448
ˈo	ˈɔ	4.821081297446843
ˈe	ˈɛ	4.71095800781411
ˈu	ˈu	4.689778314851788
n	ɲ_ʊ	4.667690343271808
p	p	4.663376064868034
m	m	4.650067854824913
s	s	4.602916792987806
ˈi	ˈi	4.551978421657678
r_i	ɾ	4.373736784817747
ç	f	4.297925611827141
ˈa	ˈa	4.283581396696005
e̯ˈa	ˈe	4.242899524922997
k_ʎ	ʎ	4.1731695033499285
t	t	4.1724565153898965
w	β	4.140176899004379
o̯ˈa	ˈɔ	4.138670261320339
t	ð_ʊ	4.125828130784824
ˈi_n	ˈe	4.041746689054122
k	k	3.997185158201636
i	ɪ	3.9921858181045344
u	o	3.9721493427880943
n	n	3.93538139568088
ə	ɐ	3.7935850589622366
t	ð	3.7328497079472416
ˈu_n	ˈo	3.721417838352925
ˈu	ˈo	3.5988377126103828
ʦ_i	θ	3.565290509439264
r	ɾ	3.529083079729105
o̯ˈa	ˈo	3.3346587308520883
n	ŋ	3.275716282870829
i	e	3.260427064013101
u	ʊ	3.259849864758247
#>	s_#>	3.216714332553845
ˈe	ˈe	3.1856095004595884
ˈi	ˈe	3.0714750301422367
i	i	3.017902006089016
n	ɲ	2.940101901848301
f_l	ʧ	2.8255555694874657
ˈɨ	ˈa	2.7476622656099527
ʎ	ʎ	2.711031237240839
p	j	2.702478447260016
e̯ˈa	ˈɛ	2.461448127638522
ˈo	ˈo	2.4276617510069305
p	β	2.179008855087658
<#	<#_e	2.178119357653574
k	ɣ	2.0986736549263
ʃ_t	s	1.988193876176673
ˈa	ˈɛ	1.8273896491319783
ˈa	a	1.683415880065498
r	r	1.6050250783028457
ə	a	1.5993998416556643
i	ɐ	1.5566610314909566
ʦ	k	1.5273467274939487
ə	ɪ	1.3170196323394765
n_e	ŋ	1.2622165308416695
s	e_s	1.2099809691339811
<#_a	<#	1.1934824770637398
n_ˈu	n	1.08763671399505
ɲ	m	1.009030936169086
k	p	0.9500091418258488
ʃ	s	0.9173776950999356
ʎ	l	0.8985227315633301
n_ə	ɐ	0.8690493852548384
e_#>	#>	0.8643856189774726
r	l	0.5977903557921483
i	ˈe	0.5634136209559559
ʦ	t	0.5000691681788348
i	ˈi	0.3343667938460288
ˈi	ˈa	0.24681894662107
ə	ʊ	0.1725719545221234
i_#>	#>	-1.0841874177246875
#>	ʊ_#>	-0.7055550040077658
#>	ɪ_#>	-0.101629380734065