Phone1	Phone2	PMI
ɑ̃	ˈɛ_n	7.4698275403532
ʒ	ʒ	6.299928686244564
y	ˈu	6.299361127470892
ɛ̃	ˈi_n	6.237460058765115
œ	w_ˈɛ	6.231808552643129
n	n_a	6.081578675838434
ɡ	ɡ	5.875206156338157
o	ˈɛ_l	5.734924911088574
t	s_t	5.507175132228445
d	d	5.44383697496601
v	v	5.373660031926378
b	b	5.220916313724572
ɔ̃	ˈo_n	5.137009337052471
p	p	5.072511559040077
j	j	4.962233051703596
ɔ	ˈɔ	4.864387759466615
f	f	4.822891729846852
ɔ	o	4.807375617033856
i	ˈi	4.772728398941172
ʃ	ʨ_a	4.762231515625539
e	ˈe	4.738388883068331
k	k	4.676740536051061
u	ˈo	4.671237443471056
s	ʧ	4.610856210947033
ɛ̃	ˈa_n	4.589363568505675
m	m	4.573475906085799
ʃ	ʨ	4.573022037954303
l	l_a	4.532432275462978
ɛ̃	ɲ	4.4873725327507055
m	m_a	4.451671643508071
t	t	4.273924404593438
w_a	ˈe	4.205098168187066
i	j_ˈɛ	4.165933609596031
s	s	4.005812569275534
<#_e	<#	3.974547054538866
ʁ	e_r	3.957047473783387
t	t_e	3.8885241225699687
ʁ	r_a	3.846004442317966
#>	j_#>	3.7745759764351217
#>	ʃ_#>	3.603856120903728
a	ˈa	3.551428432902777
l	l	3.534485607115813
n	n	3.238099674495664
ʁ	r	3.174856586994669
ɛ	ˈɛ	2.955006445778985
#>	s_#>	2.869039136874017
i_ʁ	ˈi	2.8657593770595367
o	ˈɔ	2.8486109391948222
a	a	2.840894796259424
#>	e_#>	2.675868041835012
u	o	2.592060827502677
#>	ʦ_#>	2.3645689292336343
œ	ˈo	2.208746842716029
z	ʒ	2.176663074790884
ɛ	ˈa	2.13011379302012
ɥ	w	2.0746344169400803
ɛ	ˈe	2.045665639297375
s	ʨ	2.022781079800689
#>	t_#>	1.9578948951528856
ø	w_ˈɛ_k	1.6844403213317338
ʁ	r_e	1.628011428663716
ə	a	1.4849936161680923
ø	ˈɛ_k	1.430434243081708
#>	n_#>	1.4146662641427064
ø	ˈɛ	1.2256013121891367
p	ʃ_p	1.206180079842712
œ	ˈo_w	1.158534857392454
o	ˈa	1.092952282854044
ɑ̃	ŋ	1.0468982176320698
w	ˈo	1.040866158949346
a_ʁ	j	0.8661946826777788
l	l_ˈo	0.8480237829368488
w	ˈe	0.8317305659476212
ɛ̃	ˈa	0.8165929995087092
œ	w	0.7077288962639472
ʁ	w_r	0.6526648895725127
#>	k_#>	0.6120094767339879
i	ˈe	0.5737823144485519
a	j	0.5695773972083379
ɑ̃	n	0.5447058337765941
e	a	0.4297198330148365
j	ˈɛ	0.4177223121369376
a_#>	#>	0.3888030780445657
i	j	0.3887198188192836
a	ˈe	0.3151197803685094
i	ˈɛ	0.3120465176659799
#>	l_#>	0.3061730684584903
ɛ̃	n	0.2990957673578875
#>	a_#>	-0.506522691914077