Phone1	Phone2	PMI
p_t	tː	7.447813314858358
u	u	7.242369375178692
d	d	6.1946044329400465
b	b	6.069739371048187
k	k_ʊ	6.06255627275624
f	f	6.048515896567548
t	t_ʊ	6.003090192901843
s	ʃ	5.992547990185495
kʲ	cː_ʊ	5.933242937083688
i	i	5.916158135553935
ʧ	ɕ	5.845634804587459
m	m	5.5765303776181225
ɡ	ɡ	5.550155381624787
s	s_ʊ	5.487997830011985
l	ɖː_ʊ	5.382501271259032
s	s	5.195712983617832
v	v	5.1823628830596515
j_ˈe	ˈɛ	5.1070418766516585
o̯ˈa	ˈɔ	5.049553263338949
ʃ_t	ʃː	4.823125732571624
k	k	4.743276887345839
p	p_ʊ	4.727037668477245
ˈo	ˈɔ	4.713117294551589
p	p	4.609506216777064
ˈi	ˈi	4.507870294424674
l	l	4.425955657625665
ʃ	s	4.400417544548939
t	t	4.235227466991201
m_n	ɲː	4.209943180893334
ˈu	ˈu	4.187544781647668
ə	a	4.13425469897664
b	v	4.050011756887788
e̯ˈa	ˈi	4.039096601350842
ˈə	ˈi	4.030642584320051
ˈa	ˈa	3.97945838980493
n	n_ʊ	3.8393373088847587
r	r	3.8184386969263517
ˈɨ	ˈa	3.802786013535961
ˈa_l	ˈa	3.7131404211555417
ʒ	j	3.709068052632592
ˈe	ˈi	3.685230923642505
n_ə	n	3.654901966706829
r	ɾ	3.5512029079533134
#>	j_#>	3.4611268575093423
a	a	3.458899003435799
n	n	3.455527056876058
e	ɪ	3.4525803259164625
<#_j	<#	3.3507371013388796
w	v	3.2176062908213297
ˈe	ˈɛ	3.1431503679322703
<#_r	<#	3.125512476486815
ˈu_n	ˈɔ	2.986475801668066
n	ˈi_nː	2.980779662951205
n	ˈɛ_n	2.980668111224465
ˈu	ˈo	2.862396629053585
t	ɽ	2.7667418900330225
n	nː	2.4355255791612676
e	i	2.427369991777359
d	ɾ	2.242685653266944
ˈo	ˈu	2.092576922028157
l	c	1.9452041173887709
t	ʈ	1.9022029792084694
j_ˈa	ˈɛ	1.8431044695000165
r_ə	a	1.8294099549837324
j_n	n	1.7049656773603459
p_l	c	1.5721373667288838
t_r	ɽ	1.5619514015754965
b_ˈu	b	1.370185573436418
ˈi	ˈɛ	1.3662678239684165
ˈu	ˈɔ	1.156597680705441
r	l	1.1499164761557004
p_j	p	1.1193977673065931
ˈo_j	ˈu	1.0855454852736626
r	l_ʊ	0.9927477910425075
j_e	a	0.9650785550149905
k	kː	0.9385851156698848
j	ˈɛ	0.879645804543301
ˈi	ɪ	0.8015062078658669
o̯ˈa	ˈu	0.749683075529076
r	ɪ_ɾ	0.7187926156945108
<#	<#_a	0.6526068811667588
<#_d	<#	0.63040061868901
ˈe	i	0.6171285891910039
l	w	0.6032691776378634
<#_p	<#	0.5400704720832136
#>	ʊ_#>	0.10401415263405364
#>	a_#>	-0.053452708704629565