Phone1	Phone2	PMI
p_t	tː	7.875336717437924
u	u	6.116466049025439
ʧ	ɕ	6.052830857020187
ʃ_t	ʃː	6.0012233926146274
b	b	5.925901208077902
f	f	5.918644977246097
k	k_ʊ	5.8811206266830585
d	d	5.7400450329679735
t	t_ʊ	5.646111587732462
ɡ	ɡ	5.613999288064164
s	ʃ	5.437548041818506
m	m	5.377098767735014
v	v	5.10544223156948
ˈo	ˈɔ	5.047544010854547
j_ˈe	ˈɛ	4.994460624727053
s	s	4.976812763752278
p	p	4.776783628962861
r	l_ʊ	4.719387256080276
l	l	4.694969990046462
k	k	4.547929870870752
kʲ	cː_ʊ	4.232858819834062
a	a	4.178423141825892
t	t	4.121948919159448
ʤ	ʤ	4.064856225899943
ˈa	ˈa	4.031050259511991
ˈe	ˈi	3.907502039946497
ˈi	ˈi	3.875738773120277
ˈu	ˈu	3.8231848942203914
ˈɨ	ˈa	3.8086015548898247
ʒ	j	3.751165030815545
ˈe	ˈɛ	3.718615704729755
n	nː	3.664061375647927
ə	a	3.5977762266432323
r	r	3.5916219358725434
s	s_ʊ	3.588260732230542
n	n	3.539481349239835
r	ɾ	3.3663736344319872
ˈi	ˈɛ	3.225227978831069
ə	w_a	3.212296316798088
e	ɪ	3.1254549349407807
w	v_ʊ	3.0013355845180225
m_n	ɲː	2.8405165713412974
kʲ	cː	2.8270635058355205
b	v	2.811122421994785
k	kː	2.783161153030897
j	ɲː	2.631531750146049
o̯ˈa	ˈu	2.59341444881366
i	i	2.5330143595175394
ˈu	ˈo	2.4580472623934537
n	n_ʊ	2.3180120156043054
p	p_ʊ	2.284357842270026
ˈu	ˈɔ	2.191752059395289
t	ʈ_ɽ	2.133029670913109
o̯ˈa	ˈɔ	2.015738782833689
l	w	1.8905630581696458
w	ʊ	1.8720713188344784
ʤ	ɕ	1.8296295373244982
ʦ	ʦː_ʊ	1.6105599932098624
j_n	n	1.5054819402184823
f_l	ç	1.4886026992348393
e̯ˈa	ˈi	1.4443958851123628
ˈə	ˈi	1.4211010096826946
e	i	1.3366824138934328
m	m_ʊ	1.3240467165444572
j	j	1.1898207660321287
m_n	nː	1.1718991597923032
s	sː_ʊ	1.1366486760496175
ˈo	ˈu	1.1265096357155295
ʃ	s	1.0863576636690844
u	ʊ	1.0589822949247463
d	ɾ	1.0398146851282224
ˈu_n	ˈɔ	1.0101392146790873
r	l	1.0010670692510515
ʦ	t	0.9821344599297783
r	w_ɾ	0.980118671429462
j_ˈa	ˈɛ	0.970256233297056
i	ˈa	0.956763204019693
ˈi_n	ˈa	0.9326221824445502
r	r_ʊ	0.911116821156557
ˈa_l	ˈa	0.8682365634670779
j	a	0.8189414393294223
d_ˈe	ˈi	0.7716467854254093
u	i	0.7696305547823263
r	ɽ	0.7212037893885397
i	ɪ	0.613952167903376
k	cː	0.6049813207465241
<#_r	<#	0.5181774669356523
ˈa	ˈɛ	0.4816305518307531
ə	ɪ	0.4612228595794953
u	a	0.30248376604485605
t	p	0.2678443029020215
ˈi	ɪ	0.22374242202452488
ə	ʊ	0.10215950513840977
e	ʊ	0.07752606439667001
#>	ʊ_#>	-1.1696367743873644
<#_p	<#	-0.15704493053845156