Phone1	Phone2	PMI
p_t	tː	7.209432580545048
u	u	6.459325532121821
d	d	6.184278233877647
b	b	6.181883705544432
f	f	5.884996925284366
ʧ	ɕ	5.825478599710333
k	k_ʊ	5.8150957491202
t	t_ʊ	5.7369432699290845
s	ʃ	5.655017155061261
ɡ	ɡ	5.628159115869757
s	s	5.3895493608084175
j_ˈe	ˈɛ	5.332686815038406
m	m	5.248218849101836
l	l	4.8706052488730975
v	v	4.861301850659694
i	i	4.767303638256622
ˈo	ˈɔ	4.7256359645883705
ʃ_t	ʃː	4.687354480866848
r	l_ʊ	4.682964719104792
p	p_ʊ	4.57716048668642
p	p	4.524626889515162
a	a	4.40962316949567
k	k	4.38401356243859
ˈi	ˈi	4.281545891399393
t	t	4.213951990610305
o̯ˈa	ˈɔ	4.10623804529866
ə	a	4.054707698996769
ˈa	ˈa	4.027723090680076
e̯ˈa	ˈi	3.936824251213895
n	n_ʊ	3.925627809228436
ˈu	ˈu	3.880082677765401
b	v	3.77333380818947
ˈe	ˈi	3.69673083130022
ʒ	j	3.62501404128491
r	r	3.604617286990218
ˈe	ˈɛ	3.5615554379165006
ˈɨ	ˈa	3.556332778084315
n	n	3.466199812385362
r	ɾ	3.424579900756437
ˈi	ˈɛ	3.248072673471963
e	ɪ	3.1070992132654345
kʲ	cː_ʊ	3.053889494608536
ˈə	ˈi	3.0146661199709053
n	nː	2.9732273482397438
w	v	2.9548911764606958
n	ɲː	2.855880056735057
ˈu	ˈo	2.4988128367015108
ˈo	ˈu	2.154992896876833
ʃ	s	2.128170106013184
ˈu	ˈɔ	2.031018403329937
w	ʊ	1.8702550779806923
t	ʈ	1.8037248022727308
ˈɨ_j	ˈa	1.5056873395821735
kʲ	cː	1.4507236792893887
e	i	1.2026271920150298
u	ʊ	1.0755565593918552
j	ˈɛ	0.9658470725931394
d	ɾ	0.9295087833601152
o̯ˈa	ˈu	0.8687617071590911
k	kː	0.863789685006752
r	l	0.7815880883326531
ə	ɪ	0.6765349030488785
r	ɽ	0.6017798399364754
ˈa	ˈɛ	0.3846927446352632
ˈi	ɪ	0.1055155788235146
ə	ʊ	0.0332540700486535
#>	ʊ_#>	-0.856201237092256
e	ʊ	-0.0925905133047716
<#_p	<#	-0.0896435575701878