Phone1	Phone2	PMI
ˈo	o̯ˈa	5.065997362145249
f	f	5.048169584328724
s	s	4.931097999619295
b	v	4.903931194527092
d	d	4.869905182798162
u	u	4.835621327165479
p	p	4.823841832365506
m	m	4.621014601854439
ˈi	ˈi	4.1968155495696085
ɣ	k	4.146644470810148
t	t	4.040704153834946
k	k	3.909158395386159
ˈa	ˈɔ	3.8838234721783578
l	l	3.772777793891013
a	ə	3.7474001952113967
ˈa	ˈa	3.708658417588988
ʣ	ʎ	3.6820492934464792
ˈu	ˈu	3.659008974969177
ˈi	e̯ˈa	3.644679763815244
e	i	3.600849417378681
ˈe	ˈe	3.5911130683683425
b	b	3.5224271033413146
ɡ	ɡ	3.4949209897580693
n	n	3.4839173738298386
r	r	3.4718230782097743
t	p_t	3.372971716296516
ˈo	ˈo	3.209005553475376
ð	t	2.887656954483134
n_u	n	2.8713354065210845
ˈe	ˈi	2.7740398882853907
ˈi	ˈe	2.734208570607038
<#_i	<#	2.600723311583508
ŋ	ŋ	2.413966446058885
ˈo	ˈu	2.3907133909546734
r	ʎ	2.34279261547207
o	ˈo	2.238676861732353
k	ʦ	2.166675748544561
ˈe	e̯ˈa	2.0695634403708723
o	u	1.9658230556354888
i	i	1.9652899709844065
s	ʃ	1.851473806004456
e	w_ə	1.684337369408055
ɣ_u	k	1.60150307365079
ˈu	ˈo	1.485430310785652
nː	n	1.3760973544793622
i	ˈi	1.2930701013202577
i_s	s	1.200471173131718
l	r	1.199419110025299
u	ə	1.1154497752890982
j	ʃ	1.082994374602364
z	j	1.053477282780284
b	ɡ	1.0341109723525364
p	kʲ	1.0102419578335922
ˈa	ˈɔ_j	0.986939831561116
r	l	0.9551152675179782
ˈe	ˈa	0.9016371083351186
β	p	0.8570090890416818
ɣ	ʦ	0.8436057759484903
k	ʧ	0.8276427497117644
b	z	0.8186087556248914
e	z_i	0.8164733405633371
ɖː	l	0.8148586804562006
l_u	r	0.7426640726658923
e	ə	0.4905972001563818
ˈe	j	0.4135734266243139
<#_f	<#	0.2991390325248138
ˈe	i	0.1694903152672351
u_#>	#>	-0.9299321303591072