Phone1	Phone2	PMI
ɡ	ɡ	7.152427532817585
f	f	6.763928688021142
d	d	5.42062135957597
t_u	t	5.418775744460207
s	ʃ	5.1402883847469285
ð	t	4.8372765350656755
ʣ	ʎ	4.836983733468698
u	u	4.759140060520421
s	s	4.731270806841221
b	v	4.713927025555732
<#_i	<#	4.710848837211083
o	u	4.670230584210157
b	b	4.5723631758543934
m	m	4.569133688307858
<#	<#_w	4.559871336778389
ˈi	e̯ˈa	4.545843075859103
t	p_t	4.4961073574054655
ŋ	ŋ	4.474299151974093
p	p	4.378708192246732
ɣ_u	k	4.302691740505489
ˈo	o̯ˈa	4.277602393999223
ˈu	ˈu	4.1323821763437465
ɣ	k	3.9793431121848735
k	k	3.9590499537414914
l	l	3.8909886039552317
ˈa	ˈa	3.8816350396335415
a	ə	3.8635975241739158
ˈo	ˈo	3.855161976921808
ˈa	ˈɔ	3.7918115520448463
e	i	3.78736347477151
t	t	3.7558708456259766
ˈi	ˈi	3.6505420494598546
n_u	n	3.6175115692709965
ˈi	ˈe	3.5895711331541706
n	n	3.56762548539139
k	ʦ	3.4721318944014423
r	r	3.4320256373636226
l_u	r	3.4299788905232824
s_u	s	3.3536226825261766
ˈa	ˈɔ_j	3.1316252230832577
ˈe	ˈe	3.095787804661635
i	ˈi	3.006701508168192
i	i	2.966560039631661
z	s	2.962453248556181
r	ʎ	2.61499283229723
rː	r	2.6125040374533577
ˈe	ˈi	2.5321873714102123
ˈo	ˈu	2.2755433978536472
b	z	2.037697483934471
nː	n	2.004942041870207
ˈe	ˈa	1.8939900480161842
ɣ	ʦ	1.672665020240779
e	w_ə	1.6089896119557294
o	ˈo	1.4655635755189533
ˈe	e̯ˈa	1.4189005705605784
ˈu	ˈo	1.3666532348219695
ŏ_#>	#>	1.2319742673556777
r	l	1.152883025745855
l	r	1.0971231024795367
b	p	1.0474734884165768
#>	l_#>	1.031974267355678
k	ʧ	0.979828877704229
ˈe	j	0.7604951728903628
b	ɡ	0.6909126867535313
<#_f	<#	0.6064060588014659
u	ə	0.5546724425533509
t	ʦ	0.5011909318713389
l	ʎ	0.4572742799099599
e	ə	0.44362770653190514
a	u	0.2701415527650205
ˈe	i	0.07451974763350422
u_#>	#>	-0.8488105054538604
<#_k	<#	-0.0030108691444578938