Phone1	Phone2	PMI
f	f	6.333559872054382
d	d	5.67785829900011
ɡ	ɡ	5.150950960049349
u	u	4.840112180089221
ð	t	4.7890874893242295
p	p	4.78421818716888
b	v	4.6267065017424045
m	m	4.548402593384735
s	s	4.436386236952762
ˈo	o̯ˈa	4.284725438569587
b	b	4.28385739820918
ˈi	ˈe	4.23757980430447
ˈu	ˈu	4.117144818364888
ˈi	ˈi	4.072524438293497
t	t	4.013082579464856
ˈo	ˈo	4.007547207845721
a	ə	3.9770802842558814
ɣ	k	3.973595125155976
ʣ	ʎ	3.945633447304492
ˈa	ˈɔ	3.910809896155352
l	l	3.902194786718944
s	ʃ	3.734195895916408
k	k	3.636002110642469
e	i	3.618298017141592
ˈa	ˈa	3.599013209327288
n	n	3.5422556370542586
r	r	3.454559561526558
ɣ_u	k	3.4543013452168743
t	p_t	3.2618777537253902
ˈe	ˈi	3.1951197891778738
k	ʦ	2.7533323950904625
ˈi	e̯ˈa	2.7079611433048862
n_u	n	2.6554635019798867
ˈe	ˈa	2.3822804466826253
r	ʎ	2.3673006460226738
ŋ	ŋ	2.3475782527962
ˈo	ˈu	2.292073967242977
i	i	2.217624117710145
b	z	2.092787492348107
z	s	1.878289906788154
ˈe	ˈe	1.8761821352586203
k	ʧ	1.7707637947625428
i	ˈi	1.4970160238208163
l	r	1.4873303578422072
r	l	1.3657261054621357
i_s	s	1.2327779387915254
t_u	t	1.013405630941007
nː	n	1.011236979765395
s_u	s	0.960032545965212
<#_i	<#	0.9489667674999092
ˈa	ˈɔ_j	0.9360046770321708
ɣ	ʦ	0.9337782556643166
o	u	0.8605526759047372
<#	<#_w	0.8319742673556778
l_u	r	0.7829888460094455
l	ʎ	0.6030570762858293
b	t	0.5773832119649078
rː	r	0.5685546668620927
t_o	t	0.5521785764963825
e	ə	0.5451989428844941
rː_u	r	0.4999813461536767
ˈe	e̯ˈa	0.4552459073831356
u	ə	0.3606549859053216
i	ə	0.3552289730066669
<#_f	<#	0.3032030294007329
a	u	0.2766490351174836
u_#>	#>	-0.3948082954921293
ˈe	i	-0.0933472880934476
<#_k	<#	-0.0030108691444578