Phone1	Phone2	PMI
f	f	6.188681993192192
t	p_t	6.021980216109935
ɡ	ɡ	5.718861082685277
ð	t	5.4242133522481
d	d	5.207717295110701
b	v	4.988949933538184
s	ʃ	4.86231756099568
b	b	4.788949933538184
m	m	4.59218598041266
u	u	4.581770115503655
s	s	4.531902221679742
o	u	4.524066712997588
ɣ_u	k	4.343093026980577
ŋ	ŋ	4.301105841201988
ˈu	ˈu	4.275728307128095
ˈo	o̯ˈa	4.246813823217559
p	p	4.219473076692733
t	t	4.189679020926813
ˈa	ˈa	4.05342892387883
ɣ	k	4.031801963855257
ʣ	ʎ	4.0029573464221375
ˈo	ˈo	3.9646705564967055
l	l	3.945720805542071
ˈi	e̯ˈa	3.924493908324404
<#_i	<#	3.8544039139886666
k	k	3.833124468330907
e	i	3.80681093875192
n	n	3.7435590659181943
n_u	n	3.7315449472306983
<#	<#_w	3.703426413555973
a	ə	3.640121199252498
ˈi	ˈi	3.4982784574063035
e	w_ə	3.4581237527752897
ˈe	ˈe	3.329933960486214
r	r	3.292117597145334
ˈa	ˈɔ_j	3.17056832293574
ˈi	ˈe	3.105872027446108
r	ʎ	2.871191003653184
ˈe	ˈi	2.6660831683684068
i	i	2.554517569159485
ˈa	ˈɔ	2.5398160160721104
ˈo	ˈu	2.3007764109105304
k	ʦ	2.2323630751109524
ˈe	ˈa	2.090775982464532
e	z_i	2.0840539936564024
nː	n	2.00815762914453
f_ˈi	ˈi	2.0047503768795063
β	p	1.936022952559844
z	s	1.8882379721943
ˈe	e̯ˈa	1.8428530118997872
rː	r	1.8192160516510936
l_u	r	1.7686681966232756
rː	r_n	1.610180219294484
i	ˈi	1.4763518263681432
l	r	1.3483144219200651
o	ˈo	1.3207349100697836
i_s	s	1.2747009219663268
r	l	1.251623673191805
ŏ_#>	#>	1.2258566033889935
j	j	1.0310205150222291
ɣ	ʦ	0.9102594811572536
k	ʧ	0.8393845501611545
u	ə	0.8148400496622646
d	z	0.6468403886853717
<#_f	<#	0.5941707308680968
ˈu	ˈo	0.4577263982998548
ˈe	j	0.4563337364525255
ˈe	i	0.2635234729649992
a	u	0.2184236403976863
e	ə	0.052953873544007
u_#>	#>	-1.0076478846258623
<#_k	<#	-0.0091285331111424