Phone1	Phone2	PMI
i	i	6.611990356661214
ʧ	ʧ	6.556642175220787
ˈa_ɾ	ˈaː	6.392147817520066
θ	ʒ_e	6.293596892427998
ɲ	ɲ	6.124728626998681
f	f	5.945816793299347
ʃ	z	5.719220824195384
ʎ	ʤ	5.681382023076144
ˈu	ˈyː	5.669715495567557
ˈi	ˈi	5.633278434103963
d	d	5.560920429864877
m	m	5.413917408105027
j_t	t	5.378347070160138
ˈu	ˈy	5.261587098668088
ɣ	ɡ	5.210050076422756
ɡ	ɡ	5.064491860081807
b	b	5.039359692506344
β	v	4.990235298273723
ʃ	ʃ	4.977565752123913
ˈɑ	ˈa	4.924080550950531
o	w	4.88525234407829
p	p	4.851916945028135
ˈo	ˈø	4.839836020697754
w	w	4.832094375971748
ˈɔ	ˈøː	4.804163189775249
l	l	4.751992624424162
n	n	4.711257387079196
ˈi	ˈiː	4.6741725367718
ˈɛ	ˈeː	4.660646905817156
r	r	4.655799680965112
t	t	4.5450013864435
k	k	4.50833287389468
ˈɔ	ˈɔː	4.499069626988639
ˈa	ˈa	4.445639361891706
ˈo	ˈu	4.374932384597094
ˈe	ˈe	4.32524986508292
b	v	4.231370049640892
ˈɔ	ˈɔ	4.219526309185416
ŋ	ŋ	4.215872259354753
ɾ	r	4.198481339463839
ɪ	e	4.148935389309836
ð	t	4.085107916569787
ˈo	ˈuː	4.076720934925239
s	s	4.043663721670159
e	e	4.041428729713589
e	j	3.9656091302808094
ʊ	o	3.895303185756298
ˈo_w	ˈɔː	3.890873523434201
ˈa	ˈaː	3.794864888047541
ˈɔ	ˈuː	3.778961612792828
a	a	3.741268672146401
ɾ_ʊ	u	3.725014470635357
ʊ	u	3.588290197347062
ˈe	ˈeː	3.52899069681539
ɐ	a	3.463446500722719
ˈu	ˈu	3.4576093928748883
θ	s	3.40409336486983
ˈɛ	ˈɛ	3.3570997062503283
<#_e	<#	3.2854154227140686
ˈɛ	ˈe	3.284756223236823
ɲ	ŋ	3.204530478517034
n	ŋ	3.1093994489386128
w_t	t	2.969545033500803
θ	ʒ	2.953741995708015
ɾ	j	2.7907565961003105
ɐ	ŋ_a	2.761748113051108
o_s	i	2.734873184127627
ˈi_ɾ	ˈiː	2.563747885704547
ʃ	ʤ	2.5074318437390906
ð	d	2.425022516934189
ˈe_ɾ	e	1.929767649082677
s	j	1.9062353230835003
s_#>	#>	1.7584566027363495
ˈɛ	ˈɛː	1.7029169721415136
a	ˈaː	1.5098723591003371
ˈo	ˈɔ	1.4710828715343751
ˈo	ˈy	1.4134822558203697
ˈa_ð	ˈɛː	1.360456647181456
ˈe	ˈiː	1.2642589489310334
ˈa_l	ˈaː	1.174040768927432
ˈe	ˈɛː	1.1672287441654945
a	ˈɛ	1.0351116404549947
ˈi	ˈe	1.0221651238317802
o	u	0.9711734439407264
ˈe	ˈi	0.9706330953378578
w	ˈiː	0.9583125189195636
l_#>	#>	0.9316422965503588
ˈo_w	ˈaː	0.9214338877606734
ɾ_#>	#>	0.8926908329892519
ˈo	ˈu_ŋ	0.8546986931775651
ˈo	ˈɔː	0.6354799098198283
ɪ	u	0.5736320838845991
l	r	0.2188365088021275
ˈe	e	0.2176838126368982
ɐ	e	0.0805165887983919
#>	e_#>	-1.0559129623708643