Phone1	Phone2	PMI
ɲ	ɲ	7.485011131296315
lː_u	o	6.660476936986036
ɡ	ɡ	6.29981860168275
ɟ	ʒ	6.286721191969101
d	d	6.148386662482036
ˈu	y	6.027169950348353
k_u	ø	5.703984431338535
b	b	5.284486239833969
t	t	5.204935725464796
ʎ	j	5.155416671646924
tː	ɥ	5.117806730494705
ˈo	ɔ	4.959820997726254
n_a	n	4.907225107767035
k_a	ʃ	4.858057140224084
v	v	4.716849463796909
f	f	4.711771383400126
m	m	4.663330927770966
n	n	4.5622126366448725
p	p	4.439761974392299
s_t	t	4.41347740173942
k	k	4.365389771488952
s	s	4.247685179957477
l_e	l	4.222161409221737
ʧ	s	4.172722395512205
j	l	4.133303697446448
ˈi	i	4.133086088180985
k	ʃ	4.1130325507375
m_a	m	4.0341479757970005
e	a_ʁ	3.9993183000499366
ˈa_n	ɛ̃	3.880567532150696
ˈɔ_n	ɔ̃	3.840946143253399
l	l	3.8279756497615
u	ø	3.792785684970344
ˈɔ	œ	3.7040344074317386
a	a	3.699805307746161
lː_a	l	3.598115642877776
r_u	ʁ	3.5625356443157523
ˈɔ	ɔ	3.442423834973344
ˈa	e	3.394038105775578
ˈɛ	w	3.3770254696448454
ŋ	ɛ̃	3.362096113064148
r_e	ʁ	3.339035508916325
ˈɔ	u	3.302725838258384
ˈa	ɛ	3.141158422931047
ˈe	i	3.1126789730071573
p	e_p	2.9832930649124645
ˈo	œ	2.953793300536089
r	ʁ	2.858745844881184
u	u	2.854247119846724
ˈɛ	w_a	2.8200781396518013
i	i	2.759978319172196
tː	t	2.6348923456203925
n_t	t	2.6015639392609136
ˈɛ	ɛ	2.505928208452769
ˈe	j	2.447522115246525
j_#>	#>	2.3627562382434077
e_r	ʁ	2.260268817997398
r_a	ʁ	2.21774659018946
ˈe	ɛ	2.123099660877803
c	j	2.0767861547094912
e	a	2.0188383311006106
k_w	k	2.007083791351075
ˈɛ_r	w	1.8895324797655797
n_ˈɔ	n	1.870481033477056
ˈɔ_ʧ	w	1.8462783693500648
n	ɔ̃	1.755667727656364
l_u	l	1.7013013125938454
e	ɛ	1.651631708744295
lː	l	1.573638261703712
u	o	1.5735935896088915
p	v	1.557069468070422
ˈa	a	1.4654211908154222
ˈɔ	o	1.4313413539592863
v	f	1.4097215239322154
r_t	ʁ	1.3708116367465422
e	i	1.299815362789312
ˈu	w	1.1773199536327832
ˈa_ŋ	ɑ̃	1.1514116464765236
ˈe	j_ɛ	1.1352336794379172
ˈi_n	ɛ̃	1.1282915177573425
ŋ	ɑ̃	1.1195331143779828
ˈa	ɑ̃	1.112034956306421
e	i_ʁ	0.9557201574133858
u	ɔ̃	0.9215964030909064
u	a	0.8462098883613139
ʧː	s	0.7715711215626142
u	ɛ̃	0.7519970217799165
a	ə	0.7280324842407364
n	ɛ̃	0.6879328313563677
u	ɔ	0.6862144642633373
r_n	ʁ	0.670020823739187
<#_s	<#	0.6115383387168994
ʧ	w	0.5631380138990456
ˈu	u	0.5494896138697862
e	e	0.4544465367247614
u_#>	#>	-0.6346441878953945
#>	ʁ_#>	-0.4827070182690341
e_#>	#>	-0.1208181670778602
a_#>	#>	-0.1126767489889447