Phone1	Phone2	PMI
ɡ	ɡ	6.790587404719389
o	ˈɛ_l	6.584652790428303
ʒ	ʤ	6.575346024404666
b	b	6.316898155029327
d	d	6.001651129079606
y	ˈy	5.848343580740156
n	ŋ_a	5.845551446545309
œ	ˈø	5.350690161048658
l	l_a	5.277179632642761
ɲ	ɲ	5.150561165309625
ɑ̃	ˈɛ_ŋ	5.06230380995359
j	j_a	4.86688035533657
f	f	4.688510092018719
i	ˈi	4.674991963504927
p	p	4.574099447860476
ɛ̃	ŋ	4.547863041831859
ɔ	ˈɔ	4.52500450157944
n	n	4.519566396790987
u	ˈu_j	4.506643483678441
m	m	4.433366627929159
p	s_p	4.419798556219792
v	v	4.415601738228516
ʃ	k	4.408928768050767
ø	ˈø	4.37233453895164
t	t	4.255050852970189
k	k	4.215660685844167
s	s	4.198414083350039
j_ɛ	ˈɛ	4.153024988230456
<#_e	<#	4.147027547187971
ə	e	4.045169680507612
m	m_a	3.998897531738735
u	u	3.9853308455631176
e	ˈe	3.9417730829185578
l	l	3.928284530988583
o	ˈɔ	3.913579964270778
#>	m_#>	3.7973420485979625
t	s_t	3.762595898927868
ɛ	ˈa	3.7049690025703774
u	ˈu	3.5900445397907985
j	j	3.5738421598578
ɔ̃	ˈu_ŋ	3.492082571041468
ʁ	r	3.33257790014519
ʃ	k_a	3.3283010875248094
z	z	3.3090942992739505
ɛ	ˈɛ	3.30723119233357
s	s_a	3.12354478645443
#>	z_#>	3.02404806332113
ʁ	r_a	2.9697836391534627
a	ˈa	2.6634149107852765
a	a	2.621706987771936
i	ˈe	2.499349140480569
#>	t_#>	2.446817713125987
w	ˈɛ	2.4082394947689885
k	k_w	2.3991471213278484
e	ˈa	2.3479803691901027
#>	e_#>	2.3305737484502127
ɔ	u	2.326150999425868
#>	s_#>	2.25329291227036
w_a	ˈɛ	2.233787323295667
l	j	2.1941128360997104
#>	j_#>	1.939484431239353
ɛ̃	ɲ	1.8847900268034592
u	ˈy	1.800854809321537
ɑ̃	ˈa	1.752041788937462
t	s	1.7149563844956
w	ˈu	1.685409230238539
i	i	1.5554817057478894
w	ˈe	1.5186820470959572
a	j	1.4662174108811548
#>	p_#>	1.3078317622216062
o	ˈɔ_s	1.2493241440095777
ɛ̃	n	1.2070882692757947
ɛ̃	ˈi_ŋ	1.148686343245871
#>	d_#>	1.1418167625100688
a	ˈu_z	1.132964634092133
#>	ŋ_#>	1.0986710242989812
w_a	ˈu	1.0939070208526769
ɔ̃	ˈu	1.0854341397225773
k	s_k	1.0733687107645775
a	w_ˈa	1.0499571342363645
ɑ̃	n	1.0308610566838798
#>	n_#>	0.9662679125202684
f	v	0.8567907125359973
v_w	v	0.8319047203494184
œ	ˈu	0.6143636094024804
o	ˈa	0.4355867190329267
#>	l_#>	0.2426457571326345
#>	a_#>	-0.2377072608031458