Phone1	Phone2	Surprisal	OOV_Smoothed
b	v	0.6972788876871742	5.054650305677118
b	b	1.3835834005803374	5.054650305677118
d	d	-0.0	5.054650305677118
f	f	-0.0	5.054650305677118
i	i	-0.0	5.054650305677118
j	j	-0.0	5.054650305677118
k	k	-0.0	5.054650305677118
l	l	-0.0	5.054650305677118
m	m	-0.0	5.054650305677118
n	n	0.2702227821408705	5.054650305677118
n	n_t	2.549548253067031	5.054650305677118
p	p	-0.0	5.054650305677118
r	r	-0.0	5.054650305677118
s	s	-0.0	5.054650305677118
t	t	-0.0	5.054650305677118
u	u	-0.0	5.054650305677118
w	w	-0.0	5.054650305677118
z	z	-0.0	5.054650305677118
ð	ð	-0.0	5.054650305677118
ŋ	ŋ_k	0.8869714900686189	5.054650305677118
ŋ	ŋ	1.1226423033173647	5.054650305677118
ə	e	1.9635959499110802	5.054650305677118
ə	ɐ	1.9858207052862293	5.054650305677118
ə	ɜ	2.3904497997107965	5.054650305677118
ə	a	2.797618877347184	5.054650305677118
ə	ɞ	2.9545850598218846	5.054650305677118
ɡ	ɡ	-0.0	5.054650305677118
ɣ	ɣ	-0.0	5.054650305677118
ɲ	ɲ	-0.0	5.054650305677118
ɾ	ɾ	-0.0	5.054650305677118
ʃ	ʃ	0.5437867231697114	5.054650305677118
ʃ	j_ʃ	1.671016723696075	5.054650305677118
ʎ	ʎ	-0.0	5.054650305677118
ʒ	ʤ	0.05000175419438948	5.054650305677118
ʒ	-	4.8755725232914875	5.054650305677118
ʤ	ʤ	-0.0	5.054650305677118
ʧ	ʧ	-0.0	5.054650305677118
ˈa	ˈa	0.3016321459790676	5.054650305677118
ˈa	ˈa_r	2.4060936457507345	5.054650305677118
ˈe	ˈe	0.006376538412557913	5.054650305677118
ˈi	ˈi	0.06412005703128584	5.054650305677118
ˈi	ˈi_r	4.523788143138272	5.054650305677118
ˈo	ˈo	0.10543283758174869	5.054650305677118
ˈo	ˈo_r	3.8267655843265564	5.054650305677118
ˈu	ˈu	0.012248502789097575	5.054650305677118
ˈɔ	ˈɒ	-0.0	5.054650305677118
ˈɛ	ˈæ	0.009119723836133874	5.054650305677118
β	β	0.7930383935610166	5.054650305677118
β	v	1.2417048396068755	5.054650305677118