Phone1	Phone2	Surprisal	OOV_Smoothed
b	v	0.6752725869415541	5.061110194645857
b	b	1.4197151337822262	5.061110194645857
d	d	-0.0	5.061110194645857
f	f	-0.0	5.061110194645857
i	i	-0.0	5.061110194645857
j	j	-0.0	5.061110194645857
k	k	-0.0	5.061110194645857
l	l	-0.0	5.061110194645857
m	m	-0.0	5.061110194645857
n	n	0.26680984693859316	5.061110194645857
n	n_t	2.5662320896123947	5.061110194645857
p	p	-0.0	5.061110194645857
r	r	-0.0	5.061110194645857
s	s	0.019994394576606855	5.061110194645857
t	t	-0.0	5.061110194645857
u	o	0.07807383958711117	5.061110194645857
u	u	4.246644219557858	5.061110194645857
w	w	-0.0	5.061110194645857
z	z	-0.0	5.061110194645857
ð	ð	-0.0	5.061110194645857
ŋ	ŋ_k	0.48589578417437485	5.061110194645857
ŋ	ŋ	1.8061831960276133	5.061110194645857
ə	ɐ	1.9083913879145025	5.061110194645857
ə	e	2.013265779961262	5.061110194645857
ə	ɜ	2.4381888728190924	5.061110194645857
ə	a	2.6912827205890233	5.061110194645857
ə	ɞ	2.982357054859255	5.061110194645857
ɡ	ɡ	0.020267759097158517	5.061110194645857
ɣ	ɣ	-0.0	5.061110194645857
ɲ	ɲ	-0.0	5.061110194645857
ɾ	ɾ	-0.0	5.061110194645857
ʃ	ʃ	0.16924691475507642	5.061110194645857
ʃ	j_ʃ	3.175361199156246	5.061110194645857
ʎ	ʎ	-0.0	5.061110194645857
ʒ	ʤ	0.04379045642183895	5.061110194645857
ʤ	ʤ	-0.0	5.061110194645857
ʧ	ʧ	-0.0	5.061110194645857
ˈa	ˈa	0.2894119684925661	5.061110194645857
ˈa	ˈa_r	2.459857614657227	5.061110194645857
ˈe	ˈe	0.09804665110100037	5.061110194645857
ˈe	ˈe_r	3.9278999061093454	5.061110194645857
ˈi	ˈi	0.19449639911747157	5.061110194645857
ˈi	ˈi_r	2.9871068472291573	5.061110194645857
ˈo	ˈo	0.15671265129627995	5.061110194645857
ˈo	ˈo_r	3.2802199234480467	5.061110194645857
ˈu	ˈu	0.05975408611210182	5.061110194645857
ˈu	ˈu_r	4.62335911466223	5.061110194645857
ˈɔ	ˈɒ	-0.0	5.061110194645857
ˈɛ	ˈæ	0.0729968884416513	5.061110194645857
ˈɛ	ˈæ_r	4.341132146665215	5.061110194645857
β	β	0.6505488080724036	5.061110194645857
β	v	1.4621093233050955	5.061110194645857