Phone1	Phone2	PMI
d	d	6.13767453238342
ˈɛ	j_ˈɛ	6.048512429677936
l	l_ə	5.961759115256555
l	lː_ə	5.898658750110969
b	b_w	5.894968106982346
f	f	5.811395305170904
i	i	5.681314014402815
m	m	5.6772466506933545
ɡ	ɡ	5.235409427353321
ʧ	kː_j	5.2283415243896325
s	s	5.214703102951207
j	j	5.08501779306981
ˈu	ˈu	4.943334546300928
p	p	4.90168519514331
ˈo	ˈo	4.860080467994355
z	ʃ	4.741819263576634
v	v	4.717742497293129
ˈi	ˈi	4.682415796870709
ŋ	ŋ	4.632777339693012
ŋ	n_ə	4.5311585361948685
ˈa_r	ˈa	4.512757828325844
ˈɔ	ˈɔ	4.499512148023173
b	v	4.495212956711957
ˈo	w_ˈɔ	4.479481907567903
ˈɔ	w_ˈɔ	4.453467662752918
ˈe	ˈe	4.42092706377701
θ	ʃ	4.3952275185534
t	t_ə	4.359473543255254
ˈɛ	ˈɛ	4.275419467119545
l	l	4.253609913876771
o	u	4.196417729735416
k	k	4.172844726552376
t	tː_ə	4.160831093196186
e	i	4.136976270953733
ˈa	ˈa_t	4.097532363176716
w	w	4.005275290262713
ˈa	ˈa	3.898547265397643
n	n	3.891723148318144
r	r	3.831695658126213
n	nː	3.803633634774697
ˈo	ˈu	3.75576038004961
ɡ	k	3.72545669901064
d	t	3.720513656327802
t	t	3.6513158340092415
r	ɾ_ə	3.5834527172541577
j	ʎː	3.550187471254465
o	a_w	3.3567483533374114
s	sː_ə	3.3411972811115485
ˈe	ˈi	3.298027159099852
s	ʃ	3.223256306691576
a	a	3.182949359110512
ˈe	ˈɛ	3.079669305009454
ˈe_r	ˈɛ	3.078746045904444
r	ɾ	3.014442289782012
ð	ʤ	2.981482964937596
ʧ	k_j	2.928238174679428
e	e	2.899156961536182
ɲ	ɲː	2.877381426077907
ˈo	ˈɔ	2.85420145200987
v	p	2.842202242017868
θ	ʃː	2.7462837896924746
s	ʃː	2.7102758242673257
ˈi_r	ˈi	2.70876957290012
t	tː	2.579085035895177
u	u	2.458806277375205
ŋ	ɲː	2.364311858701216
ŋ	n	2.289179236718658
k	kː	2.2501512073633783
a	ə	2.149699853252896
ŋ	mː_ə	2.1486430150348568
θ	ʦ	2.0580352007319767
o	ə	2.0452367958747484
o	o	1.7910929623332854
e	ə	1.740782025966111
l	sː	1.6032674828948306
n	n_ə	1.4816217041806523
v	v_j	1.362760003326276
m	m_j	1.303449181800071
<#	<#_a	1.2796285388407314
e	ɾ_ə	1.2475167053504057
ʧ	j	1.1749516982831785
ˈɔ	ˈu	0.9720310573888946
p	k	0.7511111754978463
r	rː	0.6830863936056775
e_r	ə	0.5670130387410633
z	s	0.5599790590730087
w_e	ə	0.3598563800902999
r_#>	#>	-0.5719230928826823