Phone1	Phone2	PMI
ʧ	kː_j	8.00504596134826
ð	ʤ	7.354469313270141
f	f	6.230413427673172
b	b_w	6.070076153462321
ˈɛ	j_ˈɛ	6.06770781109978
d	d	6.049492691128819
ɡ	ɡ	6.001973795064365
i	i	5.921638331609845
m	m	5.817227601694372
l	lː_ə	5.7908492977264165
s	sː_ə	5.78772492013966
l	l_ə	5.673856797582186
ʧ	k_j	5.348433492553966
u	u	5.315485183607023
ˈɔ	w_ˈɔ	5.214029471437464
t	tː_ə	5.088980712622997
j	ʎː	5.072649100686911
j	j	5.030938795297181
s	s	4.995085078305884
ˈi	ˈi	4.979327133439431
p	p	4.947818531068648
w	w	4.8580733800122236
ˈu	ˈu	4.756996594531662
ŋ	ŋ	4.743270049094383
ˈa_r	ˈa	4.725758097900267
ˈo	ˈo	4.71535442477216
b	v	4.672706678686876
z	ʃ	4.667400249267721
θ	ʃ	4.66538645021064
v	v	4.612957098294582
ˈe	ˈe	4.562045907258558
t	t_ə	4.546036208524122
ŋ	n_ə	4.525518476855376
n	nː	4.503115583189688
ɲ	ɲː	4.491317838537992
e	i	4.229047327604552
o	u	4.197086840158572
ˈɛ	ˈɛ	4.133676970774054
ˈe_r	ˈɛ	4.113100009543572
ˈo	w_ˈɔ	4.0901379899064825
k	k	4.031626978833286
l	l	4.010621649519091
ˈa	ˈa	3.9843003126873646
r	r	3.915880406015183
r	ɾ_ə	3.8659415901331653
ˈɔ	ˈɔ	3.847125247352504
n	n	3.845190840327101
ŋ	ɲː	3.7840981924504273
θ	ʃː	3.7507554745341674
t	t	3.662864487500738
ˈe	ˈi	3.6480176079093485
ˈo	ˈu	3.6060992832528522
k	kː	3.591938952114504
d	t	3.4937920963452367
o	o	3.488051527295168
s	ʃː	3.413781817977132
ɡ	k	3.4028295101094463
θ	ʦ	3.313707074308218
ˈa	ˈa_t	3.2408777607384414
a	a	3.1962447163356376
t	tː	3.153236042065494
r	ɾ	3.114873478013563
r	rː	3.1111007965994
ˈe	ˈɛ	2.8383155623432113
v	p	2.838263095245725
ˈo	ˈɔ	2.7666983761531325
<#	<#_a	2.754116062353917
l	l_w	2.317336641234986
z	s	2.31662603491769
s	ʃ	2.261117154684798
o	a_w	2.2284481888964685
m	mː	2.185433141634576
ŋ	n	2.1735518477941533
f_j	ʃ	2.0447784200969092
a	ə	2.0313626305078922
e	ə	1.9898548927753397
n	n_ə	1.982437191298738
e	e	1.9744486589949635
p	k	1.9093060086582891
o	ə	1.8684226480620154
ˈɔ	ˈu	1.7381315867282643
r	t_ɾ	1.7287286624427678
ˈɛ	ˈe	1.682604273189458
ð	j	1.5082397134421355
l	sː	1.4475821371159803
m	m_j	1.28603342741398
ˈi	i	1.2716856745613279
e	ɾ_ə	1.2343451356884898
e_r	ə	1.1697615221836637
j_ˈe	ˈɛ	1.0354045970942045
ˈi_r	ˈi	0.9817002872699356
w_e	ə	0.8924681736080132
<#_j	<#	0.8326997464565759
o	a	0.40694603887011
o	w	0.3033530803352584
r_#>	#>	-0.1044743710181092