Phone1	Phone2	PMI
ʧ	kː_j	6.461051991669965
ɡ	ɡ	6.256534371400653
j	ʎː	6.217741908848716
f	f	6.015976068392279
ˈɛ	j_ˈɛ	5.956997228568012
d	d	5.945643305654627
l	l_ə	5.69974858352951
l	lː_ə	5.629925274863248
m	m	5.585207882944809
ˈa	ˈa_t	5.48825440591086
p	p	5.247513883070909
ˈɔ	w_ˈɔ	5.246267556581661
θ	ʃ	5.226196813231401
t	tː_ə	5.1817323445452885
s	s	5.121277498784038
z	ʃ	5.071403842723885
w	w	4.928641520666519
ˈi	ˈi	4.907494976510781
ŋ	ŋ	4.8959967762754975
s	sː_ə	4.883402650564841
ˈa_r	ˈa	4.794359158882162
ˈu	ˈu	4.790931799930985
ˈo	ˈo	4.703080661353344
i	i	4.663819425473021
v	v	4.649681477321676
b	v	4.637079517816515
ŋ	n_ə	4.620250220853955
t	t_ə	4.5986418227229
j	j	4.567393582504216
b	b_w	4.494082204043246
ˈo	w_ˈɔ	4.425155177711141
ˈe	ˈe	4.377583385360218
e	i	4.296217960317487
o	u	4.255796842609018
ð	ʤ	4.198332394936956
l	l	4.12649980227919
k	k	4.125036553509702
ˈa	ˈa	4.039496379237518
r	r	4.035019195822695
ˈɔ	ˈɔ	3.887400149281539
n	n	3.8812359392046263
ˈɛ	ˈɛ	3.843083612683924
r	ɾ_ə	3.8214133718461736
ˈe	ˈi	3.6522035347355937
ɡ	k	3.635876809718249
t	t	3.597944245611267
n	nː	3.5927284911860062
d	t	3.5864172087755577
k	kː	3.563243718525849
ˈo	ˈu	3.5416756362536144
r	ɾ	3.209126696356952
a	a	3.1392383090229217
ˈe	ˈɛ	3.0793552896872907
s	ʃ	2.9541159992746318
v	v_j	2.58228662710568
t	tː	2.5216801323541094
ŋ	ɲː	2.3829872165274804
ˈo	ˈɔ	2.3551245393986915
ŋ	n	2.316456041323072
v	p	2.177040893817213
a	ə	2.091002166791573
n	n_ə	2.0797316467982294
e	ə	2.072280954980485
θ	ʃː	1.9593604443268635
ˈe_r	ˈɛ	1.9367893870108368
s	ʃː	1.8851105143436624
o	ə	1.866662899831344
e_r	ə	1.6361668612512623
o	a	1.3853985631884325
ʧ	j	1.0882936032754866
ˈɔ	ˈu	1.0006506198203486
o	o	0.8282373855176546
p	k	0.8140745530375132
r_#>	#>	0.1188296647698216