Phone1	Phone2	PMI
ð	ʤ	7.650749143137655
b	b_w	7.232585433086991
l	lː_ə	6.95940298697583
ˈɛ	j_ˈɛ	6.923525068278103
l	l_ə	6.769896470954657
s	sː_ə	6.761021130461364
ɡ	ɡ	6.698349025497528
i	i	6.6200080825165815
ˈɔ	w_ˈɔ	6.523140268996402
d	d	6.472635457238389
ˈa_r	ˈa	6.405322366606426
f	f	6.244317468750021
m	m	6.231391454740254
t	tː_ə	6.117925190696374
u	u	5.769310337338642
s	s	5.565918938765113
ŋ	n_ə	5.551725601473062
p	p	5.483748928451187
t	t_ə	5.464567882557394
ˈo	w_ˈɔ	5.440692712609137
ʧ	kː_j	5.43233566001733
ˈi	ˈi	5.406519825201651
ˈe_r	ˈɛ	5.374344075406475
w	w	5.340116096712393
n	nː	5.314245422953179
j	j	5.293167012175096
v	v	5.246839866961373
b	v	5.212817869716135
ˈu	ˈu	5.209606621822917
z	ʃ	5.176021820067359
ˈo	ˈo	5.171978117301363
θ	ʃː	5.1520729652082995
ŋ	ŋ	5.124081811987225
j	ʎː	5.075756596908722
θ	ʃ	5.05116583518471
ʧ	k_j	5.012621275995392
ˈe	ˈe	5.006350533400418
r	ɾ_ə	4.931427960463809
ɲ	ɲː	4.9256988425038815
e	i	4.877636544543414
o	u	4.802184492309891
ˈɔ	ˈɔ	4.769304357627727
ˈa	ˈa	4.625255614372945
l	l	4.61001906762201
k	k	4.550039162248343
r	r	4.4286515187890325
ˈɛ	ˈɛ	4.4154433344369615
n	n	4.359321023556083
t	t	4.2441642229342875
d	t	4.240015585311865
ˈo	ˈu	4.232685219105845
k	kː	4.217335669331219
o	a_w	3.971257352839463
ˈe	ˈi	3.9227273461227514
ɡ	k	3.846024058381704
s	ʃː	3.838899338493162
t	tː	3.831691595627418
a	a	3.7168524089729074
o	o	3.7068615216462435
n	n_ə	3.5450158577517406
r	rː	3.5260592080449253
θ	ʦ	3.5256296411518444
r	ɾ	3.4906930240007155
ŋ	ɲː	3.458831992826585
s	ʃ	3.400696642458376
ˈe	ˈɛ	3.3320387608780253
ˈo	ˈɔ	3.230599579162459
e	ɾ_ə	3.2037533975384904
w_e	ə	3.0456161842844334
m	m_j	2.9591594080091466
j_ˈe	ˈɛ	2.8511742811503344
ŋ	n	2.78178309404076
ˈi_r	ˈi	2.6991102789504513
f_j	ʃ	2.665453432096805
v	p	2.6458032462657743
a	ə	2.555510628841124
ˈa	ˈa_t	2.4362161096063555
z	s	2.397297750355328
o	ə	2.3782106173031274
l	sː	2.365138943117127
e	ə	2.325314493671973
p	k	2.3152318473026305
<#	<#_a	2.273708052438876
m	mː	2.2257170148321324
r	t_ɾ	2.199817388182616
ð	j	2.1820099058271993
ˈɛ	ˈe	2.169446326649352
e	e	2.094786897585383
e_r	ə	1.8558349743002942
r_#>	#>	1.762418683001314
v	v_j	1.6452231004833144
b	b	1.5414536575328457
p_j	p	1.524070392113706
l	l_w	1.3806870135826625
ˈɔ	ˈu	1.078591134645044
o	a	1.0706431246668369
<#_j	<#	0.8559649852682337
θ	l	0.4654717974933259