Phone1	Phone2	PMI
ʧ	kː_j	7.9702560649697105
b	b_w	7.524463218892667
ɡ	ɡ	6.235836427354276
j	ʎː	6.178026011098394
f	f	6.068166532496316
d	d	5.887545658648
ˈɛ	j_ˈɛ	5.873160816650184
l	lː_ə	5.847525053986626
s	sː_ə	5.814771103125192
l	l_ə	5.79581184720864
ð	ʤ	5.496219177032254
m	m	5.448776048788278
u	u	5.294984279521776
p	p	5.214092514980353
t	tː_ə	5.1967191426371535
s	s	5.080744505251659
ˈɔ	w_ˈɔ	4.994890230915753
θ	ʃ	4.909675342175475
ˈi	ˈi	4.89032080299165
w	w	4.878778732382261
ˈu	ˈu	4.80128950098019
z	ʃ	4.799306615700133
ŋ	ŋ	4.788281191769693
i	i	4.764130561432636
ˈa_r	ˈa	4.7621530405653445
v	v	4.7604782260801874
ˈo	ˈo	4.682298862955973
t	t_ə	4.643933838938126
ɲ	ɲː	4.59895019724899
ˈe	ˈe	4.591235645643002
ŋ	n_ə	4.50355000568817
j	j	4.488493642758843
n	nː	4.481414882897751
s	ʃː	4.412064580213622
b	v	4.40249113204267
e	i	4.333648881078076
o	u	4.125443380550454
l	l	4.117783958934835
k	k	4.108192649401013
ˈa	ˈa	4.071002780774319
ˈo	w_ˈɔ	4.025669167795893
r	r	3.997988197603161
ʧ	k_j	3.8844523195906864
ˈɛ	ˈɛ	3.8524291845480825
n	n	3.852196621971447
ˈɔ	ˈɔ	3.803958431331204
r	ɾ_ə	3.776386817921082
ˈe	ˈi	3.748178582289015
d	t	3.6218205456035255
θ	ʦ	3.61382745027783
t	t	3.5697607410464083
ˈo	ˈu	3.53616155670076
ɡ	k	3.524589962460881
k	kː	3.480181948063554
o	o	3.4636594469211044
ŋ	mː_ə	3.32161172186957
o	a_w	3.24890400410958
a	a	3.169621860689427
t	tː	3.1587423656052347
r	ɾ	3.107560799610718
ˈe_r	ˈɛ	3.0610158971688888
ŋ	ɲː	3.0206175887693214
θ	ʃː	2.944642190988403
ˈe	ˈɛ	2.9181431676407046
s	ʃ	2.875887196069684
v	p	2.818278578535214
ˈo	ˈɔ	2.7635086061662903
r	t_ɾ	2.6833400372324547
<#	<#_a	2.548952044644077
ˈɛ	ˈe	2.4203729221342205
r	rː	2.374071926352613
j_ˈe	ˈɛ	2.203237828549108
ˈa	ˈa_t	2.185084108706436
ŋ	n	2.164012263310525
a	ə	2.07429738202712
f_j	ʃ	2.042893940797356
n	n_ə	1.962565180622725
e	e	1.9512174327929184
m	mː	1.8984501322852736
e	ə	1.839670940978142
o	ə	1.793466092298124
w_e	ə	1.7533794856961684
e	ɾ_ə	1.6950570365362336
e_r	ə	1.6528864793423304
ˈɔ	ˈu	1.6237291939778735
ð	j	1.4209321048133732
z	s	1.386134967555987
v	v_j	1.2878206590967731
p	k	1.2552088118819835
m	m_j	1.201344026361595
ˈi_r	ˈi	0.8921445217377177
ˈa	ɾ_ˈa	0.885508825742708
ˈi	i	0.7717516625917178
l	sː	0.754605687786541
o	a	0.4223842915217418
r_#>	#>	-0.1337772163969372