Phone1	Phone2	PMI
ɡ	ɡ	6.403521236166652
d	d	6.059025689244535
ˈɛ	j_ˈɛ	6.036111574892069
ʧ	kː_j	5.921693861461604
b	b_w	5.919153285747035
l	l_ə	5.894317990884881
l	lː_ə	5.82180397500794
m	m	5.7732965968082
f	f	5.7490316056567
s	s	5.431352979721745
j	j	5.312207889886648
p	p	5.295463279014561
ˈɔ	w_ˈɔ	5.251273915990419
t	tː_ə	5.247276720523442
ˈo	ˈo	4.981002435926307
ŋ	ŋ	4.790764992318062
ˈi	ˈi	4.751141752779146
ˈu	ˈu	4.708335648459953
v	v	4.70294870661458
ˈa_r	ˈa	4.700174784691512
i	i	4.699119792877464
w	w	4.561990070663068
ŋ	n_ə	4.548329690010479
o	u	4.447852573539844
θ	ʃ	4.370719253733994
ˈe	ˈe	4.344832603666265
ˈɔ	ˈɔ	4.332117175951465
b	v	4.330934758843475
ˈo	w_ˈɔ	4.32678839580801
e	i	4.314441058342422
l	l	4.297709488871219
t	t_ə	4.2753122521330935
ð	ʤ	4.267662644033767
ˈɛ	ˈɛ	4.220466297215529
ˈa	ˈa	4.049451914190182
n	n	3.987936278510764
k	k	3.91969750634772
r	r	3.9166980338896527
z	ʃ	3.899915496035565
t	t	3.858488182447569
ˈo	ˈu	3.815601960110232
r	ɾ_ə	3.7583995440660662
n	nː	3.68141685187523
k	kː	3.4519925852641093
ˈe	ˈi	3.281171984031169
a	a	3.252252643191329
ɡ	k	3.212513866201036
ˈo	ˈɔ	3.163153171501766
r	ɾ	3.092922102566177
d	t	2.9646232725197144
ˈe	ˈɛ	2.959266039559083
s	ʃ	2.9091820388412635
s	ʃː	2.784156279365291
v	p	2.719483127004104
o	o	2.674018259949058
t	tː	2.650548581806312
θ	ʃː	2.5914887497127017
ʧ	k_j	2.339142613608664
u	u	2.2651673590699413
ŋ	n	2.2459150912493717
s	sː_ə	2.1926955044520686
a	ə	2.0502028330591884
o	ə	1.9820534126277376
e	ə	1.917432777673788
r	t_ɾ	1.7325829137171576
e_r	ə	1.6676435570151087
ŋ	ɲː	1.6053452636362424
l	sː	1.5220355558383
p	k	1.4295135880450796
ɲ	ɲː	1.3525715595694912
v	v_j	1.318184746206016
<#	<#_a	1.284735457270283
o	a_w	1.1959623234282617
z	s	1.1818391957944303
j	ʎː	1.14302178537117
<#	<#_w	1.1313246971697206
ˈe_r	ˈɛ	1.0059049753852485
ˈi_r	ˈi	1.0059049753852485
e	e	0.9690639916078858
θ	ʦ	0.9365374898326944
m	mː	0.9341724027533364
ð	j	0.9156866453420058
ˈɔ	ˈu	0.8967226575688896
o	a	0.8148197177650085
ˈɛ	ˈe	0.7046803005910912
n	n_ə	0.6595845921996859
w_e	ə	0.6180872166440969
e	ɾ_ə	0.6142699754283912
r_#>	#>	-0.7422180278151795