Phone1	Phone2	PMI
ɡ	ɡ	6.668627051325017
d	d	6.313274790806701
ˈɛ	j_ˈɛ	6.1363504241179045
l	lː_ə	5.954825395847319
l	l_ə	5.864583173480853
i	i	5.820564185458275
f	f	5.501088149799393
ð	ʤ	5.475257523540937
m	m	5.421161036595739
s	s	5.314128210800874
w	w	5.21979071061641
p	p	5.029264573850748
t	tː_ə	5.023593488289625
j	ʎː	4.856449111891787
ˈa_r	ˈa	4.838192143482427
ˈu	ˈu	4.832692265345781
j	j	4.8012222674938645
ˈɔ	w_ˈɔ	4.744915217532625
v	v	4.693159715286794
ˈo	ˈo	4.689577354798815
ˈɔ	ˈɔ	4.651345724096683
ŋ	ŋ	4.645660117633363
ˈi	ˈi	4.568622433427669
ˈo	w_ˈɔ	4.551177621610234
e	i	4.533207964816321
θ	ʃ	4.4779982592809
b	b_w	4.4648307924594794
ŋ	n_ə	4.444239716334994
t	t_ə	4.404221180439107
l	l	4.366296428725866
b	v	4.33742750918595
o	u	4.3093223285774656
ˈe	ˈe	4.195374594164675
ˈa	ˈa	4.097334958847549
ˈɛ	ˈɛ	4.05938703789632
k	k	4.0324949697671375
r	r	3.9147198920399537
z	ʃ	3.899708834764581
n	n	3.878765490101424
t	t	3.783714136477047
ˈo	ˈu	3.7447784655748175
n	nː	3.705557423751139
r	ɾ_ə	3.6641073122466143
t	tː	3.4871141185219066
s	sː_ə	3.4512185031043305
ˈa	ˈa_t	3.397987502473626
s	ʃ	3.364506416894393
ʧ	kː_j	3.2277393426500325
ˈe	ˈi	3.211475446759955
ɡ	k	3.2063726147106126
k	kː	3.163534920462915
r	ɾ	3.151536504927748
a	a	3.145911321552261
ŋ	ɲː	2.9447324367680503
v	p	2.9280471091933813
ɲ	ɲː	2.8241177574761758
ˈe	ˈɛ	2.7771115608154857
d	t	2.7635082342827686
θ	ʃː	2.7623366586511504
ˈi_r	ˈi	2.5952816758607495
u	u	2.3738366935213895
ˈo	ˈɔ	2.2124666868995706
ŋ	n	2.1096541571677205
a	ə	2.0421040035075544
o	ə	2.0042421882793415
e	ə	1.9751263541655808
ˈe_r	ˈɛ	1.920075431394945
l	sː	1.8724630398597655
ʧ	k_j	1.6523177287577613
o	o	1.586679089938495
n	n_ə	1.4621934178151177
ˈɛ	ˈe	1.4319927534655497
p	k	1.2995379280692294
<#	<#_a	1.2770580311769584
ʧ	j	1.1470686502571594
e_r	ə	1.1245618847563212
j_ˈe	ˈɛ	1.0512967147304266
m	mː	1.0262418607172972
k	k_w	0.9913864354324999
θ	ʦ	0.9550072812779188
ŋ	mː_ə	0.9468845999528419
f_j	ʃ	0.9050973874560342
s	ʃː	0.8205468084848
r	rː	0.7741141899039604
<#_ð	<#	0.7274859841230583
ð	j	0.6516273861841048
z	s	0.6062824879674454
d	ɾ	0.5967748446144798
o	a	0.543290898337594
ˈɔ	ˈu	0.5283707345538884
e	ɾ_ə	0.5095134595499935
w_e	ə	0.3502652601209881
r_#>	#>	-0.3125733266637212