Phone1	Phone2	PMI
f	f	6.390215662490112
d	d	6.344006104712707
b	b	6.168488780364367
ˈi	ˈi	5.629934531344829
o	ʎ_u	5.570015061141949
θ	ʦ	5.452511360428362
ð	z	5.344041939350777
t	p_t	5.3344653462154685
ɡ	ɡ	5.334370725696968
v	v	5.269008886597104
m	m	5.234874619470494
ˈu	ˈu	5.077767177645898
ð	ʒ	4.96933709876186
s	s	4.921488916095876
j	ʎ	4.844053557253643
ˈɔ	o̯ˈa	4.785225827511866
k	k	4.49862875413791
ŋ	j_n_i	4.402395644849761
p	kʲ	4.349957034307414
ˈa	ˈɔ	4.138468907740101
p	p	4.106163035669991
ˈe	e̯ˈa	4.049937449883663
r	r	3.988639892980449
ˈɔ	ˈo	3.9614459163674494
ɡ_o	k	3.881775431052891
s	ʃ	3.8762025558257913
e	a	3.8083229254822095
a	ə	3.794408668787301
ˈa	ˈa	3.7908427893379666
l	l	3.7582344489029826
r	u_r	3.6772973906879516
ˈɛ	ˈe	3.6143101163258398
#>	e_#>	3.6134206878170727
ŋ	ŋ	3.5810783546739384
ˈo	ˈu	3.5392963949948104
t	t	3.51732397712513
e	i	3.4653411974712958
o	u	3.4025202931318415
ˈo	ˈo	3.343552015460046
ˈɔ_ʧ	ˈu	3.3039554666580524
z	ʦ	3.296875492557982
n	n	3.1976111114479107
ˈe	ˈe	3.060003784993691
ˈe	ˈi	3.017208262173229
a	ʎ_ə	2.9928271129508417
ˈɛ	ˈa	2.9708838863215425
j_ˈe	ˈe	2.841536001559423
j	l	2.7948974168314256
ˈo	o̯ˈa	2.6114693417641974
ŋ	n	2.569024686529107
o	i	2.5188577668695005
θ	ʧ	2.369557016181255
t	ʦ	2.136158156339205
<#	<#_j	2.027106973952238
ŋ	m	2.015016277588896
d	z	1.9800758651118087
v	p	1.9623552562632203
<#_f	<#	1.851879250711226
r	r_i	1.6468155728214255
k_w	p	1.5293161678492
ɡ	k	1.4078835049546634
ˈi	ˈu	1.3977381122895405
l	r_i	1.2991353042708635
l	r	1.285455353532727
e	ə	1.2228660677551317
#>	u_#>	1.1028092986029838
t	p_t_i	1.1017393334164027
<#	<#_w	0.8044735626056909
t	t_i	0.7156491508311118
v	j	0.6068743222396096
p	t	0.41221769632251587
o_#>	#>	0.22100763901360487
#>	i_#>	0.050929361734715836