Phone1	Phone2	PMI
ɡ	ɡ	5.810819152467165
m	m	5.551303168921031
b	b	5.467555754897171
v	v	5.3305359204958505
d	d	5.149895870414197
o	ʎ_u	4.876424815970169
p	p	4.585553095058285
s	s	4.513816318214898
k	k	4.423261535774242
e	i	4.137447587121203
ˈe	e̯ˈa	3.959487399061709
r	r	3.927584052097157
ˈo	ˈu	3.889215527403935
t	t	3.880790951627
s	ʃ	3.7992139761750607
a	ə	3.787314423545643
ˈu	ˈu	3.731040583309573
ˈa	ˈɔ	3.719203656941989
f	f	3.7033363543821753
ˈi	ˈi	3.5801962939230676
ˈa	ˈa	3.5734018828744163
l	l	3.5503419695937515
ˈo	ˈo	3.5013531127437556
θ	ʦ	3.316424965014227
ˈe	ˈe	3.2868531836378607
n	n	3.192952940370393
ˈɛ	ˈe	2.9795754794902063
ŋ	n	2.916715692302313
o	u	2.7755224140641155
ð	z	2.530511049484744
ˈɛ	ˈa	2.3459063515582583
z	ʦ	2.3102083508978106
ˈe	ˈi	2.2455387315679833
t	p_t	2.24146902835482
t	t_i	2.1434603897530735
ˈɔ	ˈo	2.1098604381211006
a	ʎ_ə	1.9761064361131724
ˈa	ˈɔ_j	1.9720953063837086
o	i	1.5610512242920889
j	l_o̯ˈa	1.5194522230079577
j	ʎ	1.4475121858525735
ˈɔ_ʧ	ˈu	1.3501284100672186
<#	<#_j	1.3469484262594118
ð	ʒ	1.330086322556785
ɡ_o	k	1.285207964230081
t	p_t_i	1.2138805707989486
l	r	1.1691053531379663
ˈe_l	e̯ˈa	1.144072179968055
ˈɔ	w_ˈo	1.130229624773874
ŋ	m	1.0917555254786249
r	r_i	0.980062239944292
j_ˈe	ˈe	0.9486161952680717
e	ə	0.8764987149391917
l	r_i	0.8516365141393992
ˈɔ	w	0.8293482904083531
v	j	0.8158772368480003
ŋ	n_i	0.8075530279995
ˈɛ	j	0.7912549637745703
ŋ	ŋ	0.7639239379522476
ˈo	o̯ˈa	0.7205518107186482
ˈɔ	o̯ˈa	0.712355790264122
t	ʦ	0.6110044649255304
v	p	0.4828762080087163
l	ʎ	0.4687197562542152
ɡ	k	0.4466193350104929
#>	i_#>	-0.5556671805704676
o_#>	#>	-0.31172482520838624