Phone1	Phone2	PMI
f	f	6.931188153599576
d	d	6.6834672316176365
ˈi	ˈi	5.983419858455696
ð	ʒ	5.971486112368556
v	v	5.9656687466992535
o	ʎ_u	5.874752151816792
b	b	5.872990984559103
θ	ʦ	5.349096943752903
ɡ	ɡ	5.248709087219259
ð	z	5.024092993535315
m	m	4.87349440209963
t	p_t	4.862269465207819
#>	e_#>	4.808981804338603
s	s	4.612563363109984
k	k	4.298543128333061
p	p	4.284230354973889
ˈe	e̯ˈa	4.274845998506309
r	r	4.082457615452942
ˈɛ	ˈe	4.0759463450057885
ˈɔ	o̯ˈa	4.074349759420187
a	ʎ_ə	4.06205353611733
ˈa	ˈɔ	3.85157676082123
a	ə	3.84319829766992
ˈɔ	ˈo	3.828158872452213
ˈu	ˈu	3.8031560115334715
o	u	3.797974645192403
ˈa	ˈa	3.7437715175103707
ɡ_o	k	3.7335964151220646
l	l	3.6975680167912715
<#	<#_w	3.6089818043386037
ˈo	ˈu	3.5334709161210287
ˈe	ˈe	3.447345293756322
r	r_i	3.3895192182849865
p	kʲ	3.3649831148782297
ˈe	ˈi	3.3323635265448757
n	n	3.3182055974815112
e	i	3.2916944590077115
z	ʦ	3.276816485967551
t	t	3.2451948082268687
s	ʃ	3.2366922732502648
ˈɛ	ˈa	3.040961208505653
ˈo	ˈo	2.8868111616051815
ˈo	o̯ˈa	2.7721708000201795
j	l	2.765930096182215
e	a	2.726063146555293
ŋ	n	2.708319715325465
ŋ	ŋ	2.5850562870595972
ˈɔ_ʧ	ˈu	2.5657962843905335
θ	ʧ	2.5612594789840126
t	t_i	2.3854492121406885
k_w	p	2.35990174409576
o	i	2.155711362279005
t	p_t_i	2.11955496829501
ŋ	j_n	2.1089237117412956
j	ʎ	2.0343192394029534
ŋ	m	2.010628034459316
ɡ	k	1.6614190900785566
e	ə	1.5297289353102776
l	r_i	1.3400162012753232
ŋ	j_n_i	1.3118731159442452
t	ʦ	1.253997116016935
l	r	1.2507298927225952
<#_f	<#	1.2067363532539526
ˈa	ˈɔ_j	0.982512544009205
j_ˈe	ˈe	0.9287367521467724
r	u_r	0.8930385437371212
<#	<#_j	0.6734742131297059
p	t	0.6432896901822487
#>	u_#>	0.5469484262594119
v	p	0.4267319156808903
o_#>	#>	0.009867081408404385
#>	i_#>	-0.6386746804262363