Phone1	Phone2	PMI
f	f	8.08781244676429
ŋ	ŋ	8.00658780230353
d	d	7.119836344650226
ˈɛ	j_ˈe	6.895038615803127
tː	ʧ	6.671812855434659
ʐ	r	6.326154596255462
ɲː	ɲ	6.321733080747053
ɡ	ɡ	6.209912523083452
ɖː	ʝ	6.178498214844686
ɕ_ɪ	θ	6.157755103661614
cː	x	6.096397942715773
i	i	5.9624547244840045
ɟː	x	5.8135958634444185
m	m	5.48207218481382
b	b	5.26216203557914
ɕ	θ	5.250182916516867
ˈɔ	w_ˈe	5.223015223359886
nː	ɲ	5.175303913739353
ɡ	ɣ	5.001473125505777
n_ɪ	n	4.956231916405425
j	d	4.834679054067956
r_ɪ	ɾ	4.76268070507685
s	s	4.718024087067616
ˈu	ˈu	4.618192648190893
l	l	4.596867511147723
ɾ_ɪ	ɾ	4.565347517121621
k	k	4.555845308632199
v	b	4.530411869496638
t	t	4.473672128455767
p	p	4.44435542729246
t	ð	4.386008454017134
ˈa	ˈa	4.323806608290641
c	ɟ͡ʝ	4.276052642758109
#>	s_#>	4.254887603337281
ʃː	θ	4.138278344542825
n	n	4.133687429297509
ˈu_ɾ	ˈo	4.103925629981059
ɪ	e	4.100558212229034
ˈi	ˈi	3.8915757279700496
r	ɾ	3.871131436457133
i	e	3.755607986243116
v	β	3.739904596793865
ɾ	ɾ	3.698417914835454
a	a	3.6801358594425553
k	ɣ	3.5610321836542047
ˈu	ˈo	3.5464710431633986
<#_a	<#	3.5144153059600907
ˈɔ	ˈo	3.4074721760142106
ʊ	o	3.3041412755114816
ˈɔ	w	3.294986200675304
ˈa_w	ˈo	3.2875683110975533
<#	<#_o	3.258832372014376
w	w	3.173915075590557
ʃ	e_s	3.1461644062927885
<#_f	<#	3.0724964832764545
ɖː	l	3.0425138892020733
tː	t	3.026847702700997
ɽ	ɾ	2.97987628973237
p	β	2.8587703063651038
kː	k	2.813429751439678
ˈi	ˈe	2.787255163478037
ʃ	s	2.5375204112527747
<#	<#_e	2.3214886685933465
a	x_a	2.2341193308476455
v	ˈe_β	2.1526410202790776
ʈ	ð	2.150695313252094
k	ˈe_ɣ	2.1453032137368937
n	ˈe_n	2.047123490399867
p	a_β	1.9314858503063286
u	o	1.9295237256721947
ˈe	j	1.905931181128958
j	x	1.9024189976946018
ˈo	ˈo	1.8905663169681597
ʊ	s_o	1.7283987747782619
ɪ	ˈe	1.6084363483432973
ɕ	ˈe_θ	1.443274740629961
<#_j	<#	1.3393601224994214
ˈɛ	ˈe	1.2823703830138697
#>	e_#>	1.192898052241559
f_ˈi	ˈi	1.1822038347680166
o	o	1.1473207633097413
#>	j_#>	1.1376500618266356
mː	m	1.0681005014519713
r	r	1.0423381075938232
l_ɪ	l	0.9869741958292828
ɾ	ˈe_ɾ	0.9653196949866996
ɪ_ɾ	ɾ	0.8376625159660571
j	ɾ	0.7666638086832943
a	ɾ_a	0.73021015627129
ˈe	ˈe	0.7113602816438112
i	ˈe	0.393457036735128
ɪ_#>	#>	-2.051335069581844