Phone1	Phone2	PMI
ɡ	ɡ	7.072176849394167
u	u	6.175846554621021
ɲ	ɲ	6.093698310935497
ˈu	ˈy	5.943517598426699
ʒ	ʤ	5.834695607988565
ˈi	ˈi	5.506267230999196
d	d	5.447090377828306
p	p	5.16899038307426
ɾ	e_r	5.083255814146178
ˈo	ˈu	5.023621025652981
m	m	4.942423495764691
ˈɔ	ˈɔ	4.907337031201057
f	f	4.78277828355763
ð	d	4.732811632764398
b	b	4.672466222238781
ˈi	ˈĩː	4.547657169884729
n	n	4.371813032379217
s	s	4.357068318674637
w	w	4.285990984410602
β	ʋ	4.264048432841391
t	t	4.199419323623888
b	ʋ	4.167469325009932
k	k	4.13202553467209
ˈɛ	ˈɛ	3.864002086882843
ˈe	ˈe	3.826103810256525
ɣ	ɡ	3.8179374925688543
l	j	3.805714518518811
l	l	3.769278323750959
ʎ	l	3.675342594161672
ˈa	ˈãː	3.648279313280341
ˈa	ˈaː	3.648279313280341
r	r	3.623976117807216
s	ʧ	3.550161798857125
ʃ	s	3.519366963761615
ˈa	ˈa	3.497385782875772
ˈɛ	ˈe	3.452050904466743
ˈu	ˈø	3.417259861846404
ˈe	ˈɛ	3.391086579506469
ɾ	r	3.3871169730354493
ə	a	3.25585759313019
ˈo	ˈũː	2.92297957811324
β	b	2.870846647475638
ə	e	2.710117763890717
ˈɔ	ˈu	2.6735217350518625
t	ʧ	2.627649992590369
ə	ã	2.6219991825259537
ˈo	ˈy	2.459918172204788
#>	ʧ_#>	2.1222569402904967
n	t	2.1002847847128736
ˈɔ	ˈøː	1.99292004162788
#>	k_#>	1.9885174010954196
w	f	1.7940755817165646
ˈɛ	ˈeː	1.784876358095343
<#_ə	<#	1.7231061891055908
s	ʃ	1.659094105381822
ə	i	1.4940476191857088
ˈu	ˈyː	1.172997814873299
#>	s_#>	0.990877399352337
n	ˈẽː	0.9566263250270378
#>	f_#>	0.7801979988337668
ʎ	ˈø	0.7237484840242248
s	ʦ	0.6815698534474375
w_#>	#>	0.5363096623133455
ˈe	ˈa	0.5243469952524883
#>	r_#>	0.4079379245587485