Phone1	Phone2	PMI
j	ˈɛ	7.567199760648708
ɲ	ɲ	6.8247429603821415
ˈa_ɾ	ˈaː	6.134091263779967
w	w	5.981483878398158
w_ˈe	ˈøː	5.958260669979894
f	f	5.955376064610853
ˈu	ˈyː	5.739396956107631
ʝ	ʤ	5.738262992660025
d	d	5.723084138394219
m	m	5.65834937165726
ˈu	ˈy	5.57792597169611
ˈi	ˈi	5.340379379194188
ʃ	z	5.33364402268588
θ	ʒ_e	5.290559164481049
w_ˈe	ˈɔ	5.289331035702404
ɡ	ɡ	5.221861010013943
b	b	5.183376133127422
ɣ	ɡ	5.144396726483196
w_ˈe	ˈɔː	5.079166957998827
n_u	ŋ	5.063346953413734
ʎ	l	5.0041806800070425
i	i	4.879574639816364
β	v	4.84484517731946
ˈa	ˈa	4.814883936780555
p	p	4.799190946385291
j_ˈe	ˈe	4.693351418107313
ˈo	ˈu	4.3817155644903405
b	v	4.3656728745092215
k	k	4.36200407974657
t	t	4.351720399890404
w_ˈe	ˈø	4.280971295781823
r	r	4.278089182591822
ˈe	ˈe	4.252831641028554
ɾ	r	4.175131200068496
s	s	4.170640626958623
n	n	4.145635537339447
ˈo	ˈuː	4.1162372609039135
ʧ	t	4.079135242859788
ŋ	ŋ	4.019859340019393
o	w	3.985193763701632
j_ˈe	ˈɛː	3.911459319882968
e	e	3.850767864989715
j_ˈe	ˈeː	3.832995835327216
a	a	3.790481828383738
ˈi	ˈiː	3.7259075195843447
ð	t	3.716534172083104
ˈo	ˈɔː	3.697944786300867
u	u	3.697030458734257
θ	ʒ	3.6160836314447256
<#_e	<#	3.606310702906812
θ	s	3.512486689413934
ɾ_u	u	3.478654504556641
n	ŋ	3.461742727419889
ð	d	3.4300071338612512
ˈa	ˈaː	3.3111580217755705
l	l	3.2650257456349423
o	u	3.009175956675111
ˈe	ˈeː	2.989050539744092
ɾ	j	2.9826853837329925
ˈu	ˈu	2.78996840162455
s_#>	#>	2.758170360999225
ˈi_ɾ	ˈiː	2.584271046420074
ˈa_l	ˈaː	2.4511375923195784
l_#>	#>	1.888235332751517
<#_ɡ	<#	1.8244938075557904
ˈe	ˈɛː	1.7947011338813073
ɲ	n	1.6855818499282775
e	j	1.600583775918657
ˈo	ˈaː	1.512685621002921
ˈo	ˈy	1.382701245183
l	ˈuː	1.3392662567116485
f_w	f	1.290081985944464
o_s	i	1.2794776824652363
ˈa	ˈɛː	1.2671539951486148
n_w	n	1.1388671025216817
ɾ_#>	#>	1.019359391676432
ˈi	ˈe	0.92283686160717
ʎ	ʧ	0.9187512186222522
β	b	0.8165523842400914
e	u	0.6611787099306103
ˈe	e	0.5555959319358214
ˈe	ˈi	0.545921036652859
s	j	0.5265458001130818
e	i	0.5228229762159288
m	ŋ	0.338268417713383
<#_ʎ	<#	0.2543482686270629
#>	e_#>	-0.6319584495145129