Phone1	Phone2	PMI
ɡ	ɡ	6.614823402248969
ɥ	ˈy	6.541779201784962
ɒ̃ʊ̯̃	ˈũː	6.518097217620017
ʒ	ʤ	6.27275106421776
ɪ	ˈi	5.741764379984221
n	n_a	5.717977466057544
oʊ̯	ˈɛ_l	5.5388168614213145
b	b	5.535275442173146
u	ˈu	5.491617837572403
p	p	5.3679946282092885
d	d	5.155099985895964
i_ʁ	ˈi	5.140469780552274
ẽɪ̯̃	ˈãː	5.091528714068646
l	l_a	5.032303356186185
œ	ˈøː	4.991058539094466
v	ʋ	4.9810586675661765
n	n	4.810406193363193
ã	ˈãː	4.735345894867471
f	f	4.674154788571178
ɑɔ̯	ˈɔ	4.648365020817363
ã	ˈẽː	4.616791877448592
t	s_t	4.516185515362698
m	m	4.49519400158731
ẽɪ̯̃	ˈĩː	4.426402457483073
ɛ	ˈe	4.396300781915813
j	j	4.313503789633632
e	ˈa	4.237372627074953
ɔ	u	4.175953482141324
ʃ	k_a	4.147038635368993
#>	k_#>	4.144379151838384
i	ˈe	4.019221287192909
ʁ	e_r	4.014482465624366
k	k	4.001726003381265
s	s	3.9488375048730617
ʁ	r_a	3.923346568869128
ɲ	ɲ	3.8356086459388568
t	t	3.7024569423629337
ʃ	k	3.663825042085137
æɛ̯	ˈa	3.480981992956678
l	l	3.478886166951912
s	ʧ	3.4516704064226285
w_ɛ	ˈɛ	3.3305192703630264
o	ˈɔ	3.167885344674824
m	m_a	3.049024828526904
#>	ʦ_#>	3.0236724456644763
#>	ʧ_#>	3.0169124294410423
ʁ	r	2.9910214352530446
l	j	2.963799154330401
a	a	2.866207971927714
#>	t_#>	2.854717717040238
a	ˈa	2.8441509648721457
æɛ̯	ˈɛ	2.8232858476962868
œ	e	2.7381397523923856
w_ɛ	ˈe	2.679571205554854
ɛ	ˈu_s	2.5351715089100093
ʁ	r_t	2.48320701795187
ɛ	ˈɛ	2.2795299291703977
ã	ã	2.154034794423046
æɛ̯	ˈaː	1.7940263874725455
ẽɪ̯̃	ɲ	1.7531717130411957
j	ˈe	1.6523308233506222
i	ˈi	1.6384646029405243
#>	s_#>	1.514304153280697
z	z	1.3415709663018187
#>	p_#>	1.275007886269385
#>	u_#>	1.275007886269385
t_ʁ	s	1.2682386899199627
k	ʧ	1.1208416725589276
t	t_a	1.1197974492773797
j	ʧ	0.8643927355779532
ɡ	ʤ	0.8322877560949807
v_w	ʋ	0.7899309838694768
w_ɛ	ˈu	0.6658792818789881
ʁ_w	r	0.6559607042079428
oʊ̯	l	0.5954631013004641
#>	l_#>	0.2098218811804131
e_#>	#>	0.0995681041350422
ʁ_#>	#>	-0.9465258858022968
#>	a_#>	-0.3555868658089708