Phone1	Phone2	Surprisal	OOV_Smoothed
b	b	-0.0	4.885213223710931
d	d	0.22210530715193466	4.885213223710931
d	d_ə	2.8090788081253533	4.885213223710931
d̥	d̥	0.07166207779804802	4.885213223710931
d̥	-	4.367095412744023	4.885213223710931
h	k	0.43066431086970736	4.885213223710931
h	χ	1.95411018879954	4.885213223710931
j	j	-0.0	4.885213223710931
k	k	-0.0	4.885213223710931
l	ɫ	-0.0	4.885213223710931
m	m	-0.0	4.885213223710931
n	n	0.2344840665715139	4.885213223710931
n	ə	3.0639411739927813	4.885213223710931
p	p	-0.0	4.885213223710931
s	s	-0.0	4.885213223710931
t	t	0.1520521348999187	4.885213223710931
t	t_ə	3.321486796795256	4.885213223710931
v	f	0.08272527854575068	4.885213223710931
v	v	4.165459315924286	4.885213223710931
v̥	v̥	0.16991828230799808	4.885213223710931
v̥	f	3.169978755643418	4.885213223710931
w	ɫ	-0.0	4.885213223710931
z	s	-0.0	4.885213223710931
z̥	s	-0.0	4.885213223710931
ŋ	ŋ	0.37174711108941716	4.885213223710931
ŋ	ŋ_ə	2.1382574440205473	4.885213223710931
ə	ə	-0.0	4.885213223710931
ɦ	χ	0.37239746575100596	4.885213223710931
ɦ	-	2.1360469353957736	4.885213223710931
ɦ̥	χ	-0.0	4.885213223710931
ɾ	r	-0.0	4.885213223710931
ʃ	s	-0.0	4.885213223710931
ʋ	v	0.4323368706635586	4.885213223710931
ʋ	w	1.9493127377814456	4.885213223710931
ˈeː	ˈɪə̯	0.2891618545039697	4.885213223710931
ˈeː	ˈəɪ̯	2.4609840711159943	4.885213223710931
ˈi	ˈəɪ̯	-0.0	4.885213223710931
ˈiə̯	ˈi	0.1555506779790649	4.885213223710931
ˈiə̯	ˈyː	3.2903863832581273	4.885213223710931
ˈoː	ˈʊə̯	-0.0	4.885213223710931
ˈu	ˈɔ	0.5048867979831886	4.885213223710931
ˈu	ˈœu̯	1.7598233033450066	4.885213223710931
ˈuə̯	ˈu	-0.0	4.885213223710931
ˈyː	ˈœɪ̯	-0.0	4.885213223710931
ˈæ	ˈæː	1.0907530420457867	4.885213223710931
ˈæ	ˈæ	1.602869546101253	4.885213223710931
ˈæ	ˈa	3.0367551129792214	4.885213223710931
ˈæ	ˈɛ	3.6545967670384116	4.885213223710931
ˈøː	ˈɪø̯	-0.0	4.885213223710931
ˈœ	ˈœ	0.9227185821108338	4.885213223710931
ˈœ	ˈɔ	1.0816566577669264	4.885213223710931
ˈɑ	ˈa	-0.0	4.885213223710931
ˈɒː	ˈɑː	-0.0	4.885213223710931
ˈɔ	ˈɔ	-0.0	4.885213223710931
ˈɛ	ˈə	-0.0	4.885213223710931
ˈɛː	ˈɪə̯	-0.0	4.885213223710931
ˈɪ	ˈə	0.16282717184891324	4.885213223710931
ˈɪ	ˈœ	3.228000948567696	4.885213223710931