Phone1	Phone2	Surprisal	OOV_Smoothed
a	a	0.1093289957154402	4.736146706164449
a	-	4.03274074006473	4.736146706164449
b	b	-0.0	4.736146706164449
d	d	0.1329866134140879	4.736146706164449
d	t	3.505396005496041	4.736146706164449
e	e	0.1590870117148524	4.736146706164449
e	ˈe	3.701293351635143	4.736146706164449
f	f	-0.0	4.736146706164449
i	i	-0.0	4.736146706164449
j	j	0.10682894857307107	4.736146706164449
j	-	3.808476711062382	4.736146706164449
k	k	0.06501414398781888	4.736146706164449
k	-	4.504253946723426	4.736146706164449
l	l	-0.0	4.736146706164449
m	m	0.0039176168596914826	4.736146706164449
n	n	-0.0	4.736146706164449
o	o	0.1468673177147362	4.736146706164449
o	l	3.368991824538192	4.736146706164449
p	p	-0.0	4.736146706164449
r	r	0.014699100890498319	4.736146706164449
s	s	0.7551610437724926	4.736146706164449
s	θ	1.2950580973842702	4.736146706164449
t	t	-0.0	4.736146706164449
u	o	-0.0	4.736146706164449
v	v	0.04912380051931941	4.736146706164449
w	w	0.1404701984256445	4.736146706164449
w	-	3.430095646398788	4.736146706164449
z	ð	1.0622365813490247	4.736146706164449
z	z	1.5981473585837538	4.736146706164449
z	s	2.389790814194829	4.736146706164449
ŋ	ŋ	-0.0	4.736146706164449
ɡ	ɡ	-0.0	4.736146706164449
ɰ	l	-0.0	4.736146706164449
ɲ	ɲ	-0.0	4.736146706164449
ʤ	j	-0.0	4.736146706164449
ʧ	ʧ	-0.0	4.736146706164449
ˈa	ˈa	-0.0	4.736146706164449
ˈe	ˈe	0.2702703949720593	4.736146706164449
ˈe	e	3.7493269567375527	4.736146706164449
ˈe	l_ˈe	3.807873118410132	4.736146706164449
ˈi	ˈi	-0.0	4.736146706164449
ˈo	ˈo	-0.0	4.736146706164449
ˈu	ˈu	-0.0	4.736146706164449
ˈɔ	ˈɔ	0.2576589499593241	4.736146706164449
ˈɔ	ˈo	2.612144381327961	4.736146706164449
ˈɛ	ˈɛ	0.28326696056198847	4.736146706164449
ˈɛ	ˈe	2.6327818374011716	4.736146706164449