Phone1	Phone2	PMI
kː	kː	8.326609413258481
ʎ	ɟː	8.043601913402712
c	cː	7.816785676313155
ŋ	ŋ	7.4413027856351475
ɲ	ɲː	6.920659944579671
ɡ	ɡ	6.765922273890232
sː	sː	6.761738300352806
tː	tː	6.5442174202010985
lː	ɖː	6.179670542519997
d	d	6.141136617187094
f	f	6.043914304739388
b	b	5.9012690822420435
j	j	5.856711409868316
w	w	5.837981850999153
ʧ	ɕ	5.788652402109955
m	m	5.759748333005601
ɟ	j	5.6597398376500125
s	s	5.355782865904696
v	v	5.2806354157255475
ʧː	ʧː	5.255931534600254
nː	nː	5.254537558653277
e	ɪ_r	5.141914531249016
ɟ	ʤ	5.050335033483268
s	ʃ	5.042493414442888
p	p	4.992685362836855
z	z	4.927301786947309
t	ʈ	4.906750517171641
k	k	4.886806972616676
t	t	4.867933106748381
i	i	4.764546293563325
ˈu	ˈu	4.74835342294607
ˈe	ˈɛ	4.72165997719143
ˈɔ	ˈɔ	4.682551113569248
ˈa	ˈa_r	4.669406944708947
ˈi	ˈi	4.650341162363919
l	l	4.639137171492052
r	ɽ	4.4374052185464
ˈa	ˈa_ɾ	4.375580340743029
n	n	4.139853993876369
a	a	3.9676000735782835
o	o	3.9563511924926407
ˈo	ˈɔ	3.9450194635832125
n_d	nː	3.864595755696736
ˈo	ˈu	3.7533736062545073
ˈɛ	ˈɛ	3.7010486391386825
ˈɛ	ˈi	3.662283985310747
r	ɾ	3.639121138176659
ˈa	ˈa	3.628073363752711
r	r	3.4866927976070192
f_j	ç	3.4838598834332717
e	ɪ	3.2872412968478435
u	u	3.2699605394746847
u	ʊ	3.2646394664255856
ˈɔ	ˈu	3.2466624102127097
m	mː	3.1612854926703813
d	ɾ	2.9200173119064017
b	v	2.9146170144031496
ʦː	ʦː	2.8754719830993585
ʃ	ʃ	2.7350634976357
r	ʐ	2.678838445139051
l	w	2.455724542852806
r	w_ɾ	2.208203016902543
n	nː	2.11076969041698
e	ɪ_ɾ	2.0986695847375754
i	ɪ	1.9263352035026347
ˈe	ˈi	1.833740346240178
ˈɔ	ˈo	1.8241516669061213
ˈɛ	ˈe	1.5948905282788914
rː	ʐː	1.47661586990522
e	i	1.4629695478630858
ʃː	ʃː	1.281863613049907
ˈo	ˈo	1.1012324145698305
ˈo	ˈa_w	1.094041402359245
ˈi	i	0.9835396929115235
j	ɪ	0.8474087865065056
ˈa_l	ˈa	0.7441302598795969
r	ɪ_ɾ	0.7186925663100497
j	ˈi	0.5855504258443082
w	ʊ	0.4998216321070184
m	n	0.43779307551721736
o	a	0.4059245754467743
a	i	0.37900185238008277
e	ɾ_ɪ	0.3770837478171547
o	ʊ	0.3198542954481267
l	r	0.2607631187428925
l	ɾ	0.044859393904361604
<#_p	<#	-0.29893382701990057
e	ʊ	-0.18216687383833283
#>	ɪ_#>	-0.1712066504677251
e	a	-0.07860286177944173