Phone1	Phone2	PMI
c	cː	7.997421559317848
kː	kː	7.959852177429934
ʎ	ɟː	7.423072742122426
tː	tː	7.108530550095061
ɲ	ɲː	7.105773883572589
ɡ	ɡ	6.968644219825766
w	w	6.510504057731305
ɟ	ʤ	6.461321677171891
d	d	6.37088263962306
ŋ	ŋ	6.2350332616323785
j	j	6.212434110725368
f	f	6.09133033505477
lː	ɖː	6.036595475242317
b	b	5.952215105031696
m	m	5.786099659448308
ʧ	ɕ	5.7264268029823935
ɟ	j	5.724133647482696
s	s	5.313561322382694
ʧː	ʧː	5.289980689672574
sː	sː	5.213816332884388
v	v	5.212662474312384
p	p	5.068859805114782
i	i	4.830129956662246
t	t	4.828712230511256
k	k	4.787288393390268
ˈu	ˈu	4.759559603567437
l	l	4.751309327244794
ˈe	ˈɛ	4.7113161867337325
ˈa	ˈa_r	4.678747961007529
ˈɔ	ˈɔ	4.55850925658147
ˈi	ˈi	4.530776078483351
ʦː	ʦː	4.336552157680755
r	ʐ	4.211596582261244
r	ɽ	4.211596582261244
ˈo	ˈɔ	4.171404316343899
n	n	4.153680167992028
n_d	nː	3.951213558436992
ˈa	ˈa_ɾ	3.885657063386904
a	a	3.882043803029362
s	ʃ	3.868737538257856
t	ʈ	3.84233191738516
ˈɛ	ˈɛ	3.8154993838403466
ˈɛ	ˈi	3.736315917527884
ˈa	ˈa	3.663236656092444
ˈo	ˈu	3.6293157854421656
nː	nː	3.567534258051726
f_j	ç	3.5282219043777814
r	ɾ	3.5218709414242286
u	ʊ	3.353383071723881
e	ɪ	3.3007058184914144
ˈɔ	ˈu	3.2490905511239334
e	ɪ_r	3.1676440116176416
z	z	3.152071257704124
r	r	3.146973580293684
m	mː	3.1376385598697043
d	ɾ	3.078575359430822
u	u	2.959244879431109
b	v	2.9350542289760786
e	ɪ_ɾ	2.8668814475838764
ʃ	ʃ	2.776981324496337
l	w	2.7321073608104114
ˈɔ	ˈo	2.711381723048019
i	ɪ	1.9116584486920427
ˈe	ˈi	1.7080186548424858
n	nː	1.6701146865319123
o	o	1.587372113174411
rː	ʐː	1.488420012226515
r	ɪ_ɾ	1.4553935516748204
o	a	1.4063117519089372
w_e	ʊ	1.2945188181402532
ʃː	ʃː	1.26991290686323
ˈo	ˈo	1.1277453542648732
e	i	1.1214351685219812
r	w_ɾ	1.0727185537703978
r	w_r	1.0526326963212391
n_u	n	0.9857409656031856
ˈɛ	ˈe	0.929470789735414
d_e	ɪ	0.8394298964982532
e	ɾ_ɪ	0.7738031681698597
ˈi	i	0.7463213356655121
o	ʊ	0.6177540706743491
lː	l	0.5019576269132336
a	i	0.4987144182196047
l	r	0.2752212643537284
j	ɪ	0.2426562741273389
m	n	0.2349277703630942
l	ɾ	0.1071962259179741
<#_p	<#	-0.2914147888382501
e	a	-0.1452254447669448