Phone1	Phone2	PMI
sː	sː	8.968762408268967
ŋ	ŋ	8.003707042257995
kː	kː	7.945204932647541
c	cː	7.819004202356369
ʦː	ʦː	7.639991170314023
f_j	ç	7.521492892109154
ʧː	ʧː	7.3527009409526
ɲ	ɲː	7.21042998577867
ʎ	ɟː	7.1814348204684535
ɡ	ɡ	6.906655094894996
nː	nː	6.694842939013233
ɟ	ʤ	6.616271471672589
w	w	6.549064480287128
tː	tː	6.376572969079799
lː	ɖː	6.214030672818653
d	d	6.1606885418862944
b	b	6.09384428644135
ʧ	ɕ	6.054370365971726
j	j	6.03963447413955
f	f	5.805672299538616
n_d	nː	5.754640281772957
ɟ	j	5.727078006510444
m	m	5.450938166451476
s	s	5.3400759486700276
v	v	5.295506424774428
e	ɪ_r	5.193173760933697
k	k	5.120846719734581
ˈa	ˈa_r	5.042887144105092
i	i	4.987063028106764
s	ʃ	4.975007706216973
t	ʈ	4.75886027920813
p	p	4.7275707672011436
t	t	4.726482908434872
ˈe	ˈɛ	4.723791092201213
o	o	4.699638914473316
ˈi	ˈi	4.622671049370852
l	l	4.598091170622494
r	ɽ	4.43101997616243
r	ʐ	4.43101997616243
ˈɔ	ˈɔ	4.412145481794905
ˈu	ˈu	4.39063672014913
ˈa	ˈa_ɾ	4.262794278815274
ʃː	ʃː	4.247032033306557
n	n	4.088200806674686
ˈɛ	ˈe	4.082254765112743
a	a	3.9148983313973176
ˈo	ˈɔ	3.8303904409537934
ˈa	ˈa	3.7939205719809896
r	ɾ	3.7268029942214485
z	z	3.6694588626935545
r	r	3.661335240906674
ˈɛ	ˈɛ	3.6530546827347625
ˈɛ	ˈi	3.6181480625496207
e	ɪ_ɾ	3.5696162853122697
ˈo	ˈu	3.45144550205272
ˈɔ	ˈo	3.3819278773457544
rː	ʐː	3.3707528745297166
u	u	3.3541472554016973
u	ʊ	3.279322011480549
e	ɪ	3.269206741374004
d	ɾ	3.1767660876264086
l	w	3.1325819249175284
m	mː	2.9871283829834145
ˈɔ	ˈu	2.953882722933982
ʃ	ʃ	2.8799271062457037
b	v	2.8428201261687143
ˈo	ˈo	2.800134862156592
o	w	2.3434448514242208
i	ɪ	2.1988345066705897
ˈe	ˈi	2.0636074531452
e	i	2.0379459921188228
n	nː	1.8685326536083922
ˈe	ˈe	1.7496194903183206
w_e	ʊ	1.411023124163057
j	ɪ	1.3331349303886268
ˈo	ˈa_w	1.00852294453212
e	ɾ_ɪ	0.7764219401132625
lː	l	0.763365851479402
o	ʊ	0.6791106938940845
o	a	0.5112988997709239
m	n	0.39465260041456457
a	i	0.34937875084100045
l	ɾ	0.066962583649514
<#_p	<#	-0.45124349193384866
e	ʊ	-0.27846106632877843
e	a	-0.1603704536787995
#>	ɪ_#>	-0.09757023315443566