Phone1	Phone2	PMI
kː	kː	7.658494158754638
ŋ	ŋ	7.617611775163478
c	cː	7.573187531131303
ʎ	ɟː	7.113345927453847
ɲ	ɲː	6.976512251911226
ɡ	ɡ	6.722829514314188
ɟ	ʤ	6.506720535853456
lː	ɖː	6.493602901253007
tː	tː	6.492762109125919
j	j	6.396767196234265
d	d	6.284147656649256
b	b	6.143675235060423
ʧ	ɕ	6.098750931114904
w	w	6.046443238568354
ʦː	ʦː	5.917118794214707
f	f	5.77304156425369
m	m	5.748282334704178
ɟ	j	5.737419484774566
s	s	5.306627634840774
sː	sː	5.161536439231889
s	ʃ	5.093647912072375
v	v	5.091285789595973
ˈa	ˈa_r	5.090555650767161
k	k	5.022889692862731
i	i	4.965407146712155
p	p	4.741249106208643
t	ʈ	4.7218869057974
l	l	4.720421489659788
t	t	4.680895790645765
ˈi	ˈi	4.573595398784839
ˈu	ˈu	4.52676195890633
ˈe	ˈɛ	4.525860071727999
ˈɔ	ˈɔ	4.484291721383729
r	ɽ	4.380348270487882
n	n	4.102279901989359
ˈo	ˈɔ	4.010772108155313
a	a	3.911328108395982
ˈa	ˈa	3.862166155370321
r	ɾ	3.719544691081963
e	ɪ_ɾ	3.694906147903233
ˈɛ	ˈi	3.665148567398101
ˈo	ˈu	3.6280091041824223
r	r	3.6276240252544314
ˈɛ	ˈɛ	3.588518088237572
ˈa	ˈa_ɾ	3.511495566318278
r	ʐ	3.487619025230821
ʧː	ʧː	3.4527750191280555
u	u	3.438196952685631
e	ɪ	3.434852619438084
n	nː	3.3492588911088417
u	ʊ	3.340281965588139
d	ɾ	3.262528119238388
l	w	3.1234995342840044
ˈɔ	ˈu	3.076531608849524
b	v	2.2670523473516315
i	ɪ	2.069275161572633
e	i	1.8976997323710871
ˈe	ˈi	1.722321332972487
f_j	ç	1.6961076485839517
nː	nː	1.2834864028838453
m	mː	1.0760409582294763
e	ɪ_r	1.0607038840299534
ˈɔ	ˈo	0.84965551885309