Phone1	Phone2	PMI
c	cː	8.510256922491298
kː	kː	8.472687540603383
ʎ	ɟː	7.9359081052958755
tː	tː	7.6213659132685105
ɲ	ɲː	7.618609246746037
ɡ	ɡ	7.481479582999215
w	w	7.023339420904754
ɟ	ʤ	6.97415704034534
d	d	6.883718002796509
ŋ	ŋ	6.645053159524084
j	j	6.614761269293061
f	f	6.604165698228218
lː	ɖː	6.549430838415765
b	b	6.465050468205145
m	m	6.298935022621756
ʧ	ɕ	6.239262166155842
ɟ	j	6.236969010656144
s	s	5.826396685556142
ˈa	ˈa_r	5.744168084876405
v	v	5.699794889381296
ʧː	ʧː	5.596685340818168
p	p	5.559026873673042
sː	sː	5.520520984029982
i	i	5.342965319835694
t	t	5.341547593684704
k	k	5.300123756563717
ˈu	ˈu	5.272394966740886
l	l	5.2641446904182425
ˈe	ˈɛ	5.238229415485461
ˈɔ	ˈɔ	5.04867632513973
ˈi	ˈi	5.043611441656799
ˈa	ˈa_ɾ	4.95107718725578
n_d	nː	4.915156891046078
r	ʐ	4.724431945434693
r	ɽ	4.724431945434693
n	n	4.6665155311654765
ˈo	ˈɔ	4.6570978222964685
ʦː	ʦː	4.645214545998562
a	a	4.354018776228866
ˈɛ	ˈɛ	4.328334747013796
s	ʃ	4.281882368218732
t	ʈ	4.252351815276864
ˈɛ	ˈi	4.249151280701333
ˈa	ˈa	4.176072019265892
f_j	ç	4.166254770361829
r	ɾ	4.082823998084763
ˈo	ˈu	4.046541689254686
nː	nː	3.871113977128149
u	ʊ	3.8353528056190713
e	ɪ	3.792845548015925
e	ɪ_r	3.787019731976652
ˈɔ	ˈu	3.7619259142973824
e	ɪ_ɾ	3.701753794322492
r	r	3.659808943467133
d	ɾ	3.591410722604271
m	mː	3.4426762346539737
u	u	3.441214613326298
b	v	3.4221866440449915
z	z	3.356244232559765
l	w	3.142127258702116
ˈɔ	ˈo	3.0180863741936133
ʃ	ʃ	2.9859531796015717
<#_p	<#	2.657817667190466
i	ɪ	2.424493811865492
ˈe	ˈi	2.0708557314041687
n	nː	1.980444051211044
w_e	ʊ	1.932551684124301
o	o	1.6887296227483088
o	a	1.606967098915836
rː	ʐː	1.5948601910417968
e	i	1.411556126573393
ʃː	ʃː	1.3727283721449743
r	w_ɾ	1.2848449432367672
r	w_r	1.263976635947596
e	ɾ_ɪ	1.2006437341758214
ˈo	ˈo	1.177670149388067
d_e	ɪ	1.1663094379441592
ˈɛ	ˈe	1.0308282993093116
ˈi	i	0.8527615144807937
o	ʊ	0.7174446038869221
a	i	0.6896773171426644
lː	l	0.6047730921949779
j	ˈi	0.4566278101311803
l	r	0.3780367296354724
m	n	0.3377432356448382
j	ɪ	0.2660889530868517
l	ɾ	0.2085537354918716
e	a	0.0236900555666641
a	ɪ	-0.2632581233653016
u	a	-0.0468968079169664
u	ɪ	-0.0183052171485577