Phone1	Phone2	PMI
kː	kː	8.462343923045468
o	o	8.307782041013322
ŋ	ŋ	8.11726165105647
ʎ	ɟː	7.946431256148709
ʦː	ʦː	7.929988303491071
ɲ	ɲː	7.78484007219028
tː	tː	7.49489402870128
sː	sː	7.482330412101456
ɡ	ɡ	7.3277225937945545
ʧː	ʧː	7.320925387001728
n_d	nː	7.235705042741179
rː	ʐː	7.205239104691814
w	w	7.124175246818378
ɟ	ʤ	6.996216990366537
lː	ɖː	6.951714637163695
b	b	6.812261705156151
c	cː	6.76680158362915
d	d	6.699709195557738
f_j	ç	6.593045128321426
f	f	6.568934355323348
ʃ	ʃ	6.392126288645781
ɟ	j	6.310021181736964
ʧ	ɕ	6.3079709485039235
j	j	6.244752128562062
m	m	5.87156372638277
ˈa	ˈa_r	5.781585927043113
s	s	5.772754788674953
v	v	5.766929169297496
z	z	5.5019461489703305
i	i	5.459017384148268
k	k	5.449841054987826
p	p	5.323492650716652
l	l	5.290096392182547
ˈi	ˈi	5.253330943712654
s	ʃ	5.238743936068112
ˈa	ˈa_ɾ	5.221520396010386
ˈu	ˈu	5.156380961414345
t	ʈ	5.129358361628085
t	t	5.099338024677148
ˈɔ	ˈɔ	5.026701619856231
ˈe	ˈɛ	5.009316632461601
e	ɪ_r	4.966907897025373
r	ʐ	4.86749110578286
r	ɽ	4.86749110578286
ˈɔ	ˈo	4.793655869839111
n	n	4.592577381408407
e	ɪ_ɾ	4.503901405644787
a	a	4.490637583174206
ˈo	ˈɔ	4.36827776539322
m	mː	4.275778244930687
ˈa	ˈa	4.269968534647169
nː	nː	4.251567020427663
w_e	ʊ	4.180094316606628
ˈɛ	ˈi	4.171569490374851
r	ɾ	4.147941285765599
ˈɛ	ˈɛ	4.102178808286987
ˈo	ˈu	4.0510224058916915
ˈo	ˈo	4.006497519962343
ˈe	ˈe	3.9909293420664227
r	r	3.9634688345086224
u	ʊ	3.8090680663274643
e	ɪ	3.6896834414922615
u	u	3.599797329091618
ˈɛ	ˈe	3.5550011701810007
ˈɔ	ˈu	3.5001091739045624
d	ɾ	3.4330481707581706
ʃː	ʃː	3.028452618194153
l	w	3.017022103768379
e	ɾ_ɪ	2.7958214979386007
b	v	2.715090817390142
<#_p	<#	2.6788442489313713
i	ɪ	2.5199883433836394
n	nː	2.393070811154044
e	i	2.355779615800205
o	w	2.1506628598485635
ˈe	ˈi	2.0560460958786737
j	ɪ	2.0009725849269677
j	ˈi	1.1216527932879068
m	n	0.9908579648396333
a	i	0.7436548516980838
o	ʊ	0.5446901001135177
l	ɾ	0.3629440797244481
l	r	0.3136618631403192
e	ʊ	-0.18377590473903885
e	a	-0.14219274315812744
u	a	-0.04391041974990963