Phone1	Phone2	PMI
ʧː	ʧː	9.31242478905488
kː	kː	7.657115481600765
ŋ	ŋ	7.616233098009604
c	cː	7.57180885397743
f_j	ç	7.524088052788893
nː	nː	7.292126074901583
ʎ	ɟː	7.111967250299974
sː	sː	7.054037563045366
ɲ	ɲː	6.975133574757352
rː	ʐː	6.760386997836601
ɡ	ɡ	6.721450837160313
ɟ	ʤ	6.505341858699582
tː	tː	6.491383431972046
lː	ɖː	6.458239223810671
d	d	6.282768979495383
ʧ	ɕ	6.09737225396103
b	b	6.084395234467552
j	j	6.070663694862339
w	w	6.04506456141448
n_d	nː	5.933536696722348
ʦː	ʦː	5.918249935412958
f	f	5.788155319138211
o	w	5.747139761826774
ɟ	j	5.736040807620692
ʃː	ʃː	5.718249935412958
m	m	5.596346636646013
z	z	5.405714126983781
s	s	5.305248957686901
ˈa	ˈa_r	5.103021845594042
s	ʃ	5.092269234918501
v	v	5.089907112442099
e	ɪ_r	5.078399999355501
k	k	5.021511015708857
i	i	4.964028469558281
p	p	4.739870429054769
t	ʈ	4.720508228643527
t	t	4.679517113491891
l	l	4.667738592730891
ˈi	ˈi	4.572216721630965
ˈu	ˈu	4.525383281752456
ˈe	ˈɛ	4.524481394574125
ˈɔ	ˈɔ	4.435196771808004
r	ɽ	4.395268114298323
r	ʐ	4.395268114298323
ˈa	ˈa_ɾ	4.2127796232275765
n	n	4.153485270419297
a	a	3.891957334574715
ˈo	ˈɔ	3.873948728906576
ˈa	ˈa	3.858132892268206
r	ɾ	3.671625711690281
e	ɪ_ɾ	3.636220642855777
r	r	3.6174376926481
ˈɛ	ˈi	3.609004841069237
w_e	ʊ	3.5499082110909264
ˈɛ	ˈɛ	3.532374361908708
ˈo	ˈu	3.4911857249336853
u	u	3.4368182755317567
u	ʊ	3.338903288434265
e	ɪ	3.3202571160779604
d	ɾ	3.2611494420845144
ˈɔ	ˈo	3.222057862058888
l	w	3.0708166373551067
m	mː	3.0697831033272007
ˈɔ	ˈu	3.027436659273798
o	o	2.970923034438691
ˈo	ˈo	2.919244525433933
ʃ	ʃ	2.8770154785536963
b	v	2.812795265086854
ˈɛ	ˈe	2.4577635595901404
i	ɪ	2.0678964844187595
e	i	1.8391696670950808
ˈe	ˈi	1.7209426558186127
n	nː	1.6858425188276511
j	ɪ	1.462686573025848
e	ɾ_ɪ	1.147643294138344
ˈo	ˈa_w	1.028178444506087
r	ɪ_ɾ	0.6001027535856187
m	n	0.5786918262313875
a	i	0.3848960133057272
lː	l	0.3213907228608853
<#_p	<#	-0.766380323240298
e	ʊ	-0.5566472693193049
e	a	-0.1988530420009597
l	ɾ	-0.0075413009666685