Phone1	Phone2	PMI
kː	kː	7.95725564235308
o	o	7.802693760320934
ŋ	ŋ	7.612173370364081
ʎ	ɟː	7.44134297545632
ʦː	ʦː	7.3605144038212105
ɲ	ɲː	7.279751791497892
sː	sː	7.074590407974247
tː	tː	6.989805748008892
ʧː	ʧː	6.913185382874518
ɡ	ɡ	6.822634313102165
rː	ʐː	6.7999815094775204
w	w	6.61908696612599
ɟ	ʤ	6.491128709674149
lː	ɖː	6.446626356471307
c	cː	6.362842385427468
b	b	6.3071734244637625
d	d	6.150282668271868
f	f	6.063846074630959
ʃ	ʃ	5.989162405367371
n_d	nː	5.950299617489711
j	j	5.839163779763837
ɟ	j	5.804932901044575
ʧ	ɕ	5.788082551522779
f_j	ç	5.636630602316812
m	m	5.344269183212632
v	v	5.281404728797486
s	s	5.248842587583385
z	z	5.203638104436349
i	i	4.939851237877599
k	k	4.9293521603743775
p	p	4.835146511302109
l	l	4.77687971459069
ˈi	ˈi	4.742293194341455
ˈa	ˈa_r	4.721696681462649
s	ʃ	4.714369702839105
ˈu	ˈu	4.643987505516932
t	ʈ	4.624270080935696
t	t	4.594249743984759
ˈɔ	ˈɔ	4.502057746218462
ˈe	ˈɛ	4.491948242836384
r	ʐ	4.34273891369473
r	ɽ	4.34273891369473
ˈɔ	ˈo	4.25067202937398
ˈa	ˈa_ɾ	4.127646150141459
n	n	4.087489100716019
e	ɪ_r	4.014311795889745
a	a	4.001183393651553
nː	nː	3.9509652639577983
m	mː	3.8531395405049786
ˈo	ˈɔ	3.849344973562903
ˈa	ˈa	3.7606679308492135
ˈɛ	ˈi	3.6605317410036515
ˈo	ˈo	3.652344084604846
r	ɾ	3.626306690771425
ˈɛ	ˈɛ	3.5970905275945984
ˈo	ˈu	3.584907956584742
ˈe	ˈe	3.575685349855184
e	ɪ_ɾ	3.5424465828696614
r	r	3.4363221140872775
u	ʊ	3.313092149793233
e	ɪ	3.1903976938258083
ˈɛ	ˈe	3.1545687282330412
u	u	3.0358514119804623
ˈɔ	ˈu	2.9802207769234186
w_e	ʊ	2.901454749863362
d	ɾ	2.8781254961878777
ʃː	ʃː	2.8299752591382674
l	w	2.613062905566696
b	v	2.320913539284648
i	ɪ	2.0052756727676164
n	nː	1.9926383692060847
o	w	1.9534838978052893
e	i	1.852040392479107
e	ɾ_ɪ	1.7365590590189504
ˈe	ˈi	1.6157357374304144
j	ɪ	1.585759846205108
ˈɔ	u	0.5270099261926671
j	ˈi	0.4979998596320104
m	n	0.4635634216694955
a	i	0.44920753960902576
o	ʊ	0.4435610176228118
l	r	0.20440438375014422
l	ɾ	0.055613131652322845
<#_p	<#	-0.43712218325737523
e	ʊ	-0.283381257126277