Phone1	Phone2	Surprisal	OOV_Smoothed
a	a	0.0917156657333042	4.705879174207446
a	r_a	4.299198418332115	4.705879174207446
ă	ă	-0.0	4.705879174207446
b	b	-0.0	4.705879174207446
d	d	0.07050213254099727	4.705879174207446
d	ɖ	4.390063180056233	4.705879174207446
e	e	0.08815139937356968	4.705879174207446
e	i	4.076490371639288	4.705879174207446
ĕ	ĕ	-0.0	4.705879174207446
f	f	-0.0	4.705879174207446
i	e	0.5586280340912249	4.705879174207446
i	i	1.6755721727820965	4.705879174207446
j	j	1.2648882751408175	4.705879174207446
j	k_r	1.5184729246816608	4.705879174207446
j	e	2.090414484329241	4.705879174207446
k	k	-0.0	4.705879174207446
l	l	-0.0	4.705879174207446
lː	ʣ	-0.0	4.705879174207446
m	m	-0.0	4.705879174207446
n	n	0.04143662149392427	4.705879174207446
nː	nː	-0.0	4.705879174207446
o	o	-0.0	4.705879174207446
ŏ	ŏ	-0.0	4.705879174207446
p	p	-0.0	4.705879174207446
r	r	0.031395814443917376	4.705879174207446
rː	rː	-0.0	4.705879174207446
s	s	-0.0	4.705879174207446
t	t	-0.0	4.705879174207446
u	u	0.052196565828524465	4.705879174207446
ŭ	ŭ	-0.0	4.705879174207446
v	v	-0.0	4.705879174207446
w	w	-0.0	4.705879174207446
z	z	-0.0	4.705879174207446
ð	ð	-0.0	4.705879174207446
ŋ	m	0.9835353488251826	4.705879174207446
ŋ	ŋ	1.0166547240766801	4.705879174207446
ɖː	ɖː	-0.0	4.705879174207446
ɡ	ɡ	-0.0	4.705879174207446
ɣ	ɣ	-0.0	4.705879174207446
ɲ	ɲ	-0.0	4.705879174207446
ʃː	s_k	-0.0	4.705879174207446
ʒ	ɣ	-0.0	4.705879174207446
ʤ	ʣ	-0.0	4.705879174207446
ʦ	ʦ	-0.0	4.705879174207446
ʧ	k	-0.0	4.705879174207446
ˈa	ˈa	0.14446454192975858	4.705879174207446
ˈa	ˈa_r	3.391608605623554	4.705879174207446
ˈe	ˈe	-0.0	4.705879174207446
ˈi	ˈi	0.008107081077153376	4.705879174207446
ˈo	ˈo	-0.0	4.705879174207446
ˈu	ˈu	-0.0	4.705879174207446
β	β	-0.0	4.705879174207446