Phone1	Phone2	Surprisal	OOV_Smoothed
a	a	-0.0	4.751084681713597
ă	ă	-0.0	4.751084681713597
b	b	-0.0	4.751084681713597
bː	bː	-0.0	4.751084681713597
d	d	0.05744554109284816	4.751084681713597
d	ɖ	4.679055111447639	4.751084681713597
e	e	0.07376354933113835	4.751084681713597
e	i	4.326439120217364	4.751084681713597
ĕ	ĕ	-0.0	4.751084681713597
f	f	-0.0	4.751084681713597
i	e	0.5526579612645601	4.751084681713597
i	i	1.6864984175332507	4.751084681713597
j	k_r	1.087101601377265	4.751084681713597
j	j	1.5993045953007676	4.751084681713597
j	e	2.327291202440943	4.751084681713597
k	k	-0.0	4.751084681713597
l	l	0.011935575253464592	4.751084681713597
m	m	-0.0	4.751084681713597
n	n	-0.0	4.751084681713597
nː	nː	-0.0	4.751084681713597
o	o	-0.0	4.751084681713597
ŏ	ŏ	-0.0	4.751084681713597
p	p	-0.0	4.751084681713597
r	r	0.013237589157695323	4.751084681713597
rː	rː	-0.0	4.751084681713597
s	s	-0.0	4.751084681713597
sː	sː	-0.0	4.751084681713597
t	t	-0.0	4.751084681713597
u	u	0.10177387728703936	4.751084681713597
ŭ	ŭ	-0.0	4.751084681713597
v	v	-0.0	4.751084681713597
z	z	-0.0	4.751084681713597
ð	ð	-0.0	4.751084681713597
ŋ	m	0.5335509345948662	4.751084681713597
ŋ	ŋ	1.6936315010431886	4.751084681713597
ɖː	ɖː	-0.0	4.751084681713597
ɡ	ɡ	-0.0	4.751084681713597
ɣ	ɣ	-0.0	4.751084681713597
ɲː	ɲː	-0.0	4.751084681713597
ʃː	s_k	-0.0	4.751084681713597
ʒ	ɣ	-0.0	4.751084681713597
ʣ	ʣ	-0.0	4.751084681713597
ʤ	ʣ	-0.0	4.751084681713597
ʦ	ʦ	-0.0	4.751084681713597
ʧ	k	-0.0	4.751084681713597
ˈa	ˈa	0.11181686275395719	4.751084681713597
ˈa	ˈa_r	4.315359333222695	4.751084681713597
ˈe	ˈe	-0.0	4.751084681713597
ˈi	ˈi	0.008255837674674511	4.751084681713597
ˈo	ˈo	-0.0	4.751084681713597
ˈu	ˈu	-0.0	4.751084681713597
β	β	-0.0	4.751084681713597