Phone1	Phone2	Surprisal	OOV_Smoothed
a	a	0.0917156657333042	4.705879174207445
a	r_a	4.299198418332115	4.705879174207445
ă	ă	-0.0	4.705879174207445
b	b	-0.0	4.705879174207445
d	d	0.07050213254099727	4.705879174207445
d	ɖ	4.390063180056232	4.705879174207445
e	e	0.08815139937356968	4.705879174207445
e	i	4.076490371639288	4.705879174207445
ĕ	ĕ	-0.0	4.705879174207445
f	f	-0.0	4.705879174207445
i	e	0.5586280340912245	4.705879174207445
i	i	1.6755721727820965	4.705879174207445
j	j	1.2648882751408175	4.705879174207445
j	k_r	1.5184729246816608	4.705879174207445
j	e	2.090414484329241	4.705879174207445
k	k	-0.0	4.705879174207445
l	l	-0.0	4.705879174207445
lː	ʣ	-0.0	4.705879174207445
m	m	-0.0	4.705879174207445
n	n	0.04143662149392427	4.705879174207445
nː	nː	-0.0	4.705879174207445
o	o	-0.0	4.705879174207445
ŏ	ŏ	-0.0	4.705879174207445
p	p	-0.0	4.705879174207445
r	r	0.031395814443917376	4.705879174207445
rː	rː	-0.0	4.705879174207445
s	s	-0.0	4.705879174207445
t	t	-0.0	4.705879174207445
u	u	0.052196565828524465	4.705879174207445
ŭ	ŭ	-0.0	4.705879174207445
v	v	-0.0	4.705879174207445
w	w	-0.0	4.705879174207445
z	z	-0.0	4.705879174207445
ð	ð	-0.0	4.705879174207445
ŋ	m	0.9835353488251826	4.705879174207445
ŋ	ŋ	1.0166547240766803	4.705879174207445
ɖː	ɖː	-0.0	4.705879174207445
ɡ	ɡ	-0.0	4.705879174207445
ɣ	ɣ	-0.0	4.705879174207445
ɲ	ɲ	-0.0	4.705879174207445
ʃː	s_k	-0.0	4.705879174207445
ʒ	ɣ	-0.0	4.705879174207445
ʤ	ʣ	-0.0	4.705879174207445
ʦ	ʦ	-0.0	4.705879174207445
ʧ	k	-0.0	4.705879174207445
ˈa	ˈa	0.14446454192975858	4.705879174207445
ˈa	ˈa_r	3.391608605623554	4.705879174207445
ˈe	ˈe	-0.0	4.705879174207445
ˈi	ˈi	0.008107081077153376	4.705879174207445
ˈo	ˈo	-0.0	4.705879174207445
ˈu	ˈu	-0.0	4.705879174207445
β	β	-0.0	4.705879174207445