Phone1	Phone2	PMI
ɲ_u	ɲ	7.172197892235895
ɲ	ɲ	6.351415380384674
k_u	k	6.224804773402653
n_u	ŋ	6.182977480500269
ɡ	ɡ	6.058409846758567
n_e	ŋ	6.041633539908099
ʧ	ʧ	5.851611499015943
b	b	5.738728897185193
ˈe	j_ˈɛ	5.670306665335095
ɟ	ʤ	5.591486428944491
f	f	5.429547760131204
ˈɔ	w_ˈɛ	5.4261312526368775
ŋ	ŋ	5.404110544909326
u	o	5.307310150623424
v	v	5.223119476912597
d	d	5.187516446797297
ʧ_e	s	5.187221197502904
m	m	5.1552366964849945
ˈu	ˈu	5.107912824756596
ˈɔ	w_ˈa	5.06236114045779
ˈi	ˈi	4.944945537449982
p	p	4.933370960067735
u	u	4.86955460987681
ˈo	ˈo	4.774956376075067
t_e	t	4.656214505172985
ˈɛ	ˈeː	4.627488350231224
t_u	t	4.6011882966917526
i	i	4.585450813949332
r_u	r	4.577576977106372
ˈu	ˈuː	4.541728146117395
lː_u	l	4.404243920762021
l_u	l	4.401344006822998
ˈɔ	ˈɔ	4.388459851292857
n	n	4.3700775793645095
k	c	4.368461197347986
r_e	r	4.323771623583585
s	s	4.26029880619973
ˈɛ	j_ˈɛ	4.245714649002502
ˈɛ	ˈe	4.208427043058912
k	k	4.192015934232932
w	w	4.185254494748879
tː	t	4.132620543364146
e	i	4.031099094352326
j	l	3.9535702271839135
l	l	3.940650985907253
r	r	3.9111053353672807
lː	l	3.882358628967498
ˈɔ	ˈo	3.877296620280529
ˈa	ˈaː	3.858482594886328
tː_u	t	3.8561802902769298
u	l_i	3.8318183352781015
ˈe	ˈiː	3.7398618811826494
ˈa	ˈa	3.653436937208313
t	t	3.5103513876896093
a	e	3.3621716496546417
m_e	m	3.3018367647771525
j	ˈoː	3.284164042058283
u	i	3.260054980415532
a	a	3.243693726611716
kː	c	3.1966773403639803
ʃ	s	3.154803453290361
ˈo	ˈoː	3.150617515865404
t	d	3.103153171915097
sː_u	s	2.93827196800412
ˈɔ	ˈoː	2.923830050885883
ʎ	j	2.8968580119921348
ˈu	ˈo	2.858863893678176
ˈɔ	ˈuː	2.7950588129309377
ˈe	ˈe	2.741371653038944
r_n	r	2.6723267138667435
tː_e	t	2.5856646649489603
ˈɛ	ˈɛ	2.552308842241878
ˈɔ	w	2.429495456626612
z	s	2.3223904395070787
ˈe	ˈɛ	2.319707308698387
ˈɛ	ˈi	2.2330647065543965
k	ɡ	2.211229384101219
ˈo	ˈɔ	2.094834529852199
sː	s	1.8906178200860893
t_r	r	1.8473961682753608
l_e	l	1.835763094379336
e	e	1.7709246934078633
e	ˈiː	1.762320359196874
e	a	1.685048130263434
i	e	1.6106265616829976
n	ˈi_n	1.4731655938039294
ˈo	w	1.3943596529614075
p	v	1.3724237994961506
#>	s_#>	1.1374114138444356
<#_ɟ	<#	1.085698207066449
d_e	t	0.9882554770853412
d	t	0.9265529837584388
<#_a	<#	0.8538921349986455
<#	<#_v	0.2327657057683679
u_#>	#>	-0.98257803005355
e_#>	#>	-0.5807911938493414