Phone1	Phone2	PMI
o	u	6.305054052968438
ɡ	ɡ	5.863496304804237
e	e	5.557560692146118
m_i	m	5.508310389525354
i	i	5.441672910252126
ʒ_i	z	5.348851081662864
d	d	5.298001696885173
r_i	ˈe	5.276715903086414
ˈu	ˈy	5.139120017912002
t_i	t	5.113255238505377
f	f	5.088971303076161
n_u	ŋ	5.015866576986107
m	m	4.970591848131501
p	p	4.864173768646784
t_u	t	4.814884619239442
b	b	4.785175526769322
ˈi	ˈi	4.7277376899400965
r_u	r	4.700316656882736
l_i	l	4.654469554910554
ʧ	ʧ	4.653346508700014
β	v	4.568149489133524
ŋ	ŋ	4.446167233460746
k	k	4.408047020946235
t	t	4.36421406933499
n	n	4.316781746782711
ð	d	4.301672821530215
b	v	4.2916759327993175
s	s	4.28732482169258
ˈa	ˈa	4.273268649720477
ˈu	ˈu	4.252014612716127
a	a	3.900293922503686
ˈo	ˈø	3.89205330881255
l_u	l	3.889157153878788
ˈe	ˈɛ	3.859967781647637
ˈo	ˈɔ	3.825430563004309
l	l	3.784795466166849
ˈe_ɖː	ˈɛ	3.7744270528448536
<#_i	<#	3.7367870336912783
ŭ_#>	#>	3.718165152812982
r	r	3.553271119511632
n_i	ŋ	3.185870749766586
n	ŋ	3.176978920774706
ˈo	ˈu	3.0828765613127618
ˈe	ˈe	3.078360040237526
ˈa_ð	ˈa	3.020056542692364
ʧ	s	2.9859080249673458
ɣ_u	ɡ	2.890626278018685
ʣ_u	j	2.7571978452832218
#>	l_#>	2.67171754152622
i	ˈe	2.602287713689179
ĕ_#>	#>	2.51168945757325
w	w	2.496122795898416
j	ˈe	2.481533142198464
e_r	e	2.462859784162104
rː	r	2.417475841720599
j	j	2.2709447584543594
i	e	2.1145193039848893
e_#>	#>	2.1099498827534564
p_u	p	2.0482809081322912
u	j	1.8052726849492444
ˈi	ˈɛ	1.380067542033574
ɣ	ɡ	1.3029398749926295
r	j	1.2811525042610794
ʒ	z	1.2578328016045284
#>	s_#>	1.2437194569963246
j	v	1.2255972731386735
ˈo_j	ˈø	1.2142166052863834
ˈi	ˈe	1.1970848031348962
i_r	e	1.0985803202490316
β_u	v	1.0065895795090294
ˈi_ʣ	ˈi	0.9815878201048004
l_ˈa	l	0.787207977101297
j_#>	#>	0.7668877602520456
r_i	r	0.6417173100363706
i	j	0.4229292606809564
u_#>	#>	-0.5243724567430055
i_#>	#>	-0.1048935423971975