Phone1	Phone2	PMI
ʒ_i	z	7.29897307552756
ɣ_u	ɡ	6.889343824683648
o	u	6.144150944070756
ɡ	ɡ	6.113650947998906
m_i	m	5.880289562649968
i	i	5.59942437034025
d	d	5.597345290184388
t_i	t	5.49118083291414
n_u	ŋ	5.3905521877244915
m	m	5.303221450241472
ˈu	ˈy	5.198403223388651
t_u	t	5.1928102136482055
l_i	l	5.06289540470378
f	f	5.026192113947706
e	e	4.9830930432047404
p	p	4.9026367085826585
ŋ	ŋ	4.8103812550515235
ˈi	ˈi	4.801073923162045
ʧ	ʧ	4.705149995425551
ɖː_u	l	4.649765453749388
k	k	4.585424273363183
b	b	4.505186302778732
t	t	4.499206944830836
β	v	4.498727457230379
r_u	r	4.478433967206665
ˈu	ˈu	4.392692190405343
b	v	4.369761090357647
ð	d	4.361907567698581
s	s	4.294202517366083
n	n	4.208711913263852
ˈa	ˈa	4.193357527015206
<#_a	<#	4.166468800683304
ʤ	ɲ	4.1585963812883895
ˈe	ˈɛ	4.10809016777493
l	l	3.9949868269247797
ˈo	ˈø	3.8970401680943745
<#_i	<#	3.8841801525245194
a	a	3.8750500901029725
ˈo	ˈɔ	3.867859473844111
#>	f_#>	3.7675341863598746
r	r	3.585263405922644
s_u	s	3.561307269547201
l_ˈa	l	3.4881540322547018
ŭ_#>	#>	3.4233789151464995
r_i	r	3.375686922367821
n_i	ŋ	3.3438245400543494
p_r	p	3.297269563258606
ˈo	ˈu	3.2077681609272037
ˈa_ð	ˈa	3.16997624528502
ʧ	s	3.157515417300091
n	ŋ	3.150342987269094
l_u	l	3.123440083235328
ˈe	ˈe	3.020809558020018
k_u	k	2.8795171780354805
#>	e_#>	2.85063429617261
i	j	2.660739403443962
#>	k_#>	2.6505416862156435
j	ˈe	2.6278052747337197
w	w	2.505136548634175
ʣ	j	2.49218743900237
j	j	2.452750787047614
v	b	2.2013146121451066
e_#>	#>	2.174335501730929
e	ˈe	2.1644566980538618
β_u	v	2.0582483600440162
ˈo_ɣ	ˈø	2.0291111276404528
r_i	ˈe	1.8951108745761718
r_ˈa	r	1.682107975942065
#>	j_#>	1.614944159841424
#>	ˈe_#>	1.4979692305267234
rː	r	1.4909534993874538
ˈi	ˈɛ	1.4612946061778216
i	ə	1.2803779930141814
ĕ_#>	#>	1.255844728786625
e_r	e	1.250448190482358
#>	s_#>	1.2437194569963246
i	ˈe	1.2120993001171492
j	v	1.0568731160460234
n_ˈi	n	0.9836336465681779
ʣ_u	j	0.9460833902484262
#>	r_#>	0.7645337777248546
r	j	0.6800739871230798
<#_ˈa	<#	0.6218597284981623
<#_b	<#	0.016949942785243734
u_#>	#>	-0.33550983543695534
i_#>	#>	-0.31814818628103064