Phone1	Phone2	PMI
<#_m	<#_m	9.874625823476563
<#_ɡ	<#_ɡ	9.756753529411151
<#_t	<#_t	9.480061863225254
<#_l	<#_l	8.996324825947813
<#_p	<#_p	8.575313357336547
<#_v	<#_v	8.563255486485385
<#_f	<#_f	8.440799403856209
ˈa_r	æɛ̯_ʁ	8.241980024003214
<#_n	<#_n	8.20331205825829
<#_k	<#_ʃ	7.713002972433247
<#_s	<#_s	7.677496233516366
<#_k	<#_k	7.4652056846580335
ˈa_s	e	7.236941283127609
ˈi_n	ã	7.125800038552545
i_n	œ_n	6.858692891701512
<#_b	<#_b	6.7394350773435345
ˈa_t	æɛ̯	6.644605756151271
r_ˈi	ʁ_ɪ	6.582001225515617
ˈo_w	œ_f	6.581458014566064
ˈe	w_ɛ	6.447995205845036
w_ˈo	ɔ	6.341423355195251
<#_z	<#_ʒ	6.330372058127794
ˈo_s	o	5.930073938296923
m	œ_m	5.627694329141183
<#_s	<#_e	5.100157510002027
ˈa_k	a	5.089794187807428
<#_ʃ	<#_s	5.034049162257375
e̯ˈa	ɛ	4.88084303163446
ˈi_m	ã	4.543984214268997
ʦ	s	4.168732114717258
ˈi	i	4.122421640392177
#>	l_#>	4.03672496267282
i_#>	#>	3.8448857397792304
ə_#>	#>	3.84293387485955
<#_ˈa	<#_oʊ̯	3.707448228031416
ˈa_l	oʊ̯_#>	3.6327742099697136
r_b	ʁ_b	3.4770046381700683
ˈɔ_n_ə	æɛ̯_n	3.4362884553301374
r	ʁ	3.3758712885228226
<#_r	<#_ʁ	3.29944087663638
m	m	3.2785759541240727
l_#>	oʊ̯_#>	3.194339002651752
l	l	3.1144889480378892
<#_ʒ	<#_ʒ	3.104453376395995
ˈe_r_#>	ɛ_l	3.0968823588699235
<#_d	<#_d	3.073960119215054
ˈɔ_n	æɛ̯_n	3.0543288895305314
<#	<#_p	3.028778778412659
t_r	t_ʁ	2.9666507542526
n_ə	n_#>	2.905589465614694
t	t	2.8310393924331447
ˈɔ	æɛ̯_n	2.826775565358535
ˈi_ʎ	ɪ	2.7884622923883184
ˈo_k	øʏ̯	2.7318206252408808
b	b	2.70706184974879
ˈɔ_n	ẽɪ̯̃	2.659778511008307
ˈi_n_#>	ẽɪ̯̃	2.6362428936432276
ˈɔ_j_n	ẽɪ̯̃	2.6362428936432276
m	m_#>	2.636178885380156
ˈu	ɒ̃ʊ̯̃_#>	2.6317880651181498
ˈi_ʎ_ə	ɪ	2.6129895650414956
<#	<#_f	2.5745887519510897
ˈe_l	oʊ̯	2.502293364991916
n	n_#>	2.447340298385602
r_i	ʁ_#>	2.441810987162853
ˈu_k_ʎ_u_#>	u	2.367295484411803
<#_k_ˈɔ	ʃ	2.330323929523179
ʎ_u	j	2.3264451776749735
ˈi_n	ẽɪ̯̃	2.324356484795398
i_#>	e_#>	2.133834677412577
r_i	l	2.1319495941956683
ˈa_p	ɛ	2.1125965013124657
n_ə	n	2.0863175271773877
i_#>	i_#>	1.9899926846787468
ˈɔ_n	ã	1.9739725314181973
ˈu	u_#>	1.956800509084566
<#	<#_a	1.845072259412199
ʎ_ˈe	l	1.7960356512216797
ˈu	w_ɛ	1.687682201732031
ˈa	æɛ̯	1.6252175864505365
t_#>	#>	1.5786836829810857
ˈa	a	1.5505667553150502
s	s	1.5160986269419297
r	ʁ_#>	1.3974057715201604
<#	<#_s	1.345515461390541
r	j	0.9780623448150387