Phone1	Phone2	PMI
ˈɑ̃	ˈa_ŋ	7.257027405161137
ˈɔ̃	ˈu_ŋ	7.10314999078942
t	s_t	6.449937764202085
ʎ	ʤ_u	6.201337735569466
b	b	5.944699401065531
l	l_u	5.882645613843644
d	d	5.850597631059477
ð	z	5.7396729380680105
f	f	5.429942856937701
p	p	5.301645293601646
ˈoː	ˈɔː	5.250471033804277
ˈø	ˈɔː	5.146793449678565
ɡ	ɡ	5.055705804511677
j	ʧ	5.044617089466296
ˈɛ̃	ˈe_ŋ	5.015224777319123
m	m	4.945312784911482
ʒ	ʤ	4.857354500582981
v	v	4.795210195354739
k	k	4.699486636331543
n	n	4.686317960345801
ʎ	ʤ	4.648838265496439
ʃ	k	4.647053761404945
l	l	4.621925073959052
ˈɛː	ˈe_j	4.605903488101571
<#_e	<#	4.565199245899726
ˈɔ	ˈu	4.31101099734217
t	t	4.28197671947403
s	s	4.263377207688238
ˈɛː	ˈe	4.253915648656119
ˈi	ˈiː	4.219744219820043
ˈa	ˈa	4.113641672519415
ˈi	ˈi	4.050829306169483
w	ˈuː	3.976122085356376
ʁ	r_t	3.937455505412152
ʁ	r	3.9268564830174
ˈaː	ˈɛː	3.9221993994267
ˈɛ	ˈeː	3.867096656495927
ˈa	ˈaː	3.769252887593919
o	u	3.765318695307135
z	ʒ	3.747427003182786
ˈi	ˈeː	3.6968286825081154
ˈe	ˈe	3.64323023548308
w	ˈøː	3.5800985024762606
a	a	3.402417506138785
n	ŋ	3.341027771441715
ð	j	3.319093221246289
ˈaː	ˈaː	3.289201014629397
ɲ	ɲ	3.224047436252087
j	ˈeː	3.09448959679536
w	w	3.088813364390439
ˈĩ	ˈi_ŋ	3.069179578377018
a	w_a	3.040664493171352
ə	e	3.028300645139949
ˈe	ˈaː	3.0043561848963534
ˈe	ˈɛː	2.856937572395283
w	ˈø	2.8299797064906773
ˈe	ˈɛ	2.7592038817554787
ə	a	2.574606606375172
w	ˈøː_ɡ	2.462707511473792
ˈɔ̃	ˈu	2.427829246743447
ˈa	ˈɛː	2.41201712778107
j_ˈe	ˈeː	2.2259844169208374
o	w	2.069629241646936
l_#>	#>	1.9044447061077825
#>	ŋ_#>	1.782424682393698
w	ˈɔː	1.687160127647036
ʁ	j	1.6180128131070353
ʃ_#>	#>	1.3957992792177876
i	a	1.3097016580541956
ˈɛ	ˈe	1.294250648031805
ʁ_#>	#>	1.2870304006729036
w	ˈu	1.2231713682589804
ʃ	ʒ_e	1.205547274001383
ˈaː_ð	ˈɛː	1.0283617821570934
ˈoː	ˈaː	1.0198340550197271
#>	e_#>	1.0111659237327693
j	j	0.9166348238089246
s	ʃ	0.8260619301750974
ʃ	ʒ	0.7768171828620134
j	ˈaː	0.7380501769965494
ˈɛ̃	ŋ	0.711692202485441
ˈɑ̃	ˈa	0.7090694300308661
ˈɛ	ˈɛː	0.6700807837065207
ˈe	e	0.3523446697304918
ˈe	u	0.3430449531588558
#>	u_#>	-0.7084478618565218
ə_#>	#>	-0.0042007207822124