Phone1	Phone2	PMI
b	β	6.260380947584148
ɡ	ɡ	5.964255215850663
<#	<#_e	5.526863689630493
b	b	5.456529523847932
w	w	5.362831356874826
m	m	5.3185844221684775
v	v	4.956661645810859
p	p	4.937287593209709
ŋ	ŋ	4.793495118014138
f	f	4.764826684910921
ˈi	ˈi	4.686469363544909
i	i	4.422877646336383
i	e	4.300368854307172
d	d	4.241037495077239
ˈu	ˈo	4.186838619233788
e̯ˈa	ˈæ	4.160930495070741
ˈo	ˈɒ	4.136442800924428
k	k	4.115136128720581
s	s	4.025753032244293
o̯ˈa	ˈɒ	3.9852916631890754
ə	ɐ	3.9580846135135976
n	n	3.9528595311644605
t_i	t	3.873680738927433
ʎ	l	3.8607887394864733
r_i	r	3.8525141837211825
ˈe	ˈæ	3.8373517966879422
t	t	3.7621052491253417
ˈu	ˈu	3.6919981413321894
l	ʎ	3.6293541051984173
u	ɜ	3.602919506378852
ʦ	s	3.599170949754402
z	ʤ	3.566590399908574
ˈa	ˈa	3.48422252261902
ə	ɜ	3.4378743633417046
r	r	3.3736716926127053
z	d	3.347602596601876
w_ə	w	3.3434339498817254
ˈu_n	ˈu	3.3121237541843698
ə	ɞ	3.3053823317811895
ʒ	ʤ	3.2626909972226694
ˈe	ˈe	3.2517357532000037
r	ɾ	3.229423529084901
m_i	m	3.2048242543545253
k	ɣ	3.124412184258304
ˈi	ˈe	3.0697317156495956
<#_j	<#	2.9849625007211564
n	ɲ	2.929942128396698
ʎ	ʎ	2.9248277650190544
l	l	2.9147189314318616
ˈɔ	ˈa	2.8580277539671517
n_i	n	2.79148771207294
u	ɾ_e	2.729174537151768
p_t	t	2.6180015469658446
e̯ˈa	ˈe	2.606870496209094
r_i	l	2.5672310967784355
ˈɔ_n	ˈa	2.55566146784898
t	ð	2.4062781693791386
o̯ˈa	ˈu	2.379357877235578
j	ʤ	2.3296215928966433
p	β	2.2922515490830673
r	d_ɾ	2.2766828186324246
ˈɔ_j	ˈa	2.2074213516331174
n_#>	#>	2.183054952396705
ˈo	ˈo	2.003905197455441
d	t	1.9309397342656272
j	ˈe	1.9255177670750703
k_ʎ_u	ʎ	1.8832680349551416
#>	s_#>	1.86093295365398
<#_w	<#	1.8085199763425837
ʦ	t	1.7988815519834613
u	e	1.7492245480591309
t	t_ɾ	1.7276848126884738
ˈa	ˈe	1.6682016111245597
r	l	1.659073720801689
ˈa	ˈæ	1.5800916355655803
ˈi	ˈæ	1.5631059122573046
ˈu	ˈɒ	1.418119567691033
n	ŋ	1.2315122367852638
i	ɜ	1.1355126049092528
ˈi_n	ˈæ	1.0442236863628598
u_r	ɾ	1.0014666934033956
ˈu_k	ˈo	0.9710660747143857
i	w	0.9004478974207599
ʎ_u	ʎ	0.8976662188429557
<#	<#_f	0.7555874750445024
ʦ	w	0.6546059197702745
ˈo	ˈu	0.5570738117013609
#>	k_#>	0.5239821812885146
ˈe	ˈa	0.449459536671654
ə	w	0.4444865728231294
ə	e	0.24585634069724088
ə_#>	#>	-0.20401153046825074
i_#>	#>	-0.03022581057924084