Phone1	Phone2	PMI
b	b	6.73565272901063
ɡ	ɡ	6.245476465955956
f	f	6.1474314668213434
w	w	5.518745551077719
m	m	5.4552715700598435
p	p	5.302875278087405
ʒ	ʤ	5.266668854498025
t_i	t	4.760159120327175
v	v	4.743401265543661
d	d	4.5590240457733575
z	d	4.5380178160899876
e̯ˈa	ˈæ	4.461308452913995
i	i	4.304206179417946
i	e	4.290759416712377
ʎ	l	4.279460607856309
ˈo	ˈɒ	4.234513870298433
s	s	4.190684804352893
ˈu	ˈo	4.166605870658305
k	k	4.0665750155671505
ə	ɐ	4.011812561214887
o̯ˈa	ˈɒ	3.987436388482942
ˈu	ˈu	3.905900033845935
n	n	3.8963976518893246
r	d_ɾ	3.877828300632194
n	ɲ	3.823791612727222
ˈi	ˈi	3.764164090221001
z	ʤ	3.7075463594657707
ˈe	ˈæ	3.7011037938846343
t	t	3.691727080530809
r	r	3.6468557648471713
ˈa	ˈa	3.6417317840620234
ˈe	ˈe	3.6054943345237054
b	β	3.5982305749043197
l	ʎ	3.592038647746667
m_i	m	3.425427629841032
r_i	l	3.3951812270621207
ˈu_n	ˈu	3.335329600730988
ʦ	s	3.3254349522405056
n_i	n	3.31268861279013
r	ɾ	3.2824848664966275
ə	ɜ	3.2391930664179673
<#	<#_e	3.1169925001442316
ˈɔ_j	ˈa	3.011296615046153
l	l	2.985208717290971
k	ɣ	2.950110646190815
u	e	2.9336851080355717
r_i	r	2.8576666854047352
u	ɜ	2.8423619406145986
ˈɔ	ˈa	2.7536435070162155
ˈi	ˈe	2.7066300374503753
ʦ	t	2.7061612733460594
p_t	t	2.5285962493424057
<#_w	<#	2.5019550008653875
t	t_ɾ	2.3784341796769395
j	ʤ	2.2788658042607404
w_ə	w	2.23277767212233
<#_j	<#	2.232633787144784
ˈi	ˈæ	2.2173840956343995
d	t	2.214567837835915
ə	ɞ	2.18896247775642
o̯ˈa	ˈu	2.160247181381586
ʎ_u	ʎ	2.1016877855224814
e̯ˈa	ˈe	2.096463891444673
ˈi_n	ˈæ	2.0437239891316117
i	ɜ	1.9620337084857238
u_r	ɾ	1.8761362949152154
n_#>	#>	1.8501215945404939
ʎ	ʎ	1.7795187121341574
ˈa	ˈæ	1.682439130343584
p	β	1.6759711300665185
ˈɔ_n	ˈa	1.573509101022236
#>	s_#>	1.5680542643119493
ˈo	ˈo	1.5282191092699242
ʦ	w	1.4437857121751092
r	l	1.3546373829676046
b	ŋ	1.2342352641967549
ˈu_k	ˈo	1.1184719909462113
k_ʎ	ʎ	1.081141099651711
ˈa	ˈe	1.0313913007929205
<#	<#_f	0.8490224995673064
ˈu	ˈɒ	0.7923629623183095
ʧ	s	0.785992972356927
k_ʎ_u	ʎ	0.7310108792759177
n	ŋ	0.6680852665562115
ə	ɾ_ɜ	0.6380423907006426
ə	e	0.6025833289395603
ˈo	ˈu	0.5584922676069399
#>	k_#>	0.36601499971153756
i_#>	#>	0.27820495446902505
u_#>	#>	0.15380911303202563