Phone1	Phone2	PMI
d	d	5.740679546903327
m	m	5.171374532694986
p	p	4.739244652270676
w	w	4.681387591886278
ˈo	ˈɒ	4.398497188853352
ˈu	ˈo	4.371000977485898
ɡ	ɡ	4.324345202790993
v	v	4.278024823191566
<#	<#_e	4.1641074513870855
s	s	4.028968260236688
n	n	4.021634122676648
ˈu	ˈu	3.9964660014317777
k	k	3.964777786882982
t	t	3.957456548108814
ə	ɐ	3.940784859525293
i	i	3.939179648148242
o̯ˈa	ˈɒ	3.8262613405667967
ˈa	ˈa	3.741249233690632
b	b	3.740413624454513
l	ʎ	3.5654973284853178
ˈi	ˈi	3.5407755245907406
r	ɾ	3.4707505528153484
f	f	3.32961247707469
ˈe	ˈe	3.2446764087542936
ˈɔ	ˈa	3.0220123676431525
k	ɣ	2.9895733961817035
l	l	2.981358049458608
r	r	2.972586150599854
ʦ	s	2.8862283076929613
t_i	t	2.855865548040343
i	e	2.810628512563889
ˈi	ˈe	2.643898084528414
u	e	2.576359494156331
p	β	2.515456484061251
ə	ɜ	2.447304710283623
ʎ	ʎ	2.409969852928549
e̯ˈa	ˈæ	2.2789982073159787
ˈe	ˈæ	2.2081732650727197
n	ɲ	2.125598518784477
ˈi	ˈæ	1.9578456520665728
ʎ	l	1.9564459872947373
ʦ	w	1.902179321301975
ŋ	ŋ	1.868266652476715
ʎ_u	ʎ	1.7937872609448868
n_#>	#>	1.771276214585991
t	t_ɾ	1.7441048974024849
u	ɜ	1.7322959218718887
<#_w	<#	1.6915274761983523
i	ɜ	1.574693337178917
r	l	1.5509365296223565
j	ʤ	1.4519015789134042
ə	ɞ	1.4330431127407128
r_i	r	1.2154849943890331
ʒ	ʤ	1.0581880804807358
b	β	0.9669159365137916
k_ʎ	ʎ	0.9629593346184976
m_i	m	0.9297514813077664
e̯ˈa	ˈe	0.8859993523487729
ˈa	ˈe	0.8623477787511197
ˈu_n	ˈu	0.8458856130780432
r_i	l	0.831888968895987
w_ə	w	0.829980326654332
p_t	t	0.8182015888436182
z	d	0.8078976002120324
z	ʤ	0.8078976002120324
ˈu	ˈɒ	0.7917357734185878
n_i	n	0.7757918382987469
u_r	ɾ	0.7540805107468069
r	d_ɾ	0.7178157813039824
<#_j	<#	0.7169925001442313
t	ð	0.6761082923344455
o̯ˈa	ˈu	0.6179165786249418
ˈɔ_n	ˈa	0.5710065101217436
ʦ	k	0.5656000877286897
d	t	0.5152923343294968
ˈa	ˈæ	0.4182069688954485
<#	<#_f	0.3777937375222512
ə	e	0.3760014602915142
ˈe	ˈa	0.3493412503664631
#>	s_#>	0.2619910906442573
i_#>	#>	-0.5027398264561825