Phone1	Phone2	PMI
b	β	7.059448039825354
ɡ	ɡ	6.615929189258629
b	b	6.001348235824926
m	m	5.970258395576443
d	d	5.9214685717234685
w	w	5.845560975378373
v	v	5.542305898880358
p	p	5.525632465546205
r_i	r	5.352652453975919
ŋ	ŋ	5.338313829991131
t_i	t	5.284055516442993
ˈi	ˈi	5.27862735340674
f	f	5.116657862976253
e̯ˈa	ˈæ	4.870049201795048
i	e	4.740709705860699
i	i	4.7249567149007055
ˈu	ˈo	4.714489525579127
ˈo	ˈɒ	4.711475789294651
s	s	4.669768567661949
k	k	4.669310862837005
o̯ˈa	ˈɒ	4.620473204558645
ə	ɐ	4.615759406377125
n	n	4.595451141943654
ʎ	l	4.4528489867547565
ˈu_n	ˈu	4.413754690396652
t	t	4.392255085688088
w_ə	w	4.298325483475935
m_i	m	4.290131127264674
ˈu	ˈu	4.261227618005797
l	ʎ	4.249122112590395
i_#>	#>	4.216584124568608
ʦ	s	4.170606509983323
ˈe	ˈæ	4.142285335641339
u	ɜ	4.141228371762841
ə	ɜ	4.074821141828501
ˈa	ˈa	4.062682866314471
z	ʤ	4.035834785378359
r	r	4.01306263774848
ə	ɞ	3.9630571246447164
r	ɾ	3.893594144143602
ˈe	ˈe	3.888490943236242
n_i	n	3.8776926880952836
<#	<#_e	3.8650809299337485
ʎ_u	ʎ	3.8253965487045756
ˈi	ˈe	3.82401423268973
z	d	3.715515235615325
p_t	t	3.6864526969028586
ʒ	ʤ	3.6406485390026897
ˈɔ_n	ˈa	3.63798413828289
r_i	l	3.6249685192213423
l	l	3.534110204522467
k	ɣ	3.522300082303691
n	ɲ	3.43436617915986
ˈɔ	ˈa	3.39195690913967
ˈɔ_j	ˈa	3.297475901763285
n_#>	#>	3.2158211413027393
e̯ˈa	ˈe	3.048307983713354
r	d_ɾ	3.0470649278075035
u	ɾ_e	3.0092686418422714
ʦ	t	2.934871149472861
k_ʎ	ʎ	2.840328661973272
t	ð	2.8138980957764574
o̯ˈa	ˈu	2.726914800326589
ˈu_k	ˈo	2.671991941622381
p	β	2.664499397899359
ʎ	ʎ	2.6388152027188583
j	ʤ	2.587709005076941
ˈa	ˈæ	2.585918916052101
<#_j	<#	2.5642160505609963
ˈo	ˈo	2.529000725119267
#>	s_#>	2.487644400855481
t	t_ɾ	2.2638697911230428
r	l	2.2633020898079823
ˈa	ˈe	2.1507464045253
ˈu	ˈɒ	2.122721777317645
j	ˈe	2.0851827345371845
d	t	2.030841762492851
u	e	1.984508289959472
i	w	1.8464862624079923
ˈe	ˈa	1.7608574721829247
n	ŋ	1.497377442888638
<#_w	<#	1.4858655668221268
k_ʎ_u	ʎ	1.4317203228830864
i	ɜ	1.4253621620165957
ˈi	f_ˈi	1.4116139414685525
ˈi_n	ˈæ	1.384829696966318
u_r	ɾ	1.3450569064830926
ˈo	ˈu	1.302541010948746
ˈi	ˈæ	1.2257481003920914
<#	<#_f	0.9909034914527062
j	s	0.8940149500771973
ə_#>	#>	0.8265727687512735
#>	k_#>	0.7653647410271243
ə	w	0.549986127727888
ə	e	0.3803200744906797