Phone1	Phone2	PMI
ʒ	ʤ	6.994502458605485
ŋ	ŋ	6.7155038139140775
k	k_ʊ	6.314454146698318
ɲ	ɲː_ʊ	6.308950587615266
ʃ	ʃ	5.789014688788125
b	b	5.769466734883039
t	tː_ʊ	5.708597466464487
w_ˈɛ	ˈɔ	5.681538234117358
t	t_ʊ	5.644211847487014
r	ɾ_ʊ	5.561201892558294
t	t_ɪ	5.530683529395328
f	f	5.442695008891634
l	ɖː_ʊ	5.37719253814198
l	l_ʊ	5.37719253814198
m	m	5.350499793023787
ˈɔ	ˈɔ	5.286981575992407
m	m_ɪ	5.270507628185044
ʃ	ɕ_ɪ	5.1558743831904845
s	s	5.054189635917097
j_ˈɛ	ˈɛ	5.044625573653516
n	n_ʊ	4.911704438027914
d	d	4.881510858606627
o	u	4.781603793992046
ɲ	ɲː	4.699358276049203
p	p	4.6741123219698135
v	v	4.614110724808814
ˈu	ˈu	4.53406439646195
n	n_ɪ	4.531611572738097
ˈo	ˈu	4.495433828794995
ˈi	ˈi	4.433779108675783
d	t	4.424284617630575
k	k	4.406861466494875
ˈe_j	ˈi	4.389391282491407
ɡ	ɡ	4.381967831694612
e	i	4.378527088056422
ˈa	ˈa	4.283843852988837
ʨ	ɕ	4.247931899581682
l	l	4.085255719053937
ˈɛ	ˈɛ	4.010952597835292
ʨ	kː	3.9907922058561898
ˈe	ˈi	3.947744104429582
ʨ	k	3.909665674438058
r	ɾ_ɪ	3.812235125058384
n	nː	3.773995554149301
a	a	3.729342496930336
r	r	3.6508255181417937
j	i	3.644658240091743
t	t	3.4825113447727367
r	ɾ	3.422540419474488
e	ɪ	3.410597175288136
w	w	3.4091683457654485
n	n	3.379392483603904
ʃ	ʃː	3.305081360725449
ˈo_w	ˈu	3.292422044351695
ʒ	j	2.95380919359253
w	ˈɔ	2.768165079869962
l	ɖː	2.6941012683629104
j	ɟː	2.596787527714352
ʧ	ɕ	2.398919588656657
s	j	2.303995907218316
ˈɛ	ˈa	2.2945985654961945
p	p_ʊ	2.246345076857375
t	tː_ɪ	2.2166820698778533
ˈe	ˈi_ɾ	2.210862679884872
r	r_ʊ	2.205407818016261
r	ʈ_ɽ	2.1224003181604925
ˈɛ_f	v	2.050743264830355
ˈo	ˈo	1.993754340102428
ˈɛ_r	ˈɛ	1.8854152371246728
ʃ	s	1.742790197038496
v	p	1.3294696137442408
#>	j_#>	1.2885886991697455
k	k_w	1.286426684496045
m	mː	1.1302921300262878
e	ɽ	1.0938561205132489
j	ɪ	0.7615550192067623
ˈe	ɪ	0.679699627004471
d	ɾ	0.5674034847492277
f	v	0.5424742205635127
ˈe	ˈa	0.4141408378631602
#>	ʊ_#>	-0.9151445925137622
#>	ɪ_#>	-0.4911149264955997