Phone1	Phone2	PMI
ŋ	ŋ	7.172684417724858
ʒ	ʤ	6.883559587178395
ɲ	ɲː_ʊ	6.881065900105901
k	k_ʊ	6.749743075652358
ʃ	ɕ_ɪ	6.747245261245132
b	b	6.348304053684974
ʃ	ʃ	6.235960762201002
p_l	c	6.2145871474310415
t	tː_ʊ	5.948104077643818
t	t_ʊ	5.798411831043011
f	f	5.723785565015858
w_ˈɛ	ˈɔ	5.710581021481343
t	t_ɪ	5.68718264071889
d	d	5.510483279933539
r	ɾ_ʊ	5.465745978556737
m	m	5.443456349389527
j_ˈɛ	ˈɛ	5.4376975229800015
s	s	5.40031324422005
ɲ	ɲː	5.382519772573049
l	ɖː_ʊ	5.364956182797833
l	l_ʊ	5.364956182797833
m	m_ɪ	5.342877201553576
n	n_ʊ	5.13531014568575
ˈɔ	ˈɔ	4.951619899453808
ˈo	ˈu	4.892009970377627
ˈɛ	ˈɛ	4.767265867854145
p	p	4.746652251122325
n	n_ɪ	4.698491190770056
t	tː_ɪ	4.6960941800670435
ˈu	ˈu	4.6369465599408555
e	i	4.5922836170809695
v	v	4.589013412572728
k	k	4.582821055397064
r	r_ʊ	4.570189513986443
o	u	4.518623630223315
ˈo_w	ˈu	4.513574213418545
j	i	4.423023941516511
ˈi	ˈi	4.3778554931876
ˈe_j	ˈi	4.359919008574616
ɡ	ɡ	4.239930889374701
ʨ	ɕ	4.231872323657338
ˈa	ˈa	4.188517973139885
ʨ	kː	4.118558124948274
k	k_w	4.113912371572416
ʨ	k	4.082799777923371
d	ˈɔ_cː	4.033053986279314
l	l	3.9353337400134727
ʒ	j	3.8640537282298197
a	a	3.8130172755967284
d	t	3.802127683727418
n	nː	3.572942667288948
ˈe	ˈi	3.5601952685206264
j	ɟː	3.551245245891228
t	t	3.5423556891131467
r	ɾ	3.489086567687895
n	n	3.4400198304757366
ʃ	ʃː	3.3823551312219253
w	w	3.3746185214399063
e	ɪ	3.175136857657646
r	r	3.0748824200526323
n_ˈe	n	2.9696354973453123
d_l	cː	2.927930904907847
l	ɖː	2.837954210196964
w	ˈɔ	2.780965678015646
d_e	ɪ	2.5091980801594116
ʧ	ɕ	2.475090907738461
ˈɔ	ˈa_w	2.4512147968036757
v	p	2.4446195314647894
ˈo	ˈo	2.2086593467806166
ˈɛ_f	v	2.179669277419082
ˈe	ɾ_ɪ	2.1014388324125894
s	j	2.101214556863106
ʃ	s	1.984142877659087
r	ʈ_ɽ	1.9633552155259042
r	ʐ	1.8691663020956466
r	ˈa_ɾ	1.8070892354599635
ʦ	ʦː_ʊ	1.7179877010449247
f_l	ç	1.5814594704990537
#>	j_#>	1.2885886991697457
r	ɾ_ɪ	1.2801564844777267
e	ɽ	1.1606127451070862
<#_d	<#	1.1606096038623472
e	ɪ_ɾ	1.1594183795907482
j	ɾ	1.1297262976564704
d	ɾ	1.121018818417611
f	v	1.0892633129017606
m	mː	1.082230307916157
t_ˈe	t	1.0446542057899122
r	ʈ	0.9931186931557441
ˈe	r_ɪ	0.9098472372609242
ˈɔ	w	0.7945563072942636
ˈe	ɪ	0.7855100401219699
d	j	0.7426663888027708
<#_ʒ	<#	0.737611198737052
ˈɛ	ˈa	0.5033004839705814
#>	ɪ_#>	0.042763329880772874
#>	ʊ_#>	-0.30716783151691895