Phone1	Phone2	PMI
ˈɑ_ŋ	ˈãː	6.873039526948447
ɲ	ɲ	6.855316280321415
ɡ	ɡ	6.674608009407025
e	i	6.347774709662639
ʃ	ʤ	5.593680873818999
ˈi	ˈĩː	5.525936368079166
d	d	5.339834570508317
e	e	5.334063475656151
m	m	5.092848222018606
ˈi	ˈi	5.00868491435401
ˈa_ɾ	ˈa	4.84209952694812
ˈu	ˈy	4.781834132376047
p	p	4.76895990288148
ð	d	4.72193858803329
f	f	4.717278057004937
n	n	4.6561233570929454
ˈa	ˈaː	4.569523632011283
s	s	4.544623028710014
ˈo	ˈu	4.499838897462007
θ	ʦ	4.494330302828261
t	t	4.424177980168497
ˈe	ˈe	4.347345903504202
b	b	4.33275284226834
o	u	4.152638668715533
t_ʊ	t	4.133541899769015
b	ʋ	4.111230718842002
ˈɔ	ˈøː	4.068610365669607
s_ʊ	s	4.067450098316946
l	l	4.066787709306548
ˈu	ˈyː	4.038870740949137
k	k	4.035774593759429
n_t	t	4.020635883060822
β	ʋ	3.9580993743719777
ˈɔ	ˈɔ	3.9324269861067735
ˈɛ	ˈɛ	3.879514789344405
ˈa	ˈa	3.8378651689440018
ɾ_ʊ	r	3.8284065022871054
m_ɪ	m	3.822277488240665
t_ɪ	t	3.790394840569896
ɾ	r	3.787757123323485
r	r	3.712347601248498
ˈɔ	ˈu	3.689984182643592
ˈe_j	ˈe	3.4970336872613013
ˈe	ˈɛ	3.472558823833064
ʎ	ʤ	3.4460559511915583
l_ʊ	l	3.324274306198345
ˈi_ɾ	ˈi	3.265985092936686
ɐ	a	3.2290174834370524
ɐ	n_a	3.14161808674013
a	a	3.138532024563578
ˈɛ	ˈe	3.1076195086562706
β	f	3.0796358898162253
w	w	3.07598725861162
ˈo	ˈyː	3.012654297421777
#>	ʧ_#>	2.9985669858435857
θ	s	2.9951739310503718
β	b	2.901709824613228
ɣ	ɡ	2.7380697454987533
ˈo	ˈø	2.724419137987504
ɲ_ʊ	ɲ	2.7191607115958134
ˈo	ˈɔ	2.668176923186383
θ	ʧ	2.467711989012765
ˈa_n	ˈãː	2.4585124733527515
ˈo_w	ˈɔ	2.362888768890881
ʃ	s	2.124062269156069
ɣ_ʊ	k	2.018578004385479
a	ˈa	1.8964375369709567
k_ʊ	k	1.7743031419066972
ð	t	1.7050137832187449
ŋ	ˈũː	1.3447285963272826
ɪ_#>	#>	1.3103927620927822
ʊ	ˈy	1.2289878942773875
ʧ	j	1.160765005970039
ˈe_ɾ	ˈɛ	1.0609281578046552
ˈe	ˈeː	1.01903041653391
ɾ_#>	#>	0.8753327655551437
ˈa	l_ˈa	0.8432599283196665
ˈu	ˈu	0.7767559653412981
ɾ_ɪ	r	0.7484191002846339
ŋ_#>	#>	0.5109685024689641
ˈe	ˈa	0.2861760729442784
ʊ_#>	#>	-0.5525789515657321