Phone1	Phone2	PMI
w	w	6.965261973458483
ɡ	ɡ	6.8502251735572255
ŋ	n_i	6.544960532029744
o	o	6.379266467970154
θ	ʧ	6.347569225100374
β	β	6.334999871842862
d	d	6.249683953313347
ɲ	ɲː	6.208393479837832
ˈu	ˈu	6.13858009212466
ŋ	ŋ	6.088179741504041
ð	ð	6.049489366038121
ɣ	ɣ	5.944082609435471
m	m	5.647293593855192
f	f	5.553766758333923
p	p	5.496880227311851
l	l_i	5.455097365478449
j_ˈe	ˈe	5.048481251334032
w_ˈe	ˈo	4.945643799543731
ʎ	ɖː	4.8891485482522
b	b	4.876134658348223
k	k	4.837587255841027
s	s	4.800276786487088
l	l	4.6626247199612765
t	t	4.615224847208321
ɾ	r_i	4.488172131212927
ˈi	ˈi	4.452038114057593
b_j	b	4.265358069675474
ˈo	ˈu	4.2062478607145
ˈa	ˈa	4.176502070240475
n	n	4.168593485030757
θ	ʒ	4.079627175509649
ʎ	l	4.079544245279611
ʧ	t	4.072849923019155
s	z	3.934093410864164
a	a	3.9333340487868576
ʝ	j	3.782661098907632
ˈo	ˈo	3.7735027216556976
β	j	3.624052935737699
e	e	3.527032478871796
u	u	3.488289359506316
f_w	f	3.437365943107915
ˈe	ˈe	3.379009042789222
#>	ŭ_#>	3.2805633300497985
ɾ	r	3.166406392950384
θ	ʒ_i	3.1036161561253337
e	i_n	3.0987453966662897
ˈe	ˈi	3.012129369931116
u	u_z	2.973872796311164
r	r	2.897226745191161
e	i	2.8810343044560147
<#_ɡ	<#	2.857091939922168
o	ˈo	2.63581581012611
u	ð_u	2.631889548815985
ɾ	e_r	2.6313813313768906
#>	ĕ_#>	2.519072219456274
s	z_ŏ	2.2927724889699435
p_j	p	2.213133336892864
t_j	t	1.843876025027075
ɾ	j	1.6086529236246965
j	j	1.3745571802390903
i	i	1.31678856558127
ɲ	nː	1.2525888948801014
k_w	k	1.0564319181591992
ˈe	ˈo	1.0241154566574526
n_w	n	0.9136927551905276
ɾ	r_e	0.8602657253470243
#>	e_#>	0.5307648717731921
ˈo	ˈa	0.4291865216353677
ʎ	r	0.4179326370306918
e	a	0.3707637399988613
o	u	0.2559328508645325
#>	i_#>	-0.6912036728879228
ˈe	i	-0.1675109480634657
u	i	-0.1260831255405532