Phone1	Phone2	PMI
ɡ	ɡ	7.0827291960093035
ɲ	ɲ	6.513129814698313
ˈa_n	ˈãː	6.384430562118583
w	w	6.124930009669963
ʤ	ʤ	6.01156639327604
o	u	5.710950886477655
ˈi	ˈi	5.50660738201763
z	ʤ	5.425418723344445
j	j	5.324367908828605
d	d	5.266593817925238
b	b	5.1696668125213066
ʧ	ʧ	5.165577119666989
ˈɔ	ˈɔ	5.1251075190460265
p	p	5.0694908575660005
m	m	4.940266969841011
f	f	4.916529746767482
n	n	4.846257303541923
ˈø	ˈø	4.795879844612948
ˈu	ˈu	4.7895281771961
ˈø	ˈy	4.7572306294775615
t	t	4.706210125198604
z	z	4.690015142879984
e	e	4.618866190135764
ˈa_ŋ	ˈãː	4.544593945757853
ˈe	ˈe	4.308495951798142
l	l	4.248739352730037
ˈo	ˈɔ	4.1890142468514435
ˈɛ	ˈɛ	4.122948248989008
ˈy	ˈyː	4.086670987634212
ˈu	ˈũː	4.047449648951931
ˈø	ˈøː	4.028846670516685
k	k	3.988224784994122
e	i	3.8871724578620643
ˈo	ˈu	3.883199698346469
s	s	3.866425765998072
s	ʦ	3.8569445360913552
ˈa	ˈaː	3.8389588813231046
ˈo_n	ˈũː	3.8120758332561877
a	a	3.7626428406664214
ˈa	ˈa	3.7220390885014645
r	r	3.6989096086097613
ˈe	ˈe_j	3.5480518399080707
ˈi	ˈe	3.170376584155231
ˈɛ	ˈe	2.8744599790040994
s	ʃ	2.8017910839168496
i	i	2.7847626622339483
ˈe	ˈi	2.3836036854030684
o	o	2.278168245502895
ˈi	ˈĩː	2.270257507813814
s	ʧ	2.2278996239285576
e	ʋ_e	2.2132893126039783
ʋ	ʋ	2.1885149572655367
<#	<#_ʋ	2.1737667110243333
ˈo	ˈuː	2.144546363409463
e	ɛ	2.116774838712039
ˈe	ˈɛ	2.057692903428809
ˈy	ˈy	2.050139416338003
ŋ_k	k	1.968590066714636
ˈa	ˈãː	1.966174653796776
ˈɔ	ˈø	1.8979663123576198
e_r	r	1.7096685107025957
ˈɛ	ˈẽː	1.6575410191554534
ˈɔ	ˈu	1.4580693013948367
ˈɛ_n	ˈẽː	1.4435693616729846
r_e	r	1.404487804550729
ˈɔ	ˈo	1.2487026123735805
t	ʧ	1.196260059554015
ˈe	ˈẽː	1.1601630084265873
o	e	1.0441832452144322
ˈe	ˈeː	1.0158682498127585
ˈu	ˈyː	0.9789928837255122
a	a_d	0.9101791788754072
a	a_ʋ	0.8737158688128863
#>	ˈi_#>	0.8567330777651838
r	r_u	0.8503548507440561
ˈo	ˈũː	0.8275700058821011
a	ã	0.8225221438478547
#>	u_#>	0.7781541860490483
t	d	0.7488008823578611
ˈi	ˈɛ	0.5565396901174355
ˈɛ	e	0.5515591535379831
e	ʋ	0.5041930275237124
z	s	0.3070066779786208
ˈe	ˈa	0.2545054424975484
t_#>	#>	0.1667358967651317
l_#>	#>	0.16563665167802002
ˈɛ	ˈa	0.059605855248065734
r_#>	#>	0.008143211744116802