Phone1	Phone2	PMI
w	w	9.117927001856666
ˈa_n	ˈã	8.619355559009716
ʤ	ʤ	7.582072221740324
ˈo_n	ˈũ	7.506623492463289
z	z	7.126902616952476
o	u	6.957117837478952
z	ʒ	6.918774220053007
ɲ	ɲ	6.88462007584442
ˈo	ˈɔ_l	6.772391164694808
ˈa_ŋ	ˈã	6.722062368509537
i	i	6.6392231182070995
ɡ	ɡ	6.499318591230551
ˈo	ˈoː	6.341612448818527
j	j	6.290670432457262
ʋ	v	6.240002837543113
ˈɔ	ˈɔ	6.227929997017535
b	b	6.181206022799564
ˈi	ˈĩ	6.142239116035525
ˈɛ_n	ˈẽ	6.076220469292563
ˈø	ˈœ	6.055143890367791
ˈi	ˈiː	5.968000318858869
ˈy	ˈyː	5.965119241204279
ˈø	ˈøː	5.8077360509076215
ˈy	ˈỹ	5.698018608336629
m	m	5.689283143387903
ʧ	ʧ	5.682501185162248
e	e	5.663769342108213
p	p	5.628646934088185
f	f	5.615054190906013
d	d	5.582555152079611
ˈe	ˈe	5.515202762109876
n	n	5.485238320405591
n_t	t	5.4650718243580805
ˈi	ˈi	5.417484850563615
ˈu	ˈuː	5.338914387510167
ˈɛ_ŋ	ˈẽ	5.25329281129647
ˈu	ˈũ	5.214958544751446
ˈɛ	ˈɛ	5.211578765255212
ˈe	ˈeː	5.167780202022777
i	e	5.083485050198525
ˈe	ˈẽ	5.0707242778425865
t	t	5.006636153538344
k	k	4.980214119583712
ø	y	4.937994723453207
ˈu	ˈu	4.880651874514164
ˈo	ˈu	4.845714594622817
ˈø	ˈyː	4.7979929939010155
l	l	4.628066569568528
ˈe	ˈi	4.459378130915455
r	r	4.4409228373348375
ˈa	ˈɑː	4.420561117389613
ˈa	ˈa	4.388812430013755
s	s	4.196079652723539
a	a_v	4.156443695710747
ˈa_t	ˈɑː	4.136911145840755
a	a	4.113413625904602
e_#>	#>	4.033583349644391
ˈo	ˈɔ	3.8300558936124522
j	i	3.6287634275310223
ˈo	ˈuː	3.563142606600628
z	ʤ	3.4780573640012196
<#	<#_v	3.4285144519148965
ˈɔ	ˈu	3.407251300937357
ˈɛ	ˈeː	3.307314966858081
ʤ	ʒ	3.292951977444858
ˈa	ˈã	3.2588365837454516
e	v_i	3.046933721608118
ˈi	ˈeː	3.0415239450274965
ˈe	ˈiː	2.988557273028427
s	ʧ	2.9315172883285783
e	v_e	2.6995406027748765
e	i	2.5979749313625238
a	ã	2.5257908285777266
ˈe	ˈɛ	2.474006376364703
ˈi	ˈɛ	1.9771620300144033
ˈu	ˈyː	1.6820439222677743
ŋ_k	k	1.41178114229243
t_e	t	1.2848901852851031
ʧ	t	1.273319399427358
ˈɛ	v_ˈɛ	1.2275627821440318
ˈø	ˈy	1.1565468736774787
ˈo	ˈũ	0.9395951698350549
l_#>	#>	0.7728387079335336
#>	r_#>	0.7595862730863163
t	d	0.5612458213026356
#>	ˈi_#>	0.41852598454368783
ˈɛ	ˈa	0.23337202057592982
#>	l_#>	0.11561134997773614