Phone1	Phone2	PMI
ʤ	ʤ	7.052071052463329
z	z	6.689586194116129
ɲ	ɲ	6.531428211407854
w	w	6.48288898969239
z	ʒ	6.358515828393618
o	u	6.124288889462807
ˈɔ	ˈɔ	6.032362884290146
j	j	5.774509026339033
ɡ	ɡ	5.713968893896572
b	b	5.611734233608516
ˈy	ˈyː	5.570682706097231
ˈi	ˈiː	5.362182655660771
m	m	5.3157580685447146
ʧ	ʧ	5.210745993701202
ˈø	ˈøː	5.165931525462167
ˈa_n	ˈã	5.109676158687608
e	e	5.046421693265898
ˈe	ˈe	5.006340252676682
ˈo	ˈu	4.991835717988124
d	d	4.963117789697769
p	p	4.912569260368272
n	n	4.909729470294982
f	f	4.898929959802084
ˈu	ˈuː	4.722124390022
ˈu	ˈũ	4.717460175175075
ˈe	ˈeː	4.587909024039618
ˈi	ˈi	4.56218265566077
ˈɛ	ˈɛ	4.519973027656745
t	t	4.412766861791712
k	k	4.304945582854492
ˈø	ˈyː	4.152579138984785
l	l	4.14118754382722
ˈi	ˈĩ	4.09758376222006
i	i	3.9505610055633062
ˈu	ˈu	3.910345652211286
ˈa	ˈɑː	3.895398058074422
n_t	t	3.8458282075673584
ˈe	ˈi	3.80275587107723
ˈa	ˈa	3.771981803029724
r	r	3.749340583491145
a	a	3.69436239757903
i	e	3.6880382845463977
s	s	3.6311894803405
ˈa_ŋ	ˈã	3.490191741021742
ˈo	ˈoː	3.471545692403396
ˈe	ˈẽ	3.4418869298122883
ˈo	ˈɔ	3.4021642087011075
ʋ	v	3.2587866918416983
e_#>	#>	3.2182926994775816
ˈa	ˈã	3.031012439096949
ˈø	ˈœ	3.011423126921939
ˈy	ˈỹ	2.589656191207318
a	a_v	2.3780242563153995
s	ʧ	2.292783984675521
ʤ	ʒ	2.24525282482202
<#	<#_v	2.101616858593502
ˈi	ˈeː	2.096096475250936
z	ʤ	2.0839620295922927
ˈa_t	ˈɑː	1.9407527289122828
e	i	1.7135328898512572
ˈe	ˈɛ	1.5197384798148017
ˈo	ˈũ	1.445524095748559
ˈɛ	ˈẽ	1.4158028174993074
ˈo_n	ˈũ	1.38891963919146
e	v_i	1.374051115406851
ˈɛ_ŋ	ˈẽ	1.2268979406695493
ˈɛ	v_ˈɛ	1.1899717529584437
e	v_e	1.1291291693812229
ˈɛ	ˈeː	1.0173698722446387
ŋ_k	k	0.9148211699540972
ˈø	ˈy	0.8927546245972696
n	ˈẽ	0.8312567366924032
ˈi	ˈɛ	0.831041706692733
ˈo	ˈuː	0.8187647026472085
ŋ_t	t	0.7771409013807463
a	ã	0.7629916842035771
ˈɔ	ˈu	0.744109707669692
#>	f_#>	0.5881841534491956
ˈɛ	ˈa	0.5818145068578235
ˈu	ˈyː	0.5225516675463502
#>	ˈi_#>	0.3332121852030788
ʧ	t	0.2861622035273539
ˈi_#>	#>	0.1881841534491955
#>	r_#>	-0.1374025405178008
#>	l_#>	-0.1066020842172869