Phone1	Phone2	PMI
ˈy	ˈyː	7.292791714767625
ɡ	ɡ	7.05629198659904
ɲ	ɲ	6.325437220989085
w	w	6.258183009788761
o	u	5.966584000175954
z	z	5.757070336914657
ʤ	ʤ	5.691914252838063
ˈø	ˈøː	5.562710972452656
ˈi	ˈi	5.508020563630889
ʧ	ʧ	5.471484736025696
ˈe	ˈe_j	5.4207402184168245
b	b	5.404783609489184
d	d	5.357597803788467
j	j	5.305762193616802
ˈo_n	ˈũː	5.303145118747905
p	p	5.125945709318957
ʋ	ʋ	5.095711666833547
n	n	5.0061510004293215
ˈa_n	ˈãː	5.002686505809542
ˈø	ˈy	4.981987879737525
f	f	4.975345890960206
z	ʤ	4.972503909019149
e	e	4.926231981969942
ˈɔ	ˈɔ	4.872626956471786
ˈɔ	ˈo	4.855318595774775
e	i	4.810777673287471
m	m	4.794925085875605
ˈu	ˈũː	4.694245672816745
ˈu	ˈu	4.657171589987816
ˈø	ˈø	4.639769003629614
ˈa_ŋ	ˈãː	4.526006407632226
t	t	4.512627219352861
ˈo	ˈɔ	4.498564420078711
ˈɔ	ˈø	4.355514256780647
e	ɛ	4.269833689054538
ˈɛ	ˈɛ	4.247069023003826
k	k	4.225923326643059
l	l	4.12516288607763
ˈo	ˈu	3.973493002415768
s	s	3.80179386529012
ˈe	ˈe	3.702695909947484
r	r	3.6749245603757457
ˈa	ˈa	3.658237095128264
n_s	ʦ	3.6505433517540986
a	a	3.5720348609441617
s	ʦ	3.569542233070492
ˈa	ˈaː	3.567623071451092
ˈi	ˈĩː	3.512153906923504
s	ʃ	3.369542233070492
i	i	3.2581704178251343
a	a_d	3.121400705390963
ˈy	ˈy	3.093430846885428
ˈe	ˈi	3.04754193652434
ˈa	ˈãː	2.9084364941802083
ˈɛ_n	ˈẽː	2.8188858281741545
ˈɛ	ˈe	2.8094148924831908
<#	<#_ʋ	2.5577202870807523
a	ã	2.503889276464246
ŋ_k	k	2.438661297580988
ˈɛ	ˈẽː	2.297309708428384
ˈe	ˈẽː	2.293665392854316
d_a	a	2.2020457753069564
ˈo	ˈuː	2.1926140234110805
ˈi	ˈe	2.0534163083395827
t	ʧ	2.013172138892356
n_t	t	1.9717078416002043
ˈe	ˈɛ	1.937094585385396
ˈe	ˈeː	1.7825968108944446
ˈu	ˈyː	1.7738357931285793
ˈɔ	ˈu	1.7639050163441992
s	ʧ	1.6946354338614755
ˈa	ʋ_ˈa	1.659992749279913
r	r_u	1.5992236792884498
ˈi	ʋ	1.586814107442104
#>	u_#>	1.5519694192032998
o	o	1.2774190453164116
o	e	1.2003427254661565
n_ʤ	ʤ	1.0587261974871915
e	ʋ_e	1.004692216109324
r	j_r	0.8916764008312027
r_e	r	0.781321572865342
e_r	r	0.7627925073664742
z	s	0.640605142179464
z	ʧ	0.6220903001556843
l_#>	#>	0.558778888029132
ˈɛ	ˈy	0.4753982162405301
t	d	0.4503827882631124
e	ʋ	0.4023553359540229
t_#>	#>	0.3247938877406696
e	a	0.2068271002025393
#>	r_#>	0.0530427407786082
r_#>	#>	0.0010898549346143
ˈɛ	ˈa	-0.0183350281771106