Phone1	Phone2	PMI
ɡ	ɡ	7.137617656996773
w	w	6.722080912479765
ɲ	ɲ	6.448660688462193
z	ʤ	5.788709255439236
ˈy	ˈyː	5.693372608373931
o	u	5.688030889315944
ˈi	ˈi	5.480978272048195
ˈø	ˈøː	5.378483025649359
ʧ	ʧ	5.256353635884839
d	d	5.214042183533849
p	p	5.205087690641673
j	j	5.140203321153358
ˈu	ˈũː	5.101596975904202
ˈɔ	ˈɔ	4.99177471784421
t	t	4.985288248767696
b	b	4.8827364470437065
n	n	4.855760591972867
ˈa_ŋ	ˈãː	4.79154534399989
e	e	4.778802119094126
m	m	4.752508016344847
ˈø	ˈø	4.744498025360896
f	f	4.727366872356461
ˈu	ˈu	4.700487701402873
ˈø	ˈy	4.667319794637031
ˈe	ˈe_j	4.604561318942946
ˈɛ	ˈɛ	4.146313790934151
l	l	4.101349349178999
k	k	4.0577985398091485
ˈe	ˈe	4.018847854423026
s	s	4.004033883967642
e	i	3.814799310755232
z	z	3.8040869319169603
ˈa	ˈa	3.720534984758747
r	r	3.687834706639907
a	a	3.622041602730987
ʤ	ʤ	3.54070246571994
ˈo	ˈɔ	3.540031438169956
ˈo	ˈu	3.533092894536724
ʋ	ʋ	3.284793263000375
s	ʦ	3.0981887025917985
e	ɛ	3.002708768825896
ˈɛ	ˈe	2.858150602840161
ˈe	ˈi	2.6149854933800025
ˈa	ˈãː	2.5129491074172408
ˈo_n	ˈũː	2.425171138737671
ˈa_n	ˈãː	2.333351177994371
ˈɔ	ˈu	2.28047603532435
ˈɔ	ˈo	2.247091071377956
ˈi	ˈĩː	2.224202145925335
ˈa	ˈaː	2.203006629364866
s	ʃ	2.1871005093597007
n_t	t	2.1836211539830015
ˈy	ˈy	2.100163839424269
<#	<#_ʋ	2.0712678494039207
ˈi	ˈe	1.9228573595582936
ˈɔ	ˈø	1.7744298494207573
s	ʧ	1.7608950445219944
ˈe	ˈɛ	1.6819673261994816
o	e	1.6254196598772128
ˈɛ_n	ˈẽː	1.5371434566487472
r	r_u	1.5076807056560833
ŋ_k	k	1.4733878841943329
i	i	1.4708732856728892
ˈɛ	ˈẽː	1.439499014052367
a	ã	1.4295851336822403
ˈo	ˈuː	1.2098639755087308
o	o	1.1178388977472546
n_s	ʦ	1.0544323255958936
ˈu	ˈyː	0.9814740897525056
ˈe	ˈẽː	0.9488729722520013
ˈe	ˈeː	0.9242541929243961
t	ʧ	0.8756829505313719
ˈa	ʋ_ˈa	0.8718079253772112
#>	ˈi_#>	0.854567679290638
t	d	0.8257321511093482
j_ˈø_l	ˈi	0.79158005376052
#>	u_#>	0.7770714868117755
e	ʋ	0.6298643333894864
ˈi	ˈɛ	0.47253924139577724
e	a	0.24782653945806157
ˈɛ	ˈa	0.23900208244230123
t_#>	#>	0.082285249145293
l_#>	#>	0.05412951798873379
r_#>	#>	0.003263409354865574