Phone1	Phone2	PMI
ʝ	cː	7.315031051861914
ŋ	ŋ	6.887801393732144
ɡ	ɡ	6.753530292920546
θ	ɕ_ɪ	6.733443518707379
d	d	6.6224556075924905
ʃ	j	6.333774338559663
ɲ	ɲː	6.131672698443762
m	m	6.042948813834045
j_ˈe	ˈɛ	6.002948830637071
f	f	5.8836696637169865
ʧ	tː	5.731357289284787
w_ˈe	ˈɔ	5.595745678848579
s	s	5.277284905762919
b	b	5.138608405965075
ŋ	n_ɪ	5.11947198801911
θ	ɕ	5.080892888172533
ʝ	ɟː	5.072556324330114
ɾ	r_ɪ	4.962743705424628
f_w	f	4.903733740940607
w	w	4.850436792971757
t	t	4.795831398318222
ʎ	ɖː	4.732400862033086
ɾ	ɾ_ɪ	4.705226177386061
β	v	4.638771516726156
ˈu	ˈu	4.5959696316299645
b	v	4.575151487602027
p	p	4.571302137775036
k	k	4.492676969689474
r	ʐ	4.426865696742151
ɣ	ɡ	4.374215377205259
ʎ	l	4.320452445294708
ˈi	ˈi	4.229322205100242
l	l	4.227276412895866
l	l_ɪ	4.221175930910686
ð	ʈ	4.179816227977177
ɾ	ɽ	4.161180802566872
ð	t	4.070765089337463
ˈo	ˈu	4.06006618830255
n	n	4.05361032135851
ˈa	ˈa	4.024435341239547
r	r	4.00059330470514
ɣ	k	3.9859921834507257
o	u	3.942947439281974
e	i	3.915514290860252
a	a	3.858888322911104
s_#>	#>	3.800093955132709
ˈo	ˈɔ	3.6981568235243176
k	kː	3.674909003464364
ˈe	ˈi	3.540384420415573
u	ʊ	3.436597934490897
β	p	3.2482530317893
ˈo	ˈo	3.164352049295004
ɲ	nː	3.10723529089423
ɾ	ɪ_ɾ	3.099351705716588
ɾ	ɾ	3.083107547808763
s	ʃ	2.995622656532497
e_s	ʃ	2.8662019258604303
e	ɪ	2.8156333840071404
ɾ	r	2.672066148078002
<#_ɡ	<#	2.524119778428744
ʃ	ʤ	2.498857484685108
<#_e	<#	2.4882080152356214
l	w	2.3900193291180547
ˈe	ˈɛ	2.12420650220383
o	ɪ	1.1445337458817424
ˈe	ˈɔ	1.078919377222748
l	ɖː	1.0620542927575165
e	ʊ	0.7829702301274105
l	ɾ	0.773006771287259
ŋ	n	0.7294275083563702
n	nː	0.651923670791489
ˈe	ɪ	0.61396776320304
ˈe	ˈa	0.0930764651700618
<#_ʎ	<#	0.0863691573930795
#>	ɪ_#>	-2.253521836619657
a	ˈa	-0.026484474607074