Phone1	Phone2	PMI
d	d	5.59640132710672
m	m	5.401305668821178
v	v	5.400619722275414
s	s	5.318963435563324
b	b	5.276922642717157
k	k_ʊ	4.995816661785736
ʦ	ɕ	4.943740205704846
ˈo	ˈɔ	4.779339866100445
l	l	4.771829977549613
p	p	4.736625682741056
t	t	4.523518337630088
ˈu	ˈu	4.227707190371113
r	ɾ	4.164852540667768
s	ʃ	4.067250228785337
ˈe	ˈɛ	4.060287731738544
ˈa	ˈa	4.005499460436335
e̯ˈa	ˈi	3.936926355001055
ə	a	3.716547507615578
ˈi	ˈi	3.664961987784519
t	ʈ_ɽ	3.662312036637883
k_ʎ	cː	3.6392462558528127
k	k	3.4939996481749938
f	f	3.478525279903625
n	n	3.463771128436532
i	ɪ	3.1215271630656827
ˈi	ˈɛ	3.086867578002269
n	nː	3.0206541656333674
i	i	2.770097159288865
b	v	2.7578824388481493
ˈɔ	ˈa	2.735440661149097
n	n_ʊ	2.707725662024859
u	ʊ	2.466718166267708
ɡ	ɡ	2.3937147838599584
ʎ	ɟː	2.3734367787000004
ʦ	t	2.316767904393478
p	p_ʊ	2.3112787577599807
ˈa_l	ˈa	1.8937561741429152
o̯ˈa	ˈɔ	1.8823188682314205
ʎ	l	1.830599698087444
ˈa_r	ˈɛ	1.817974044107726
ˈe	ˈi	1.646612304687995
ə	ɪ	1.5175566206968991
p_t	tː	1.516374716852774
m	m_ʊ	1.2392086848389572
ˈɔ_j	ˈa	1.2017458415847857
z	j	1.0844129532345623
ˈu	ˈɔ	1.0762988374964657
ʧ	ɕ	0.9566405780128776
ə	v_ɪ	0.9547605311162124
t	t_ʊ	0.9508656030811226
o̯ˈa	ˈu	0.9477617541411872
r	l_ʊ	0.9002914583619572
m	ɡ	0.8580549787234542
r	r	0.8486189250254986
l	w	0.8419881360580384
<#_w	<#	0.8339850002884625
w	ˈɔ	0.8226702983513441
r	ɽ	0.8013063501636077
t	ʈ	0.7815674107412989
ˈu	ˈo	0.7791728824080837
k	kː	0.746739576066459
r	l	0.717926268021987
n	ŋ	0.6207495849675657
j_n	n	0.5979202101435496
ˈa	ˈɛ	0.5204383180901276
d	ɾ	0.4804762212246916
i	ˈɛ	0.4624513299269777
ˈo	ʊ	0.4494299979648358
<#	<#_f	0.4339850002884625
i	ʊ	0.0760967113855471
ə	ʊ	-0.0186389799928336