Phone1	Phone2	PMI
k_ʎ	cː	6.641130805117139
f	f	6.372386507123349
p_t	tː	6.003110065597311
t	t_ʊ	5.945534445763864
s	ʃ	5.448687275917654
ʦ	ɕ	5.423031599730542
d	d	5.354809480983125
s	s	5.3516019104836055
b	b	5.190457804136395
ɡ	ɡ	5.098003056794557
m	m	4.967573412171826
ʎ	ɟː	4.922584059875751
k	k_ʊ	4.825805684761805
p	p_ʊ	4.768582627777375
l	l	4.723075612721262
o̯ˈa	ˈɔ	4.702237578325766
v	v	4.674687126723197
p	p	4.667682623778173
ˈo	ˈɔ	4.485217835998565
ˈu	ˈo	4.479845156989318
t	t	4.421197733890596
ˈu	ˈu	4.068696646603919
ˈa	ˈa	4.032920519671287
e̯ˈa	ˈi	3.994538529365983
r	ɾ	3.9471231124524673
z	j	3.914083285802072
ˈɔ	ˈa	3.902193943060074
<#_w	<#	3.87077519603644
n	nː	3.866779703419446
i	i	3.8139044807049087
s	sː_ʊ	3.813530280574636
ˈi	ˈi	3.63457055025354
m	m_ʊ	3.631305985653931
k	k	3.5959395420037743
ˈe	ˈi	3.565642884041333
n	n	3.5274682507368187
ə	a	3.5065000665006334
ˈe	ˈɛ	3.3813169808600976
i	ɪ	3.291717982531808
b	ŋ	3.206871653421853
t	ʈ_ɽ	3.1853690876871616
b	v	3.155053418641679
n	n_ʊ	3.1032062984649444
l	w	2.9865348253959545
ˈi	ˈɛ	2.969896536441286
u	w	2.786169055922149
u	ʊ	2.3005510093222394
ˈu	ˈɔ	2.292517569188804
ʎ	l	2.26878671389434
k	kː	2.2538508426051123
j	v	2.23992966194667
t	tː_ʊ	2.123744628614696
n	ŋ	2.0785261024084347
ʧ	ɕ	1.962183007608426
ʦ	t	1.95296476605832
ˈo	ˈu	1.945737434498024
r	l_ʊ	1.7772828341504483
w	v	1.6837586178306183
ə	ɪ	1.6327104665559835
r	l	1.6000279876815209
ˈa	ˈɛ	1.5054169480515909
d	ɾ	1.4782616416233116
ˈi	f_ˈi	1.0947608704847722
z	d	1.0707654719746265
r	w_ɾ	1.0573474859092138
ə	v_ɪ	0.947729815383718
<#	<#_f	0.8598988478018728
kʲ	p	0.8547813160048838
ˈa_r	ˈɛ	0.8439757292285334
n_ə	n	0.795025841262614
j_n	n	0.7933708315742412
u	a	0.7896400428518966
ˈɔ_j	ˈa	0.7422862247477495
o̯ˈa	ˈu	0.6848378395296749
ˈe	l	0.674213771401128
e	ɪ	0.6001776171236006
<#_j	<#	0.5959644236124739
w	ɪ	0.5146225265900571
i	ˈɛ	0.3714468088076879
<#_p	<#	0.1959644236124739
i	ʊ	0.0763753198650916
ə	ʊ	-0.09448782277651