Phone1	Phone2	PMI
p_t	tː	9.525628971345554
k_ʎ	cː	8.585078995579897
ɡ	ɡ	7.0628906196838255
t	t_ʊ	6.99545838031031
p	p_ʊ	6.918225760461263
f	f	6.576624358359926
d	d	6.374259271280569
ʦ	ɕ	6.345275825047029
k	k_ʊ	6.096541362660678
s	s	5.959467496788002
m	m	5.4050202163840195
n	n_ʊ	5.37762216956265
l	l	5.290428549730353
ˈo	ˈɔ	5.272436189038765
v	v	5.090241683633048
p	p	4.9532233328715165
s	ʃ	4.9410181992662405
ʎ	ɟː	4.930681870661862
t	t	4.865166432109923
ˈu	ˈu	4.732335400473937
o̯ˈa	ˈɔ	4.697835253672852
ˈe	ˈɛ	4.441691729007313
e̯ˈa	ˈi	4.415875624658882
ˈa	ˈa	4.360874718660975
b	b	4.338790932647312
k	k	4.314796793793085
r	ɾ	4.30214259855749
ˈɔ	ˈa	4.257834101570245
n	nː	4.251899184533603
i	i	4.232741840371733
ˈi	ˈi	4.183679682476379
ˈe	ˈi	4.15081605082511
ə	a	4.131270798351529
m	m_ʊ	4.087378939997428
z	j	4.014753372510142
n	n	3.988444944999965
b	v	3.955388953061835
i	ɪ	3.8836335702059053
k	kː	3.7504843906615286
ˈi	ˈɛ	3.6499840111014747
w	v	3.3287161603464104
r	l_ʊ	3.295008034808391
ˈɔ_j	ˈa	3.252399914678142
ˈu	ˈɔ	3.1417801272484422
ʎ	l	3.1267335360938033
u	ʊ	3.1245273561815097
ˈu	ˈo	2.9436360045075367
ˈa	ˈɛ	2.834433722183247
n	ŋ	2.7188594297745095
<#_w	<#	2.6591920994773615
r	r	2.6305052413920618
ʦ	t	2.5351981713798497
l	w	2.5117185383972824
b	ŋ	2.5072790628936596
t	ʈ_ɽ	2.3662350637043392
r	w_ɾ	2.3619489285534327
o̯ˈa	ˈu	2.2792798968762655
ˈo	ˈu	2.1411044580947394
ə	ɪ	2.067568460037359
t	ʈ	1.7749755479594074
d	ɾ	1.7355283292907187
u	w	1.7083117607854488
<#_p	<#	1.569430558448871
s	sː_ʊ	1.5686307443790615
r	ɽ	1.5367044125200386
r	l	1.473608864718472
ʃ	s	1.4253604841494851
ˈi	f_ˈi	1.3589686436064317
ˈa_r	ˈɛ	1.265616599309973
j	v	1.1727536029827266
z	d	1.1435332387379211
<#	<#_f	1.109016336508156
j_n	n	1.103737170017025
j	ˈi	1.0904284865390388
u	a	1.075805535295579
m	ɡ	0.8516093908051356
i	ʊ	0.6514341739443548
i	ˈɛ	0.24760352546846914
ə	ʊ	0.026181363816032515