Phone1	Phone2	PMI
v	v	5.382182521462912
ɡ	ɡ	4.780289498475981
d	d	4.530899073835007
o	ˈo_s	4.371131069500729
f	f	4.232626390733081
p	p	4.222719805041573
s	s	4.103224166838476
m	m	4.086052909469904
i	ˈi	4.047466917660597
l	l	4.046344017795706
ɛ̃	ˈi_n	3.8615610310192334
n	n_ə	3.779115736453534
ʒ	z	3.777682872482281
u	ˈu	3.697227758385097
ɛ	e̯ˈa	3.3855848122463783
k	k	3.3426941691315357
ʁ	r_ə	3.1244243098701565
ʃ	k	3.097253948352904
t	t	3.0906346725416154
ɔ	ˈo	2.999357891166285
ʁ	r_i	2.9961442908369
ɑ̃	ˈi_n	2.982311286124147
b	b	2.8570286137995424
ɛ	ˈɔ	2.8254852717292467
a	ˈa	2.638020529964085
n	n	2.587628091752053
ɛ	ˈa	2.578181894447807
ʁ	r	2.3741750605197947
ʁ	r_u	2.3660652766319625
i	ˈe	2.311349288653534
u	ˈu_k	2.1986814252344637
s	ʦ	2.0409163798976824
l	ʎ_ə	2.0199885142007945
ɔ̃	ˈu	1.7043245372011449
s	ʃ	1.54107795770668
ʒ	ʒ	1.3791483161736724
ø	ˈo_k	1.3242481684651206
ə	i	1.271978440993116
ʃ	k_ə	1.2513603192228406
#>	t_#>	1.21969740760794
t	ʦ	1.161090651878584
ɑ̃	ˈi_m	1.1500897860178827
f	w	1.119599012974701
b	b_u	1.03959763112195
y	ˈu	0.9185840319327898
o	l	0.9104031178907313
l	ʎ	0.8702134971228279
e	i	0.8559984800785216
ø	ˈo	0.8255978613895115
œ	ˈo	0.7839846319521737
a	ˈe	0.7656706851159408
<#	<#_j	0.7150624661374874
<#	<#_w	0.7150624661374874
ɛ	ˈa_p	0.6686308273365189
u	ˈo	0.6508391103561675
p_w	p	0.5927435621092837
#>	u_#>	0.527315633671991
#>	k_#>	0.4438337040924323
a	ə	0.3907768615327125
ɡ	m	0.3630625162000794
ɑ̃	ˈi	0.3565782206616039
l	r	0.152298759431277
#>	ə_#>	-1.125709005992316
#>	i_#>	-0.3408970105705655