Phone1	Phone2	PMI
ɥ	o̯ˈa	6.278438053570016
d	d	6.232419033913083
f	f	6.1696583152340905
v	v	5.384940949994943
s	ʃ	5.307333176041984
ɡ	ɡ	5.2975901190353785
o	ˈo_s	5.141133367169999
m	m	4.671287695968156
s	s	4.634819160165042
ʒ	ʒ	4.602043400146542
n	n_ə	4.601635454021233
p	p	4.47290412289686
w_a	ˈe	4.365499136429554
ø	ˈo_k	4.317649548084411
k	k	4.308887579036448
ɛ̃	ˈi_n	4.2155430758564005
ʒ	z	4.160938892988994
t	t	4.115082419813622
w	ʦ	4.059700407834061
i	j	4.034707579707926
i	ˈi	3.985000612480191
ɔ̃	ˈu_ŋ	3.792867843574956
l	l	3.746424666169208
u	ˈu	3.738226807670827
ʁ	r_i	3.708285526098455
a	ˈa	3.5634601666180927
ʃ	k	3.5390544620846054
ʃ	k_ə	3.4210194036644426
ɛ	e̯ˈa	3.335225192763261
b	b_u	3.114482096798285
ʁ	r_ə	3.020750637521574
ɛ	ˈa_p	2.9855956055354747
n	n	2.9203613492292733
y	ˈu	2.698441141395694
ʁ	r	2.6978148497700487
p	p_i	2.628570401907656
œ	ˈu	2.622248865088824
ɛ	ˈa	2.576119295431098
j	ʎ	2.4891644478463264
#>	j_#>	2.4837813462515803
l	ʎ_ə	2.4230292135339524
ɛ̃	ˈɔ	2.4104070031849347
ɑ̃	ˈi	2.3558051482205435
ɑ̃	ˈi_n	2.3251123602003814
j	k_ʎ	2.27951893248791
u	ˈu_k	2.2699493722958803
ɔ	o̯ˈa	2.2140687814622564
t	s_t	2.1693338654974945
#>	p_#>	2.015811345674656
<#_e	<#	2.015811345674656
#>	t_#>	1.9407095186562136
b	b	1.9248289956653928
ə	i	1.9067243939344287
ɔ	ˈo	1.900140441174776
ɛ	ˈɔ	1.8580647563799229
w	e̯ˈa	1.7627491434192823
a	ə	1.7444452780122548
e	i	1.736167157398574
a	a	1.6695035810898256
ɔ	w_ˈo	1.6014865515013037
#>	u_#>	1.5255664294909967
ʁ	r_n	1.4338838933576594
j	ə	1.4298713128302856
<#	<#_w	1.42623887034169
t	ʦ	1.3125073493318813
u	ˈo	1.165877904078871
<#_f	<#	1.1393583055125351
œ	ˈo	1.0693894248635143
#>	k_#>	0.88378134625158
ʁ	r_u	0.8713688323149764
ɔ̃	ˈu	0.8559560763582231
k	ʦ	0.7617408627414448
s	ʦ	0.7019719663865805
ɡ	m	0.6231370184766558
i	i	0.6132174696463953
l	r	0.5022523712994168
l	ʎ	0.4878941008083011
#>	i_#>	0.4640959275998166
#>	n_#>	0.44189067312579
l_#>	#>	0.4158113456746549
#>	ə_#>	-0.4630198804962727