Phone1	Phone2	PMI
s	s	5.357250565166804
p	p	5.2496796107473225
v	v	4.824628302104394
d	d	4.760636348517391
i	ˈi	4.52739339242725
m	m	4.515910642820737
ɡ	ɡ	4.069445073709053
ʒ	z	3.952800718095602
t	t	3.878620459214402
l	l	3.7174075617311866
ʁ	r_i	3.5445187590632425
n	n_ə	3.5301100345330862
u	ˈu	3.518189210338216
ʃ	k	3.4005949759515066
ɔ	ˈo	3.385469388509028
ɛ	e̯ˈa	3.3772740100676946
k	k	3.355967822849109
a	ˈa	3.332515372353253
b	b	3.1098686274996767
f	f	3.048621570443427
j	ʎ	3.0270923422433658
ø	ˈo_k	2.7253501998418512
n	n	2.614399901195229
ɛ̃	ˈi_n	2.582991302992467
ɛ	ˈa	2.581818025367711
œ	o̯ˈa	2.5443351624837103
o	ˈo_s	2.470410013762009
b	b_u	2.450908045414466
ʁ	r	2.400645223589215
ʃ	k_ə	2.20835769969762
y	ˈu	1.7340658012079109
t	ʦ	1.6949210834732895
ʁ	r_u	1.6736727956537545
i	j	1.4789127622763936
ʁ	r_ə	1.447410690536293
<#	<#_w	1.42623887034169
ɛ̃	ˈɔ	1.4143503145262355
a	ə	1.3715673002472806
#>	k_#>	1.32567201937737
ɑ̃	ˈi_n	1.3108272685420754
#>	j_#>	1.2418906731257902
ɔ	o̯ˈa	1.2216704875470623
s	ʃ	1.1604581795275906
w_a	ˈe	1.1521690734999883
ə	i	1.0856549396748898
v	p	1.050817432775955
ʒ	ʒ	1.0447659310310498
u	ˈu_k	1.044142521797037
ø	ˈo	1.0351986102909918
#>	p_#>	1.0079056728373277
ɛ	ˈɔ	0.9359189458642913
o	l	0.8941993697705254
ʁ	r_n	0.8525171200285897
œ	ˈu	0.8520711062360725
l	ʎ_ə	0.8464416495646029
ʒ	ɡ	0.8447659310310497
ɡ	m	0.7626845944140503
<#	<#_j	0.713119435170845
ɔ̃	ˈu	0.6808653823436099
ɑ̃	ˈi	0.6351986102909921
l	r	0.6101883476991002
l	ʎ	0.5438620293978828
#>	u_#>	0.4851443576080593
#>	n_#>	0.44189067312579
ɛ	ˈe	0.4224753904317976
<#_f	<#	0.313119435170845
#>	ə_#>	-0.5940902462187835
#>	i_#>	-0.417074188086674