Phone1	Phone2	PMI
s	s	5.397284332989831
p	p	5.264607202153579
v	v	4.864662069927422
d	d	4.799348359525289
i	ˈi	4.567427160250277
m	m	4.503337529477006
ɡ	ɡ	4.008591500341153
ʒ	z	3.9733240730610206
t	t	3.8788034546338213
l	l	3.713101599320942
ʁ	r_i	3.6088912838024343
u	ˈu	3.439908721201883
n	n_ə	3.407741644583675
k	k	3.3946798338570074
ɔ	ˈo	3.3615142592071567
ɛ	e̯ˈa	3.3583467230196637
a	ˈa	3.352605502482855
ʃ	k	3.320334510056823
b	b	3.1303919824650954
f	f	3.0691449254088456
j	ʎ	3.064482596436134
ø	ˈo_k	2.727993713472111
ɛ̃	ˈi_n	2.60147583228154
ɛ	ˈa	2.578253857729847
œ	o̯ˈa	2.563536760633999
n	n	2.5395016486593915
o	ˈo_s	2.4836731568774413
ʁ	r	2.479609112709154
b	b_u	2.4535515590447257
ʃ	k_ə	2.1628835198407947
y	ˈu	1.7367093148381705
t	ʦ	1.7141226816235784
ʁ	r_u	1.6868871694437344
i	j	1.498423175134003
ʁ	r_ə	1.4606250643262728
<#	<#_w	1.42623887034169
ɛ̃	ˈɔ	1.4156720713413657
a	ə	1.3907688983975695
ɔ̃	ˈu	1.339413235191471
#>	k_#>	1.3256720193773701
ɑ̃	ˈi_n	1.3121490253572055
#>	j_#>	1.2418906731257902
ɔ	o̯ˈa	1.2229922443621926
s	ʃ	1.1617799363427204
w_a	ˈe	1.153380575664062
ə	i	1.0882984533051498
v	p	1.0617797537368214
ʒ	ʒ	1.0460876878461796
u	ˈu_k	1.045464278612167
ø	ˈo	1.0085999673588613
#>	p_#>	1.0079056728373277
ɛ	ˈɔ	0.9458906619401535
o	l	0.8955211265856553
œ	ˈu	0.8533928630512024
ʁ	r_n	0.8512037990941728
l	ʎ_ə	0.8477634063797328
ʒ	ɡ	0.8460876878461796
ɡ	m	0.7805644357492091
<#	<#_j	0.713119435170845
ɑ̃	ˈi	0.6530784516261509
l	r	0.5695478481984008
l	ʎ	0.5451837862130127
#>	u_#>	0.4851443576080593
#>	n_#>	0.44189067312579
ɛ	ˈe	0.400471570459392
<#_f	<#	0.313119435170845
#>	ə_#>	-0.5940902462187835
#>	i_#>	-0.28145980706414647