Phone1	Phone2	PMI
d	d	6.195361132922361
b	b_u	6.074220112169649
ʒ	z	5.907853276028968
ɛ̃	ˈi_n	5.610122393272025
v	v	5.439018945759459
y	ˈu	5.104672560624583
ɥ	o̯ˈa	5.020062648627804
ɡ	ɡ	4.956483509996118
ʒ	ʒ	4.924964660522341
u	ˈu_k	4.893393631313679
f	f	4.84185145275766
m	m	4.754572671011516
o	ˈo_s	4.698631290626881
p	p	4.6921034439841405
b	b	4.471167595926599
ɔ	ˈo	4.442349489870461
ɑ̃	ˈi	4.425761751611371
ø	ˈo_k	4.421621685446982
t	t	4.2860367918621485
w_a	ˈe	4.19089830800961
i	j	4.146432775983893
œ	ˈu	4.06417003739986
k	k	4.050775563779152
#>	p_#>	4.047114951242855
s	s	3.964665195761273
u	ˈu	3.894179076645756
ʃ	k_ə	3.8877654477330967
i	ˈi	3.8775691010181954
l	l	3.8149348816585764
ʁ	r_i	3.803809649060744
ʃ	k	3.799384058612727
a	ˈa	3.697449974027001
n	n_ə	3.692736803016004
s	ʃ	3.6029180644810967
e	i	3.541056863904653
ɛ	e̯ˈa	3.495589933833968
s	ʦ	3.4404629209776685
ʁ	r_n	3.2119559181313133
<#_e	<#	3.152328713576372
ɛ	ˈɔ	3.109667799412248
ə	i	2.980543080563203
n	n	2.880066925076101
p	s_p	2.7693717838806475
ɛ	ˈa	2.734724016689742
ʁ	r	2.717749854612611
w	ʦ	2.7040195018463558
j	k_ʎ	2.4797346287814763
ʁ	r_ə	2.2245607580635793
ɔ	o̯ˈa	2.0605282999463306
ɑ̃	ˈi_n	1.889722881585643
l	ʎ_ə	1.8541593137463426
w	e̯ˈa	1.838798253509462
ɔ	w_ˈo	1.711882601295698
ɛ	ˈa_p	1.7099795688942243
j	ʎ	1.6295970625499514
a	ə	1.5921087217251604
#>	u_#>	1.5449317543579277
k	ʦ	1.5086027233963069
#>	k_#>	1.4542837144417597
ɛ̃	n_i	1.4049874218110912
#>	t_#>	1.3405499757656587
l	ʎ	1.193452240242381
t	ʦ	1.1471756348249456
ø	ˈo	1.0971488921153472
ɡ	m	1.077473514934419
t	s_t	0.9987118657410076
a	ˈe	0.9372982261709571
ʁ	r_u	0.9043876602119653
l	r	0.8967664434663675
i	i	0.861120821312353
<#_f	<#	0.7509775004326937
j	ə	0.7393753887077837
<#	<#_w	0.7169925001442313
u	ˈo	0.7012386763859617
ɑ̃	i	0.6386875867354505
ɔ̃	ˈu	0.6158147558611868
œ	ˈo	0.5205523563523403
i	ˈe	0.5172283076492101
#>	n_#>	0.3777937375222512
#>	i_#>	0.3360681336335065
l_#>	#>	0.21177873781071366
#>	ə_#>	-0.06714765571278478