Phone1	Phone2	PMI
ɛ̃	ˈi_n	7.044822506954978
d	d	6.842935377036693
w_a	ˈe	5.999825194940287
v	v	5.945684366579026
n	n_ə	5.721429089847561
y	ˈu	5.674606541877608
ʒ	ʒ	5.634688068246928
b	b	5.610395489214176
ɡ	ɡ	5.581785532320909
u	ˈu_k	5.494950697463302
p	p	5.482599586353921
m	m	5.416224780704128
f	f	5.372764790287069
ʒ	z	5.366039575515852
ø	ˈo_k	5.071922406001197
b	b_u	5.039714934928228
ʁ	r_i	4.944822692189727
i	j	4.800779710471481
ɔ	ˈo	4.59781906492304
i	ˈi	4.527977299759758
t	t	4.492392390213109
k	k	4.491913726743654
ʃ	k_ə	4.473610811712933
s	s	4.429105564584849
ʃ	k	4.377421856431643
l	l	4.305922144435384
a	ˈa	4.268866467024057
e	i	4.236322545297495
j	k_ʎ	4.230351040052605
u	ˈu	4.213871263811381
ʁ	r_n	4.088993795159395
ɥ	o̯ˈa	4.008207148797652
ʁ	r_ə	4.005986295303626
s	ʦ	3.9786776116387492
ɛ	e̯ˈa	3.942976754097489
o	ˈo_s	3.8665599195776155
œ	ˈu	3.767874502865191
s	ʃ	3.7259428698408312
ɛ	ˈɔ	3.6400621195315375
ɑ̃	ˈi_m	3.5793600475712615
ə	i	3.4858504528286574
n	n	3.2906347904239284
ɛ	ˈa	3.199403655103157
ʁ	r	3.1712803307535053
#>	u_#>	3.1287074685655623
#>	i_#>	3.0842494778533207
#>	ə_#>	2.7850374853657907
j	ʎ	2.649581405970198
t	s_t	2.619214805727461
w	e̯ˈa	2.554337448789754
ɑ̃	ˈi_n	2.484809724619212
k	ʦ	2.48086575399687
a	ə	2.262849874632095
ʁ	r_u	2.24463476634925
#>	t_#>	2.1888580321705824
u	ˈo	2.1616635424723967
ɔ	o̯ˈa	2.156025048935596
l	ʎ_ə	2.1000909846001248
#>	p_#>	2.076724935429009
ɛ	ˈa_p	2.0627173765004048
ɔ	w_ˈo	1.8981668445388553
t	ʦ	1.8206579826767912
ɑ̃	ˈi	1.8053103307707767
<#_e	<#	1.632666888414872
l	ʎ	1.5216863188300682
l	r	1.4020386301989134
l_#>	#>	1.3576350391951262
i	i	1.2235924443214137
ø	ˈo	1.2019108613426497
œ	o̯ˈa	1.1937154999107535
w	ʦ	1.1784644141387708
o	ˈo	1.1768194408598376
#>	k_#>	1.1058644361065175
a	ˈe	1.0097495696475502
w	ˈu	1.0019108613426497
ɑ̃	n	0.9421559484172242
j	ə	0.9301101684697466
<#	<#_w	0.8312870679520623
ɔ̃	ˈu	0.8238804803603074
<#_f	<#	0.7777837339152861
ɡ	m	0.6614719139945398
i	ˈe	0.6545353265778672
v	p	0.6008707457758595
œ	ˈo	0.5890995497926663
#>	n_#>	0.5652499586930918
ɛ	ˈe	0.38365655575112595
a	r	0.3494851727486129