Phone1	Phone2	PMI
ˈɑ̃	ˈa_ŋ	7.932879677861799
ˈɔ̃	ˈo_ŋ	7.6224009145099005
j	j	6.185691198902591
t	s_t	5.96716625865907
ɲ	ɲ	5.821625957787088
ə	e_r	5.761913240121552
b	b	5.74707799289578
w	ˈo_ɡ	5.690627262131399
f	f	5.617256659589883
ɡ	ɡ	5.481446496737597
z	z	5.383797532762131
d	d	5.276282356741847
ˈĩ	ˈi_ŋ	5.181230887472331
ˈoː	ˈɔ	5.168995098775849
ˈe_l	ˈɛ	5.130630276407691
m	m	5.126641918396673
v	v	5.0366067852468
p	p	5.035570618296499
n	n	4.882329377681337
ˈɔ	ˈo	4.844456246547143
l	ɰ	4.784382253652181
ˈi	ˈi	4.775351583241764
ˈo	ˈu	4.734731886984658
ˈa	ˈa_r	4.712148406100683
ʃ	k	4.5953155888262245
s	s	4.469941901359715
<#_e	<#	4.370578276737271
ˈɛ	ˈe	4.253790118255775
k	k	4.245149056003762
ˈɛː	ˈe	4.236316462408595
ˈɛ̃	ˈe_ŋ	4.200063181066172
ˈø	ˈɔ	4.150148139891926
t	t	4.086173652508386
l	l	3.9635045984746857
ˈaː	ˈa	3.944321326373308
ɡ	ʤ	3.9312789031614095
w	ˈɔ	3.857769791254577
ʁ	r_t	3.8562289493866393
ˈi	ˈi_r	3.853378007675234
ˈu	ˈu	3.8311908220710897
o	o	3.7411251321187353
ˈa	ˈa	3.66052095618302
ˈɛ	ˈɛ	3.6476760613091015
ð	z	3.630656153041555
k	s_k	3.6224568673947313
ʁ	r_o	3.4266448613514067
a	a	3.408872447286468
ˈe	ˈɛ	3.4064689198200617
l	j	3.3894703401533346
ʁ	a_r	3.2340226869088906
ʎ	ʤ	3.2021205741963072
ʒ	z	2.981086902584535
ʁ	r	2.8731082543806323
ə	e	2.867179305158459
ð	r	2.819628527582716
ˈo	ˈo	2.7971877013649564
ˈɛː	ˈɛ	2.793191593449238
w	ˈo	2.735151146495863
ˈe	ˈi	2.6767610891095166
ə	a	2.427079236315442
ˈu	ˈɔ	2.4101771044581795
ˈe	ˈa	2.3575636036959366
w	ˈu	2.138965793519067
ˈo	ˈɔ	1.9736453032040933
ˈoː	l	1.7474736239194966
j_ˈe	ˈa	1.6825981381677892
ˈɑː	ˈa	1.6390192261477985
#>	e_#>	1.6114429639343253
ʎ	ʧ	1.5913663167546088
ˈɛ̃	ˈe_ŋ_t	1.464691307373295
ˈɔ̃	n	1.42259971962368
ˈu	ˈo	1.421912764817387
w_ˈe	ˈɔ	1.2157529911296687
ˈɛ̃	ˈe	1.106299820753264
ˈi	ˈɛ	1.095331642780423
ˈe	o	1.0739551392436624
<#_l	<#	1.0309845916534426
ʃ	s	1.0269416478377908
ˈɛ̃	o	0.903201013506772
#>	ŋ_#>	0.8623853465541258
s	z	0.8065308125669571
ˈɔ̃	ˈo	0.7156506486999248
i	a	0.6283080554685664
ˈe	ˈe	0.5874982926884315
ʃ_#>	#>	0.5672048529777748
f	v	0.5089189554412237
#>	r_#>	0.4603653948803077
ˈɛː	e	0.3876737583430935
ˈɛː	ˈa	0.3317957846870546
#>	o_#>	-0.1843444170093218