Phone1	Phone2	Surprisal	OOV_Smoothed
a	a	-0.0	4.780922421547414
b	b	-0.0	4.780922421547414
d	d	-0.0	4.780922421547414
f	f	1.2473006984290373	4.780922421547414
f	-	1.511528677012315	4.780922421547414
f	p	2.1327360089552525	4.780922421547414
j	ə	0.6673027961181228	4.780922421547414
j	-	1.4331666010551563	4.780922421547414
k	-	0.9528473289098551	4.780922421547414
k	k	1.0487460200068823	4.780922421547414
l	l	0.3054762033756205	4.780922421547414
l	ʎ	2.971126491519269	4.780922421547414
l	-	3.9816958507746087	4.780922421547414
m	m	-0.0	4.780922421547414
n	n	0.6992971991035961	4.780922421547414
n	n_ə	1.380341537785808	4.780922421547414
p	p	-0.0	4.780922421547414
s	s	0.6888923471579624	4.780922421547414
s	ʦ	1.39718184304584	4.780922421547414
t	t	0.4731625097246225	4.780922421547414
t	p_t	2.683799048777929	4.780922421547414
t	ʦ	3.0117587704989606	4.780922421547414
v	v	-0.0	4.780922421547414
w	-	0.5399438239887148	4.780922421547414
w	ʦ	2.313203780772848	4.780922421547414
w	o̯ˈa	3.171508811261644	4.780922421547414
ɡ	ɡ	-0.0	4.780922421547414
ʀ	r	-0.0	4.780922421547414
ʃ	s	0.29854292075695443	4.780922421547414
ʃ	ʃ	2.4194543731689637	4.780922421547414
ʤ	-	0.9227955852709238	4.780922421547414
ʤ	ʒ	1.0815706912863825	4.780922421547414
ʧ	k	-0.0	4.780922421547414
ˈa	ˈa	1.0882770011222616	4.780922421547414
ˈa	r	1.8717102702356705	4.780922421547414
ˈa	-	2.369157906889715	4.780922421547414
ˈa	ˈe	3.991498582291931	4.780922421547414
ˈe	ˈa	-0.0	4.780922421547414
ˈẽ	ˈi_n	-0.0	4.780922421547414
ˈi	ˈi	0.25686009380580177	4.780922421547414
ˈi	j	2.6162367559951534	4.780922421547414
ˈiː	ˈa	0.5259731691177443	4.780922421547414
ˈiː	ˈe	1.7107107758199698	4.780922421547414
ˈoː	ˈa	-0.0	4.780922421547414
ˈuː	ˈu	0.6608349617316798	4.780922421547414
ˈuː	ˈo_w	1.4442314400382883	4.780922421547414
ˈøː	ˈo_k	-0.0	4.780922421547414
ˈɑ̃	ˈɔ	-0.0	4.780922421547414
ˈɔ	ˈo	-0.0	4.780922421547414
ˈɔː	ˈa	-0.0	4.780922421547414
ˈɔ̃	ˈu_n	0.9914802707147234	4.780922421547414
ˈɔ̃	ˈu	1.0085703409503695	4.780922421547414
ˈɛ	ˈi	0.938578308306906	4.780922421547414
ˈɛ	ˈa	2.526823263230998	4.780922421547414
ˈɛ	e̯ˈa	2.9756047373373535	4.780922421547414
ˈɛ	ˈe	3.264977802094798	4.780922421547414
ˈɛ	ə	3.7646449937915105	4.780922421547414
ˈɛː	ˈa	-0.0	4.780922421547414
ˈɛ̃	ˈi_n	0.6143451399641597	4.780922421547414
ˈɛ̃	ˈi	1.5279337550032823	4.780922421547414