Phone1	Phone2	PMI
t	s_t	6.42005639206031
ɛ̃	ˈi_ŋ	6.337423394439354
n	ŋ_a	6.071119814241027
y	ˈy	6.04845376697455
y	ˈyː	6.014468766686088
l	l_a	5.888833505018034
b	b	5.822051566281465
ɡ	ɡ	5.741181275967281
d	d	5.668513505010621
ɛ̃	ˈa_ŋ	5.617501539102243
f	f	5.521628227931847
ɔ	ˈɔː	5.353455045365157
k	k_w	5.237497194918271
ɔ̃	ˈu_ŋ	5.223591329871466
p	p	5.117794059097959
e	ˈaː	5.053126339800423
w	ˈe	5.048216383984461
v	v	4.795005516570634
u	ˈu	4.773397888569312
n	n	4.756488210186219
ɔ	ˈɔ	4.634847885113789
l	l	4.610866519700606
ʒ	z	4.575046463166832
i	ˈi	4.56522433509786
ʁ	r_u	4.550224792976763
ʒ	ʤ	4.546160343782064
k	k	4.466529074911818
m	m	4.429727481723097
ʁ	r_n	4.405522381354203
ʃ	k_a	4.336616501122816
ɲ	ɲ	4.295640612840087
t	t	4.275404659997843
m	m_a	4.254605270030037
s	s	4.217007729995268
o	ˈaː	4.16201419690103
ʃ	k	4.112148461984741
<#_e	<#	4.046703256874281
a	j	3.845033619912238
i	ˈeː	3.721360374726033
i	ˈiː	3.5348647278493184
ɛ	ˈɛ	3.5151457428144064
ɛ	ˈɛː	3.510594593083952
ʁ	r	3.4784722775342365
e	ˈɛː	3.463336308784999
u	w	3.3877139662390072
ø	u	3.2147432953580144
a	ˈa	3.161099643319492
s	s_a	3.074738916908056
j_ɛ	ˈeː	3.066338596710905
ɛ	ˈa	2.97397222137287
i	i	2.8465018091925187
ɛ	ˈaː	2.8353194173020047
ɛ̃	ɲ_u	2.690715376595008
ø	ɡ_u	2.63531830206078
ʁ	ʃ	2.5840319540446828
ɔ̃	ˈu	2.5635927923721016
o	l_u	2.5594549291455992
ɛ	ˈe	2.50553430541138
z	ʒ	2.4691541684837754
ə	e	2.288634444223545
i_ʁ	ˈiː	2.246893960042711
a_ʁ	j	2.184852454831028
j	ʤ	2.1010645786032005
ɛ_ʁ	ˈɛː	2.078297003015672
a	a	2.014786019041899
u	ˈuː	1.9808225182471992
ɛ̃	ŋ	1.9414700570151864
ʁ	r_t	1.9381197079459904
a	e	1.7944737408013305
o	ˈɔː	1.7709413117080852
#>	e_#>	1.6905033438121395
j	ʤ_a	1.3678074147200294
ɔ̃	u	1.35488092794462
l_#>	#>	1.310763255720431
ɑ̃	ˈa	1.2829439141364465
œ	ˈøː	1.2731114294301291
w	ˈuː_ʒ	1.251910384940495
ɔ	u	1.1949971335402811
p	s_p	1.1402323017695128
u	i	0.8573788032913308
o	u	0.6279389393483996
ɛ	ˈeː	0.4513159508475999
f	v	0.4207446798853604
n	ŋ	0.3872888016114129
#>	ŋ_#>	0.3283092058175048
#>	u_#>	0.0391446383681698
ʁ_#>	#>	-0.8830292021190354
#>	a_#>	-0.2529446275737961