Phone1	Phone2	PMI
ɡ	ɡ	7.137446756619997
f	f	6.053601171485843
d	d	5.665429507259072
b	b	5.427798808331964
ˈi	ˈi	5.258170198800659
ʣ	d	5.231419707989351
w	w	4.935323417509725
t	ð	4.884856434370556
m	m	4.820186517735013
u	u	4.733952184947915
p	p	4.7106242155306886
ˈa_r	ˈa	4.6139810956858005
ˈo	ˈɔ	4.583306427555184
t	t	4.548608597532292
ʤ	ʒ	4.510007051837195
ʦ	s	4.302086657997432
v	b	4.270660004114091
n_i	n	4.217052353217954
k_ʎ	ʎ	4.175755368258662
n	n	4.147863839615463
ˈu	ˈo	4.043214387306826
ˈa	ˈa	4.022618994190283
o̯ˈa	ˈu	3.972086925917757
k	k	3.9279441193926266
ˈɨ	ˈa	3.862352661294663
l	ʎ	3.845038982380164
e̯ˈa	ˈe	3.776767059471664
n	ɲ	3.766076913825374
ʎ	l	3.714165686547672
o̯ˈa	ˈɔ	3.6400274852408248
s	s	3.6367429669541695
ˈu	ˈu	3.595180962693941
i	i	3.5191568766789336
t_i	t	3.516463994687641
ˈe	ˈɛ	3.4499984197852043
e̯ˈa	ˈɛ	3.439513070470676
ˈe	ˈe	3.401210074817564
r	r	3.374950517266873
j	b	3.2802356780460835
r	ɾ	3.2793196860231517
ʃ	s	3.2592319649732144
ç	f	3.2557013814269027
a	ə	3.084032550767453
l	l	3.079656580096254
ɲ	m	3.029366652955357
ə	ə	2.9785058038401666
<#_a	<#	2.8006512402626447
i	ə	2.7674269821796007
ʎ	ʎ	2.7296421755594102
ˈɨ_n	ˈa	2.707284943951385
n_#>	#>	2.336265621285172
r	l	2.3174530273552056
ˈu	ˈɔ	2.256541825912884
ˈi_r	ˈi	2.249556622044921
k	ɣ	2.0922345417405896
ʣ	ʒ	2.027788735018932
ˈi	ˈɛ	1.9086673661087887
u_#>	#>	1.779949227589556
<#	<#_ə	1.6702031690326988
#>	s_#>	1.6189475010096188
u	ə	1.4665229728419982
k	p	1.1658506633641224
t_u	t	1.074802007553424
k_ʎ_u	ʎ	1.0591418760269518
ʦ_i	ˈɛ	1.038072023410221
m_i	m	1.0045236903074724
e_#>	#>	0.9509775004326938
n_t	n	0.9219117052651006
s	ə_s	0.8357725275450205
n	ŋ	0.7245654417668043
ˈi	ˈe	0.6295607101557091
#>	w_#>	0.6039100017307748
ˈo	ˈu	0.545595704646616
i	ˈɛ	0.3948634822819762
ˈa	ˈɛ	0.3703973726694169
i_#>	#>	-0.3372097794039477