Phone1	Phone2	PMI
i	i	6.901562532464546
ɲ	ɲ	6.254909613359132
ŋ	ŋ	6.1371986632666555
b	b	6.033672126598063
ɡ	ɣ	5.9915828543155625
z	ʤ	5.885122162368773
f	f	5.800646356409912
o	u	5.675865150387595
ˈy	ˈu	5.537883657477351
d	d	5.492576579545881
ɡ	ɡ	5.237346592414738
ˈɔ	ˈɒ	5.14441813249825
w	w	5.131550428860794
ˈu	ˈo	4.958633242444916
ʤ	ɡ_l	4.958555800830527
m	m	4.884806774310101
p	p	4.844368438441773
e	i	4.813833249195574
d	ð	4.586353916417738
ˈo	ˈo	4.579578414924936
n	n	4.565911664343832
k	k	4.552939610848235
ˈa	ˈa_r	4.550958212173592
s	ʃ	4.522980119480723
ˈi	ˈi	4.512689246372477
ˈo	ˈɒ	4.484896327833751
<#	<#_e	4.470992235124617
t	t	4.428412038058066
j	l	4.320283228940995
s	s	4.212611605499704
ˈɛ	ˈe	4.120856173228663
e	e	4.067360196316276
ˈe	ˈæ	3.9635239219644185
ˈø	ˈu	3.9086617603631284
l	ʎ	3.853879100195995
#>	e_#>	3.8327994939777446
ʧ	t	3.820562499484639
e_r	ɾ	3.7774311318249603
ˈu	ˈɒ	3.757331939641421
a	ɐ	3.7310830195120643
ˈɛ	ˈæ	3.7270719833891492
t	ð	3.7218632437491452
ʧ	ʎ	3.72059478620023
a	a	3.591500623879113
b	β	3.5576865632911963
e_#>	#>	3.516558297636041
ˈø	ˈɒ	3.50218298644388
ˈa	ˈa	3.447381614731571
l	l	3.4452289052925975
ˈi	ˈi_r	3.43538743124733
a	ɞ	3.4311921233815275
r	ɾ	3.313540229521471
ˈe	ˈe	3.263292339236571
t_e	t	3.1789219538013036
r	r	3.146668169682318
a	ɜ	3.1337264172558705
#>	w_#>	3.1226055089084
ʤ	ʤ	2.9893941136008424
<#	<#_v	2.7533204448296624
t	n_t	2.690993576970748
ˈe	ˈi	2.6880372907838814
ˈø	ˈo	2.6201885678486856
r_e	r	2.602745398547246
#>	s_#>	2.503885885436555
n	ɲ	2.473029828579571
f	w	2.4320007938155155
ʋ	v	2.1339525034253697
r	β_ɾ	1.6962511749325329
ˈa_s	ˈa	1.6730298720487977
j	ʎ	1.5818521964146868
#>	ɞ_#>	1.5703224880911162
ˈi	w	1.4960824586370525
r	ɾ_ɜ	1.4395052480684667
ˈø	ˈi	1.2503922476198523
ˈo	ˈu	1.243847316293791
<#_ˈo	<#	0.9482933972802294
ˈi	ɾ_ɜ	0.8582678149976483
#>	ɜ_#>	0.7618684710603247
ˈɔ	ˈu	0.7106739406825684
ˈɛ	ˈi	0.6425643380741828
d	ʤ	0.5929260163538157
#>	r_#>	0.5535423985731034
ˈi	ˈæ	0.3456030770313939
s_#>	#>	0.000599873413941805
#>	ɐ_#>	-0.20997818091673742
<#_k	<#	-0.17138320601646623