Phone1	Phone2	PMI
ɡ	ɡ	6.442436998762373
b	b	5.946757086707119
o	o	5.921555509724698
ˈɛ	j_ˈe	5.768636906593418
f	f	5.460290231457328
ʧ	kʲ	5.448673771728457
t	p_t	5.2444627668082
d	d	4.970657511021124
o	u	4.774162390891456
m	m	4.645091521247718
z	ʤ	4.594528125163672
j	l	4.518302340561175
l	l	4.497170473336286
ˈo	ˈu	4.448049976725874
p	p	4.387217521455584
ˈø	ˈo	4.360414638827033
k	k	4.188501902573863
ˈy	ˈu	4.158523671899293
a	ə	4.053897263281243
s	s	4.033346316558662
ˈu	ˈu	3.9910089096046
ˈɔ	ˈo	3.9121772725150654
d	z	3.824830326010948
ˈa	ˈa_r	3.7736617829666432
t	t	3.737484260175117
n	n	3.691061225816021
ˈa	ˈa	3.689775851149003
ˈi	ˈi	3.689715996244842
e	i	3.570046060155245
m	m_e	3.508744875831919
ˈe	ˈi	3.421524460316236
s	ʧ	3.4163885751682592
ˈɔ	o̯ˈa	3.3962815568487024
ˈe	ˈe	3.264527038510406
e	e	3.1653956564153645
ˈa	ˈɨ	3.145089629642093
r	r	3.103984887744111
ˈɛ	ˈe	3.077621764373389
a	a	3.071003444164368
s	ʃ_t	3.0372666051651698
s	ʦ	2.878287850027052
z	ʒ	2.8682706247206795
#>	u_#>	2.866163990885369
s	ʧ_e	2.8118687297514966
ˈi	ˈe	2.5847044509264614
ʤ	ʤ	2.5775781679638547
<#	<#_v	2.3858334605162743
ˈu	o̯ˈa	2.325261252671301
ˈɛ	ˈa	2.2605485842904374
a	k_e	2.247869308416365
s	ʃ	2.183877009372543
ɲ	n	2.154461328493516
ˈu	ˈu_n	2.1529260552160485
ˈa	ˈɨ_j	2.076394109457886
i	e	2.0652777233928923
i	i	2.0301850491306137
ˈi	e_r	1.9741466927903184
ˈø	ˈu	1.965587836049155
ˈi	ˈi_n	1.9101885565151924
ˈe	e̯ˈa	1.8949880381405049
t	t_e	1.85033709454414
f	w	1.8484850824026453
ˈe	ˈi_n	1.8189286763285568
ˈo	ˈo	1.800359358575183
r	r_u	1.7470113011285968
ˈi	ˈe_r	1.6866970402055568
r	p_r	1.6314035545570396
ɲ	m_n	1.5941245424562518
t	d	1.508779054069361
ɡ	k	1.5046325036344796
l	r	1.5030462682182808
#>	w_#>	1.468970136788598
#>	n_#>	1.350522703884816
ʧ	p_t_e	1.295922031078558
d	t	1.24860127471034
ˈi	ˈi_r	1.211001225061716
ˈɛ	ˈi	1.1892427155145802
z	ʦ	1.114599063172303
t	t_ə	1.0157932048505525
ˈi	j	0.9664571813475116
ˈø_f	ˈo	0.8437626373251916
j	j	0.8339449312791434
ˈɔ	ˈu	0.7983901087542591
ɲ	j	0.7788341303686772
ɡ	p	0.7618072566112916
e_r	r	0.7383683667669962
n_d	n	0.7179377247600214
ˈø	u	0.6851853672693005
#>	k_#>	0.6746333619872621
ˈo	o̯ˈa	0.6520895479870765
r_e	r	0.6445812586256968
ˈo	ˈa	0.6262436832484723
a	e	0.2093325628002218
ˈe	ˈa	0.1876941501732247
l_#>	#>	0.0337199207951489
#>	e_#>	-0.6255081503652067