Phone1	Phone2	PMI
ʧ	kʲ	7.573221236510025
b	b	6.443906552605624
z	ʤ	6.270873970044482
ɡ	ɡ	6.177472731268003
ˈɛ	j_ˈe	5.53171068837641
o	u	5.497089272072516
j	l	5.424565807384142
d	d	5.3976449454715
f	f	5.203207744451619
z	ʒ	5.139710381408523
t	p_t	4.976844226671833
o	o	4.929515199339483
ˈo	ˈu	4.784010549758047
ˈy	ˈu	4.728008304443776
m	m	4.575638838721363
ˈa	ˈa_r	4.559930231249248
ˈø	ˈo	4.515880055477293
s	ʧ_e	4.508588812051397
m	m_e	4.4991267561567545
k	k	4.420918607285184
s	s	4.337487561954928
ˈɔ	o̯ˈa	4.248033884687244
l	l	4.215507602112333
ˈa	ˈɨ	4.18704919160921
p	p	4.147944542722741
t	t_e	4.111828380269046
ˈi	ˈi	4.102197075727535
ˈɔ	ˈo	3.98568394651388
ˈu	o̯ˈa	3.890173776308928
ˈa	ˈa	3.830703998753905
#>	w_#>	3.806259935933883
a	ə	3.793713761109641
ˈu	ˈu	3.766124083377967
ˈe	ˈi_n	3.640851707845366
n	n	3.6030949592212393
e	e	3.4692547927028574
ˈɛ	ˈe	3.396281893397765
r	r	3.366480539111268
t	t	3.3636002001214904
ˈe	ˈe	3.31598991439983
ˈi	ˈe	3.142578675581808
s	ʧ	3.131666800689251
<#	<#_v	3.093602244361326
a	a	3.0787388058422227
ˈø	ˈu	3.037803307373851
e	i	2.9794304457831404
ˈe	ˈi	2.843802242477754
ʤ	ŋ	2.839247614296612
#>	n_#>	2.523649066657268
ˈi	ˈi_r	2.4901489093028832
s	ʃ	2.360118455552205
s	ʦ	2.319519334339093
ˈɛ	ˈa	2.22409953897566
d	z	2.0631547136477
ˈi	ˈi_n	2.004144785838408
ˈe	e̯ˈa	1.9834047140022768
ˈø_f	ˈo	1.927411590270176
ɲ	n	1.886289711626173
ˈɛ	ˈi	1.675214315935588
ɲ	j	1.6726731162437671
t	d	1.3907128935565034
l	r	1.36286735871925
i	i	1.2875413694965163
#>	u_#>	1.1280489872444692
p	p_j	1.1215264791302877
ˈu	ˈu_n	1.0427645836013153
ɲ	m	1.0231557505190438
s	ʃ_t	0.9891446766734774
l	r_e	0.9632945966153144
d	t	0.7983199009502929
t	t_ə	0.7763449163495905
r	r_e	0.6188267364127642
ɡ	k	0.5687339591263039
ˈɔ	ˈu	0.4521658170797004
a	e	0.4442982251682379
#>	e_#>	-0.174054183180337