Phone1	Phone2	Surprisal	OOV_Smoothed
b	b	-0.0	4.79627185304535
d	d	-0.0	4.79627185304535
d̥	d̥	0.10751404619030576	4.79627185304535
d̥	d_ə	3.799592508304619	4.79627185304535
f	v	0.07619060201144727	4.79627185304535
j	j	-0.0	4.79627185304535
k	k	0.23262499135068326	4.79627185304535
k	χ	3.3829935823599446	4.79627185304535
k	k_ə	4.236245684504216	4.79627185304535
m	m	0.062467201568570295	4.79627185304535
m	m_ə	4.560644565812293	4.79627185304535
n	n	-0.0	4.79627185304535
p	p	0.20403690947838754	4.79627185304535
p	p_ə	2.922680617053053	4.79627185304535
r	ɾ	-0.0	4.79627185304535
s	s	0.8007659770609924	4.79627185304535
s	z	1.267005189924079	4.79627185304535
t	t	0.12543827434971386	4.79627185304535
t	t_ə	3.5859815783311393	4.79627185304535
v	ʋ	0.12300309775668437	4.79627185304535
v	v	3.6130644291128133	4.79627185304535
v̥	v̥	-0.0	4.79627185304535
w	ʋ	-0.0	4.79627185304535
ŋ	ŋ	0.11149414437934638	4.79627185304535
ŋ	n	3.749114595679134	4.79627185304535
ə	ə	0.03564502444426461	4.79627185304535
ɦ	ɦ	-0.0	4.79627185304535
ɫ	ɫ	0.01219397917254076	4.79627185304535
ˈa	ˈɑ	-0.0	4.79627185304535
ˈi	ˈi	-0.0	4.79627185304535
ˈu	ˈu	-0.0	4.79627185304535
ˈyː	ˈyː	-0.0	4.79627185304535
ˈæ	ˈɛ	-0.0	4.79627185304535
ˈæː	ˈɛ	-0.0	4.79627185304535
ˈœ	ˈʏ	-0.0	4.79627185304535
ˈœu̯	ˈɑu̯	-0.0	4.79627185304535
ˈœɪ̯	ˈœy̯	-0.0	4.79627185304535
ˈɑː	ˈaː	-0.0	4.79627185304535
ˈɔ	ˈɔ	-0.0	4.79627185304535
ˈə	ˈɪ	-0.0	4.79627185304535
ˈəɪ̯	ˈɛi̯	0.0708315839566521	4.79627185304535
ˈəɪ̯	ˈeː	4.383500653076785	4.79627185304535
ˈɛ	ˈɛ	-0.0	4.79627185304535
ˈɛː	ˈɛ	-0.0	4.79627185304535
ˈɪ	ˈɪ	-0.0	4.79627185304535
ˈɪø̯	ˈoː	-0.0	4.79627185304535
ˈɪə̯	ˈeː	-0.0	4.79627185304535
ˈʊə̯	ˈoː	0.054290213384317464	4.79627185304535
ˈʊə̯	ˈoː_v	4.758990391076994	4.79627185304535
χ	χ	0.3838079855143942	4.79627185304535
χ	χ_ə	2.67692951588407	4.79627185304535
χ	χ_t	3.6949891220553863	4.79627185304535