Phone1	Phone2	PMI
ɡ	ɡ	6.983610443018176
ŋ	ŋ	6.963703308307993
ð	ð	6.509986961966642
β	β	6.132958663890617
ʒ_i	ʦ	6.022356532387948
d	d	5.863591178363506
o	u	5.726604206738554
ˈi_n	ˈi	5.498173984631124
b	b	5.2779447512768
b	v	5.276371102610132
n_t	n	5.236970562840565
ˈo	ɥ_ˈɔ	5.211689771624272
rː	r	5.153774868843872
ɣ_u	k	5.109679494055647
m	m	5.07290066538198
f	f	5.054455855195529
p	p	5.0428693464301135
ˈu	ˈy	4.875159745049736
l_u	l	4.590453711302175
ˈa_r	ˈa	4.55875990369391
t	t	4.556791282117842
ˈa_n	ˈa	4.392682921487773
n	n	4.386244038643978
u	w	4.363305008365705
z	s	4.287586328368942
k	k	4.285762226253509
ˈi	ˈi	4.2293593768532025
ˈo	ˈɔ	4.184204754613191
i	e	4.16936626223799
ˈe	ˈɛ	4.087250840957799
ˈu	ˈu	4.084454586098775
e	e	4.062325914707302
ʧ	s	3.966409866726348
s	s	3.960717009600562
l	l	3.805435647565472
ˈi	ˈe	3.7988130061807626
r	ɾ	3.778683005712201
ˈa	ˈa	3.765642090741022
r	r	3.5866524829562034
ˈe	ˈe	3.5475940363516987
l_i	l	3.4949231672644183
a	a	3.4121810293896555
ˈo	ˈu	3.391734947903068
a	l_ɔ	3.349357353185632
a	ɔ	3.335098810162134
u	e	3.287933614350634
e_r	ɾ	3.282112737300344
ˈe	j_ˈɛ	3.0328657853962806
ɣ	ɣ	2.735346650741441
ʣ	l	2.3831392649280696
β_u	w	2.276839418345171
t	w_t	2.2102705175222885
ɖː	l	2.13866078066078
ð_u	t	2.0612581110029145
z_ŭ	s	1.918488457829234
k_u	k	1.903875119054086
ɖː_u	l	1.7384284381265889
w_ˈa	ˈa	1.6206488978964877
e	w	1.471152639695796
e	j	1.4626977039033258
ĕ_#>	#>	1.2918863237274596
ˈe_ɖː	ˈɛ	1.2088609609974093
ŭ_#>	#>	1.1258713240159222
j	j	1.1018104918277367
j_#>	#>	0.997100086060977
e_#>	#>	0.9397189700285286
i_#>	#>	0.912489135753147
ˈa_j	ˈa	0.8960947170955647
t	ʧ	0.8655407723638092
nː	n	0.8143225311400123
ʃː	s	0.7976191040000642
sː	s	0.7487035425551413
ˈo	u	0.6874347026213596
e	ˈi	0.5341695255270824
#>	l_#>	0.5140517776062169
r	l	0.3083660488887246
a	e	-0.1605578269447862
u_#>	#>	-0.016289212564364