Phone1	Phone2	PMI
ʎ	ʊ_ɫ	7.701392142292566
f	f	6.06815678586078
ç	f	6.006959475657111
a	a	5.897151617895006
b	b	5.861570789353761
ɡ	ɡ	5.786550932158312
ˈo	ˈɔ	5.709429050361081
o̯ˈa	ˈoː	5.67866761805417
d	d	5.543423304886435
j	w	5.501990605799942
k	k_ʊ̃ː	5.3863069396480245
v	w	5.314333611724178
ɲ	m	5.30349125902618
ʃ	s	5.102400739730166
m	m	5.078303506858636
e̯ˈa	ˈeː	5.046288789877072
ˈu	ˈʊ	4.993432291045624
ˈu	ˈuː	4.9685850682097765
ˈɨ	ˈaː	4.904411472662951
s	s	4.887279284405925
ˈe	ˈɪ	4.855936464114075
n	n_ʊ̃ː	4.827725608397907
u	ɔ	4.786723373166841
p	p	4.716227299427636
ˈi	ˈiː	4.700091406642242
ˈe	ˈɛ	4.688609111344693
ʣ	ɡ	4.519320153305096
#>	oː_#>	4.456029989940953
ʣ	d	4.406245210594558
e̯ˈa	ˈɪ	4.398087169976313
ʦ	kʷ	4.304807231057246
l	l	4.2771054884412765
o̯ˈa	ˈɔ	4.256962726698537
ˈa	ˈa	4.224078669489616
t	t	4.196957833777087
l	ɫ	4.031029647544576
ə	ãː	3.89730575201696
n	n	3.876631730375384
ˈa	ˈaː	3.875860597393687
<#	<#_h	3.790424874095762
ʎ	ɫ	3.7684894822254336
u	ʊ̃ː	3.656941489666639
r	r	3.537216569819543
k	k	3.4827121028948
e̯ˈa	ˈɛ	3.481961244994896
i	ɛ	3.390994670304591
l	lʲː	3.2804087186088124
w	w	3.2340641771855627
ˈu	ˈɔ	3.118658486385791
ˈɨ	ˈa	3.0825574076114326
i	ɛ̃ː	3.013230837608577
ˈu	ˈoː	2.8860204024766887
ˈi	ˈɛ	2.8476360684715645
ə	a	2.831884203854042
t	t_ʊ̃ː	2.825780122153801
i	ɪ	2.7918853349506194
ʦ	t	2.6543927671112035
n	ŋ	2.612095455690719
#>	s_#>	2.4864306086299632
ʦ	k	2.4829185368375835
ˈi	ˈeː	2.461857865404792
ˈa	ˈɛ	2.3999132313765275
ˈi	ɪ	1.913349891827309
ˈo	ˈoː	1.8538947220038744
k	p	1.6943304760153128
ˈi	ˈɪ	1.6690835130321402
ə	ɛ̃ː	1.5667436645218142
<#_a	<#	1.3084086750881725
ŋ	ŋ	1.2995454450866235
l	lʲː_ʊ̃ː	1.2402257660584588
ə	aː	1.1676200571719262
p	k	1.0319318520187657
k	kː	0.8700627510522709
r	ɫ_ʊ̃ː	0.8301461955176723
r	ɫ	0.7787939543478164
i	k_ɛ̃ː	0.7656606498956803
u	ʊ	0.7345197700076612
i	eː	0.710948061782218
ɲ	n	0.7074627538262166
t	k	0.6098066439907807
ə	ʊ̃ː	0.2593148142149786
i	ãː	0.0818771357522733
#>	ʊ̃ː_#>	-1.075446690405075