Phone1	Phone2	PMI
f_r	ç	8.66264170039576
k_r	cː	8.116633212777247
ʣ	ɟː	7.379634436824242
i_s	ʃ	7.006814849873085
s_k	ʃː	6.7349394146367585
ɖː	ɖː	6.722809160488789
d	d	6.526517861055066
ɡ	ɡ	6.37874076243547
z	z	5.8399391435702785
s	s	5.510072475499349
f	f	5.48096870483184
m	m	5.414742527793908
ŭ_#>	#>	5.287937431028661
rː	ʐː	5.1448892127843235
m	ŋ	5.139209882070825
ɣ	ɕ	5.017789356781911
b	b	4.921828414349883
l	l	4.865241260812485
p	p	4.792632000573879
t	tː	4.78074930902918
z	j	4.77878155675278
k	kː	4.710975390308278
ˈe	ˈɛ	4.633126119663354
ˈu	ˈu	4.605188105375038
n_ɖ	nː	4.566744658034778
ˈo	ˈo	4.493540451315371
i	i	4.427008882543735
ð	t	4.422773587293893
k	k	4.356349928479669
ˈo	ˈɔ	4.307113176212544
ˈi	ˈi	4.291097475520016
b	v	4.264816271917124
t	t	4.223980186141329
u_z	ʊ	4.13896730891955
ˈa	ˈa	4.110919218009055
n	n	4.048104719425907
β	v	4.043269628829493
β	p	4.009145874507014
ɡ	j	3.9881639493144996
a	a	3.9585942332947783
r	r	3.886568940582722
j	j	3.8712960445183153
rː	ɾ_n	3.7622416168731214
ɣ	k	3.67285699282063
r	ɾ	3.6669572755300104
ŏ_#>	#>	3.635091300201314
w	w	3.5308356280718254
k	ɕ	3.5272981434190083
u	ʊ	3.4420078091240986
ˈo	ˈu_ɾ	3.4099310873166857
b	ɡ	3.3603574299383623
nː	nː	3.1305081754717725
nː	n	3.105500878291115
r	ɽ	3.095989713318355
e	ɪ	3.0777826744090366
n_ʣ	ɲː	3.0621984954414083
e_n	ɪ	3.032520352644721
r	w_ɾ	2.9702831474980202
n	nː	2.930265703874532
b	ʤ	2.873921239045565
e	i	2.8548999975179745
m	mː	2.7721691974430165
sː	ɖː	2.7207721565232124
o_z	ɪ	2.6387084391951836
i	ɪ	2.627955321940049
i_n	ʊ	2.5742318479922397
ˈe	ˈi	2.2545056574205216
i	ɾ_ɪ	2.1799339028620546
ˈo	ˈu	2.1757975241989183
ˈi	ˈi_v	2.0513934084865246
j	v	1.8851488961202376
e	v_ɪ	1.880082124718114
ˈe	ˈe	1.8004878457247462
<#_i	<#	1.7471993431134656
o	ɪ	1.6907847415149413
r	ʐ	1.6572638944899003
ŋ	n	1.6387598127696212
ɡ	ɕ	1.6272481170956712
e	d_ɪ	1.5501939416020503
u	u	1.4388371349042157
z_ă	ɪ	1.4311756929570172
ă_#>	#>	1.40668460030749
ˈu	ˈɔ	1.3921126204578436
o	a	1.323253649282248
o	u	1.2585730482388748
b	k_w	1.158963057902092
a	w_a	1.0450788974341922
b	v_i	1.0233166748889033
s	ʃ	0.9677632836879176
ˈa_ɣ	ˈa	0.9406201586352883
s	ʃː	0.9401669371274828
o	ʊ	0.7623549583515727
a_z	ɪ	0.7130552908932729
b	k	0.6340559837626597
<#_a	<#	0.6066846003074902
l	w	0.5744632667385831
<#_d	<#	0.3726996000190276
<#_p	<#	0.11425231802891615
e	ʊ	0.05814106593749352