Phone1	Phone2	PMI
rː	ʐː	8.50666159320584
k_r	cː	8.174893721123093
ʣ	ɟː	7.820003752438826
f_r	ç	7.580840467748628
ɡ	ɡ	7.021083585686297
d	d	6.965317463036975
ɖː	ɖː	6.576030653777344
j	j	6.094437035716895
w	w	5.794938587462522
m	m	5.382072791846109
f	f	5.375379301293923
m	ŋ	5.170294054035395
ɣ	ɕ	5.071552859164497
s	s	5.025651354157319
ŭ_#>	#>	4.992804364848169
ŏ_#>	#>	4.942270947535564
p	p	4.934686824710796
b	b	4.869002918033215
i_s	ʃ	4.798343311264338
k	kː	4.766903299505664
nː	nː	4.765935196766375
l	l	4.732933293736745
t	tː	4.694071362579864
ˈu	ˈu	4.642422205721835
ð	t	4.617958380389921
n_ɖ	nː	4.610561475369068
ˈe	ˈɛ	4.564577131381227
ˈo	ˈo	4.54810475400601
z	z	4.518413020607841
u_z	ʊ	4.478332677302434
ˈo	ˈɔ	4.420687707646552
i	i	4.376690021821911
k	k	4.309395300260414
ˈi	ˈi	4.289001065632717
t	t	4.265825513158139
β	v	4.184037898966597
n	n	4.1033407416238425
ˈa	ˈa	4.045995931210278
b	v	4.03512698560021
β	p	3.998186217239203
m	mː	3.957160641417096
ɣ	k	3.9044271013118417
r	r	3.825538583361276
k	ɕ	3.7894156529171954
r	ɾ	3.770775511675579
a	a	3.769080913776946
ˈi_l	ˈi	3.7100536274267215
b	ɡ	3.5881743463981053
z	j	3.587145115541852
u	ʊ	3.52289550242682
b	k_w	3.520790901551938
ˈi	ˈi_v	3.516255466414516
rː	ɾ_n	3.4950405001925477
e	ɪ	3.154353118415551
n_ʣ	ɲː	3.0790984371443924
a	w_a	2.9673336293452763
b	ʤ	2.9400044894191346
i	ɾ_ɪ	2.917014350312236
o	ʊ	2.8997212863342026
ɡ	ɕ	2.7928203029577245
ŋ	n	2.7581971021807945
e	i	2.7131571921895645
t	ɽ	2.6938407475753783
ˈe	ˈe	2.6894305911655074
i_n	ʊ	2.670247137842865
r_u	ʊ	2.6502217370198826
o_z	ɪ	2.63481052653929
<#_i	<#	2.5091353585812763
r	ʐ	2.5051259941810238
n	nː	2.4514449466841737
sː	ɖː	2.404424983573944
ˈe	ˈi	2.3957536774636274
s	ʃː	2.388366496867292
ˈo	ˈu	2.370335991330788
e_n	ɪ	2.338470434040294
j	v	2.2911448426989462
i	ɪ	2.1627261900078585
z_ă	ɪ	2.151211879803506
r	w_ɾ	2.016034198803073
s	ʃ	1.9631069409058608
l	w	1.855913273305716
s_k	ʃː	1.7203402797491427
e	d_ɪ	1.640518150344152
u	u	1.631282322561654
o	ɪ	1.2579509788584748
nː	n	1.0577451393954158
ˈa	ˈa_r	0.9115439539676516
o_r	ʊ	0.8981727843774607
e	v_ɪ	0.8274263766098674
ˈo	ˈu_ɾ	0.8216617484607813
<#_d	<#	0.754142973623551
ˈu	ˈɔ	0.6874423440718423
<#_a	<#	0.611056487100238
o	a	0.472636196315632
b	k	0.3809134764373086
<#_p	<#	0.0945270338595066
e	ʊ	0.005632428692178