Phone1	Phone2	PMI
i_s	ʃ	8.214442710380515
ʣ	ɟː	7.523244983416378
d	d	6.772816929296465
ɖː	ɖː	6.558859263265093
k_r	cː	6.442477449097382
m	m	5.493602159380383
f	f	5.355840784568455
ɣ	ɕ	5.3311830627666845
ɡ	ɡ	5.284131992576952
b	b	5.210284115536782
s	s	5.179530783620026
f_r	ç	5.034702928337564
p	p	4.974202853477719
t	tː	4.93831122739639
ˈe	ˈɛ	4.8474531954092015
ˈu	ˈu	4.653184189086621
ð	t	4.641515471294673
l	l	4.620534687090236
k	k	4.596027394187542
b	v	4.538236625179814
ˈo	ˈɔ	4.353508785161596
t	t	4.299946567102597
b	ɡ	4.248813131125261
n	n	4.247032309679809
n_ɖ	nː	4.154107240827039
ˈi	ˈi	4.145398910679006
ˈa	ˈa	4.126356123931682
ɣ	k	3.973863790388523
ŭ_#>	#>	3.914318214981335
a	a	3.8730741054309794
k	ɕ	3.803917866928353
r	r	3.767091796267884
ˈo	ˈo	3.5857163896492814
r	ɾ	3.58512082917066
i	i	3.3486643746749176
u	ʊ	3.342716361919916
nː	nː	3.3397906697729174
u_z	ʊ	3.26975829681127
r	ʐ	3.153161773712367
e	ɪ	3.133574722791284
m	ŋ	3.087576746109224
r	ɽ	3.074672789704718
β	v	2.959143433475335
k	kː	2.947949269376867
ˈe	ˈe	2.9363252975085854
ʦ	ʦː	2.8474159953134683
s	ʃː	2.7649136158687995
i	ɾ_ɪ	2.713328448604841
e	i	2.6224244954736364
u	u	2.6173233010376014
o	u	2.542849996468874
i	ɪ	2.308293175967607
ˈo	ˈu	2.1749028150370027
ˈe	ˈi	2.171609615761533
a	w_a	2.040484386281657
s	sː	1.9175148523666257
s	ɖː	1.8524651310245843
e	d_ɪ	1.8500686753370847
β	p	1.741724510578441
s_k	ʃː	1.7291014371229791
e	v_ɪ	1.672461162135857
rː	ʐː	1.6542899677631735
i_n	ʊ	1.5062200913981765
e_n	ɪ	1.460137253838594
z	z	1.4281606598034686
ă_#>	#>	1.4196064165921054
o	a	1.4050344936105998
ɡ	w	1.319755403615836
o	ʊ	1.2585285237165282
ŏ_#>	#>	1.185621416303643
ˈi	ˈi_v	1.0934322859648649
n	nː	1.093132778710482
w	w	1.0518023529894642
b	ʤ	1.0456637373871205
<#_i	<#	0.9886600384186042
ˈa_ɣ	ˈa	0.9774467272481016
l	w	0.975771619923475
ˈo	ˈu_ɾ	0.9408002603564972
r	w_ɾ	0.9378589605934922
o	ɪ	0.9102579320823184
k	cː	0.9057865112732708
ˈa	ˈa_r	0.8928759888794071
ɡ	ɕ	0.8559340691241673
o_z	ɪ	0.8454506009296248
r_u	ʊ	0.8177118122126673
ŋ	n	0.7454258645184114
a_z	ɪ	0.7422767601682182
z_ă	ɪ	0.5625234342900309
i	ɾ	0.5268434813904742
nː	n	0.4284333643741802
b	k	0.3286712372428891
ˈu	ˈɔ	0.3074641793638392
l	ɾ	0.0874020133850629
e	ʊ	-0.4592145933059082
<#_b	<#	-0.1234143852551281
a	ɪ	-0.0485344681484096