Phone1	Phone2	PMI
d	d	6.857152377842338
ɖː	ɖː	6.744703892998123
k_r	cː	6.272304053807609
m	m	5.626300587704455
ʣ	ɟː	5.5965972844947975
s	s	5.410617024563188
ɡ	ɡ	5.285129311282119
ɣ	ɕ	5.222307414145025
f_r	ç	5.145849960516525
f	f	5.135996364401192
b	b	5.103943294059338
p	p	5.047629499546911
rː	ʐː	5.002980617216826
ˈe	ˈɛ	4.8924230408261264
t	tː	4.870909019070054
i_s	ʃ	4.696766446778176
k	k	4.579055876686611
l	l	4.572821253918252
ð	t	4.550773127681978
ˈu	ˈu	4.547850131611558
b	v	4.468602587244662
t	t	4.392240655098456
ˈo	ˈɔ	4.255717400486794
ˈi	ˈi	4.180136262951976
n	n	4.095519139946791
ˈa	ˈa	4.041051030364992
ɣ	k	3.967929931667471
k	ɕ	3.9121060504482585
k	kː	3.8598474618884286
r	ɾ	3.818889569698638
r	r	3.8105121169490626
a	a	3.5992645041737625
nː	nː	3.549989763562916
u	ʊ	3.4776614507549817
ˈo	ˈo	3.382128330140655
β	p	3.342966403321777
e	ɪ	3.2757093252265257
m	ŋ	3.1758341822848535
b	ɡ	3.0529651071091943
z	z	3.0296682943886575
a	w_a	2.896579723573854
e	i	2.791479595756803
ŭ_#>	#>	2.767096345291929
n_ɖ	nː	2.727138598681947
i	i	2.6936228755560725
ˈe	ˈi	2.5466940614807787
u_z	ʊ	2.5368389398777307
sː	ɖː	2.441447498948369
ŏ_#>	#>	2.3563083720980966
ˈo	ˈu	2.2683631200643237
β	v	2.138405747933788
b	ʤ	2.132594742670155
ˈa	v_ˈa	2.0708929855666582
w	w	2.054140789078826
ˈe	ˈe	1.9583151572730937
i	ɪ	1.8989982571948434
s_k	ʃː	1.7500115689125118
i	ɾ_ɪ	1.7277456633218675
o_z	ɪ	1.6694744449846715
<#_i	<#	1.6664777357694793
i_n	ʊ	1.631645253692656
o	u	1.4664836840953792
o	ɪ	1.427572621807195
j	j	1.427570696019749
ă_#>	#>	1.412139186337511
n_ʣ	ɲː	1.3995266910832378
e_n	ɪ	1.3289591243507644
o	ʊ	1.2498258213794258
n	nː	1.2208049322295347
ˈu	ˈɔ	1.125848961067198
nː	n	1.094135713027003
z	j	1.0499912520569845
ˈi	ˈi_v	0.9947010746836538
r	w_ɾ	0.9863010336392677
s	ʃ	0.9487049104839176
ˈo	ˈu_ɾ	0.9282169336915296
ˈa_l	ˈa	0.9129348096280163
ˈa	ˈa_r	0.8651621703914811
s	ʃː	0.79794054242986
r	ɽ	0.7841877481222481
r	ʐ	0.7841877481222481
<#_d	<#	0.7563083720980966
ˈa_ɣ	ˈa	0.7311080491556536
ŋ	n	0.7298339747725524
ɡ	ɕ	0.7144708553623863
a_z	ɪ	0.5449229922019543
u	u	0.4822970283129875
b	k	0.47103904636194327
l	w	0.4643030889408045
e	ʊ	0.053552560538635344
<#_b	<#	-0.3020217012073886
e	a	-0.10196895519407512