Phone1	Phone2	PMI
f_r	ç	8.745589596966377
i_s	ʃ	8.383708627514698
k_r	cː	8.138124845563272
ʣ	ɟː	7.624581218166188
rː	ɾ_n	7.547540426317113
d	d	6.694026750853617
ɡ	ɡ	6.498512406498601
ɖː	ɖː	6.460811105987101
nː	nː	5.743884565154662
s	s	5.538144042093353
f	f	5.328320101053822
ŭ_#>	#>	5.250824742201292
m	m	5.231200215462176
m	ŋ	5.035913909689857
sː	ɖː	5.023998389908893
p	p	4.954671997277324
n_ʣ	ɲː	4.948972684445004
t	tː	4.932570543108825
b	b	4.901467364405586
ɣ	ɕ	4.853337337347231
k	kː	4.823955818985545
l	l	4.772825010609175
ˈu	ˈu	4.696737834234026
ˈe	ˈɛ	4.642638174099502
n_ɖ	nː	4.625526979963898
ˈo	ˈo	4.6160171849402465
k	k	4.47795774952662
ð	t	4.467951003615128
i	i	4.463878914579396
β	p	4.449703607042171
ˈo	ˈɔ	4.4406837761279965
t	t	4.335753451138319
u_z	ʊ	4.265956674138811
ˈi	ˈi	4.204209157925313
b	v	4.128049446895477
n	n	4.057833954955092
e	d_ɪ	4.039741438211756
a	w_a	4.026383709423671
ˈa	ˈa	4.019644523671437
o	u	3.965692804612373
ɣ	k	3.942426937007187
k	ɕ	3.921347275353375
r	ɽ	3.8823786544220846
a	a	3.8144374241954866
r	r	3.707888664366187
r	ɾ	3.6636788058318563
z	j	3.6578747587641764
ŏ_#>	#>	3.651455058291376
w	w	3.5746181231900014
b	ɡ	3.5540742455723446
u	ʊ	3.501021149891881
s_k	ʃː	3.476553945448631
j	v	3.3465491817373976
ˈi	ˈi_v	3.2849115029266183
β	v	3.1989721271795997
ɡ	j	3.1661891043824886
e_n	ɪ	3.1431486265481494
z	z	3.137083658025996
j	j	3.1354024168069503
e	ɪ	3.112410027990037
rː	ʐː	3.087061022247016
b	ʤ	2.8940236053328707
i_n	ʊ	2.8138406814216808
e	i	2.688822075539834
o_z	ɪ	2.68529654086108
ˈo	ˈu_ɾ	2.6172365215337576
ˈe	ˈi	2.4850561785814254
i	ɪ	2.414950355761145
n	nː	2.3284737012268444
ˈo	ˈu	2.252758502142911
i	ɾ_ɪ	2.1685769008082496
nː	n	2.128618555009087
r	w_ɾ	2.0126727323702704
ˈa_ɣ	ˈa	1.8520746191766855
s	ʃː	1.8223471798935456
ˈe	ˈe	1.8148878674047118
m	mː	1.8046770782389319
ɡ	ɕ	1.7495185880592923
ŋ	n	1.7301676329067919
ˈu	ˈɔ	1.6209762196118822
r	ʐ	1.6023572140787947
o	ɪ	1.4257754507961624
o	a	1.4247406503946793
ă_#>	#>	1.412139186337511
u	u	1.3997832735339863
<#_a	<#	1.2242783726750217
b	k_w	1.1596808841886959
o	ʊ	1.0941303271113725
l	w	0.9405948590324985
e	v_ɪ	0.9049567025842122
<#_i	<#	0.8567330777651838
ˈa	ˈa_r	0.8439106655914704
<#_d	<#	0.7563083720980966
a_z	ɪ	0.7221245405132989
z_ă	ɪ	0.6991690167741382
b	k	0.6069804463682107
<#_p	<#	0.16936434214317722
e	a	-0.28195692324756444
e	ʊ	-0.20231183862978658