Phone1	Phone2	PMI
ɲ	ɲ	7.655359471429058
z	z	6.816710256293672
ɡ	ɡ	6.596477501452167
ə	ə	6.2591199196433775
ˈɔ̃	ɔ̃	6.0360865409613815
d	d	5.957028228814299
ˈu	y	5.592654471870515
ˈe_l	o	5.569409839519328
j	j	5.405026848153526
o	u	5.350839783544271
ʃ	ʃ	5.248507961886864
b	b	5.238784289617813
n_a	n	5.230955936305721
ˈĩ	ɛ̃	5.229987735760452
ˈo	u	5.181928846710902
k	k	5.150043574585135
t	t	5.084429416746096
n	n	5.070112211207942
m	m	5.011404725285659
j_ˈe	e	4.996495579050536
f	f	4.983360203021523
w	ɥ	4.954185622097747
ˈɛː	w_a	4.951537010152554
ˈɑ̃	ɑ̃	4.802006140107269
p	p	4.783359269574452
v	v	4.7319509592748
e	e	4.666582124618074
ˈɔ	ɔ	4.579991099538503
s_ə	s	4.545480602191478
ʒ	ʒ	4.54058357847341
ð	ʒ	4.515264182253318
ˈi	i	4.455530102139532
w	ø	4.44897185976423
ˈɛ̃	ɛ̃	4.40152884142593
ʎ_ə	j	4.31617833443439
ˈɛ	ɛ	4.291709604149344
s	s	4.278908061422908
l_a	l	4.263798002033125
ˈɛ̃	ɑ̃	4.185886274879791
t_a	t	4.1633015286597495
ˈoː	o	4.126195968863328
l	l	4.019816184188382
ˈu	u	3.97932492097608
a	a	3.924140914201326
ˈaː	ɛ	3.893887048730213
m_a	m	3.8854328486979854
ˈɑ̃	ɛ̃	3.722742269440018
w	w	3.688111314330282
ʁ_ə	ʁ	3.4646885980316844
ˈoː	ɔ	3.437239000328749
ʁ_a	ʁ	3.420396272623094
ʃ_#>	#>	3.3501566154339995
ˈa	e	3.268456887043653
ʁ	ʁ	3.251746936598774
ˈe	i	3.058209677424997
ˈe	ɛ	2.984452675509232
ˈi	i_ʁ	2.8847338097812405
ˈɑː	a	2.8064877477758103
ð_ə	ʁ	2.784696455249488
ˈɛː	ɛ	2.7562753465170804
ʎ	j	2.6441345272393666
w_ˈe	œ	2.491063389610625
ˈa	a	2.488650623576396
ˈø	œ	2.3954670778742098
ˈoː	u	2.290471607641034
ð	ʁ	2.241413352293807
ɛ	ɛ	2.211006986210612
ʁ_o	ʁ	2.1861395871661107
o_#>	#>	2.1368897684758914
ð_o	ʒ	2.1314253405976205
ɔ	ɔ	2.099043170828052
i_#>	#>	2.077508697358672
ˈoː	œ	2.001671466672636
ˈa	ɛ	1.9727162156981977
ʎ	l	1.96977575942558
v	v_w	1.904467695343297
ˈaː	e	1.5365133264826285
ˈe	a	1.5101006991401786
w	œ	1.2705043548509611
ə_#>	#>	0.980231613991687
s_a	s	0.9103633152250208
ˈa_#>	#>	0.735051173268562
j	i	0.6431128834885805
l_#>	#>	0.6317958525683305
ˈɛː	a	0.2685094858020014
a_#>	#>	0.1810791913564205