Phone1	Phone2	PMI
ʎ	ʎː	7.5456932440182625
θ	ʧ_e	7.148395765027245
ŋ	n_e	6.963859528065651
ʎ	kː_j	6.898015973845235
w	w	6.729145772076209
ˈɛ	j_ˈɛ	6.651392383327491
ʧ	p_j	6.586105437766346
ɲ	ɲː	6.460599474300455
ŋ	n_o	6.353898528918591
i	i	6.342637388875581
ˈɔ	w_ˈɔ	6.238713059122346
ɡ	ɡ	6.210622211253247
f	f	5.994176268839168
j_t	tː	5.952733302316012
d	d	5.909102277591054
ʃ	ʤ	5.866422233276245
θ	ʧ	5.448352018322705
ˈu	ˈu	5.353296037185751
m	m	5.3289073966600276
s	s	5.319500672905024
ˈi	ˈi	5.261623159933196
b	b_w	5.249802961685216
ɾ	e_r_e	5.045865115537355
ɣ	ɡ	4.993006284823463
ˈɛ	ˈɛ	4.974382558928662
ˈe	ˈe	4.88016060442862
e	i	4.878176636151735
j	j	4.853062648139423
ð	t	4.844189765190801
b	v	4.822794378545904
ɾ	r_e	4.796250782020402
p	p	4.779466053882811
ŋ	ŋ	4.773308416487797
k	k	4.699525837400215
l	lː	4.68967864856639
t	t	4.659403076644307
#>	i_#>	4.575692706641883
j	ʤː	4.522516074679878
ˈo	ˈo	4.52156633046931
b	b	4.4874965977907415
l	l_e	4.474029233317475
ʃ	sː	4.424934971523093
ˈɔ	ˈɔ	4.322399604441553
ɐ	n_a	4.268246727601204
ɐ	j_a	4.1979116399449214
l	l	4.142449650948875
ˈa	ˈa	4.062329845449898
n	n	4.053157528385293
β	v	4.050711653707884
ˈɑ	ˈa	4.0442878047416535
t	tː	3.9966623896932556
n	nː	3.9908554881974645
ɣ	k	3.885756841685837
ˈo_w	ˈɔ	3.8173678023663253
ʧ	j	3.8110944683262176
θ	ʦː	3.7633886522802147
ˈo	ˈɔ	3.7415172036418105
β	b	3.716870550462905
β	p	3.62738383409993
ɐ	a	3.5507803876721273
ɪ	e	3.5416772089562136
r	r	3.481302375984728
ˈe	ˈɛ	3.480621865577584
ˈɔ	ˈo	3.480106495280346
ʊ	o	3.4681917721181557
<#_a	<#	3.4635388611265974
<#_e	<#	3.4434044398136163
a	a	3.3791902367909015
k	kː	3.3200330401504066
ɾ	e_r	3.278724333523322
o	o	3.1825341687803506
ɾ	r	2.897274914549045
#>	j_#>	2.874046158375461
e	e	2.825254327828444
s_#>	#>	2.746319074379568
ˈa	l_ˈa	2.6511705816354274
ʊ	l_o	2.3809932703750953
ˈa	ˈa_n	2.0758483466892206
ˈi	ˈe	2.0690735065152843
ɲ	n	2.03983569583386
o	j	1.8068155551587644
a	ˈa	1.734173473349273
ð	d	1.4868942146918531
ˈu	ˈo	1.4276085639375198
ʃ	j	1.3661968897456969
t	ˈu_tː	1.2924648718342788
e_s	s	1.1957737558724162
ˈi_ɲ	ˈi	1.1915669109979405
ˈo	ˈu	0.9895498753526211
ɾ_ɪ	r	0.9037830563635083
ɪ	e_r	0.8662809334572342
ɾ_ɪ	e	0.7445236186591343
<#	<#_f	0.3066564981701274
#>	e_#>	-1.1572827779703798
<#	<#_k	-0.11942564072874082
<#_p	<#	-0.042984750086519544