Phone1	Phone2	PMI
ʤː	ʤː	8.935467887000986
sː	sː	8.224479095770677
ʧː	ʃː	7.931425966646625
ʎː	ʎː	7.9187535544471395
ŋ	ŋ	7.589982316492194
ʤ	ʤ	7.389851876753944
ʦː	ʦː	7.315494792979009
nː	nː	7.292896951058146
lː	lː	6.86204208427438
ɲː	ɲː	6.754089767879281
v	v_j	6.561503190712736
kː	kː	6.532615819912863
tː	tː	6.4492200312741295
b	b	6.3571709152275595
u	u	6.17955479182516
ɡ	ɡ	6.044800529658593
f	f	5.981575476338023
<#_o	<#	5.786895741407761
ʃː	ʃː	5.718987035746815
m	m	5.579452647788033
d	d	5.519671491949951
s	s	5.453820124541213
ˈɛ	j_ˈɛ	5.406051302276701
ˈo	ˈo	5.386180912420442
m	mː	5.234188977794693
l	l	5.121611657582322
i	i	5.110516471215616
ʧ	ʃ	5.049315570178078
ˈe	ˈe	5.03033595551802
ˈa_r	ˈa	5.001987460697579
ˈa_l	ˈa	4.989193789368225
v	v	4.9765924416929845
p	p	4.898517546287128
ˈi	ˈi	4.873057062364386
j	j	4.8696189363054
p	p_w	4.8622965977028825
ʦ	ʦ	4.766497990262176
w	w	4.745614324752105
ˈu	ˈu	4.734638245979114
<#	<#_w	4.654865741984686
n_ʤ	ɲː	4.650923866299575
t	t	4.609436487689975
ˈɛ	ˈɛ	4.532034929953786
ˈi_r	ˈi	4.511933689386559
n_d	nː	4.506005489596012
ˈɔ	ˈɔ	4.485792372155503
ˈe_r	ˈe	4.480617259260281
k	k	4.4415262958593615
j	j_ə	4.385213830162409
ˈɔ	w_ˈɔ	4.377135473794011
z	s	4.35689014635701
ˈo	ˈu	4.179660277401845
n	n	4.148418617363633
r	r	4.141944327033761
ˈa	ˈa	4.12864765274772
mː	mː	4.093231264996642
b	v	4.0911567479003965
r	ɾ	3.827885494672508
ˈe	ˈi	3.8181419380312405
a	a	3.7617122538013668
m	m_j	3.7604595131711127
s	ʃ	3.6384651020025345
rː	rː	3.5490011251638647
o	o	3.4234288606035674
ʤ	j	3.310466191136744
o	u	2.8525442254606914
i	e	2.6780198395072867
ˈe_r	ˈɛ	2.650775305538348
ɡ	k	2.6313936741841504
d	ɾ	2.477415289371687
b	bː	2.4431159218451266
j	ɲː	2.310019052993289
u	a	2.3012245292842453
f_j	ʃ	2.3012145222617324
e	ə	2.2445407256346668
e	e	2.215627670675535
o	ə	2.1445520880274787
a	ə	2.0522585635149024
e	i	1.6810252447023761
ˈi	i	1.6028831166685344
l	lː	1.5919202868703208
d	t	1.533486463114618
ˈi	ˈe	1.5034591301121063
t	t_j	1.2071940283337466
n	nː	1.134414348187466
p	k	1.0826499359407262
t_r	t	1.051747908908129
ˈɛ	ˈe	0.8903504877441539
ˈɔ	ˈu	0.7609889736944382
i	ə	0.7079920045650455
<#_ʤ	<#	0.5799437880412527
ˈɔ	ˈo	0.5427482708944033
w_e	ə	0.4829954437732905
l	ɾ	0.39189412504044785
ˈe	ˈɛ	0.3364119795414558