Phone1	Phone2	PMI
ŋ	ŋ	8.228946171455167
ʎː	ʎː	8.127642410852426
kː	kː	7.856981703064819
nː	nː	7.840724909265881
lː	lː	7.719657261369506
ʤ	ʤ	7.649388133025015
ɲː	ɲː	7.302811400475788
ˈɛ	j_ˈɛ	7.050353404412641
ɡ	ɡ	6.935710113469363
tː	tː	6.819803900620019
sː	sː	6.753695041592495
f	f	6.6025260071912575
ˈa_r	ˈa	6.572629529357608
b	b	6.530532198720865
i	i	6.52850664398734
m	m	6.456710878662681
d	d	6.0995708701141975
s	s	6.079627837369313
ʃː	ʃː	5.856147082179486
j	j	5.724332496756906
ˈo	ˈo	5.718814298190823
ʧ	ʃ	5.712784348913041
v	v	5.627628851274134
p	p	5.554499588088573
ˈe	ˈe	5.52086783494584
l	l	5.51266817498989
w	w	5.48297854412762
ˈi_r	ˈi	5.417172777665167
ˈu	ˈu	5.305098751429496
ˈi	ˈi	5.274121746274913
ʤː	ʤː	5.250431939083827
t	t	5.210780954593866
ˈɛ	ˈɛ	5.123208645189653
m	mː	5.082759649777956
ˈa_l	ˈa	5.016448428136067
k	k	4.859313956271881
ˈɔ	ˈɔ	4.843550341704766
ʧː	ʃː	4.7098819633181686
ˈa	ˈa	4.691975621690213
n	n	4.682297393740596
ˈo	ˈu	4.627115492321532
r	r	4.5271369910414725
ˈɔ	w_ˈɔ	4.418423180717072
b	v	4.3904276090915735
ʦː	ʦː	4.374267582295641
ˈe	ˈi	4.33672855591913
p	p_w	4.31598348330543
r	ɾ	4.234215097900435
s	ʃ	4.103616096853963
a	a	4.081395855484224
o	u	3.459530495088507
o	o	3.18798376279587
v	v_j	3.152228174715008
ɡ	k	3.096559920737349
ʦ	ʦ	2.9956143514259312
ˈe_r	ˈɛ	2.855713753405767
f_j	ʃ	2.8078205664666886
ʤ	j	2.805911296959668
d	ɾ	2.784123842374888
<#	<#_w	2.7626931256276213
o	ə	2.7266612955368297
e	ə	2.660941850828046
e	i	2.47005993494954
a	ə	2.3681138130948747
e	e	2.2897782997379186
z	s	2.2341433670144104
ˈɛ	ˈe	2.22919330619684
u	u	2.2214818029813466
i	e	2.162018037004923
<#_ʤ	<#	2.0256952172210845
u	a	1.9378264001699692
j	j_ə	1.7452093835919793
n_d	nː	1.7003825906934769
n_ʤ	ɲː	1.697683130238816
rː	rː	1.6813824601622414
ˈe_r	ˈe	1.5934320531203214
n	nː	1.487830558057139
mː	mː	1.4435358895687862
k_w	k	1.416835042830446
t	t_j	1.3393256925021642
l	ɾ	1.2949284771541203
w_ˈɔ	ˈɔ	1.275276414276705
p	k	1.226276749356906
ˈi	ˈe	1.2168451316595672
d	t	0.9797994862032268
ˈɔ	ˈu	0.9676005136419248
d_o	ə	0.8841111539112154
<#_b	<#	0.8162138606568818
ˈi	i	0.7554213712915898
i	ə	0.7248789105601174
ˈɔ	ˈo	0.6312908143361305
n	ɲː	0.5690743011419725
ˈe	ˈɛ	0.4891004905868423