Phone1	Phone2	PMI
ŋ	ŋ	8.373589683885067
ʧː	ʃː	8.22389743728426
ʎː	ʎː	8.10940948549201
v	v_j	7.834629866728485
nː	nː	7.581784040096329
lː	lː	7.558552184606223
ʃː	ʃː	7.488283056261732
ɲː	ɲː	7.4474549129056875
ʤː	ʤː	7.438144797960885
kː	kː	7.268160321438994
ʤ	ʤ	7.266377466043982
sː	sː	7.186195699976228
b	b	6.905317376258851
ɡ	ɡ	6.7899493341573125
tː	tː	6.705368513769902
ʦː	ʦː	6.703188200120459
f	f	6.541344733976369
ˈa_r	ˈa	6.458433590356113
j	j_ə	6.362799429575362
ˈɛ	j_ˈɛ	6.266404591325948
m	m	6.177055270127703
f_j	ʃ	5.995144831041893
ˈe_r	ˈe	5.99133346125308
s	s	5.9858031558992195
i	i	5.920704359463605
z	s	5.87467712055171
w	w	5.867749463685226
d	d	5.791464907350133
rː	rː	5.677060938591188
ˈo	ˈo	5.674656065101695
v	v	5.620287217006757
ˈi_r	ˈi	5.609753753920847
ʧ	ʃ	5.56461567248127
l	l	5.534833741894622
ˈɔ	w_ˈɔ	5.47963377093507
n_d	nː	5.4596939469706305
p	p	5.433233243949992
ˈu	ˈu	5.430446133727382
n_ʤ	ɲː	5.408190070912632
ˈi	ˈi	5.332249980186679
ˈe	ˈe	5.328734155454009
ˈa_l	ˈa	5.129104227210159
t	t	5.107225438003472
u	u	5.106989881963746
j	j	5.102443923263092
ˈɔ	ˈɔ	5.094703424413229
k	k	4.976395952158628
ˈɛ	ˈɛ	4.966486286265885
ʦ	ʦ	4.962492534865215
b	v	4.782743676800642
n	n	4.761486021773253
ˈa	ˈa	4.618737417903894
r	r	4.578869439937764
ˈo	ˈu	4.525950707259257
m	m_j	4.468682586025092
ˈe	ˈi	4.3942631580597045
p	p_w	4.249693384123593
r	ɾ	4.22095328870997
a	a	4.214551091692639
o	o	4.090108507918666
b	bː	4.048359351967168
s	ʃ	3.908186614983384
ˈe_r	ˈɛ	3.8602835825027517
o	u	3.579532001973219
m	mː	3.4078502434941917
ʤ	j	3.3395876181675614
j	ɲː	3.3250903885225713
ɡ	k	3.2584559850943795
<#	<#_w	3.170718570508982
mː	mː	3.105048721636464
e	e	3.027441139815473
i	e	3.0083941633122135
ˈɛ	ˈe	2.988348387879546
u	a	2.857363010609347
d	ɾ	2.805124851076364
o	ə	2.687579267874624
e	ə	2.6298150960898434
ˈi	i	2.565728790535056
a	ə	2.5038596748453856
e	i	2.2918267587929457
ˈɔ	ˈo	2.222727897850182
<#_o	<#	1.963235476950451
ˈɔ	ˈu	1.8059887365362874
p	k	1.7717771658728338
d	t	1.5619933958433987
w_ˈɔ	ˈɔ	1.4946578342458106
t	t_j	1.4151220047633142
n	nː	1.3837920319699888
i	ə	1.3351450166105998
l	lː	1.275748303518214
ˈi	ˈe	1.2254811055319137
l	ɾ	0.9633029860827195
ˈe	ˈɛ	0.9071397693779993
w_e	ə	0.7943668675392097
l	w	0.41348300199858634