Phone1	Phone2	PMI
ʎː	ʎː	7.742336733505697
sː	sː	7.731069774685005
ʦː	ʦː	7.60941305969385
ʤ	ʤ	7.236073909173833
ŋ	ŋ	7.231173502493369
kː	kː	6.7880050710392235
tː	tː	6.7431382979889705
lː	lː	6.702999115675888
b	b	6.625074485995114
ɲː	ɲː	6.579287607044974
ɡ	ɡ	6.035241158686071
i	i	6.002639309737631
ˈɛ	j_ˈɛ	5.973860819266179
f	f	5.831475227458783
m	m	5.806282334230504
nː	nː	5.7833760353693
d	d	5.761410998469774
s	s	5.6863620020015135
ʤː	ʤː	5.25719285200479
v	v	5.197460937958578
m	mː	5.1535552535168385
j	k_j	5.114548790176891
ˈa_r	ˈa	5.068736789712472
ˈo	ˈo	5.063120695383123
ʧ	ʃ	5.03704191264875
p	p	4.99560402027798
ˈɔ	w_ˈɔ	4.849787456406238
l	l	4.843380910651317
w	w	4.842697582744719
ˈa_l	ˈa	4.78076334316682
ˈɔ	ˈɔ	4.744270300951169
ˈe	ˈe	4.740861321414578
ˈu	ˈu	4.737456955418838
t	t	4.680690398184354
<#	<#_w	4.654865741984686
ˈɛ	ˈɛ	4.52027701408389
k	k	4.487880330937212
ˈi	ˈi	4.472862688081337
j	j	4.405065407918174
b	v	4.302273088826451
ʃː	ʃː	4.296807390019914
n	n	4.277915137205821
ˈa	ˈa	4.198275033059991
ˈo	ˈu	4.193867783002211
v	v_j	4.056406097352334
r	r	4.015774898183771
r	ɾ	3.8385631355602956
a	a	3.727222185238975
s	ʃ	3.6894493397913477
ˈe	ˈi	3.5343475846222456
o	o	3.428140189418277
ʤ	j	3.4000759854253717
l	lː	3.1747918104150767
ˈi	i	2.989970047093676
ʧː	ʃː	2.8968426008394967
d	ɾ	2.798829340149572
o	u	2.747143422495293
ɡ	k	2.737226109734675
j	ɲː	2.452034937405806
e	ə	2.386793614791541
u	u	2.338124815319071
ˈi_r	ˈi	2.219615488795121
o	ə	2.103141162694473
p_j	p	2.0765807301253454
a	ə	2.0525859525889687
ˈa_n	ˈa	1.9966276728238996
ˈi	ˈo	1.9662303868860118
k_w	k	1.9106298687225118
e	e	1.9005471037079338
p	p_w	1.2299732582812721
j	j_ə	1.1142020608855843
f_j	ʃ	1.1005818634925406
<#	<#_ˈi	1.0349451975412267
d	t	0.7510830337223259
<#_ʤ	<#	0.6629512878970216
<#_b	<#	0.5297314352077092
l	ɾ	0.22360481843964872
<#_p	<#	0.09416664507722383