Phone1	Phone2	PMI
ŋ	ŋ	7.75538053456211
ʎː	ʎː	7.453751153828044
ɲː	ɲː	6.900800145759107
lː	lː	6.744997070602048
kː	kː	6.574328035571728
tː	tː	6.398420338052821
sː	sː	6.164117894873974
ˈɛ	j_ˈɛ	6.098175961211504
ɡ	ɡ	6.041673780991206
b	b	5.995056049948459
i	i	5.987081026536123
ʤ	ʤ	5.9441418048373516
f	f	5.929424744463541
m	m	5.816523963941442
s	s	5.776525452475332
ʧː	ʃː	5.646521612543639
d	d	5.459238061786748
nː	nː	5.446521612543639
ˈo	ˈo	5.372474106941175
v	v	5.254425605488684
l	l	5.244516700157456
ˈa_r	ˈa	5.181500921145653
ʧ	ʃ	5.023140251374905
ˈu	ˈu	4.98341724376424
j	j	4.967769798907466
t	t	4.963536977804769
p	p	4.891681606014623
w	w	4.85542353278677
ˈe	ˈe	4.85240921647421
ˈi	ˈi	4.787921603769028
ˈɛ	ˈɛ	4.385977895278966
ʦː	ʦː	4.35676815404266
ˈɔ	ˈɔ	4.349482898716172
n	n	4.334973869530949
ˈa	ˈa	4.277368255325045
m	mː	4.275583568251302
k	k	4.243166689653328
u	u	4.170092550996095
r	r	4.013152990667631
ˈo	ˈu	4.0055217267604775
ˈi_r	ˈi	3.9952868032159587
b	v	3.8453503857370013
ʃː	ʃː	3.735060528355111
s	ʃ	3.6866985314974507
r	ɾ	3.6735017138631125
ˈe	ˈi	3.6593948831348
a	a	3.6178975884661035
o	o	3.498859004634239
p	p_w	3.4803214692347026
ˈɔ	w_ˈɔ	3.3731360144039093
<#	<#_w	3.2657490082103826
ˈe_r	ˈɛ	3.1813064740626213
f_j	ʃ	3.080504342755333
o	u	3.0567456074463073
ɡ	k	2.4765846604799235
u	a	2.4653153749796357
j	j_ə	2.3422097437477736
k	k_w	2.2860398677760725
e	ə	2.1401136071336677
o	ə	2.132406885576404
e	i	2.130156016529746
z	s	2.09994084245127
n	nː	2.005045651672491
a	ə	1.9605865604935508
ˈa_l	ˈa	1.9512807602231932
d	ɾ	1.9116201116815403
d	t	1.8661516575486568
ʤː	ʤː	1.734150929305473
ˈɛ	ˈe	1.6529717077991404
n_ʤ	ɲː	1.5394382775999755
<#_o	<#	1.4495855026887172
<#_ʤ	<#	1.3422138465853033
v	v_j	1.3399236074001606
n_d	nː	1.3394382775999756
ʦ	ʦ	1.3271232131635602
i	e	1.2053796913505281
mː	mː	1.1797300943303188
ˈi	ˈe	1.1213153752573697
e	e	1.0736491802566033
b	bː	1.045619802838869
i	ə	1.045157034450672
ˈe_r	ˈe	1.003823896577448
l	ɾ	0.8472592524671193
ʤ	j	0.8132302541836852
ˈɔ	ˈu	0.8082091390795287
r_a	ə	0.7816007523882785
w_e	ə	0.7283215007821877
p	k	0.6582124330325025