Phone1	Phone2	PMI
ŋ	ŋ	7.863369832865126
ʧː	ʃː	7.7136775862643185
ʎː	ʎː	7.599189634472069
nː	nː	7.071564189076386
lː	lː	7.0483323335862815
ʤː	ʤː	7.029862108015018
ʤ	ʤ	7.010120202717012
ʃː	ʃː	6.97806320524179
ɲː	ɲː	6.937235061885746
sː	sː	6.778956173358807
v	v_j	6.7623572426129295
kː	kː	6.757940470419052
b	b	6.395097525238909
ʦː	ʦː	6.295948673503038
ɡ	ɡ	6.279729483137371
tː	tː	6.19514866274996
f	f	6.0486174512064945
m	m	5.668212696224809
s	s	5.463804567068564
rː	rː	5.3740377757223285
w	w	5.357529612665284
z	s	5.352678531721055
i	i	5.350572452071883
d	d	5.3053039030737335
j	j_ə	5.290526805459806
ˈɛ	j_ˈɛ	5.2035931101660635
ˈo	ˈo	5.1644362140817535
v	v	5.110067365986816
ʧ	ʃ	5.041207136889287
l	l	5.0375947809222055
p	p	4.9230133929300495
ˈu	ˈu	4.92022628270744
ˈa_r	ˈa	4.910653705599631
f_j	ʃ	4.874860809038691
ˈi	ˈi	4.873589680660267
ˈe	ˈe	4.837136185312363
ˈa_l	ˈa	4.79883779020863
ˈe_r	ˈe	4.766308172867781
u	u	4.7003018844454685
ʦ	ʦ	4.657741698421012
j	j	4.5999189018060775
t	t	4.5970055869835305
ˈɔ	ˈɔ	4.596406544652732
n_d	nː	4.532602119150273
n_ʤ	ɲː	4.473999368567307
k	k	4.466176101138686
ˈɛ	ˈɛ	4.465727578201615
<#	<#_w	4.451155422611962
ˈɔ	w_ˈɔ	4.378957345845029
ˈi_r	ˈi	4.3715880507671745
b	v	4.2725238257807
n	n	4.251266170753311
ˈa	ˈa	4.11320936144875
r	r	4.068649588917822
ˈo	ˈu	4.0157308562393155
ˈe	ˈi	3.884043307039763
m	m_j	3.829475849972995
b	bː	3.7446516788514113
r	ɾ	3.7056264192686013
a	a	3.7049047064036436
p	p_w	3.609094409178958
o	o	3.5858694357623824
i	e	3.5837193469672446
s	ʃ	3.3988559449696814
m	mː	3.166933496928319
o	u	3.075292929816935
ˈe_r	ˈɛ	2.9356765242327905
j	ɲː	2.917850861905151
<#_o	<#	2.9085852111617503
mː	mː	2.8978520334853806
ɡ	k	2.7482361340744377
u	a	2.554339847740488
e	e	2.4653439630318017
ˈɛ	ˈe	2.3892190605493413
d	ɾ	2.236798797201579
o	ə	2.18115724115727
e	ə	2.1216393312576276
a	ə	1.995207399421787
ˈɔ	ˈo	1.787084570258276
e	i	1.7742080662765636
ʤ	j	1.5538722220131942
ˈɔ	ˈu	1.2673650845418603
p	k	1.2615573148528922
t	t_j	1.198990623600055
d	t	1.180048755315561
n	nː	1.1783230173942498
ˈi	i	1.162274780204878
l	lː	1.070527895551003
<#_ʤ	<#	1.0652259367931074
ˈi	ˈe	1.044070937699717
i	ə	0.7663276400035738
ˈe	ˈɛ	0.6993915521277737
l	ɾ	0.6814768247798757