Phone1	Phone2	PMI
sː	sː	8.179495738061924
ʎː	ʎː	7.873770196738385
ʤ	ʤ	7.661037797494973
ŋ	ŋ	7.544998958783439
ʦː	ʦː	7.270511435270254
lː	lː	6.931151312770832
ɲː	ɲː	6.812021044736476
kː	kː	6.607019490681553
b	b	6.449880972813808
tː	tː	6.404236673565374
ɡ	ɡ	5.999817171949838
f	f	5.987506684046386
ˈɛ	j_ˈɛ	5.799610988471866
nː	nː	5.666801571753571
m	m	5.6349693581851135
d	d	5.61079124730767
s	s	5.448838460103635
ˈo	ˈo	5.437627893739163
i	i	5.364337438488358
m	mː	5.358805001396927
l	l	5.263516377394187
j	j	5.163963041347206
ʧ	ʃ	5.128698189158268
ˈi	ˈi	5.092304082881256
ʤː	ʤː	5.0658768292670695
p	p	5.008023185089091
v	v	4.993888817391719
ˈa_r	ˈa	4.98676331275007
ˈe	ˈe	4.985064450902935
w	w	4.70063096704335
ˈu	ˈu	4.689654888270359
ˈɔ	w_ˈɔ	4.657774925104022
<#	<#_w	4.654865741984686
t	t	4.581945698231287
ˈɔ	ˈɔ	4.44230069808789
k	k	4.438001257470407
ˈɛ	ˈɛ	4.349036130154351
b	v	4.149170241315544
ˈa	ˈa	4.137378589171068
ˈo	ˈu	4.134676919693089
r	r	4.117433312850941
ʃː	ʃː	4.099045535151273
n	n	4.09076036657857
v	v_j	3.931327513793576
r	ɾ	3.8260370513887376
a	a	3.768954311800358
s	ʃ	3.665240839815965
ˈe	ˈi	3.625150650152771
o	o	3.439036187783924
ʧː	ʃː	2.963864256191392
o	u	2.9021365529295102
ɡ	k	2.605162846669113
d	ɾ	2.472075666644324
u	u	2.4416829087153067
e	ə	2.267822156672449
ˈi_r	ˈi	2.215642690230182
o	ə	2.1523834642452653
a	ə	2.04441525662375
n	nː	1.8675905329245936
ʤ	j	1.7244859401499686
e	i	1.577419358647791
j	j_ə	1.2314552947967816
p	p_w	1.1812866359158014
ˈe	ˈɛ	1.1322548456260009
p	k	0.986253147347518
i	ə	0.8376447780108082
d	t	0.7497911071821881
<#_ʤ	<#	0.5799437880412527
ˈɔ	ˈu	0.5636153754930877
l	ɾ	0.2260667877275083