Phone1	Phone2	PMI
j	j	6.495406899119654
j̃	ɲ	6.225805451852088
ʒ	ʒ	6.115037138634635
j_ʃ	w	6.002136456320423
o	u	5.803715815064015
ˈũ	ˈu	5.801483111181582
f	f	5.6390090563908055
j	ʧ	5.526635092889732
t_u	t	5.459581857348229
l_u	ʎ	5.398810903429415
d_u	t	5.387841316313152
d	ð	5.323233362378462
ɡ	ɡ	5.2376191842257125
ɡ	ɣ	5.215771769277071
h	r	5.188795561162548
ˈu	ˈu	5.113541076165643
d	d	4.982857023915463
p	p	4.968216609974078
ɦ	r	4.96008152580474
m	m	4.947217875466895
ɡ_u	k	4.905411001102417
ˈĩ	ˈi	4.82412531219168
n	n	4.815237248065825
ʎ_u	ʎ	4.810709840787036
t	t	4.798960812831434
ˈẽ	ˈe	4.788844174308332
ˈi	ˈi	4.753856183847189
ˈɔ	ˈɔ	4.554210186126054
ˈõ	ˈɔ	4.527604981227396
u	u	4.520317058310684
ɾ	ɾ	4.459458595667971
k	k	4.44551109406566
ˈa_h	ˈa	4.319887575871091
w	l	4.27565189828192
l	ʎ	4.242428750967048
b	β	4.242177684343575
ʎ	ʎ	4.241908221429067
v	β	4.165915903525917
b	b	4.165785540112236
s	s	4.097445331754175
ˈɛ	ˈe	4.055098812936391
v	b	4.040403517133724
i	i	4.022261892982455
ˈo	ˈo	4.018093876477182
ˈe	ˈɛ	3.983427945495782
w	w	3.927781990670305
ˈe	ˈe	3.89518488287174
j̃_#>	#>	3.880027961204461
ˈɐ̃	ˈa	3.8209736276290616
ˈo	ˈɔ	3.77359835124357
ˈɛ	ˈɛ	3.7692418324177934
ʃ	s	3.750202459229893
ˈa	ˈa	3.678777355046078
#>	n_#>	3.645997873173399
ʃ	p_l	3.634248010435442
ˈe_h	ˈɛ	3.4583231570996613
j̃	n	3.424179918960932
s_u	w	3.278198240834192
ʤ_i	t	3.099958918036465
a	ə	2.916353043097667
v	w	2.9144182264262897
e	ə	2.833666007905883
ˈa	l_ˈa	2.8234598750646462
ɐ	ə	2.743108473952173
ˈɔ	ˈo	2.65865025250421
l	l	2.650625467135682
ˈo	ˈu	2.5967989701617062
i	ə	2.4647986446808776
ˈɐ̃_w̃	ˈo	2.309324834137696
ˈõ	ˈo	2.308872362644712
ẽ	ə	2.293967017961456
ɐ	n_ə	2.2519697647724466
u	ə	2.188616143350768
ˈɐ̃_w̃	ˈa	2.1136395165273663
ˈẽ	ˈɛ	2.094780172094531
ˈe_j	ˈi	2.082314176184792
ʧ_i	t	2.044646105160528
ʧ	t	2.036624849316196
ʃ	ʃ	1.9822072390002496
#>	l_#>	1.908992145712284
w̃_#>	#>	1.653046848485427
i_#>	#>	1.5835294865647416
s_u	s	1.572633403221042
j̃_u	ɲ	1.571577949597759
ˈe	ˈi	1.4120118705730145
#>	ŋ_#>	1.2607561496354207
ʤ	d	1.115382582820311
ʃ	l	1.1143443914778437
m_i	m	0.9626861603271384
k_u	k	0.9585665474237712
ˈe_j	ˈe	0.901006134979357
h_#>	#>	0.7847598251116188
<#_ʃ	<#	0.7777486497796519
b	p	0.7571317446403228
j_ʃ	s	0.7179098277460226
ɾ	r	0.6861191622226376
ˈɐ̃	ˈo	0.5348915191502988
u_#>	#>	-0.4705758985540436