Phone1	Phone2	PMI
ŋ	ŋ	7.8029349284189715
f	f	7.338183470324404
b	b_w	7.332110198501906
ˈu	ˈu	6.757977397075668
f	β_o	6.362382434484727
m	m_b	5.932070890548711
ɡ	ɡ	5.875929530920463
d	d	5.681378131706372
t	t_e	5.582440778184841
t	t_o	5.582440778184841
ˈe	ˈa_ɾ	5.554050701284313
ˈɔ	w_ˈe	5.122862397559977
p	p	5.040779012774641
ʒ	θ	4.967371272061032
d	ð	4.875595999927326
ˈo	ˈo	4.845421501248993
ˈi	ˈi	4.804300439694682
m	m	4.781581009299391
r	ɾ_o	4.768765825962388
e	ˈe_ɾ	4.745313111513894
ɲ	ɲ	4.720609375523075
k	k_o	4.6802858265885146
n	n_o	4.679795224998019
l	l_o	4.607966318155859
l	ʝ_o	4.509141390307669
p_l	ɟ͡ʝ	4.507925670181056
ɡ	ɣ	4.436909112671068
l	l	4.42477580520224
ʃ	θ	4.361796646416871
ʨ	k	4.305139835026912
s	s	4.265399931711681
r	r	4.243384477483238
ˈa	ˈa	4.196775084970202
k	k	4.053446938876145
ˈe_j	ˈe	3.921896384571799
j	j	3.887485436145961
v	b	3.820031076389683
b	b	3.81288540405473
ˈɛ	j_ˈe	3.811102948928189
ɲ	ɲ_o	3.7780198449248
v	β	3.756252646054684
w	w	3.7219427139007895
#>	s_#>	3.6958759971468096
n	n	3.6317879152401535
t	ʧ	3.624877178130228
o	o	3.620485966112652
a	a	3.5621025388118364
e	e	3.453182908707932
v	b_j	3.440979119312424
ʒ	x	3.3769105422292105
t	t	3.3331879887284286
r	ð_ɾ	3.135794050546755
r	ɾ	3.049878966304199
f	β_e	3.027214237695824
ˈe	ˈe	2.86099792548327
ˈɔ	ˈo	2.8304536082278906
t	ð	2.8156481962771904
ˈɛ	ˈa	2.58530278592977
k	k_w	2.523371256590712
k	ɣ_o	2.521435156661937
ʃ	e_s	2.505794363357746
t	t_ɾ	2.4955139544682785
l	ʝ	2.487244197093446
p	p_j	2.458626729596633
ʨ	θ	2.383240088467663
ˈo	ˈu	2.3556928349619404
ˈi	ˈi_ɾ	2.354870281976504
ˈɛ	ˈe	2.3430669032757305
<#_f	<#	2.147897597362716
w	β	2.0318845923056683
<#	<#_e	2.0093886758843267
ʃ	s	1.9437928572242744
ˈi	j	1.8831732688055425
ˈɔ	ˈe	1.8038094034156456
#>	e_#>	1.6667566343909297
l	ɟ͡ʝ	1.6613917976872663
<#_ʒ	<#	1.599263461270333
ˈe	ˈi	1.535921502091136
w	ˈo	1.49563627708881
j	e	1.309548098987801
e	ɾ	1.179419081793032
ʧ	θ	1.150245284378164
ʦ	θ	1.1437374695139262
ˈo_w	ˈo	1.1427636252925848
w_ˈɛ	ˈo	1.103056106752472
d	x	0.9739741836778876
w	ˈu	0.897638403211405
r	β_ɾ	0.8413438898144492
j	ɾ	0.7920335899331847
b	β	0.7783292818203152
ˈɛ	j	0.7300025275446953
ˈɛ	ˈo	0.6838998248969054
ˈɛ	ˈi	0.4129533147781949
l	o	0.2712094784518526
e	o	0.143710208990671
#>	o_#>	-1.1046628437340495