Phone1	Phone2	PMI
ŋ	ŋ	7.154683022229798
ɲ	ɲ	7.008881515634049
f	f	6.769899460834227
ɡ	ɡ	6.5690115555752
ʒ	x	6.391792915203024
i	i	6.071481849174455
d	d	6.061658075728473
ɣ	ɣ	6.05367675895419
ˈe	j_ˈe	5.909040238708177
ˈi	θ_ˈi	5.859002265771935
p_l	ɟ͡ʝ	5.84906642680521
t	ð_o	5.759741240853614
ˈu	ˈu	5.758306544852728
ʎ	x_o	5.751998654110196
ð	ð	5.6874895125984635
n	n_t	5.51961592856766
j	j	5.403510230287021
r	r	5.339083080020148
β	β	5.309771156223731
m	m	5.2779058999611514
b	b	5.272017189498655
ˈɔ	w_ˈe	5.1293218647925505
ˈa	ˈa_ɾ	5.011150920575843
p	p	4.958356792531158
ˈɛ	j_ˈe	4.825297849554536
ˈi	ˈi_ɾ	4.53858410860599
k	k	4.460663467910098
l	l	4.44481326853245
ˈi	ˈi	4.369793617093534
ˈo	ˈo	4.358698997011164
t	t	4.3327497841621
ˈa	ˈa_n	4.297756714245574
s	s	4.205057202359258
ʎ	l	4.022886791819966
w	w	3.930203722933558
w	θ	3.928323805838854
l	l_o	3.8347530631912967
ˈa	ˈa	3.8216930184968847
t	ʧ	3.7573789247360154
n	n	3.713637522437619
ˈo	ˈo_n	3.7045967988151545
ɾ	ɾ	3.6991499471663927
ʎ	x	3.6851358834849406
k	k_o	3.6835670120351454
#>	n_#>	3.6727116914646936
t	ˈo_t	3.499425944578042
ʎ	ʝ_o	3.3996134319130813
u	o	3.363738750507457
ə	a	3.329770688100121
l	ʝ	3.271443708156554
m	m_b	3.2617065658014575
ˈɛ	ˈe	3.2042657332885476
ˈɔ	w	3.1513565796587475
t	t_e	3.1121916021899287
s	θ	3.0781758223147584
ʃ	θ	3.0765933743073206
ˈɔ	ˈo	3.0585357415862613
ɲ	ɲ_o	3.022113275798151
ˈu	ˈo	3.0203207404349337
ˈe	ˈe	2.9959481614120698
w	β_e	2.8727315367158273
<#_f	<#	2.8678995478825993
w	ˈe_β	2.834528081758478
t	ð	2.7490400730930347
r	ˈe_ɾ	2.704187600368541
r	ɾ	2.6922732185465685
z	s	2.4887685211280415
ˈo	ˈo_ɾ	2.4393925514008266
ə	e	2.336611803079834
#>	e_#>	2.1847654365636875
ˈi_w	ˈi	2.1749207289251404
k	ˈe_ɣ	2.1194911624640254
k	ɣ_o	2.0964314691255175
w_ɾ	ɾ	1.8991791982991435
ʎ	ʝ	1.6559687160623628
ɾ_ə	ɾ	1.6307922403770074
ˈɛ	ˈe_ɾ	1.4463306511735037
ˈi	j	1.30433472896055
<#_ʒ	<#	1.267970000576925
ʒ_ə	e	1.0940278732224042
s	s_o	1.038940803618411
f_ˈa	ˈa	0.9471598482705279
s	o_s	0.921921827748795
ˈɛ_w	ˈe	0.8689216968056325
p	β	0.7698469677371604
k	ɣ	0.7383461311687592
w_ɾ_ə	ɾ	0.7202041249653102
#>	o_#>	0.6567189650311006
#>	ɾ_#>	0.5948744599591376
w	β	0.5514341070341342
ˈe	ˈi	0.4249787965304274
ˈi	ˈe	0.22953156345053527