Phone1	Phone2	PMI
j	ʎ	7.114870813129809
ð	ʒ	6.758420282978607
ɲ	ɲ	6.6429222433946045
ŋ	w̃	6.272959905538741
ɡ	ɣ_u	6.184809976990087
ˈæ_ŋ	ˈẽ	5.979677855833312
ˈɛː	ˈɛ	5.880315645951962
m	m_ɨ	5.803309536801896
b	b	5.801222267246884
l	l_u	5.78880897672754
f	f	5.742642268783858
d	d	5.640322297480724
ˈe	ˈi	5.578189172584132
v	v_ɨ	5.496505270852529
p	p	5.460749007018611
ˈo	ˈu	5.421430800524038
n	n	5.406736594134515
ˈuː	ˈu	5.401428989344603
ɡ	ɡ	5.288060692983729
ˈɔ	ˈɔ	4.964281034757662
ˈa	ˈɐ̃	4.906118506713449
m	m	4.846718578683885
θ	s	4.838082049217123
v	β	4.811534724656885
z	ʃ	4.762422990635112
ˈa_ŋ	ˈɐ̃	4.73652295594839
ˈiː	ˈe	4.704940802202321
l	ɫ	4.677981827142903
d	ð	4.654470615753329
e	ˈe	4.644930390707717
ˈa_j	ˈe	4.639946780654886
ˈaː	ˈɐ	4.618356870859822
l	l	4.489368915076303
ɡ	ɣ	4.481192602044823
k	k	4.474403497834589
e_n	n	4.471152904289095
ˈʌu̯	ˈɔ	4.28984533491257
v	v	4.229583093080186
e_r	ɾ	4.18018833951519
ˈɛ	ˈa	4.126780992737814
r	ɾ_u	4.0329992835406525
ˈaː	ˈa	3.992798084141336
ˈɔː	ˈo_w	3.95652183254785
ŋ	ɲ	3.9499528374204464
w	w	3.934049875742716
ˈɔː	ˈɔ	3.932985615819947
ŋ_t	t	3.920391358595544
t	t	3.905561956310626
u	u	3.841967433596897
ˈɛ	ˈɛ	3.831813909557309
<#	<#_i	3.813227082186534
ˈʌ	ˈo	3.786903581899168
s	ʃ	3.722900215793981
a	ɐ	3.646196174868998
t	t_ɨ	3.589488185377608
s	s	3.5683570919708987
ˈɔ	ˈo	3.495136893207813
ˈʌu̯	ˈo	3.466178738930961
ˈɔː	ˈo	3.459011266439145
ˈiː	ˈi	3.4140097848629303
r	ɾ	3.334736636947765
t	j_t	3.279754287447309
ˈo	ˈo	3.1532559048167106
s	s_u	2.9261434292510216
r	ʁ	2.906321047329989
k	k_u	2.861661903970422
p	p_u	2.671800573234899
#>	j̃_#>	2.578075723345443
ˈa	ˈɐ	2.401419743407548
t	ð	2.383987722366377
b	v	2.286714786257094
ˈa	ˈɛ	2.276942038335998
e	j̃	2.0894398382897115
ˈuː	ˈo	1.8401373654365747
ˈɛ	ˈɐ	1.7639987586204566
n_a	ɐ	1.762823771155966
ˈe_ŋ	ˈĩ	1.535130463528024
e	u	1.5313210805673718
#>	ɨ_#>	1.5130909907919092
ˈa	ˈe	1.36905004994874
t	j_t_u	1.2465165882337224
t	t_u	1.1556874414543834
#>	ʃ_#>	1.007377247061266
l_#>	#>	0.9909548603969932
ŋ_k	k	0.9527710884703288
r_e	ɾ	0.7831717071593387
#>	u_#>	-0.356399516810012