Phone1	Phone2	PMI
ɡ	ɡ	7.162550663672859
b	b	7.016672827563914
f	f	6.178624398599985
d	d	5.737872952432413
a	a	5.631421932007976
j	v	5.605476321437547
t_i	t	5.548644620648815
u	u	5.461935633036137
w	w	5.193523143844812
p	p	4.932851523985995
ˈi	ˈi	4.918730183073152
r_i	r	4.872730384633936
m	m	4.862059721400378
ˈo	ˈɒ	4.8566932378611805
ʤ	ʤ	4.826534082119111
t	ð	4.75418174350578
ç	f	4.612894886962255
ʦ	s	4.392579955233865
t	t	4.329668961496283
n_i	n	4.279407141074446
ˈu	ˈo	4.268537751430869
o̯ˈa	ˈu	4.242888611758004
ʣ	d	4.237015044541899
n	n	4.055268168035427
ˈa	ˈa	4.021354004368501
l	ʎ	3.994305039138686
e̯ˈa	ˈe	3.977976881679672
ˈɨ	ˈa	3.960074454055804
k	k	3.9293607007197897
o̯ˈa	ˈɒ	3.898823983263676
i	e	3.872012792352157
ə	ɞ	3.831863403423265
s	s	3.7798412551135687
ə	ɐ	3.7643200719566177
ʎ	ʎ	3.762536916190966
ˈu	ˈu	3.748525137800708
n_#>	#>	3.740175623015947
ʎ	l	3.725138234157805
ˈe	ˈæ	3.721532254066744
e̯ˈa	ˈæ	3.629441032607552
ə	ɜ	3.5086840516101354
i	i	3.442811569192657
r	ɾ	3.3265867236550632
ˈe	ˈe	3.320375856538057
ʃ	s	3.3028744859119548
<#	<#_e	3.2820671278809206
v	v	3.2353112312560404
l	l	3.122032175810824
i	ɜ	3.1043421610189528
<#_a	<#	3.034636240551108
ɲ	m	2.890172517062335
n	ɲ	2.889299385041575
ˈɨ_n	ˈa	2.827440949896052
k	ɣ	2.728597903428016
r	l	2.4325575823011976
ˈu	ˈɒ	2.4282814318912647
i	ɐ	2.411407486691174
r	r	2.339817171098092
ʣ	ʤ	2.243726130643924
k_ʎ	ʎ	2.1176694214034946
u_#>	#>	1.6799639482164843
ˈi	ˈæ	1.6788656653936869
k	p	1.6351294493083772
#>	s_#>	1.6307262388203323
r	d_ɾ	1.5804909777629097
ə	a	1.5161277943763527
k_ʎ_u	ʎ	1.0735020678976088
ˈi	ˈe	1.0568300216730613
t_u	t	1.0338673732961374
m_i	m	1.0293302571990166
a_r	r	0.975291128312174
e_#>	#>	0.9509775004326938
n	ŋ	0.7170859227640196
ˈa	ˈæ	0.6766400162680639
#>	k_#>	0.4217791136089506
i_#>	#>	-2.1859028726960044