Phone1	Phone2	PMI
i	i	6.616056034225301
ɲ	ɲ	6.416452107050949
f	f	6.265934675357386
b	b	6.151955166541408
t	t_o	5.690941914196449
ɣ	ɡ	5.569245594241803
ɾ	a_r	5.5177854855484165
ð	d	5.508615941850193
t	t_e	5.419082924726079
m	m	5.3881607216048275
d	d	5.337007311246208
ɡ	ɡ	5.299134075126683
k	ɡ_o	5.255109396427225
ˈu	ˈu	5.151060007301736
n_d	n	5.083911339889646
v	v	5.069516829827181
ˈi	ˈi	5.0609150521077195
ʤ	z	4.9847201341002005
p	p	4.9484772199533085
<#_e	<#	4.791457309063762
l	l	4.707029785610213
ˈi	ˈi_ŋ	4.701439988214156
ŋ	ŋ	4.67786884076119
β	v	4.646057709328576
k	k	4.594980847280998
ˈo	ˈo	4.583942498292301
ˈɒ	ˈɔ	4.541501450307043
w	w	4.448852086922993
w	z_e	4.384761873160987
ˈæ	ˈe	4.379077092914571
ˈe	ˈɛ	4.360511753116314
s	s	4.295520498193925
e	e	4.280780517893082
s	s_o	4.272934805058981
n	n	4.248663996364022
ɾ_ɞ	r	4.163458128834779
ˈa	ˈa	4.096147188852965
l	ɰ_o	4.053759771018963
ʎ	ɰ	3.9842511773271183
w	v_e	3.9347116180884862
k	k_o	3.916775641696384
ˈɒ	ˈo	3.7732565562119205
t	t	3.757485851846252
ɐ	a	3.743279825761826
a	a	3.738700470775648
l	j	3.7258252661246667
ɞ	a	3.6739928275950198
r	r	3.646522373615648
ɜ	a	3.574856385502563
ˈe	ˈe	3.55539090687626
l	ɰ	3.4872962505361875
ʎ	ʧ	3.4687442431500792
ʃ	s	3.421239603864899
ɾ_e	r	3.3693574081136073
#>	i_#>	3.34949711087246
ɾ_ɜ	r	3.328882585406183
ˈæ	ˈɛ	3.2731400064387643
u	o	3.25715191956459
ɾ	r	3.2564324841224277
r	r_o	3.1889673659170645
n	ŋ	2.972159993652781
s	r_s	2.937481902568898
t	d_o	2.8937784709188974
#>	ŋ_#>	2.7077947828014217
ˈu	ˈu_n	2.522556069279387
ˈa	ˈa_ŋ	2.5095352968131452
ɡ	ʤ	2.399968619902378
ʎ	ʧ_o	2.3973634143694307
ˈu	ˈɔ	2.3201207479277843
<#_ʎ	<#	2.2555365696356287
ˈo	ˈo_ŋ	2.2488368371105576
ˈu	ˈo	2.0453397855774695
β	b	1.8971946291436097
<#_a	<#	1.868970136788598
ʎ	o	1.7090947042160793
ʎ_ɜ	a	1.651276000897326
w	e	1.5977341275244543
ɲ	n	1.4812724258388528
#>	e_#>	1.4282425104218426
#>	n_#>	1.334485068394299
ʎ	ˈɔ_ʧ	1.293912549103437
<#	<#_z	1.2171414913180625
ˈo	ˈu	1.1668646164949292
s_#>	#>	1.1595805168298086
t	ˈɔ_t	1.1093293451965183
ˈæ_w	e	1.1052219150821454
ʎ_ˈe	ˈe	1.0460725620467786
i	j	0.9885270840296169
ˈi	ˈɛ	0.9857488075660061
ʎ	j	0.947573700382071
e	i	0.8431876322871412
w	z	0.7335638065586215
k	ɡ	0.7110048890329255
w	v	0.6603382267990421
ʎ	ˈɛ	0.3847543273105111
t	d	0.31775444033105354
#>	o_#>	0.1843314800228382
<#_k	<#	-0.14786273718185938