Phone1	Phone2	PMI
o	o	7.305417511384529
ʧ	ʧ	6.144638588002857
n_u	ŋ	5.850239010661955
n_i	ŋ	5.830756873465935
ɡ	ɡ	5.769608352413511
p	p	5.293858012504412
j	ˈɔ	5.28760548979312
ˈe	j_ˈɛ	5.252564434953881
ĕ_#>	#>	5.145476629572318
ŋ	ŋ	5.105410157286848
m	m	4.946148318751027
w	w	4.933869230745288
ˈa_r	ˈaː	4.875291947030664
ð	d	4.851354963876789
f	f	4.842041269363344
ˈu	ˈu	4.794147828737278
t_u	t	4.789082074691037
b	b	4.758251284056881
ŭ_#>	#>	4.745253905510177
t_i	t	4.732824852613033
l_u	l	4.61695725116871
k	c	4.598952082294261
i_r	i	4.596234556598806
ˈi	ˈeː	4.5361422726012455
d	d	4.484131889687894
r_u	r	4.440932377372746
n	n	4.409992211385656
k	k	4.384769287357016
m_i	m	4.349796393758145
b	v	4.342030600852195
i	i	4.254477438649807
ˈo	ˈoː	4.135473544474951
z	s	4.11352065578552
ˈi	ˈi	4.108628199064754
s	s	4.095983794248183
ˈo	ˈɔ	4.0488816630197295
u	i	4.039192924395002
t	t	4.020689995182356
ˈo	ˈuː	4.018481044330719
e	a	4.007623459413618
ˈu	ˈo	3.921567853548544
l	l	3.905013317076699
<#_i	<#	3.889050923667289
ˈo	w_ˈa	3.809326940471488
ˈa	ˈa	3.799401662231983
ɣ	ɡ	3.798303366239904
u	l_i	3.7467843396308416
ˈi	ˈe	3.676369376867483
ˈu	ˈuː	3.667555519002992
ˈa	ˈaː	3.59149697789787
r	r	3.564409342321372
a	e	3.5633851737756594
ˈe	ˈe	3.546900562639028
ˈo	ˈo	3.4045233782993467
e	i	3.319087071564357
a	a	3.241386842820134
ʃː	s	3.134286312222266
ˈi_ʣ	ˈi	2.989867052855834
ˈo	w	2.971823631842771
ʒ_i	s	2.9464853455175013
ð_u	t	2.9221386558461964
i	ˈiː	2.909366180937709
u	w	2.8809028197186115
ɖː_u	l	2.647513659792296
ɣ_u	k	2.534858757495763
e_#>	#>	2.487646343285052
ˈe	ˈi	2.38536519759631
e	e	2.3620165826056896
ˈe	ˈɛ	2.344905462341014
ˈu	ˈoː	2.3321774167678515
ˈe_ɖː	ˈɛ	2.232258359143266
j	j	2.1850469792181326
n	ɲ	2.184617215066005
e_r	i	2.170168535535781
β_u	f	2.1230906030621
ɖː	l	2.073690341627069
ˈe	ˈiː	1.704146105072668
rː	r	1.691284013594559
d	t	1.6305045744965232
k	ɡ	1.305922149313956
ŏ_#>	#>	1.2863691573930796
ð	t	1.074569027365767
r	l	1.0612983362058
ˈo	w_ˈi	1.043391707057164
r_i	r	1.0332434452550538
β	f	0.9986931739645836
β	v	0.972664316134224
l_i	l	0.9327599365344652
#>	l_#>	0.8661733393089629
r	ˈa_r	0.7992746084623741
a	l_e	0.7155109506626764
i_#>	#>	0.705907332416895
<#_ˈo	<#	0.6523841571046172
<#_a	<#	0.6523841571046172
<#	<#_v	0.1109293752587368
u_#>	#>	-1.1135405968338157