Phone1	Phone2	PMI
ˈɐ̃_w̃	ˈãː	6.528867209536988
ɡ	ɡ	6.489842833898932
ʒ	ʤ	6.429571781107977
ˈi	ˈi	5.970548047354325
ˈɐ_j	ˈe	5.929589460247463
ˈõ	ˈũː	5.652380173380628
ɲ_u	ɲ	5.638693345064616
u	u	5.61974630760451
w	w	5.551284606525808
ɲ	ɲ	5.44617816883548
b	b	5.324498924163111
d	d	5.284774626739192
β	ʋ	5.234193748693159
t_u	t	5.144175939821974
ð	d	4.988607734675173
m	m	4.969877289443486
p	p	4.958194939896932
ˈɐ̃	ˈãː	4.897440256932846
f	f	4.8498219039134565
ˈa	ˈaː	4.757372883487093
v	ʋ	4.624268945880771
ˈe	ˈe	4.5398791207815785
ʃ	s	4.53703107470923
ˈɔ	ˈu	4.531973778295797
n	n	4.520171447235708
ˈa_ɾ	ˈa	4.467618407730106
ɾ_u	r	4.461534821510023
ˈu	ˈy	4.402976234131437
s	ʦ	4.372205284528644
l_u	l	4.355404650759822
t	t	4.3075734574785605
ɨ	e	4.251434454898324
ˈĩ	ˈĩː	4.170829233700536
ˈo	ˈu	4.158624836201207
ɫ	l	4.136652650745269
ˈɐ	ˈa	4.103691411880875
s_u	s	4.071570230465313
ˈo	ˈɔ	4.069427736044638
ˈẽ	ˈẽː	4.050794646626369
l	l	3.9661951327699168
k	k	3.959527525821703
t_ɨ	t	3.6857087293461497
ˈɛ	ˈɛ	3.62374618756964
ˈa	ˈa	3.618315623531032
ɾ	r	3.602424265641316
ʁ	r	3.499058449170517
s	ʧ	3.4350172548394493
ɐ	a	3.414511154092733
ˈɔ	ˈɔ	3.4079721418076643
ˈu	ˈu	3.398913596863548
ɐ	n_a	3.392928027336785
s	s	3.294315312427887
ˈe	ˈɛ	3.136955337733003
ˈɛ	ˈe	3.0583085586221723
ɣ_u	k	2.847895314015653
k_u	k	2.674754593362482
ˈo	ˈøː	2.638027720223757
v	b	2.4289852033704102
ˈe_ɾ	ˈɛ	2.2410565484022174
ˈu	ˈyː	2.22490255000609
j	j	2.16721682667965
u	ˈɛ	2.0232403316037506
u	ˈy	1.9061429190577588
ˈo	ˈø	1.8698656705255063
<#_ɐ	<#	1.816567794477144
ʃ_u	s	1.68099101736949
ɨ_#>	#>	1.6540987326411152
z	z	1.51122289255419
v	f	1.5045169112738594
ʎ	ˈø	1.398326765286129
w	l	1.3775009785086618
ɣ	ɡ	1.31122289255419
#>	ʧ_#>	1.228346532287858
#>	r_#>	1.180203087656207
ˈɐ̃_w̃	ˈũː	1.1588176253596991
j	ʧ	1.1531385302596848
j_t	ʧ	1.138778006743461
ð	t	1.1008461210669749
v_ɨ	f	1.0097804051654642
ɣ	k	0.9736072261278956
ˈo_w	ˈɔ	0.9698520745317774
j	e	0.8609151391549972
ɾ	e_r	0.8462690000802391
d	t	0.6708407811630708
ɾ_#>	#>	0.447931149590782
ɨ	a	0.3634525839914283
u_#>	#>	-0.8698103123280778