Phone1	Phone2	PMI
ˈɛ	j_ˈe	6.957967208034257
ˈu	ˈu	6.639079622982242
ɡ	ɡ	5.619825172650733
p	p	5.530173496264381
ˈi	ˈi	5.490073478831158
d	d	5.424402031159026
m	m	5.22951618030062
ŋ	n_o	5.177505998267885
j	j	4.885510106564668
l	l	4.862763109102864
v	β	4.805136641486065
ʧ	x	4.751698807040568
t	t_e	4.682545120422132
θ	θ	4.676624982290083
t	t	4.485621930110242
s	s	4.397165105774713
d	ð	4.34471925208318
ˈa	ˈa	4.293245435423845
ɡ	ɣ	4.265264650243919
ˈɔ	ˈo	4.263189999984871
v	b	4.180565291928959
b	b	4.14777586421512
k	k	4.133074121601432
b	b_w	4.054520466835849
ˈɔ	w_ˈe	4.024823107509549
e	e	3.975756964653557
ˈo	w_ˈe	3.973271849704468
n	n	3.9572762994771993
j	x	3.811199577742216
ð	x	3.761196645193936
ŋ	ŋ	3.73718243283056
ˈo	ˈo	3.724999428093294
o	o	3.712337204950181
f	f_w	3.616453989903567
z	θ	3.508124099891632
r	r	3.5012745524382503
a	a	3.3810172090415027
ŋ	n	3.353446576292321
ˈa	ˈa_ð	3.278792377546964
r	ɾ	3.239975085712713
t	t_o	3.2021653681459514
i	i	3.134870334065597
w	w	3.1236868431769573
ˈe	ˈe	3.0082809521751823
r	ɾ_o	2.923555384390225
t	ʧ	2.4688154257127457
s	θ	2.4646939987036203
l	l_o	2.380566843552016
<#_f	<#	2.3532651819366808
n	ɲ	2.3268691222408626
#>	s_#>	2.3185597721370104
l	ʝ_o	2.1598800751625653
<#	<#_e	2.1376561977794792
z	s	1.979225979318001
b	β	1.896712288232112
ˈe	j_ˈe	1.8918835912566128
s	x_o	1.845194246245996
ˈe	ˈe_ð	1.8272499277348309
i	e	1.694421331011594
ˈɛ	ˈe	1.6739133530852297
e_r	ɾ	1.6366540434932997
f	f	1.5254580429595737
j	ɟ͡ʝ	1.4632822179839595
e	ˈe	1.389750406373425
ˈu	ˈo	1.3860366683229697
θ	θ_j	1.34442197044252
v	b_j	1.2684427615650382
l	ʝ	1.231091675680816
ŋ	m	1.1754063685106886
ˈo	ˈu	1.1680343217937068
ʧ	ɟ͡ʝ	1.0914730426711112
l	l_w	1.0592815625807628
ɡ	ˈe_ɣ	1.0433834936507551
s	e_s	1.0408246967604504
t	ʧ_e	0.9568349718478176
n	n_o	0.95103321528159
r	ð_ɾ	0.9095880839137988
t	ð	0.8990660536057109
ˈe_l	ˈe	0.8867998749824674
ˈo	ˈo_β	0.8554350213935953
ð_e	e	0.8502898589523407
t	ʧ_o	0.8398424717035866
e_#>	#>	0.7847040148060839
k	k_o	0.7022426139427963
ˈe	ˈi	0.6942341079428966
<#	<#_o	0.6448987887963472
j	l	0.4178116744215766
ˈo	w	0.4170714790081214
ˈo	ˈe	0.4055415942634396
o	e	0.3853532385813927
d	θ	0.3614137367335177
t	d	0.3472721232132019
ˈɔ	ˈe	0.1651929629608735
e	a	0.154973972255888
ˈe	e	0.0376180689302881
<#_p	<#	0.0109137885078846
#>	o_#>	-1.6932808407674165
#>	e_#>	-0.5616756481852403
ˈa	ˈe	-0.0057412104175693