Phone1	Phone2	PMI
f	f	8.153459645038943
ˈɛ	j_ˈe	6.747237448670495
t	t_e	5.961837200511079
ˈu	ˈu	5.850922412489208
l	ʝ_o	5.840846103332069
ˈɔ	w_ˈe	5.577040792760247
d	d	5.521412365646291
ɡ	ɡ	5.497417645640332
p	p	5.4425464704032915
m	m	5.423092301463971
ŋ	n_o	5.318059233095798
ˈi	ˈi	5.303876013169762
ɡ	ˈe_ɣ	5.224985008897058
ɡ	ɣ	5.187803115423349
ŋ	ŋ	5.175698079931604
j	j	5.166696945375183
b	b	5.060881402884359
z	θ	5.016229825135299
#>	s_#>	4.947579277691941
θ	θ	4.90088233478552
k	k	4.516391791381798
e	e	4.446179309953441
s	s	4.426369828689427
l	l	4.359818728486359
t	t	4.2899727246201325
ˈa	ˈa	4.269317415070912
p_j	ɟ͡ʝ	4.255421813564018
d	ð	4.242295338323757
<#	<#_o	4.238408816041572
n	n	4.216067178370489
v	β	4.191351763391101
v	b	4.16506920742744
ˈo	w_ˈe	4.150296801941071
t	ʧ	4.019416285945521
ð	x	3.7748362924656695
ˈo	ˈo	3.769746075777608
a	a	3.7440756653061964
ˈɔ	ˈo	3.6924327017919536
r	r	3.6536286263081585
ʧ	x	3.490695659695002
ˈe	ˈe	3.484193702395429
r	ɾ_o	3.451950822672891
ŋ	n	3.4310992297322502
o	o	3.4200410662985568
ˈa	ˈa_ð	3.2925773151771986
w	w	3.288650414970456
l	l_o	3.217471578904965
r	ɾ	3.1477218726833036
ˈo	ˈu	3.071232966566589
j	x	2.8840970331806277
t	ð	2.813666816341881
r	ˈe_ɾ	2.8093443173043693
e_r	ɾ	2.516457561094465
s	e_s	2.4700492594948305
<#	<#_e	2.415091739513959
<#_f	<#	2.3844857002405337
n	ɲ	2.332809914159492
t	t_o	2.317924444580753
s	θ	2.2749620304289686
ˈɛ	ˈe	1.8231483113596414
#>	e_#>	1.7716262523520425
ˈo	w	1.50779997775547
ˈe	j_ˈe	1.4686697931789836
t	ˈe_ʧ	1.2603918387226525
<#_j	<#	1.2444784842672898
a	x_a	0.9418692246779846
e_#>	#>	0.8889569685345793
l_#>	#>	0.5378774375349535
ŋ	m	0.5004571911734844
o	ˈo	0.26258072218151374
#>	o_#>	-0.17074669683385255