Phone1	Phone2	PMI
ˈɛ	j_ˈe	7.842265511797445
f	f	6.305807407951902
ˈu	ˈu	6.07307944883235
j	j	5.716196781821464
ɡ	ɡ	5.529338822264987
t	t_e	5.463626825722383
p	p	5.445199530291329
d	d	5.414725320488117
ˈi	ˈi	5.290849240698607
m	m	5.277624468013635
ɡ	ˈe_ɣ	5.191295558971008
ŋ	n_o	5.131809071174734
ˈɔ	w_ˈe	5.123470761352373
ɡ	ɣ	4.961918369174656
θ	θ	4.941742532355583
ŋ	ŋ	4.844081807270063
b	b	4.772145487058007
l	l	4.646709210544938
s	s	4.641680034745773
t	ʧ	4.626862341623476
#>	s_#>	4.388407421047986
k	k	4.366140847437923
e	e	4.3359199786679
d	ð	4.28822841131948
v	β	4.282218335102457
n	n	4.182861333848571
ˈa	ˈa	4.1625419918673865
ˈo	w_ˈe	4.029322564817939
z	θ	4.019929373841829
ð	x	4.012559115675138
t	t	3.9115355134310734
v	b	3.9034920949967593
ˈɔ	ˈo	3.852259244827565
ˈo	ˈo	3.807289489064096
a	a	3.6788648337649024
ʧ	x	3.483581706365864
o	o	3.452158126159803
r	ɾ	3.393373001265152
ˈe	ˈe	3.347461373189492
ˈa	ˈa_ð	3.1974585134991136
ŋ	n	3.1891239141112515
w	w	3.1751992251952124
r	r	2.7981537756042294
<#	<#_e	2.77656272392548
r	ɾ_o	2.699580043312552
t	ð	2.678063769411441
n	ɲ	2.516089616759305
i	e	2.3804854654761787
l	l_o	2.314378001417686
s	θ	2.136043779008429
t	t_o	2.1348314207639936
ˈe_l	ˈe	2.121386965396292
f	f_w	1.8962738101428065
ˈo	ˈu	1.7799777006936637
ˈo	w	1.595960992100554
<#	<#_o	1.5110430314654208
b	b_w	1.460409070253894
<#_f	<#	1.377522357626044
ˈe	j_ˈe	1.3170026396129462
j	ɟ͡ʝ	1.195613930895705
j	x	1.0393313582968609
e	ˈe	0.9536962684572112
e_r	ɾ	0.8257459200333264
o	e	0.6971782439379088
ˈu	ˈo	0.6163528221129327
e_#>	#>	0.4444784842672896
ŋ	m	0.3464657606263986
#>	e_#>	0.2862242241630583
ˈo	ˈe	0.0921014144354586
#>	o_#>	-0.3513488365468118