Phone1	Phone2	PMI
f	f	6.864282553877173
ð	x	6.836705912634877
ɡ	ˈe_ɣ	6.518982742295449
f	f_w	6.51535102700956
ˈɛ	j_ˈe	6.237100061685376
ˈu	ˈu	5.953028564571795
ʧ	ɟ͡ʝ	5.943266245839474
ɡ	ɡ	5.667844287850003
p	p	5.505241511320592
t	t_e	5.5045322092347
w	w	5.463843127583157
d	d	5.414734236034728
ˈa	ˈa_ð	5.272049448279446
ˈi	ˈi	5.242916299489346
m	m	5.236582884260603
ʧ	x	5.225523318723021
t	t_o	5.168917828212172
t	ʧ_o	5.100947827635247
j	j	4.999887624554111
i	i	4.969028808582533
z	θ	4.935102832764104
ɡ	ɣ	4.924874984769871
θ	θ	4.811625312985001
ˈɔ	w_ˈe	4.769389148981087
ŋ	n_o	4.765682932001377
ŋ	ŋ	4.764131245236759
b	b	4.607409063156455
#>	s_#>	4.554422420759523
s	s	4.507515174312688
l	l	4.451550487402202
l	l_o	4.301496891544752
k	k	4.299729185367283
d	ð	4.299031483104917
v	β	4.210153681993233
e	e	4.176315709615648
ˈa	ˈa	4.148890196098988
n	ɲ	4.01064145550951
n	n	3.997373960264194
θ	θ_j	3.978016586782077
ˈo	w_ˈe	3.884452563657125
ˈe	ˈe_ð	3.8239856727638974
t	t	3.81940827474227
v	b	3.813401311769913
a	a	3.751024248327055
ˈɔ	ˈo	3.7415942078375526
j	x	3.724825005911679
ˈo	ˈo	3.721043241491065
ˈo	ˈo_β	3.7026288396818434
s	x_o	3.6483302543033256
v	b_j	3.527202506575921
r	r	3.503244381998053
l	ʝ_o	3.3391248444651707
r	ɾ	3.319217700551038
o	o	3.30886544842894
r	ɾ_o	3.277324805266542
ˈe	ˈe	3.2642224494991927
k	k_o	3.2044248917825
ŋ	n	3.061382463930782
t	ʧ	3.014369772516412
ˈɛ	ˈe	2.968328844800065
<#	<#_e	2.9380337083370005
b	β	2.754062886708924
t	ð	2.622943389247661
z	s	2.499512449238162
f	β	2.496042726273469
ˈo	ˈu	2.367123990403876
ˈo	w	2.3407023063833208
t	ʧ_e	2.2525732217113297
<#	<#_o	2.1495720470539
s	θ	2.096760119304479
i	e	1.8945440314608049
j	l	1.814776203578517
e_r	ɾ	1.761071180959329
ˈu	ˈo	1.738762894465547
l	ʝ	1.7055922295042227
e	ˈe	1.6541717034731556
<#_f	<#	1.64062272277163
ŋ	m	1.5979803424484622
n	n_o	1.4897393825198904
ɲ	ɲ	1.456437156706256
e_#>	#>	1.3099439364922332
e	e_ˈe	1.3004963951278734
ŋ	ɲ	1.2700567069057702
ˈi_v	ˈi	1.1500514517302132
t	d	1.1451169874916345
v	ˈe_β	1.1158732118890176
s	e_s	1.0813530669729623
ð_e	e	1.0762046897970694
ˈe_l	ˈe	0.972393856922892
o	e	0.8708799260556543
ˈe	ˈi	0.800357770401816
ˈɔ	ˈe	0.6936286790749927
ˈɛ	ˈi	0.6718707288107479
ˈe	j_ˈe	0.559403347820198
ˈi	j	0.4845755543502876
o	ˈo	0.4064338038748003
<#_p	<#	0.0090880306000333
#>	o_#>	-1.0867757937185287
#>	e_#>	-0.1595395139361176