Phone1	Phone2	PMI
ˈɛ	j_ˈe	6.562586730117965
ˈu	ˈu	6.446441448182392
ɡ	ɡ	5.726399393298372
d	d	5.5989144691018335
m	m	5.4725235102826995
p	p	5.364383341835843
ˈi	ˈi	5.327269235780335
j	j	4.987399215850375
l	l	4.8989081272071635
θ	θ	4.8756056072526
ŋ	ŋ	4.8489505571604425
ŋ	n_o	4.787594989791081
l	l_o	4.659503218916139
ɡ	ɣ	4.465130448492424
k	k	4.369981690575232
s	s	4.361043019785476
t	t_e	4.3397606478767665
ʧ	x	4.244762629576628
d	ð	4.226415173851821
v	β	4.225471700035763
ˈa	ˈa	4.217194792129035
t	t_o	4.192367529043525
ˈɔ	ˈo	4.180805631862112
b	b	4.1493633183379055
ˈo	w_ˈe	4.114931188207698
z	θ	4.09266536502283
t	t	4.06211930362461
n	n	4.054093342901209
ʧ	ɟ͡ʝ	3.860668612640187
e	e	3.8148454058088226
ˈo	ˈo	3.7552593339324427
t	ʧ	3.6530028276380397
o	o	3.5567066981141395
f	f_w	3.5240865280192737
v	b	3.469484874951045
a	a	3.425855749130542
r	r	3.408430943656077
r	ɾ	3.3576317715824513
ˈe	ˈe	3.1654468093572428
w	w	3.1636274456750764
ŋ	n	3.14084677861872
<#	<#_e	3.1400113248227104
f	f	3.1227714204846944
ˈa	ˈa_ð	3.1123763288038715
ˈɔ	w_ˈe	2.853533817123706
b	b_w	2.822805793063722
ɡ	ˈe_ɣ	2.751832683533772
ɲ	ɲ	2.7041462367520395
#>	s_#>	2.548756508066151
ð	x	2.4313442253398923
i	i	2.3708605405768246
n	ɲ	2.3515942331722073
v	b_j	2.315014096069145
<#_f	<#	2.252165170337996
s	θ	2.2299838527994282
j	x	2.109975505883943
ˈɛ	ˈe	2.0949665020485684
ˈe	j_ˈe	2.0767949396276846
i	e	1.9413814781109235
e	ˈe	1.9158442620982292
s	x_o	1.8695871902191856
ˈo	ˈu	1.8203643931964852
b	β	1.8015982212450676
t	ð	1.742189446074859
a	x_a	1.4731776169129036
r	ɾ_o	1.461421605968234
j	l	1.4596130946568238
ŋ	m	1.3608550854474795
j	ɟ͡ʝ	1.3573404363043173
ˈu	ˈo	1.3269287368294975
e	e_ˈe	1.2921391784949683
f	β	1.1563726192614934
v	ˈe_β	1.1557167821485268
s	s_o	1.0865775299844647
ˈo	ˈo_β	1.0367206891307108
z_e	θ	0.9943293178714457
ð_e	e	0.9873174903419863
t	ʧ_o	0.9706909687922447
r	ˈe_r	0.9471617058725472
k	k_o	0.92174684809415
t	d	0.879631681569108
ˈe	ˈe_ð	0.8666574328319818
r	ð_ɾ	0.8646846362933844
ˈo	w	0.858295377714745
e_r	ɾ	0.8242924525331101
ˈe_l	ˈe	0.8228670836172405
o	e	0.7966539476059732
e_#>	#>	0.6651860050889716
<#	<#_o	0.6436360340099068
ˈɛ	j	0.6118794143672751
z	s	0.567689324934767
ˈɔ	ˈe	0.5650853856502432
ˈe	ˈi	0.3969806104578336
o	ˈo	0.25290661879239373
ˈo	ˈe	0.24441291068597723
ˈa	a	0.12556953085320602
#>	o_#>	-1.3727636569831325
#>	e_#>	-0.33400442182898