Phone1	Phone2	Surprisal	OOV_Smoothed
a	ɐ	0.5446724393983732	5.058711420279696
a	a	1.916661910672405	5.058711420279696
b	b	-0.0	5.058711420279696
d	d	-0.0	5.058711420279696
e	ɪ	0.9191622661100968	5.058711420279696
e	e	1.257681182911721	5.058711420279696
e	-	4.99068486315462	5.058711420279696
f	f	-0.0	5.058711420279696
i	i	-0.0	5.058711420279696
j	j	0.9642771407487004	5.058711420279696
j	-	1.0366299071981802	5.058711420279696
k	k	-0.0	5.058711420279696
l	l	0.28764671709549033	5.058711420279696
l	-	2.4678309694231118	5.058711420279696
m	m	-0.0	5.058711420279696
n	n	0.8092788633891799	5.058711420279696
n	-	2.2230613558018457	5.058711420279696
n	ŋ	3.201482670417903	5.058711420279696
n	ɲ	3.231893914228815	5.058711420279696
o	ʊ	0.35516693194048615	5.058711420279696
o	o	2.3902598861812336	5.058711420279696
p	p	-0.0	5.058711420279696
r	r	-0.0	5.058711420279696
s	s	0.0299578868096597	5.058711420279696
t	t	0.02056718833344641	5.058711420279696
u	u	-0.0	5.058711420279696
w	-	0.7379404351777963	5.058711420279696
w	w	1.3204670673361467	5.058711420279696
x	ɟ	0.7127148161550472	5.058711420279696
x	ʃ	1.3590861517333335	5.058711420279696
ð	ð	0.10709532365485404	5.058711420279696
ð	ð_ɪ	3.8050154095576456	5.058711420279696
ŋ	ŋ	-0.0	5.058711420279696
ɟ͡ʝ	ʧ	0.0895415190987683	5.058711420279696
ɟ͡ʝ	-	4.054604975714237	5.058711420279696
ɡ	ɡ	-0.0	5.058711420279696
ɣ	ɣ	-0.0	5.058711420279696
ɲ	ɲ	0.45081437101317856	5.058711420279696
ɲ	n	1.8977032992906617	5.058711420279696
ɾ	ɾ	0.08325166054160466	5.058711420279696
ʝ	l	0.09261158409496656	5.058711420279696
ʝ	ʃ	4.0074879917522095	5.058711420279696
ʧ	j_t	-0.0	5.058711420279696
ˈa	ˈa	0.3056618696388486	5.058711420279696
ˈa	ˈɑ	2.388891479052076	5.058711420279696
ˈe	ˈe	0.3028533162050797	5.058711420279696
ˈe	ˈi	4.078432913731716	5.058711420279696
ˈe	ˈɛ	4.184459157773058	5.058711420279696
ˈe	ˈa	4.677881109842854	5.058711420279696
ˈe	-	4.792127109801396	5.058711420279696
ˈi	ˈi	0.05013390031438464	5.058711420279696
ˈi	ˈɛ	4.871830446343982	5.058711420279696
ˈo	ˈo	0.5170065005653965	5.058711420279696
ˈo	ˈɔ	2.7107446003307127	5.058711420279696
ˈo	ˈo_w	3.002767353169999	5.058711420279696
ˈu	ˈu	0.17711270174405405	5.058711420279696
ˈu	ˈo	3.1136772832965307	5.058711420279696
β	β	-0.0	5.058711420279696
θ	θ	0.07980697941065124	5.058711420279696
θ	j_ʃ	4.771421588835629	5.058711420279696