Phone1	Phone2	Surprisal	OOV_Smoothed
a	ɐ	0.5548681010645125	5.058711420279696
a	a	1.8258917567109703	5.058711420279696
a	-	4.748010218467132	5.058711420279696
b	b	-0.0	5.058711420279696
d	d	-0.0	5.058711420279696
e	ɪ	1.0656376716260243	5.058711420279696
e	e	1.2461805409853022	5.058711420279696
e	-	3.680198896149552	5.058711420279696
f	f	-0.0	5.058711420279696
i	i	-0.0	5.058711420279696
j	-	0.5292574849769014	5.058711420279696
j	j	1.703272501751933	5.058711420279696
k	k	-0.0	5.058711420279696
l	l	0.22704636338092246	5.058711420279696
l	-	2.8749247237899067	5.058711420279696
m	m	-0.0	5.058711420279696
n	n	0.8519631670440977	5.058711420279696
n	-	2.4814659459560486	5.058711420279696
n	ɲ	2.6607608130902873	5.058711420279696
n	ŋ	3.200632037657623	5.058711420279696
o	ʊ	0.37543710641054645	5.058711420279696
o	o	2.29651731846558	5.058711420279696
p	p	-0.0	5.058711420279696
r	r	-0.0	5.058711420279696
s	s	0.04679750690031717	5.058711420279696
t	t	0.01903349353326729	5.058711420279696
u	u	-0.0	5.058711420279696
w	w	-0.0	5.058711420279696
x	ɟ	0.6599112725714362	5.058711420279696
x	ʃ	1.4458226599419324	5.058711420279696
ð	ð	0.16621586910188488	5.058711420279696
ð	ð_ɪ	3.199946444040682	5.058711420279696
ŋ	ŋ	-0.0	5.058711420279696
ɟ͡ʝ	ʧ	0.116841592120933	5.058711420279696
ɟ͡ʝ	-	3.6841670794056496	5.058711420279696
ɡ	ɡ	-0.0	5.058711420279696
ɣ	ɣ	-0.0	5.058711420279696
ɲ	ɲ	0.7998423586853016	5.058711420279696
ɲ	n	1.2324704162687075	5.058711420279696
ɾ	ɾ	0.08086185182267691	5.058711420279696
ʝ	l	0.08432866042326989	5.058711420279696
ʝ	ʃ	4.1385584785798795	5.058711420279696
ʧ	j_t	-0.0	5.058711420279696
ˈa	ˈa	0.27079667569930205	5.058711420279696
ˈa	ˈɑ	2.5467655209545064	5.058711420279696
ˈe	ˈe	0.2594029161648812	5.058711420279696
ˈe	ˈo	3.3422114933036435	5.058711420279696
ˈe	ˈi	4.272902438546622	5.058711420279696
ˈi	ˈi	0.03963724924585257	5.058711420279696
ˈo	ˈo	0.6445426279372778	5.058711420279696
ˈo	ˈɔ	2.572361327962151	5.058711420279696
ˈo	ˈo_w	2.630900241886809	5.058711420279696
ˈo	w	5.024099405962576	5.058711420279696
ˈu	ˈu	0.15175965378483797	5.058711420279696
ˈu	ˈo	3.3241209023121625	5.058711420279696
β	β	-0.0	5.058711420279696
θ	θ	0.14020948257259835	5.058711420279696
θ	j_ʃ	3.9896619056633553	5.058711420279696