Phone1	Phone2	PMI
v	v	5.938488079154099
ɡ	ɡ	5.471857572644175
b	b	5.3852656911889545
p	p	5.218859112034302
m	m	4.610155360416836
f	f	4.58770566774524
ˈɛ̃	ˈi_n	4.179003843179798
s	s	4.010936135719248
d	d	3.952893664881591
ʃ	k	3.9270882269993916
n	n	3.8121461746855387
l	l	3.763683904281633
t	t	3.752636397426704
a	ə	3.607836927108199
k	k	3.4781279058631367
ʎ	k_ʎ_u	3.4462696504518755
ʁ	r	3.150418865836936
ˈe	ˈe	2.924215835398165
ə	i	2.8624656215807174
ˈa	ˈa	2.851669806804643
ə	ə	2.8510654846954164
s	ʦ	2.2377106680713257
ˈi	ˈi	2.187492437253844
ʎ	ʎ	2.139447386682744
t	s_t	2.114833234078634
ˈɛ	e̯ˈa	2.0320799893765913
ˈaː	ˈa	2.007220067490449
ˈɛː	ˈe	1.972409901271385
o	u	1.9641824987912975
ˈɛ̃	ˈi	1.9630035076132404
j	ˈe	1.9472709633163807
s	ʃ	1.7358178456369895
ˈø	ˈu	1.6799960077574716
ˈɑː	ˈa	1.6721044869402417
ð_w	ʒ	1.625970969081331
ʎ	ʎ_u	1.5783164807576178
ˈɛː	e̯ˈa	1.5436050693938335
ˈa	ˈɔ	1.4940528203696481
ʁ	r_i	1.4907745327077273
ˈe	ˈa	1.4804203285387374
ʁ_o	u	1.4342626450804368
ˈo	ˈo	1.418501782658741
ˈe	ˈi	1.3558010701725849
l	r	1.3505517750347469
ˈoː	ˈo_s	1.3032783430153365
#>	k_#>	1.2959228020670337
v	p	1.245370058638171
ˈĩ	ˈi_n	1.2349983277923862
p	kʲ	1.2207883775204849
ˈe	ˈo	1.2171081432482307
ˈo	w_ˈo	1.1813781191217037
ˈɛ	ˈa	1.154675364754742
ˈɛː	ˈa	1.123351800729984
w	ˈo	1.0645520357896476
<#_f	<#	1.0266015883464301
ˈoː	ˈu	1.0181364239291364
ʒ	j	1.0001305311074864
t	p_t	0.9869354619256441
#>	n_#>	0.980941034855587
ð	t	0.9681814963537262
ˈɑ̃	ˈɔ	0.958840355614001
f	w	0.9495596154754298
ˈu	ˈu	0.9219385704958792
w	w	0.8981930021423343
a	r_ə	0.8811935450766066
ˈu	ˈo	0.8575078897749984
w	ˈu	0.849309256609045
j	k	0.8386595466959654
ˈi	i	0.8347342968633426
<#	<#_w	0.8319742673556778
n_a	n	0.7824715620130216
a	a	0.6681962169806548
j_ˈe	ˈa	0.6205672426839588
ʃ_#>	#>	0.5979892670672153
t	ʦ	0.5310081872914594
#>	t_#>	0.5090322985326362
#>	r_#>	0.5090322985326362
ˈo	ˈu	0.4887767919018632
ʃ_j	k	0.45861056432588176
o_#>	#>	0.39597853413443074
ˈe	ˈu	0.32561477777140546
ˈɛː	i	0.3204053875287227
a	i	0.287543292229255
#>	i_#>	-0.41992485415018516