Phone1	Phone2	PMI
v	v	5.984679509047823
ɡ	ɡ	5.453663383560428
b	b	5.3670715021052064
p	p	5.192536526051085
f	f	4.615552452350842
m	m	4.591961171333088
ˈɛ̃	ˈi_n	4.180039449694445
ʃ	k	4.048963760332742
s	s	3.9927419466355
d	d	3.9378244546419623
n	n	3.851032429374241
l	l	3.744380440696557
t	t	3.734442208342956
a	ə	3.5896427380244518
k	k	3.454074975428036
ʎ	k_ʎ_u	3.431328528553914
ʁ	r	3.1636664224044786
ˈe	ˈe	2.9445208932268585
ə	i	2.8798189222074915
ə	ə	2.8609975545487782
ˈa	ˈa	2.835038107142955
ˈɛː	ˈe	2.234196711774425
s	ʦ	2.221033994018613
ˈi	ˈi	2.172378252623192
ʎ	ʎ	2.1169569456697026
t	s_t	2.0946204513085664
ˈɛ	e̯ˈa	2.081351423723412
ˈaː	ˈa	1.9905433934377368
j	ˈe	1.9764781959441595
ˈɛ̃	ˈi	1.942075556022259
o	u	1.9416470833872324
s	ʃ	1.713282430232924
ˈø	ˈu	1.65906805616649
ˈɑː	ˈa	1.6554278128875295
ð_w	ʒ	1.6300159017284614
ʎ	ʎ_u	1.5638267727683766
ʁ	r_i	1.5008188999113734
ˈe	ˈa	1.493520552645804
ˈa	ˈɔ	1.4924903309475883
ˈe	ˈi	1.444030556887646
ʁ_o	u	1.4164150092217604
ˈo	ˈo	1.3959663672546758
ˈoː	ˈo_s	1.3017158535932771
#>	k_#>	1.2959228020670337
l	r	1.2732044644176657
v	p	1.2422450797940516
ˈĩ	ˈi_n	1.2334358383703266
ˈe	ˈo	1.232191214217632
p	kʲ	1.2192258880984252
ˈɛ	ˈa	1.132139949350677
ˈɛː	ˈa	1.126085563237218
w	ˈo	1.043579109807642
<#_f	<#	1.02660158834643
ˈoː	ˈu	1.0181813983201604
ʒ	j	0.9985680416854268
t	p_t	0.9853729725035844
#>	n_#>	0.980941034855587
ð	t	0.9666190069316664
ˈo	ˈu	0.9588366037691682
ˈɑ̃	ˈɔ	0.9572778661919414
f	w	0.9479971260533702
w	w	0.9040517434936876
ˈo	w_ˈo	0.9025312046247018
ˈu	ˈu	0.9009656445138738
a	r_ə	0.8796310556545469
ˈu	ˈo	0.8575528641660224
w	ˈu	0.8477467671869855
j	k	0.8459758811455966
ˈi	i	0.8347792712543667
<#	<#_w	0.8319742673556778
n_a	n	0.7838448483444828
ˈɛː	e̯ˈa	0.6848578978182006
a	a	0.6666337275585951
j_ˈe	ˈa	0.6519424687277955
ʃ_#>	#>	0.5979892670672153
ʃ_j	k	0.5741660120103104
t	ʦ	0.5368669286428125
#>	t_#>	0.5090322985326362
#>	r_#>	0.5090322985326362
o_#>	#>	0.3959785341344307
ˈɛː	i	0.318842898106663
ˈe	ˈu	0.3064663099538024
a	i	0.2859808028071954
#>	ə_#>	-0.4671967380217564
#>	i_#>	-0.4199248541501851