Phone1	Phone2	PMI
d	d	6.871524478101347
ˈɛ̃	ˈi_n	6.710052309416436
b	b	6.272550071113703
f	f	5.728741333879914
v	v	5.499901135062926
o	u	5.207150578200551
ʎ	k_ʎ_u	5.200125383600041
j	ˈe	5.026035906042305
ˈu	ˈu	5.0041777206492375
m	m	4.79906912107565
ɡ	ɡ	4.7414137460794
ˈoː	ˈo_s	4.695999359931154
ˈɛ	e̯ˈa	4.58146841459358
p	p	4.389921456913941
s	s	4.234101634290132
s	ʦ	4.222322896479419
s	ʃ	4.1904309579803005
ð	ʒ	4.148907175909715
t	t	4.0986203746135725
ʃ	k	3.9733673928762503
l	l	3.9623436194690203
a	ə	3.827619364439933
ə	ə	3.7815376606716513
ˈa	ˈɔ	3.7490669230593747
ˈi	ˈi	3.6989223857670472
w	ˈu	3.5356768335086475
ʒ	j	3.519917256028116
n	n	3.4587980980465782
ˈa	ˈa	3.4550829296337993
k	k	3.4020015257150176
ʁ	r	3.181912231349737
ˈɛː	ˈe	3.1723697596128906
ʎ	ʎ_u	3.039620214469096
ʁ	r_i	2.985963572400129
j_ˈe	ˈa	2.8469569732363085
ˈɛː	ˈa	2.6954200831806836
ˈoː	ˈu	2.624124181031239
ʁ_o	u	2.564907196419722
ˈe	ˈe	2.524024271024631
<#	<#_w	2.4959228020670334
ˈoː	o̯ˈa	2.43106181068832
ˈɑː	ˈa	2.41308888555619
ˈi	i	2.3436161750614413
ˈo	ˈo	2.308435728728142
ˈɛ	ˈa	2.2673918520315786
#>	t_#>	2.236129194130545
ˈaː	ˈa	2.094783902340354
ˈe	ˈa	2.091133124038684
w_ˈe	ˈo	2.0845131635587655
#>	r_#>	2.036129194130545
ʃ_#>	#>	2.027952801490109
p	kʲ	2.005260327804324
w	w	1.936652415538176
ˈɛ̃	ˈi	1.9276868741361277
<#_f	<#	1.8467971178913942
ʎ	ʎ	1.8324544960907647
f	w	1.7464562223990423
ə	i	1.7032124936049058
ˈø	ˈu	1.6924235482030656
ˈo	w_ˈo	1.6033780401637554
ð	t	1.5505643336298218
ɡ	m	1.5051512053831293
t	ʦ	1.4600887087097734
ˈe	ˈo	1.4046141986740335
ˈɔ̃	ˈu_n	1.338992421186283
<#_j	<#	1.2319742673556777
#>	j_#>	1.2319742673556777
ð_w	ʒ	1.134751281798795
t	s_t	1.1345322618558553
ˈe	ˈi	1.1298383490637167
a	r_ə	1.0606430851115727
l	r	1.0568583372154636
v	p	0.9972239818036438
ˈɔ̃	ˈu	0.9542016028319769
w_ˈɛː	ˈu	0.8729615290217894
#>	k_#>	0.8639485347113558
ˈe	i	0.8251757708709803
ˈɑ̃	ˈa	0.8058440277829988
t_ʁ	t	0.7347512817987951
l	ʎ	0.7291482766085321
n_a	n	0.674517374854682
#>	i_#>	0.5942484119937437
a	i	0.5439681000767824
ʃ_j	k	0.4670732284208787
o_#>	#>	0.39597853413443074
a_#>	#>	-0.15179838009924101