Phone1	Phone2	PMI
b	b	6.3697154529870375
ˈɛ̃	ˈi_n	5.280958618681455
m	m	4.933365365619217
s	s	4.666250049764763
f	f	4.61464309375443
v	v	4.448988921790565
k	k	4.250371603487454
ʎ	ʎ_u	4.150141047153656
ˈɛː	ˈe	4.112491296747923
l	l	4.095765432895158
ɡ	ɡ	3.969089718944256
ʃ	k	3.8437146192785705
a	ə	3.7764651347130114
o	u	3.759075850241896
ə	ə	3.7071441524326
t	t	3.6693637264280983
d	d	3.603026538238001
n	n	3.4372371114170046
w	ˈu	3.1141417954814115
p	p	3.085919373346538
ʁ	r	2.9545885382722377
ð	ʒ	2.582380686980249
ˈa	ˈɔ	2.4392167691155016
ˈe	ˈe	2.3706204334529435
ˈo	ˈo	2.348085646035034
ˈa	ˈa	2.3187897606830536
ˈoː	ˈo_s	2.2737987864025464
ˈɛ	e̯ˈa	2.252926730020622
#>	t_#>	2.2521593967197813
ˈe	ˈi	2.1885513405230514
ʎ	ʎ	2.1667246318648985
ˈi	ˈi	1.9926822594068212
ˈu	o̯ˈa	1.904295812131937
ˈoː	ˈu	1.9001735732359792
ˈɔ̃	ˈu	1.8405612671430276
ˈɛ	ˈa	1.8393933525814568
ˈe	ˈa	1.8187895166177428
s	ʦ	1.6780742396298056
ˈɑː	ˈa	1.544673074226767
n_a	n	1.469769470220409
ʁ	r_i	1.4658692073454462
p	kʲ	1.4324542857797753
ð	t	1.4205675820152566
w_ˈɛː	ˈu	1.3641324536733803
ˈo	w_ˈo	1.3589840161600977
<#_f	<#	1.345834820336399
s	ʦ_i	1.3225539845532337
ˈe	ˈo	1.317041940449971
ə	i	1.2560053080221174
t	p_t	1.1834159537337592
w	w	1.110959046791954
s	ʃ	1.09978149354323
j_ˈe	ˈe	1.069033149406364
t	s_t	1.0294086728846938
l	r	1.015912622727066
ʎ	k_ʎ_u	0.950213158242212
j	ˈe	0.9329543538856122
ˈu	ˈo	0.931304520322177
ʒ	j	0.915461785635544
ˈɛː	ˈa	0.9036365202072932
j	i	0.8969039760817321
#>	k_#>	0.8719636360059738
ˈoː	ˈo	0.8594122498363198
#>	s_#>	0.8359818180029869
<#	<#_w	0.8359818180029869
ʁ_o	u	0.8046475304288917
ʃ	ʦ	0.7757830045894666
ˈoː	o̯ˈa	0.7554417260406509
ˈaː	i	0.7499264012004734
w	ˈo	0.7030333504730687
ʃ_#>	#>	0.6019968177145245
a	i	0.563835213100216
ˈaː	ˈa	0.5058562233519338
ˈu	ˈu	0.5000689695140685
v	p	0.4920250777614763
t	ʦ	0.491704934375143
ˈɛː	i	0.4434674220889859
#>	n_#>	0.4359818180029869
ʃ_j	k	0.3945992361611797
l	ʎ	0.3863670674446232
#>	i_#>	-0.1152993395693085