Phone1	Phone2	PMI
b	b	6.734507235904063
d	d	6.536740404359837
f	f	6.1519471588530745
o	u	5.4911858729890035
v	v	5.273915205254386
ɡ	ɡ	5.216163522616153
j	ˈe	5.1191986900050015
m	m	4.992054205196487
w	ˈu	4.717654482592191
ˈɛ	e̯ˈa	4.692382119639455
p	p	4.614660326643811
ð	ʒ	4.376057960793139
k	k	4.306906095177644
ˈi	ˈi	4.175699113264032
s	ʦ	4.128031797550188
ˈɛː	ˈe	4.086132462282782
ʃ	k	4.001519644173719
s	s	3.961193576144204
ˈu	o̯ˈa	3.926312879692802
ˈa	ˈa	3.9096648397267386
ˈoː	ˈo_s	3.863555232258058
s	ʃ	3.8249361577256105
a	ə	3.7695523505931847
t	t	3.7504067707499087
ʒ	j	3.7324055957881628
l	l	3.705232478233096
ə	ə	3.635513445538084
n	n	3.4614257553690444
ˈɛ̃	ˈi_n	3.338271421473415
ˈo	ˈo	3.2608803724419984
ˈɑː	ˈa	3.2051057705238035
ʁ	r	3.1812393271398993
ʁ	r_i	3.118738817959542
n_a	n	2.898388255581843
ˈe	ˈi	2.868703971374211
ʎ	ʎ	2.8669107023093616
ʎ	ʎ_u	2.7973044687676194
ˈɔ̃	ˈu_n	2.7429752495028574
ˈɔ̃	ˈu	2.727062278028146
ˈoː	ˈu	2.613825559093126
ˈĩ	ˈi_n	2.595154981800818
ˈoː	o̯ˈa	2.5464939783611467
<#	<#_w	2.5079454540089605
ʁ_o	u	2.437564069269945
ˈi	i	2.3615560403891247
t	s_t	2.3193062935638755
#>	t_#>	2.2861443970082433
p	kʲ	2.2351076529609952
ˈɛ	ˈa	2.223661692090308
ˈaː	ˈa	2.1575117722049346
ˈu	ˈu	2.1170382171371602
ˈe	ˈa	2.02208804342364
ʃ_#>	#>	1.9229829532878047
ʎ	k_ʎ	1.856491330819591
ˈe	ˈo	1.7693857616912319
ˈɛː	ˈa	1.7628083358523519
ˈa	ˈɔ	1.747150820638089
ə	i	1.7239047346769278
ð	t	1.7182068687500633
j_ˈe	ˈa	1.5234670210408108
ˈe	ˈe	1.507888013369262
#>	k_#>	1.3079454540089608
w_ˈa	ˈo	1.3002109705083265
ˈu	ˈo	1.2719925671884806
ˈaː	t_i	1.2382282974704018
<#_e	<#	1.235981818002987
l	r	1.2228985592710089
ʃ_j	k	1.1942588873473987
v	p	1.163222529621684
t	p_t	1.1508078215050295
ʎ	k_ʎ_u	1.1492398635600167
ˈɛ̃	ˈi	1.142628616945852
<#_f	<#	1.0386242402883572
f	w	1.0265758075760008
#>	r_#>	1.0260796983598905
w	w	0.9888434947712212
w_ˈɛː	ˈu	0.8963691535364458
ˈaː	i	0.8918863237274595
#>	n_#>	0.8719636360059738
w_ˈe	ˈo	0.8637922694742247
#>	s_#>	0.8359818180029869
ˈɛː	e̯ˈa	0.8125954352373013
ˈø	ˈu	0.7468057108329882
a	a	0.7216240717588553
l	ʎ	0.7191113619657524
t	ʦ	0.6192441134602312
j	k	0.5741990507741994
ˈoː	ˈo	0.503943929065639
ɡ	m	0.4623822769950892
#>	i_#>	0.4232443966460992
#>	u_#>	0.42019154972402245
ˈe	i	0.23069640447419268
a	i	0.23053114979649644
o_#>	#>	0.20199681771452443