Phone1	Phone2	PMI
w	w	7.477541598072948
ɡ	ɡ	6.567806868309057
o	u	6.400096629725475
ʤ	ʤ	6.354479429702999
ɲ	ɲ	6.267701389389078
d	d	5.64852952766501
ˈy	ˈy	5.464141806770884
m	m	5.332358447038934
f	f	5.275495189287578
b	b	5.213155979095475
p	p	5.150498800787394
ˈu	ˈu	5.043328845053391
i	i	4.95690684814249
ˈɔ	ˈɔ	4.89271336956911
z	ʤ	4.892566575795751
ˈi	ˈi	4.876797398349102
ŋ	ŋ	4.794609687787965
ˈø	ˈø	4.690699715531198
e	e	4.657728036091882
j	j	4.637670467595994
t	t	4.556877260320976
z	z	4.300526777407346
ˈo	ˈu	4.255422560359501
#>	n_#>	4.207227779480348
k	k	4.195872704973383
n	n	4.188880412103513
l	l	4.188768039757423
ˈø	ˈy	4.104261308736922
ˈɛ	ˈɛ	4.059020925875195
ˈo	ˈɔ	4.048736082319119
ʋ	v	4.03754336765798
r	r	3.917622889762203
ʧ	j	3.841199143762738
s	s	3.729939216393107
e	i	3.673394624643008
ˈa	ˈa	3.631005474880726
ʧ	ʧ	3.535194544342037
a	a	3.4299489140273187
n	ŋ	3.2793971705914617
ˈe	ˈi	3.1510571628326303
ˈe	ˈe	3.107985876694767
ˈe	ˈɛ_ŋ	3.058180648284125
e	ə	3.021090191524203
ˈe	ˈɛ	3.000753478127437
s	z	2.7768325596758663
ˈa	ˈe	2.756252458844274
ˈi	ˈi_v	2.571802581697645
ˈy	ˈy_ŋ	2.5622367736517853
f	v	2.5045994224532517
n_i	n	2.5025254400548085
k	ɡ	2.27650265205222
ˈi	e	2.260422260988495
ˈi	ˈi_ŋ	2.192333159004704
ˈɛ	ˈe	2.139111467221644
ˈu	ˈu_ŋ	2.049613332649523
ˈɔ	ˈø	2.0146874978131755
u	u	1.986184676766392
l	j_l	1.9129789328809577
t	d	1.8289891100076496
ø	ˈø	1.7923262905961517
ˈa	ˈa_ŋ	1.7768248695703523
s	z_e	1.7555438863958437
a	v_a	1.7474593618925365
<#	<#_v	1.7156033631678107
ˈi	ˈe	1.703094733381879
#>	ŋ_#>	1.5626977964459563
s	s_e	1.5555438863958435
ʧ	j_t	1.404224746361246
l	w	1.1978441699451996
ˈe	ˈɛ_n	1.16100968382311
j	ˈi_j	1.1465197166503274
ˈɛ	v_ˈɛ	1.0930147846000626
ˈe	v_ˈi	1.0872322462170148
ˈɛ	ˈə	1.0279835610517445
#>	e_#>	0.9840866028290796
ˈø_k	ˈø	0.9308261488042876
j_ˈø	j	0.9234784334757494
e	j	0.8899633929167008
t_e	t	0.8695043549569507
i_m	m	0.8213285897437889
ˈe	ˈɛ_j	0.7995386994115894
ˈa_d	ˈa	0.7665897203909989
t	ŋ_t	0.7656534639182786
e	a	0.6684276096432352
ˈɛ	ˈi	0.6288787964226079
a	j_a	0.5857844148261104
z	s	0.5538211356860878
ˈo	ˈa	0.2923004315798636
#>	j_#>	0.1723393955461825
ˈɛ	ˈa	0.1568876856210153
a	ˈa	-0.012130110655545