Phone1	Phone2	PMI
i	i	6.984837058592782
ɲ	ɲ	6.730878964282344
w	w	6.683056497509416
ʧ	ʧ	6.600592443603103
ˈy	ˈy	6.568777752445508
ʤ	ʤ	6.396452094498154
o	u	6.208048575916418
ɡ	ɡ	5.993290736060243
j	ˈi_j	5.899057826059935
d	d	5.655648601278181
b	b	5.623815528853915
ˈu	ˈu	5.137921808625955
p	p	5.105851785298746
ʋ	v	5.008377972146728
m	m	4.966902329002351
ˈi	ˈi_ŋ	4.875728427415213
z	z	4.805505080784624
f	f	4.799536973738924
ˈu	ˈu_ŋ	4.768735173208675
e	ə	4.765154185755178
ˈø	ˈø	4.752529833190861
z	ʤ	4.710491924108037
ˈɔ	ˈɔ	4.588809696732609
ˈø	ˈy	4.56552173960928
t	t	4.560658402952352
ŋ	ŋ	4.464935249649506
j	j	4.423537242052472
ˈi	ˈi_v	4.418927886484543
n	n	4.397239288011824
e	e	4.388804949653879
ˈo	ˈɔ	4.35466311624861
#>	n_#>	4.345721021946435
l	l	4.3420298151370575
ˈo	ˈu	4.337309444631904
ø	ˈø	4.329555727442163
e	i	4.19318971736483
r	j_r	4.152827774241549
k	k	4.149121514853385
ˈɛ	ˈɛ	4.0274222745801485
ˈi	ˈi	3.911264435464845
s	s	3.846029349790717
ˈe	ˈɛ_ŋ	3.805338753683277
r	r	3.7908356833825145
s	s_e	3.764306596601208
ˈa	ˈa	3.727846632851338
ʧ	j	3.576147066893273
a	a	3.482960540169409
ˈe	ˈɛ_n	3.4613413746205826
t_e	t	3.35673077244379
n	ŋ	3.229104681082504
ˈɔ	ˈø	3.1168204754199484
#>	ŋ_#>	3.0075826284985867
ˈe	ˈe	2.95205699142563
ʧ	j_t	2.921219188838237
w_a	a	2.901853055972478
s	z	2.87837916884494
ˈe	ˈi	2.7909542763789426
i_m	m	2.754810832092204
k	ɡ	2.7416704867482906
ˈa	ˈe	2.738083006719276
ˈa_d	ˈa	2.681028447793044
ˈe	ˈɛ	2.67398141647715
o_r	r	2.590899534913861
ˈɛ	ˈe	2.4863611799175667
t	d	2.3600981484628427
ɡ	v	2.346792631333772
ˈi	ˈe	2.345210572663724
f	v	2.2044017661794584
u	u	2.184857095998604
ˈe	v_ˈi	2.1211808361475586
ˈi	e	2.1112484079582083
ˈɛ	v_ˈɛ	2.070231321046176
l	j_l	1.999765277824604
<#	<#_v	1.933354968152556
ˈɛ	ˈə	1.8708593535624545
e	j	1.725671309766504
a	a_v	1.6762207643612197
#>	j_#>	1.5126646745561438
#>	e_#>	1.45257167588139
ˈa	ˈa_ŋ	1.4231274034974883
e	ˈɛ	1.378284960256262
e_#>	#>	1.28378134625158
ˈi	ˈi_n	1.045512725462051
f	v_e	0.9638008334193172
ˈa	v_ˈa	0.8717675875151876
#>	i_#>	0.8079056728373274
a	j_a	0.557194377897466
e	a	0.3019103927794875
z	s	0.247097114829558
ˈi	ˈɛ	0.2076789182348404
ˈɛ	ˈi	0.1967427821045575
a	ˈa	-0.2833554253220293