Phone1	Phone2	PMI
ɲ	ɲ	6.782095090916157
ˈy	ˈy	6.414794837372733
ɡ	ɡ	6.220594665250779
o	u	5.843671554247656
b	b	5.716977008537288
d	d	5.677179658814739
w	w	5.416959713142324
m	m	5.237434707964269
ˈɔ	ˈɔ	4.919202936649043
f	f	4.908653959238393
ʤ	ʤ	4.877640750973437
ˈu	ˈu	4.845917657948073
p	p	4.823807157688923
z	ʤ	4.747782319141738
j	j	4.618290176090604
ˈi	ˈi	4.596308888742033
ŋ	ŋ	4.592262954763662
n	n	4.500699335605906
t	t	4.486931654115505
ˈø	ˈy	4.437344416080805
ˈø	ˈø	4.42704158434321
ˈo	ˈɔ	4.416508874862711
ʧ	j_t	4.385589031895408
k	k	4.2379567224391685
z	z	4.185422153723978
ˈo	ˈu	4.139945168034307
l	l	4.1176124319515095
#>	n_#>	4.048093846669135
ˈe	ˈɛ_ŋ	3.9562069699267477
ˈɛ	ˈɛ	3.9479137190780746
s	s	3.9168925779781247
r	r	3.759528566181139
e	i	3.758021605270061
u	u	3.7296157526193214
a	a	3.6502970388064284
ˈa	ˈa	3.6349731433769232
e	e	3.628960509042863
ʧ	ʧ	3.524982318393219
n	ŋ	3.274582513643877
ˈu	ˈu_ŋ	3.1784562754730032
s	z	3.1768296091969352
ˈø_k	ˈø	3.067348196214173
ˈi	ˈi_ŋ	3.0366628034832592
ʋ	v	2.914438229190411
ˈa	ˈe	2.7937072517238755
ˈe	ˈɛ	2.7381662308154997
ˈe	ˈi	2.7028852499509326
i	i	2.685660855487527
ʧ	j	2.614465676122393
ˈe	ˈe	2.596147599644665
t	d	2.5478748739179644
ˈi	e	2.427382476955001
#>	ŋ_#>	2.2819493628654914
ˈɛ	ˈe	2.279501724490609
e	ə	2.254380368833968
f	v	2.23017705707199
f	v_e	2.2126039913072177
ˈɛ	v_ˈɛ	2.104552123661789
ˈɔ	ˈø	2.09469726607987
t_e	t	1.9258908739619245
e	j	1.8176057216834054
ø	ˈø	1.7693106757808608
i_m	m	1.6979942213209887
k	ɡ	1.5259957747919581
ˈi	ˈe	1.5003321873503859
<#	<#_v	1.4742568084637346
ˈa	ˈa_ŋ	1.2824407455554048
ɡ	v	1.253765330388231
ˈe	ˈɛ_n	1.2492874519486568
ˈi	ˈi_v	1.0764558893371907
ˈe	v_ˈi	1.0748972617668415
e	ˈɛ	1.001092755342419
ˈa	v_ˈa	0.9681608626113489
o	w	0.9179447905217794
j_ˈø	j	0.9174227149416513
a	v_a	0.9125141491829618
r	j_r	0.879256197518775
r_e	r	0.8265095422485551
o_r	r	0.8265095422485549
ˈe	ˈɛ_j	0.8241700779037575
#>	i_#>	0.8117787378107136
ˈe_ɡ	ˈɛ	0.8055838627140977
s	s_e	0.7988348550388216
#>	e_#>	0.7267339418271879
w_a	a	0.6806803243071735
a	j_a	0.5638211005660246
d	t	0.5217737676375889
l	w	0.5031164979712783
z	s	0.46832964691351087
e	a	0.42027493402695404
n	u	0.4072549795909933
ˈɛ	ˈi	0.3039572961331016
#>	j_#>	0.28300749985576873
a	ˈa	0.2575508201618023
ˈa	ˈɛ	-0.0028323406733461584