Phone1	Phone2	PMI
w	w	7.522096666609763
ɡ	ɡ	6.636867327091187
ɲ	ɲ	6.4351984267489355
o	u	6.399809724193294
ʤ	ʤ	6.19144092820001
ˈy	ˈy	6.021145360151913
b	b	5.788536371988387
d	d	5.367328059009351
ˈu	ˈu	5.201800151527354
m	m	5.055964400470633
p	p	4.965297365944652
ˈɔ	ˈɔ	4.929530088185635
f	f	4.80679772287691
z	ʤ	4.793485079203844
j	j	4.769966073157258
t	t	4.7111585086864745
ŋ	ŋ	4.616872496408339
ˈø	ˈø	4.607583766946189
ˈo	ˈɔ	4.558025656482052
n	n	4.351401118879032
e	i	4.321926682543774
ˈo	ˈu	4.305183137075836
l	l	4.279060598809171
z	z	4.249673999942156
ˈi	ˈi	4.218310925766162
e	e	4.198970642720736
ˈø	ˈy	4.180617889055867
k	k	4.148626490782624
ʧ	j	3.9117550491372777
ʋ	v	3.8843085115725136
r	r	3.835195533574845
s	s	3.8348382243907104
ˈa	ˈa	3.807198731748471
ˈɛ	ˈɛ	3.802922858484672
ʧ	ʧ	3.566988132912617
a	a	3.530339988136936
ˈu	ˈu_ŋ	3.4519878799519734
n	ŋ	3.2587265290206067
ˈe	ˈe	3.228199822236215
ˈi	ˈi_ŋ	3.113203532356055
#>	n_#>	3.0044259642105486
s	z	2.9681578836285722
ˈɔ	ˈø	2.831515453660683
ˈa	ˈe	2.7320420179972387
ˈe	ˈi	2.6309732362254374
ˈe	ˈɛ_n	2.376436819775471
ˈe	ˈɛ_ŋ	2.3558737770422455
#>	ŋ_#>	2.3424813688047434
f	v_e	2.3149502087901785
k	ɡ	2.3135784316324335
ˈe	ˈɛ	2.2095057563030136
ˈi	e	2.1262494641550593
ˈɛ	v_ˈɛ	2.1056548384589746
n_d	n	2.0990424006609043
t_e	t	2.0549292678284274
l	j_l	2.036744153937795
ˈɛ	ˈe	2.017960357763516
e	ə	1.984532170562037
t	d	1.9360865393407067
ˈe	v_ˈi	1.903148248713698
f	v	1.783196881956249
a	v_a	1.7602742942718623
i_m	m	1.603005417511185
ˈi	ˈe	1.5826946373103494
ˈa_d	ˈa	1.540722230512294
ˈa	ˈa_ŋ	1.372461318361001
<#	<#_v	1.3443188951222587
i	i	1.3051177468378812
ʧ	j_t	1.2750970512825264
e	ˈɛ	1.2002682404547063
j	ˈi_j	1.179119322556764
e	ˈɛ_j	1.0008042582027252
ˈi	ˈi_v	0.9714151075331976
e	j	0.9642381668439836
ˈø_k	ˈø	0.9193322044210059
ø	ˈø	0.9156125010714874
#>	e_#>	0.8938702622283105
ˈi	ˈi_n	0.8884076076774289
u	u	0.8881117963215004
s	s_e	0.8832941561256892
j_ˈø	j	0.8748537201537164
s	z_e	0.8702305539308952
o	w	0.855664973175619
#>	i_#>	0.8108153345511585
ˈɛ	ə	0.8014390352792129
a	j_a	0.7740264072959621
ˈe	ˈɛ_j	0.7645547594599374
r_e	r	0.7183363538187826
r	ˈɛ_r	0.6266347316147584
e	a	0.6029094435874376
ˈø	ˈu	0.4220760457128046
d	t	0.36425670522880665
z	s	0.3016206862019043
ˈɛ	ˈi	0.1936939206582614
ˈɛ	ˈa	0.03959028988281486
a	ˈa	-0.030919009884513328