Phone1	Phone2	PMI
w	w	7.895581468207736
o	u	6.9841514995718
ɡ	ɡ	6.975353254465018
ʤ	ʤ	6.802919918526797
ɲ	ɲ	6.802733759668098
d	d	6.266569397799798
ˈy	ˈy	6.059086233421684
<#	<#_v	5.958918737340116
m	m	5.950398317173722
f	f	5.893535059422365
b	b	5.831195849230263
p	p	5.768538670922181
#>	n_#>	5.746858228115658
ˈu	ˈu	5.6613687151881775
ˈɔ	ˈɔ	5.510753239703898
z	ʤ	5.483105741180553
ˈi	ˈi	5.415651533217662
ŋ	ŋ	5.407368533261164
ˈø	ˈø	5.308739585665986
e	e	5.239368339478092
j	j	5.230508760748361
t	t	5.174917130455764
z	z	4.869682902008845
ˈo	ˈu	4.843061811805279
k	k	4.813912575108171
l	l	4.807410624978298
n	n	4.806920282238302
ˈø	ˈy	4.699205735387723
ˈo	ˈɔ	4.636375333764898
ˈɛ	ˈɛ	4.553672518518988
r	r	4.520862643608235
ʋ	v	4.481958367798598
ʧ	j	4.473971905882378
s	s	4.334556247356188
ˈa	ˈa	4.273630562083086
e	i	4.238216827599645
#>	ŋ_#>	4.230369515318682
#>	e_#>	4.1970395414367925
i	i	4.06681258038195
a	a	4.01420388388955
n	ŋ	3.8921560160646616
ʧ	ʧ	3.8217621535581054
ˈe	ˈɛ_ŋ	3.8141517823656064
ˈe	ˈi	3.769097032967418
ˈe	ˈe	3.658523348808391
n_i	n	3.623413634495535
ˈe	ˈɛ	3.6053705090905175
s	z	3.404545034122933
e	ə	3.391026220546936
ˈa	ˈe	3.344088173780964
f	v	3.066617708749492
ˈi	ˈi_v	3.0644677529910376
ˈy	ˈy_ŋ	3.0617669261636133
ˈɛ	ˈe	2.896676001160212
k	ɡ	2.7640419672305754
ˈi	ˈi_ŋ	2.695767166158506
ˈi	e	2.587648334632944
ˈu	ˈu_ŋ	2.554560160718509
l	j_l	2.4204442204631063
ˈɔ	ˈø	2.386705013710558
t	d	2.32268297299422
s	z_e	2.2603551706666933
a	v_a	2.2412471267299483
u	u	2.231774698640907
s	s_e	2.0603551706666936
ø	ˈø	2.0404301317082068
ˈi	ˈe	2.016584851483686
ˈa	ˈa_ŋ	1.7147805658415414
ʧ	j_t	1.578191021196783
l	w	1.459711830646296
ˈe	ˈɛ_n	1.4095155303224431
j	ˈi_j	1.4034792400310292
ˈe	v_ˈi	1.33825655222951
ˈø_k	ˈø	1.3106132768942254
ˈɛ	v_ˈɛ	1.3075340829681683
j_ˈø	j	1.2954680859416112
ˈi	ˈi_n	1.291177443268744
t_e	t	1.2412193996960326
i_m	m	1.2011157178337266
ˈa_d	ˈa	1.1383047651300813
e	j	1.1314803538576506
ˈɛ	ˈə	1.094533019618246
ˈe	ˈɛ_j	1.0480445459109224
w_a	a	1.0315068159230787
e	a	1.0267588077640244
t	ŋ_t	1.0226129872989804
ˈɛ	ˈi	0.8516184280818888
#>	j_#>	0.8058556978817302
z	s	0.799843489923493
ɡ	v	0.7218674279210453
ʤ	j	0.6283423322764297
ˈo	ˈa	0.4178093905728132
a	ˈa	0.1896272431130284