Phone1	Phone2	PMI
ˈu_ŋ	ˈũː	6.871808994144116
ˈi_ŋ	ˈĩː	6.706107311366691
ˈa_ŋ	ˈãː	6.4532530725776125
ʤ	ʤ	6.353384857200286
ɲ	ɲ	6.1188131318449415
ˈi	ˈi	6.107408611817197
ˈø	ˈøː	6.030394892636277
e	e	5.855962142662818
b	b	5.826060417340592
ɡ	ɡ	5.746848663454594
ˈu	ˈu	5.715080704378784
ˈø	ˈø	5.699324526913766
ˈy	ˈy	5.647403480724905
u	u	5.5806699618377165
ˈɔ	ˈɔ	5.520363150210039
ʧ	ʧ	5.500993198712919
d	d	5.329213533945017
p	p	5.079188184670541
#>	u_#>	5.062341468407045
f	f	4.999732555204001
m	m	4.921504388845054
j	j	4.827935368540286
n	n	4.689704497187375
ˈɛ_ŋ	ˈẽː	4.604670389456508
v	ʋ	4.602765668250409
t	t	4.599593318953731
ˈɛ	ˈɛ	4.203863282197037
k	k	4.1622311081166545
l	l	4.122226197106479
ˈa_n	ˈãː	4.078540752634018
s	ʦ	4.0552389092195735
ˈɛ_j	ˈɛ	3.8881073770962016
s	s	3.8761928938444647
ˈa	ˈa	3.8524272271992137
ˈy	ˈyː	3.792016945728419
r	r	3.7793374841190017
ˈɛ	ˈe	3.718569051257264
a	a	3.716270368141984
z	s	3.6583399625955417
ŋ	n	3.614610961981593
ˈe	ˈe	3.490201973863436
ɡ	k	3.4758105536507724
ˈa	ˈaː	3.474199388828475
z	z	3.3304714677760896
ˈe	ˈa	3.2056507800784444
#>	ˈi_#>	3.1895210941244962
v	f	2.7331404346210406
i	i	2.6604187931103276
s_e	s	2.6444386912892384
#>	ʧ_#>	2.4103805192137124
r	e_r	2.33330103977588
j	ʧ	2.2454579061546367
ˈu	ˈyː	1.9010238746336507
ˈa_j	ˈa	1.6215540480567188
d	t	1.5981619125277378
s	ʃ	1.5712863310342775
t	ʧ	1.5028028994061662
ŋ	ˈẽː	1.3347881137307644
l_#>	#>	1.0104423874404487
ˈe	ˈɛ	0.9877928533900677
<#_s	<#	0.9622394909609036
#>	k_#>	0.8387889602675734
r_#>	#>	0.7937556926702635
a	ã	0.7585923380756016
t_#>	#>	0.5291704617801757