Phone1	Phone2	PMI
u	u	6.28568098225587
ɲ	ɲ	6.231854806569016
ʤ	ʤ	6.162398240425257
ˈy	ˈy	5.811556092415719
ˈø	ˈø	5.764594072633779
ˈi	ˈi	5.752556381242141
d	d	5.6014193046113645
b	b	5.596639125959771
ˈu_ŋ	ˈũː	5.495526087077892
ˈa_n	ˈãː	5.488811584408549
ˈu	ˈu	5.375041211714444
e	e	5.295175748791829
ˈɔ	ˈɔ	5.273452556636073
ˈa_ŋ	ˈãː	5.246103193064632
j	j	5.2020754676065115
p	p	5.1522828082081
n	n	4.9631907607142
m	m	4.9111098408317275
ɡ	ɡ	4.860222948023197
ˈø	ˈøː	4.72098534049016
f	f	4.705871540919216
v	ʋ	4.683332758370548
ˈi_ŋ	ˈĩː	4.625489287619737
z	z	4.534333069520166
t	t	4.423595325823004
ˈɛ	ˈɛ	4.339405305229642
l	l	4.126243649449361
ŋ	n	4.0887880636320535
ˈa	ˈa	4.080582131235014
k	k	4.020028351977267
s	s	3.6848374665868677
r	r	3.608156650068966
a	a	3.601586101299931
z	s	3.488652022965045
s	ʃ	3.389499297027526
ʧ	ʧ	3.2846412589846836
w	w	3.241806876078388
ˈe	ˈe	3.227669990359834
s	ʦ	3.0299826817839324
j_l	l	3.0271132278745623
ˈɛ_ŋ	ˈẽː	2.9960890882268307
i	ĩ	2.9704486917404216
ˈɛ	ˈe	2.886999870089543
ɡ	k	2.8489952677098858
ˈe	ˈa	2.813057297921889
ˈy	ˈyː	2.8043510338849624
j_t	ʧ	2.7631871021814445
i	i	2.4381812490516963
v	f	2.409267929409885
s	ʧ	2.3299212304081482
e_#>	#>	2.188872502451931
r	e_r	2.1684933039593277
ˈɛ_j	ˈɛ	2.0825404324304384
ˈe	ˈɛ	1.9902702873995828
j	ʧ	1.823896979038139
ˈa	ˈaː	1.7478332820276326
r	j_r	1.7155882249533183
ˈe	ˈeː	1.7091983904582557
ˈɔ	ˈu	1.59350306886574
z	ʤ	1.5914991226791952
ˈø	ˈø_k	1.5204108528752625
a	ã	1.4981322354312399
t	ʧ	1.3445655737922932
ˈu	ˈũː	1.2982580413665363
u	o	1.2139177954545655
ˈe	ˈi	1.127106820649872
ŋ_t	t	1.1048714258632217
e	e_r	1.052072582933504
j_a	a	0.9343649475987226
ˈɔ	ˈo	0.874165314092058
e	ˈi	0.8180251701281291
ˈø	u	0.7827937790973638
ŋ_k	k	0.773662306106694
ˈu	ˈyː	0.7571766783509559
n	ɲ	0.7424530307075763
s_e	s	0.738181674172762
j_#>	#>	0.6095732269294387
ˈi	ˈe	0.5380429310830047
ŋ_#>	#>	0.40118985326623724
z	ʧ	0.3752115826978955