Phone1	Phone2	PMI
w	w	8.33555664382503
ˈɛ_ŋ	ˈẽː	7.90068885205983
ˈi_ŋ	ˈĩː	7.799059471325765
ˈu_ŋ	ˈũː	7.3648883121786035
ˈa_n	ˈãː	6.5965741846995
ɲ	ɲ	6.537735572045687
ˈa_ŋ	ˈãː	6.459620309609971
i	i	6.2697538523920855
ʤ	ʤ	6.254687971442345
ˈø	ˈøː	6.139920744760493
ˈi	ˈi	5.834187307173495
ˈy	ˈy	5.814138427926007
e	e_r	5.784484510916247
#>	u_#>	5.7489382358322825
ˈø	ˈø	5.673235998015455
u	u	5.639858619308883
ˈu	ˈu	5.63911349157582
ɡ	ɡ	5.636106191311622
ˈɔ	ˈɔ	5.589840186035721
ʧ	ʧ	5.503097028990442
b	b	5.484849025168919
i	ĩ	5.401269957119492
d	d	5.380108447926662
z	z	5.330812705204399
e	e	5.050050572639602
p	p	4.959704764362151
j	j	4.90837121597198
n	n	4.827835464389605
ŋ	n	4.818494608380474
s_e	s	4.804612599707103
f	f	4.784354326565039
m	m	4.699829218084229
t	t	4.649278994931583
v	ʋ	4.450080168046712
ˈɛ_ŋ	ˈɛ̃ː	4.430913920589461
u	ɡ_u	4.398703733697253
ˈi_j	ˈi	4.27883014208894
ˈɛ	ˈɛ	4.232705716686897
k	k	4.176128746453923
ˈa	ˈaː	4.153585291126405
l	l	4.143163645541526
s	ʦ	4.100703685461853
r	r	3.88279451562064
ˈy	ˈyː	3.8639668356353156
ˈɛ_j	ˈɛ	3.821724581672752
ˈa	ˈa	3.788445699855682
s	s	3.7574138218787194
a	a	3.5302323485354243
ˈɛ	ˈe	3.5092050644941537
ˈe	ˈe	3.2890229495560903
ɡ	k	3.255013378283364
z	s	3.2443905026768425
ˈe	ˈeː	3.228623964078254
s	ʃ	3.166854846281891
j	ʧ	2.961323158119694
j_t	ʧ	2.941968655727877
a	ã	2.885422993347375
ˈe	ˈa	2.804217338100097
ˈu	ˈyː	2.7652272652710566
u	o	2.6257101159781713
j_l	l	2.6173708818708468
v	f	2.5377296193665058
ˈø	u	2.2625113058233994
z	ʤ	2.2204766762595427
ˈɔ	ˈo	2.198826369203827
ˈe	ˈɛ	2.100145569598945
e_#>	#>	2.099915736264976
e	ˈi	2.0216226218293456
s	ʧ	1.8926952206374659
r	j_r	1.746169443155226
z	ʧ	1.7118853129841598
t	ʧ	1.5613985747951638
w	l	1.503742155327874
r	e_r	1.4859823026597898
ə	e	1.1796830299734635
ˈɔ	ˈu	1.0959406606439637
l_#>	#>	0.969075590108138
ˈe	ˈi	0.9541546964383081
ˈɛ_j	ˈe	0.7951156904082205
ˈi	ˈe	0.6897738678281018
d	t	0.6758981343475639