Phone1	Phone2	PMI
ʧ	kː_j	7.901600211460329
ɲ	ɲː	7.642304589848526
ð	ʤ	6.974535367583417
w	w	6.569488118032228
b	b	6.341741314533347
z	ʧ_e	6.15216538597651
i	i	6.15156925930147
j	ʎː	6.042789588802818
θ	ʧː	5.9315016900050965
t	tː_o	5.844747244670122
t	tː_e	5.844747244670122
ŋ	n_o	5.819596098518588
f	f	5.797839843305243
ˈʌ	ˈo	5.77864122158153
ˈʌu̯	ˈo	5.669930735954725
ˈa_j	ˈe	5.663835736455789
t	t_e	5.636618847770653
ˈuː	ˈu	5.603367453748704
l	l_o	5.539240097677987
θ	ʧ	5.509295427527348
d	d	5.404325954131015
l	lː_o	5.367275629287639
ˈɔ	ˈɔ	5.34717505766424
ˈɔː	w_ˈɔ	5.310151882736761
ɡ	ɡ	5.309619380903022
ŋ	n_e	5.273258013951559
t	t_o	5.204812775702849
ˈe	ˈi	5.156506895437897
ˈo	ˈu	5.10565128568301
p	p	5.01602778076438
m	m	5.001469465195733
m	m_e	4.974903323722062
v	v	4.95992171266437
ŋ	ŋ	4.946462524948008
ˈiː	ˈi	4.911162545505837
ˈɔː	ˈɔ	4.864868237928111
r	r_e	4.772971665983
s	s	4.701786168802258
j	j	4.680677245274534
s	sː_o	4.6316930714964375
r	r_o	4.53641679020294
k	k	4.477174211404935
n	n	4.272861133514359
z	ʧ	4.171816904227444
ɡ	ɡ_o	4.159665831965217
ˈaː	ˈa	4.153933615386123
ˈɛː	ˈɛ	4.110759321469455
l	l	4.00922170517114
ˈa	ˈe	4.005902555761044
k	k_o	3.906488618767084
s	ʃː	3.828426512331727
a	a	3.814545992893713
u	u	3.797417591375668
t	t	3.6858394643866257
ˈɛ	ˈɛ	3.64078532290866
ˈɛ	ˈa	3.455177328079296
e	e	3.426018723892653
v	v_e	3.353960275690436
l	lː	3.2433777121952105
ˈa	ˈa	3.1960984016122285
u	o	3.1919547186150354
k	kː	3.191468347953868
ˈæ	ˈɛ	3.123431073745856
l	l_e	3.086139077964864
v	p	2.9977971854860663
ŋ	n	2.9337651648771983
ɡ	k	2.8220834983820065
d	t	2.818190888774427
r	r	2.79913724368672
ˈe	ˈe	2.5067079575037075
v	v_o	2.412138364137484
p	p_o	2.3816776416664034
ɡ	k_o	2.283806547382622
ˈi	ˈi	2.040216722633139
e_n	n	1.9486604898916915
ˈiː	ˈɛ	1.9314896913175803
ˈo	ˈo	1.8174831051730285
ˈiː	ˈe	1.816148446298308
ŋ_n	n	1.7233679149984664
e	r_e	1.6767242076677775
e_r	r	1.6495176607760031
ɲ	ɲː_o	1.5995026652635098
ˈo	ˈɔ	1.5667575463858152
ˈuː	ˈɔ	1.4334480120808242
ʧ	j	1.254890455923022
r_e	r	0.8587457454066698
ˈiː	j	0.604950630149096
#>	e_#>	-1.06664215100609
#>	o_#>	-0.7319955184298926