Phone1	Phone2	PMI
ʧ	ʧ	6.528324430425369
ˈe	j_ˈe	6.478517535253243
o	u	6.275831546094568
ʒ	ʧ	5.9463424224081445
b	v	5.887892922967095
ŋ	ŋ	5.8245184496489975
n_u	n	5.75855745574166
s_u	s	5.7264717689700095
ɣ_u	k	5.7098059029157
d	d	5.573011587997868
f	f	5.48863409323828
b	b	5.407130310643777
s	s	5.393298690240312
ɡ	ɡ	5.351818274913357
ɣ	k	5.336795108302572
ˈu	ˈu	5.318650318323084
k	k	5.216138734381478
p	p	5.16652066245811
l	l	5.143741435978487
m	m	5.098719868271433
ð_u	t	5.061097018929417
u	u	5.036435164963612
ð	t	4.993128297384525
ˈe	e̯ˈa	4.840366034267207
ˈo	ˈo	4.747642215027998
β_u	w	4.739949413098666
ˈi	ˈi	4.717360154917429
ˈo	o̯ˈa	4.711646481806751
lː	j	4.622824601435423
<#_i	<#	4.614853537201974
t	t	4.3872623584501484
a	ə	4.282372574190065
ˈa	ˈa	4.26932373021586
n	n	4.230442467495817
e	e	4.189241788074489
t	p_t	4.167752894969848
u	w	4.1057323976146
ˈa	ˈɨ	4.059257395105831
l_u	r	4.0494153036094
s	ʃ	4.0418381226128615
ˈe	ˈe	3.988196237366565
t_u	t	3.8022033458367055
ˈa	ˈa_r	3.770012087149989
ˈi	ˈe	3.683971408489164
u_#>	#>	3.648933391957452
p_u	p	3.621017326589063
i	e	3.60159249859171
r	r	3.58440986743708
ŭ_#>	#>	3.5086553507492297
ˈe	ˈi	3.484396954105635
a	a	3.4604448309385214
ˈo	ˈu	2.976272232406213
ˈi	ˈə	2.932614098030882
ɖː_u	l	2.908279754007168
ʤ	ʤ	2.7750186402776382
d_u	d	2.6594946374299497
b	ɡ	2.6326844120480364
n	j_n	2.5273529526459595
k_w	p	2.4879471185829987
ˈi_lː	ˈi	2.4829219117795702
r	l	2.2479304851402757
a	k_e	2.221419827757936
u	ə	2.19125858400961
i	i	2.110816448639796
d	z	1.980959633294404
w_a	ə	1.975419259692
β	p	1.9742304281706629
l	r	1.9568966918448627
b	ʤ	1.8371995524762277
<#_k	<#	1.804992091827748
ʃː	ʃ_t	1.8005658512253924
a	ɨ	1.7115624931795002
nː	n	1.611750851109088
#>	kʲ_#>	1.4254934550194682
ˈo_j	ˈo	1.4232590845324868
ˈe_ɖː	ˈe	1.39410097107667
<#	<#_z	1.3091579481474342
ˈa	ˈɨ_j	1.2823228171980945
j	w	1.2637327910596583
n	m_n	1.213943339852368
j	r_e	1.2051098665254087
k_r	k	1.191201057137647
k_u	k	1.121988551327529
o	o	1.0921411134827856
ˈe	ˈa	1.020283071017922
b	z	0.9749422161506864
ɖː	l	0.9732597681874464
rː_u	r	0.9458970171805609
a	r_ə	0.9412447882805856
<#_a	<#	0.889959379276298
ˈi	e̯ˈa	0.863153926846341
a	e	0.8536749319664946
i_r	r	0.8519065852215576
l	ʦ	0.7770815327769873
a	ˈa	0.5159751152455261
ˈu	ˈo	0.500392176748309
u	e	0.4969177408647891
b	t	0.4944440311082666
ˈo	u	0.4517178237673809