Phone1	Phone2	PMI
ɡ	ɡ	6.103935158066494
ˈe	j_ˈe	6.070229517548286
t	p_t	5.975222095462074
o	u	5.912748999150884
ɣ_u	k	5.8321723610898815
b	v	5.667558703072506
f	f	5.6016893593508925
d	d	5.544035006414865
m	m	5.28644035073973
ʒ	ʧ	5.2411662895632585
ʧ	ʧ	5.219025986397302
b	b	5.014597467759174
ɣ	k	4.974334983662961
s	s	4.893823547897514
p	p	4.805635098350089
j_u	kʲ	4.683581730073372
l	l	4.682750200211907
ˈu	ˈu	4.608542240237504
n_u	n	4.553182193334884
ˈo	o̯ˈa	4.4934527518860214
k	k	4.447300114936686
ð	t	4.279828883868081
ˈo	ˈo	4.24325934581809
s_u	s	4.229378012156497
a	ə	4.219675583777776
n	j_n	4.1953295558778025
ˈi_ʣ	ˈi	4.111368454855335
ˈi	ˈi	4.0256670921486775
<#_a	<#	3.8541600563820215
ˈa	ˈa	3.8247521744986326
l_u	r	3.8006172702854
ˈa	ˈɨ	3.758669636336398
t	t	3.717891240899327
nː	n	3.6390657522328618
n	n	3.637757483362049
e	e	3.5357516023329856
ˈe	e̯ˈa	3.457926348553666
#>	u_#>	3.397532440096414
a	a	3.2293949523230685
r	r	3.223283782501454
ˈe	ˈe	3.2200978381002794
ˈi	ˈe	3.170121455665831
i	e	3.090068722926525
<#_i	<#	3.072068453249141
ɖː	l	3.050858121707808
t_u	t	2.905037305200475
s_k	ʃ	2.8240972123179207
ʤ	ʤ	2.7114882907093936
ˈe	ˈi	2.6287471466411536
ˈe	j_ˈa	2.5089308368581804
u	w	2.5082705406817327
ˈu	ˈo	2.424994618366001
u	u	2.384363219185289
j	w	2.372152775169667
ˈo	ˈu	2.3342992030085665
i_s	s	2.228043067488323
ŭ_#>	#>	2.1543449602565845
<#_ˈi	<#	2.1543449602565845
ˈi	e̯ˈa	2.035609963022948
r_u	r	1.8853222050815366
β	p	1.860234449312079
s	ʃ	1.787112296126767
ð_u	t	1.7693949615404392
ˈa_j	ˈa	1.7378445342282298
d	z	1.669485848726897
k	ʧ	1.6441020715593373
i	i	1.5961017158562991
r	l	1.5104633557108131
rː_u	r	1.4303207955815627
j	kʲ	1.4224567970921909
rː	r	1.2995105145922918
b_ˈo	b	1.2930377976914231
i	t_e	1.2643299921763336
#>	r_#>	1.190989778615566
ɖː_u	l	1.1175829215574145
l	r	0.9832010521195973
k_u	k	0.9633077965670068
#>	j_#>	0.9484012421733473
j	j	0.8224567970921907
e	u	0.7086604924749593
#>	w_#>	0.6092024795513673
<#_k	<#	0.14840124217334724
<#_b	<#	0.13127053574062897
#>	ə_#>	0.08099258558315839
<#_f	<#	0.067747697705487
u_#>	#>	-0.19370923445220053