Phone1	Phone2	PMI
h	f	6.436592614789657
n	n_t	6.109383208268246
ɡ	ɡ	6.103886766795943
b	v	5.820759067393267
d	d	5.634293487022091
ˈi	ˈi	5.451309230325373
ʃ	ʃ	5.442763722523573
m	m	4.965124364343683
r	r_n	4.952269979534683
a	ə	4.907351080186074
ˈɔ	ˈo	4.748907671292317
b	b	4.722388448127332
ˈy	ˈu	4.584400360935655
p	p	4.290908048495637
s	s	4.253431699075503
ʦ	ʦ	4.142562843037945
t	t_i	4.131291523776896
ˈu	ˈu	4.093922701524585
ˈa	ˈɔ	3.999888893567748
ˈu	o̯ˈa	3.935501271852852
β	b	3.8480990729972113
ʒ	ʒ	3.8464923739862065
ɔ	ə	3.829687913273559
ʒ	z	3.7812501449355302
#>	e_#>	3.7256720193773707
<#_e	<#	3.684555192647391
e	i	3.6649023947893653
ɾ	r	3.6480525951647684
k	k	3.58291725698963
l	l	3.5641803290520966
ˈa	ˈa	3.464868927879586
n	n	3.3985082667917723
ŋ	ŋ	3.369042586312686
ˈe	ˈe	3.3508034735354046
j	t	3.344915831066529
ʎ	ʎ_u	3.3308418870430576
ˈe	ˈi	3.2983647876565194
l	ʎ	3.2633951433260466
s	ʦ	3.225673675533885
r	r	3.1248554064895364
t	t	3.1109930539329422
ŋ	n_i	3.0950033769035343
ˈe	e̯ˈa	3.0264835378441957
p	kʲ	3.0025974107257483
#>	r_#>	2.8130008104710136
ŋ	n_ə	2.7761724498196783
e	u	2.531273069255985
e	r_u	2.489771610248836
#>	j_#>	2.4837813462515803
ˈɛ	ˈe	2.454632951155512
ˈɛ	ˈa	2.4540700668951003
t	l	2.348352254382084
j	p	2.2162105781619035
i	i	2.114339024810838
ŋ	n	2.055727464598239
ˈy	ˈo	2.0441316092474144
b_j	v	2.0284039143738393
ˈa_w	ˈa	2.008847244992895
ˈa	ˈa_r	2.008598282069583
d	z	1.9157022433502968
<#	<#_w	1.8007738463958112
ŋ_k	n	1.7236780692694276
ʒ	j	1.5867536130919349
t	ʦ	1.555783587711759
ʎ	k_ʎ_u	1.4466037484945367
<#	<#_j	1.42623887034169
β	r	1.4054595561592609
ɔ	u	1.4018995067458992
ɔ	n_ə	1.3539499350316628
ʎ	ʎ	1.3329239352721916
ˈɛ	ˈo	1.3141858181730373
w	w	1.2493840309494613
ˈɔ	w_ˈo	1.2215047884694374
e_s	s	1.141809354246559
w	ˈo	1.055519310650342
w_ˈe	ˈo	1.0228061211695432
ŋ	j_n_i	1.0104892993661725
ˈɛ	ˈe_p	1.0080819492977304
s	ʃ	0.716201832121245
#>	i_#>	0.5746041322055724
k	ʦ	0.5697555946206394
<#_h	<#	0.373920672548865
r	ə	0.17369932203291144
l	r	0.12023073626757463
#>	ə_#>	-0.28688056482915497