Phone1	Phone2	PMI
b	v	6.513526164283847
h	f	6.422740495967925
ʎ	ʎ_u	6.102686749827122
ˈi	ˈi	5.820095633143577
d	d	5.802713161710835
ɡ	ɡ	5.559314510691016
m	m	5.194041393212852
a	ə	5.023976002947229
ˈɔ	ˈo	4.530628594947391
u	u	4.5163476523168224
t	t_i	4.391887245580064
s	s	4.283613569540499
ʃ	ʃ	4.278986740643164
n	n_t	4.213326992811665
β	b	4.208452231637021
ˈa_w	ˈa	4.187374862516223
ˈu	ˈu	4.164069499540943
ˈa	ˈɔ	4.115253804408157
p	p	4.014369382277114
ʒ	ʒ	3.952296086113591
ˈe	e̯ˈa	3.8775774024161245
k	k	3.8716889719122283
w	w	3.8232590591672895
ˈy	ˈo	3.809641525815925
ɔ	ə	3.809574505129712
l	l	3.7658610672877604
#>	e_#>	3.754432705615591
r	r_n	3.721678526705835
ˈa	ˈa	3.645683058942356
ɾ	r	3.64334503358318
j	p	3.6421259722731545
ʒ	j	3.5991548521700776
e	u	3.581106827016434
ˈu	o̯ˈa	3.553011747448594
n	n	3.544963297124815
e	i	3.409572806421971
ʒ	z	3.3123455761248706
ˈy	ˈu	3.2647055254325292
b_j	v	3.230159645615919
r	r	3.221651139694825
s	ʦ	3.218962871069713
ˈe	ˈe	3.1406777675617104
t	t	3.1296811143885863
ʦ	ʦ	3.121210999764152
<#_e	<#	3.0714252057598226
p	kʲ	3.0478316980468803
l	ʎ	3.005112813345236
ˈe	ˈi	2.9959256090865676
β	r	2.9722178002756006
ˈɛ	ˈe	2.932270299506016
#>	r_#>	2.903955273288734
ˈɛ	ˈa	2.7330346416964977
j	t	2.6214854551610465
ŋ	n_ə	2.5684014781831936
#>	j_#>	2.5029551370770604
ŋ	n	2.4807198524219762
e	r_u	2.3233399540014212
i	i	2.2433124801505033
t	l	2.1707572926676484
<#	<#_j	2.1681189917507564
e_s	s	2.0866024233358056
ŋ	j_n_i	2.0760429194646344
b	b	2.0067074013515223
ŋ	ŋ	1.7488985567962336
<#	<#_w	1.7029551370770608
ð	t	1.6747276299907643
w	ˈe_r	1.5937213423597902
ɔ	n_ə	1.4971174920347958
ʎ	ʎ	1.464259560855061
ˈɛ	ˈo	1.3490461466359724
ʎ	k_ʎ_u	1.336043945414177
ŋ_k	n	1.3285514843432302
<#_h	<#	1.1505227038848163
ŋ	j_n	1.1467719651118768
ʎ	k_ʎ	1.133058859015787
ɔ	u	1.0774428953861228
r	ə	1.044964670465603
ŋ	n_i	1.0395481544882232
t	ʦ	1.0017769868779551
d	z	0.9999207781970465
h_w	f	0.9942579008747398
k	ʦ	0.7122765963186158
ˈɔ	o̯ˈa	0.7045326638682499
ˈe	ˈo	0.697947181164971
ɡ	m	0.6786680695782038
s	ʃ	0.6497664994587992
ˈa	ˈa_r	0.6267544750654489
#>	i_#>	0.5329878557316213
#>	u_#>	0.3713016812820935
l	r	0.16061627065076772
ˈe	ˈu	0.1044519656446055
ˈe	ˈa	-0.04294115318863571