Phone1	Phone2	PMI
ˈi	ˈi	5.44675627695327
m	m	5.03979293433878
b	v	4.813509655795533
ˈy	ˈu	4.747832032209737
ɡ	ɡ	4.501214476125872
p	p	4.431487834012355
s	s	4.215966292445508
ˈe	e̯ˈa	4.203563915771122
ˈa	ˈɔ	4.09406536894925
ˈɔ	ˈo	4.088701437070128
d	d	4.047448811697663
ˈu	ˈu	3.8512453279217738
ɔ	ə	3.764582566481893
k	k	3.731293120637909
ˈa	ˈa	3.713510471521993
<#_e	<#	3.639895274442584
n	n	3.600720531176701
n	n_t	3.571702477151756
l	l	3.5589785338432263
h	f	3.4367375927139605
t	t	3.4318297166971
e	i	3.343665485829077
ˈe	ˈi	3.327399558982936
ɾ	r	3.3243854457896265
r	r	3.101435739323243
β	b	3.080178235030181
j	p	2.789439224819436
b	b	2.7561784863822183
ŋ	n	2.6690589276951764
ˈɛ	ˈa	2.63191530227119
e	u	2.605715204833333
ˈɛ	ˈe	2.573676570912023
ð	t	2.450935689398846
s	ʦ	2.441707663384672
a	ə	2.2953789499796766
p	kʲ	2.25101655884648
r	r_n	2.2437962226877746
l	ʎ	2.152162760966006
ˈa_w	ˈa	2.045102625847536
ˈu	o̯ˈa	2.0307460598892666
ˈe	ˈe	2.030159609415169
w	ˈo	1.9047537207184984
t	t_i	1.8633210209713025
t	l	1.7968002103271838
<#	<#_w	1.7029551370770608
ɔ	n_ə	1.615866433507379
j	ʃ	1.563562475518354
ʎ	k_ʎ	1.5554835579996418
β	p	1.509202335452866
ˈy	ˈo	1.4619619199097038
ŋ	ŋ	1.46130562851102
#>	r_#>	1.4349851365001358
ʒ	ʒ	1.4093297336202983
e	r_u	1.304179234142496
#>	j_#>	1.2514775685385302
ʎ	k_ʎ_u	1.2503072253258545
ɔ	w_ə	1.168350086449705
t	p_t	1.154906375708805
ʒ	z	1.0848351025537242
w	ˈe	1.0662804459793311
u	u	1.04782872378722
e_s	s	1.0420453426258298
d	z	1.042029480076874
w	w	1.0018948270018586
ʒ	j	0.9800549075567484
ŋ	j_n_i	0.9377058721293606
ʦ	ʦ	0.9075079230040048
k	ʦ	0.8570685625328943
w_ˈe	ˈo	0.8169391662090583
ŋ	n_i	0.7793783972881971
ɔ	u	0.7654092464430018
ˈɔ	o̯ˈa	0.7234313424461066
<#	<#_j	0.7227063305835855
ʎ	ʎ	0.684835102553724
<#_a	<#	0.6174925682500679
ˈa	ˈa_r	0.5765200053380531
i	i	0.5764705259572959
ˈɛ	ˈo	0.5616704096685405
ŋ_k	n	0.5406662878683922
ɣ	k	0.4986290991323141
t	d	0.4640660636269587
<#_h	<#	0.3835075679616054
l	r	0.2561269558184609
#>	ə_#>	-0.7491014663289437
#>	i_#>	-0.113203031236353