Phone1	Phone2	PMI
h	f	7.140334386724987
b	v	7.021706404309553
ˈi	ˈi	6.27843015190753
d	d	6.203314552323666
ɡ	ɡ	6.171694639114561
m	m	5.642844403726442
a	ə	5.620534749382159
ˈa_w	ˈa	5.570608541640597
t	t_i	5.516936968588222
n	n_t	5.3996163981285505
u	u	5.261245888663537
ˈɔ	ˈo	4.959920543576446
s	s	4.843341830799062
ʎ	ʎ_u	4.795298574004057
ˈu	ˈu	4.677792097503562
ˈa	ˈɔ	4.63895768002918
ˈe	e̯ˈa	4.6117457081665805
ʃ	ʃ	4.5918021607007615
p	p	4.560819684310376
e	u	4.436444547635926
r	r_n	4.387935075321385
ɔ	ə	4.352207817003064
j	p	4.339692528773127
ɾ	r	4.312760619780951
k	k	4.312215409656606
n	n	4.2673585219735255
ˈu	o̯ˈa	4.257182799033949
ˈy	ˈo	4.2154419581353455
l	l	4.1870030484265115
ˈa	ˈa	4.176617639586633
ʒ	j	4.15646821800973
ʒ	z	4.061201773394969
e	i	3.963693148768895
ˈe	ˈe	3.9332822236108282
s	ʦ	3.8617436181822677
r	r	3.8179000256369813
ˈe	ˈi	3.804083836787085
ˈy	ˈu	3.7537914207541228
β	r	3.7327692832286097
t	t	3.7134868010953395
ʦ	ʦ	3.6211798126231947
β	b	3.5352809182272926
l	ʎ	3.5335962609067733
ˈɛ	ˈa	3.496683354906971
ŋ	n_ə	3.38415794487019
b	b	3.3751177442919187
p	kʲ	3.3413162153674474
ŋ	n	3.0950447544665134
#>	i_#>	3.0300658912523475
ʒ	ʒ	2.9129974140715733
ŋ	j_n_i	2.7886362230304567
e_s	s	2.7824540541344636
e	r_u	2.746927884654106
b_j	v	2.719848975378725
i	i	2.715202359838813
ˈɛ	ˈe	2.6832459299519473
t	l	2.6782500027125407
j	t	2.5514467442097124
<#_e	<#	2.4998315145835877
w	w	2.3705059749688555
<#	<#_j	2.0945243599412917
ɔ	n_ə	2.083066614716366
ʎ	k_ʎ_u	2.0820473015609324
ŋ_k	n	2.0764867570332646
#>	r_#>	2.0161217286555124
ŋ	ŋ	1.9536770274956985
ð	t	1.838904392353542
ʎ	ʎ	1.8136756805039638
ˈɛ	ˈo	1.6671487902479025
ʎ	k_ʎ	1.6652924508584515
w	ˈe_r	1.6633148481146023
<#_h	<#	1.6533556300380843
#>	e_#>	1.612175722965588
#>	j_#>	1.5720938056588436
r	ə	1.5198646089945784
ɔ	u	1.4710823710074257
<#	<#_w	1.3792721015354057
ŋ	j_n	1.3787005694032302
ɔ	b_ə	1.331579304254958
ŋ	n_i	1.2838143620163132
ˈu	ˈu_k	1.2230121756116765
d	z	1.1190202247892533
k	ʦ	0.9154677217487804
ˈɔ	o̯ˈa	0.8801763081958265
ˈa	ˈa_r	0.8635900028329875
t	ʦ	0.8568302253440371
w	ˈo	0.8122063076189014
ˈe	ˈo	0.7858899813810147
s	ʃ	0.768865946051006
ˈa	ˈe	0.41836772822031304
l	r	0.3973885628420646