Phone1	Phone2	PMI
h	f	6.345569114446955
r	r_n	6.176162705486572
n	n_t	5.912110830262925
d	d	5.741984732847503
b	v	5.675963631598828
ʎ	k_ʎ_u	5.47285514790098
ˈi	ˈi	5.416667644990116
ɡ	ɡ	5.407264026213747
ʦ	ʦ	5.295675988360521
m	m	5.080506922802448
ʒ	z	4.70575302426135
p	p	4.566155383016315
b	b	4.5530216627757865
ˈɔ	ˈo	4.55198510864574
e	u	4.42188269091956
ˈy	ˈu	4.357090114844711
s	s	4.314537465853268
ŋ	ŋ	4.189709457026882
ˈe	e̯ˈa	4.091212511375144
ˈa	ˈɔ	4.070246262837443
t	t_i	3.918083734648488
a	ə	3.891131800198981
ɔ	ə	3.886086482694899
w	w_ə	3.809265904308584
ˈu	ˈu	3.756026014090875
k	k	3.7170089274052
ɾ	r	3.713493962727645
l	l	3.620855132838477
ˈa	ˈa	3.490068043602861
ˈu	o̯ˈa	3.4833679766556367
ˈe	ˈi	3.4541594018597834
e	i	3.438462762821921
j	p	3.433010605734515
ˈɛ	ˈe	3.3956115208810105
t	t	3.349290096008849
s	ʦ	3.3420815240716224
n	n	3.3192999427008774
ʎ	ʎ_u	3.186460739164657
l	ʎ	3.0492200707233783
r	r	3.010984819819317
β	b	2.9641064844001668
ŋ	n_ə	2.8634460380694664
<#_e	<#	2.8600353437392787
ˈa_w	ˈa	2.8034010951730512
ˈɛ	ˈa	2.754749921787415
ʒ	ʒ	2.5039236743996254
#>	e_#>	2.4953618957300314
ˈe	ˈe	2.4760110368153785
#>	r_#>	2.422465961851364
ʒ	j	2.342746905930869
e_s	s	2.3037562047245665
s	ʃ	2.25753306918891
p	kʲ	2.201659785144409
ˈa	ˈa_r	2.042234786517522
ŋ	n	2.034030696278043
ˈy	ˈo	2.024728503334708
w	w	1.9943317500260664
j	t	1.962170422161684
t	l	1.759305411989732
ʎ	k_ʎ	1.7339893228560288
<#	<#_w	1.6953618957300318
ŋ_k	n	1.6800346648114317
β	r	1.6179326147682118
w	ˈe_r	1.5943679868298253
i	i	1.5408599511971048
<#_h	<#	1.5188437891523632
ɔ	n_ə	1.5097448854357265
t	ʦ	1.4992787237679883
ŋ	n_i	1.459821472795613
ˈɔ	w_ˈo	1.3491965010625369
ʃ	ʃ	1.3010774623371195
#>	j_#>	1.2476809478650157
ŋ	j_n	1.1101336381972926
d	z	1.0606168992845604
b_j	v	1.0403077944877628
ŋ	j_n_i	0.975486251059656
ˈɛ	ˈo	0.811328050029204
ɔ	u	0.7945213772006545
ˈe	ˈo	0.7354656159151289
<#	<#_j	0.7189097099100709
#>	i_#>	0.5244398714970744
r	ə	0.3011317365735091
#>	ə_#>	-0.7281955798913959
l	r	-0.032543622220159