Phone1	Phone2	PMI
ʧ	ʧ	7.981275087672219
ʃ	ʒ	7.304488436391468
ŋ	ŋ	7.150227226619321
ɡ	ɡ	7.145111159163098
ʝ	ʎ	7.123589697621768
ɲ	ɲ	7.070111856659891
ɣ	ɣ	6.4815317469414975
ð	ð	6.43675080673485
w_ˈe	ˈɔ	6.177409211765709
d	d	6.11315544629453
β	β	5.839512484467424
f	f	5.816795447740603
o	u	5.75092362238214
j_ˈe	ˈɛ	5.698395464092313
j	j	5.673967938268906
ˈu	ˈy	5.587669040068424
θ	ʦ	5.56887910650498
n_t	n	5.2549540994652215
ʎ_u	l	5.224042313346568
m	m	5.213407218366507
r	r	5.207812731623176
p	p	5.141841131779349
b	v	5.040985360111319
b	b	4.981371633971636
ˈi	ˈi	4.840930063909804
k_u	k	4.752441192105687
ˈo	ˈa_w	4.74649861848215
ˈa_ɾ	ˈa	4.725713863834192
l_u	l	4.711985407945467
t	t	4.595435927525005
ˈo	ˈu	4.47710660456818
n	n	4.3938212337808125
k	k	4.34808029385179
e	e	4.226962984476913
l	l	4.186115917954255
ˈe	ˈe	4.115981799867266
w	ɥ	4.087717276633249
ʎ	l	4.084244724244198
ɾ	ɾ	3.9994951118597
u	e	3.916673736577352
ˈa	ˈa	3.852884287509153
n_u	n	3.832639963692909
ŋ_#>	#>	3.748403356621724
s	s	3.658565480685142
ˈa_n	ˈa	3.654571828814692
θ	z	3.583699417999915
a	ɔ	3.5037523988902803
ɾ_u	r	3.5030702881421028
a	a	3.3685851835567364
ɾ	r	3.316844402025714
ˈo	ˈɔ	3.2355972537204534
θ	s	3.205662209668465
t_e	t	3.113174695234533
ˈe	j_ˈɛ	2.936622359335125
ɾ	w_ɾ	2.9246914165193507
β	w	2.839764105257382
#>	t_#>	2.7502740937520875
ˈo_ɾ	ˈu	2.272717938896037
ˈe	ˈɛ	2.1169073414063706
ˈe_ʝ	ˈɛ	2.0986693602233157
e_#>	#>	1.9067818806885743
s	z	1.781597850096131
u	w	1.7294167941804084
<#_ɡ	<#	1.6925504234991997
ˈa_l	ˈa	1.674448077135169
ð	t	1.6659742123508388
ɣ	k	1.6426848387574522
ɡ_w	ɥ	1.4716391400063389
o	e	1.4163369104553958
β_u	w	1.224231300546169
β_e	w	1.1739235471469762
ˈu	ˈu	1.1379667908957676
ˈe	ˈi	1.087096247873909
ˈo_ŋ	ˈu	1.0517320052961563
s_u	s	0.9570098945347444
#>	w_#>	0.9355604693964302
ɾ	j_ɾ	0.9164068762500096
ˈe	ˈe_j	0.8070409631927526
#>	e_#>	0.642904128721859
ˈe	j	0.5386366575959431
ɾ_#>	#>	0.4983797792514406
#>	l_#>	0.3840044843570584
ˈe	e	0.3274798690141214
u_#>	#>	-0.1061580718353615
ˈe	ˈa	-0.0312940180680034