Phone1	Phone2	PMI
ɡ	ɡ	6.655718248504316
ˈu	ˈy	6.382852946815672
ʤ	ʤ	6.321122050414077
ɲ	ɲ	5.941505129476211
w_ˈa	ˈɔ	5.936738650149407
ˈi	ˈi	5.852612503906328
ʧ	ʦ	5.777910996627682
ˈo	ˈu	5.643883192431865
ˈuː	ˈøː	5.599722247879811
ˈa_n	ˈãː	5.592628070373195
d	d	5.535894231039214
b	b	5.385436265327795
ˈa_ŋ	ˈãː	5.165811833283637
p	p	5.058985103373386
v	ʋ	5.035049309411542
n	n	5.01234033535305
ˈaː	ˈaː	4.930860798424073
j	j	4.809707727728492
j_ˈɛ	ˈɛ	4.769822192006414
m	m	4.694101783398574
i	e_r	4.662907719007973
f	f	4.64947280884062
s	s	4.62753274281791
ˈi_ŋ	ˈĩː	4.601861474299785
ˈe	ˈe	4.5931379384046656
ˈe	ˈeː	4.546463975300905
ˈiː	ˈi	4.4621524639142205
i	i	4.292159644542667
i	e	4.242130571671915
ˈo_ŋ	ˈũː	4.211381243660741
t	t	4.205044604365049
ʧ	ʧ	4.201659124490343
ˈɛ	ˈɛ	4.092276413965574
ˈa	ˈa	4.038141328386556
k	k	3.982647880530472
n_t	t	3.9808985556859255
c	k	3.938455400245919
l	l	3.893178776724976
e	a	3.7337415324176737
ˈaː	ˈa	3.701983223161041
a	a	3.699010222064268
ˈeː	ˈɛ	3.6270056480769206
r	r	3.613637158266685
i	ĩ	3.4853843725005715
u	u	3.461515832564916
w	ˈɔ	3.366683112924523
ˈi_n	ˈẽː	3.084754935908569
ˈiː	ˈe	2.873518363109759
t	ʧ	2.8186412178024467
t_r	t	2.7541193830226014
ɲ	n	2.734519328121518
r	r_n	2.646720271624767
o	u	2.5958417404991394
j	e	2.1913975854736383
l	j	1.6517039388693255
k	ʧ	1.570543575684682
<#_j	<#	1.5697795867971291
ˈɛ	ˈe	1.4231808355755065
ˈɔ	ˈø	1.3680689758820903
ˈi	ˈĩː	1.3157418368438003
#>	ʧ_#>	1.2829676248955084
ˈo	ˈũː	1.0324545948595625
ˈa_w	ˈɔ	1.0322282041077278
v_j	ʋ	1.0061297154835762
ˈa	ˈãː	0.8806422337187902
ŋ_k	k	0.8530227662109808
ŋ_#>	#>	0.8201890726557528
i_#>	#>	0.6580498987055431
t_#>	#>	0.0553117499303388