Phone1	Phone2	PMI
ʤ	ʤ	6.40166485933481
ˈa_ŋ	ˈãː	6.327402474885062
ˈo_ŋ	ˈũː	5.940156602093586
ˈo	ˈu	5.726324672873321
i	i	5.578393231318168
ʧ	ʦ	5.50833370557738
ˈi	ˈi	5.503719237583038
d	d	5.429949312570399
ˈa_n	ˈãː	5.3178301400689305
ˈuː	ˈøː	5.249282270676061
b	b	5.248172631021993
ˈu	ˈy	5.210920327064932
v	ʋ	5.174999880459534
n	n	5.037507136401892
j_ˈɛ	ˈɛ	4.973106127774377
p	p	4.949524503688025
m	m	4.907785498773566
u	u	4.73447175063026
o	u	4.718718893335229
s	s	4.688334025363732
ˈiː	ˈi	4.626116009345009
f	f	4.5573317104420745
ˈe	ˈe_j	4.523949140714037
ˈɛ	ˈɛ	4.33773358978808
t	t	4.335466994203031
ɲ	ɲ	4.291415782789452
ˈe	ˈe	4.205101751488132
k	k	4.172444509010022
i	e	4.101544406869552
l	l	4.0270046987702175
ˈa	ˈa	4.023413352087262
j	j	3.9957434677027517
c	k	3.9346198455643506
ˈaː	ˈaː	3.9275682759530626
ˈaː	ˈa	3.765610243605848
r	r	3.6730848888278373
ɡ	ɡ	3.6181127302449108
r	r_n	3.5768732950080278
i	ĩ	3.5080903853127268
a	a	3.411044437529449
e	a	3.4107775746665077
ˈeː	ˈɛ	3.401819681468271
ˈi_n	ˈẽː	3.3943056471820428
w_ˈa	ˈɔ	3.3202519737937686
ʧ	ʧ	3.2029782128561437
ˈuː	ˈyː	2.7889387148410956
z	z	2.78460507000601
ˈɔ	ˈo	2.776955311793686
ˈɔ_l	ˈø	2.6775420554259997
ŋ	ɲ	2.60506113250247
i	e_r	2.520896695667166
ˈoː	ˈu	2.385929314192401
w_ˈɛ	ˈɔ	2.2225949258259203
t	ʧ	2.22248447570444
ˈi	ˈĩː	2.188938714841096
ˈiː	ˈe	2.055950265284875
n_t	t	1.987473527568844
j	e	1.9221793986432285
b_j	b	1.9033224904767245
ˈe	ˈeː	1.8723691647098457
e	ʋ_a	1.8689403688104336
ɡ	k	1.8381118882402552
u	e	1.831301472848463
ˈɔ	ˈɔ	1.7953547090398803
ˈa_w	ˈɔ	1.75525511300953
ɲ	n	1.7137330585041464
t_r	t	1.694574114843197
l	j	1.6319611868739776
ˈu	ʤ_ˈy	1.494771584922928
e	e	1.4797184348428487
w	w	1.4127970372019962
ˈi_ŋ	ˈĩː	1.4065352840905134
ŋ_k	k	1.406182845142781
ɡ	ʤ	1.2682740230416059
ˈo	ˈũː	1.1916295380878195
o	o	1.1746517585705167
ˈe	ˈɔ	1.1637275450971862
#>	ʧ_#>	1.0559354091721729
ˈi	ˈẽː	1.044020877585453
ˈɔ	ˈu	0.992880131352541
a	ã	0.9721750136793503
ˈeː	ˈe	0.9112381091622573
z	s	0.8898114928719622
ˈɛ	ˈe	0.8657876553257549
ˈɛ	j	0.7802585440703177
k	ʧ	0.7746517585705168
s_i	s	0.7640727393027065
ˈo	e	0.7129069363559493
<#_j	<#	0.6702148881093757
i	u	0.6536150102046423
ŋ_#>	#>	0.4271418572208799
<#_k	<#	0.23040061868901002
i_#>	#>	0.18518122381729926
l_#>	#>	0.009384209477498538
t_#>	#>	-0.23108362115184644