Phone1	Phone2	PMI
ʎ	lʲ_i	9.107566675838967
tː	k_t	8.04808721035077
sː	sː	7.964503665225304
c	k_ʊ	7.839499329385005
lː	lʲː	6.946631134283441
ŋ	ŋ	6.637616125245804
ɟ	j	6.625024093979721
i	iː	6.132201166564784
f	f	6.026095555989477
ˈu	ˈuː	5.940588138485709
b	b	5.702090830060532
i	eː	5.611558325509308
v	w	5.571080681332854
ˈi	ˈiː	5.570541962914468
ɡ	ɡ	5.524380178806091
d	d	5.513590658602635
ˈe	ˈɛ	5.4542125494852405
ˈa	ˈaː_r	5.451379385812704
m	m	5.450415197951581
tː	tː	5.425075329048427
ɟ	ɡ	5.361554755234445
ɲ	n_i	5.289755496566508
ɲ	n_e	5.238112596127517
ˈo	ˈoː	5.086652480055863
n	ŋ_k	5.031581304296232
kː	kː	4.911110990563957
w	kʷ	4.903834601049788
i	ɪ	4.903508496260183
p	p	4.870786357876789
ˈɛ	ˈeː	4.827333082700242
ˈo	ˈʊ	4.8122958777098646
j	ɫ	4.799638110445506
<#	<#_h	4.777654276249629
l	l	4.701207661027671
l	ɫ	4.69729765065738
s	s	4.634890273655639
ˈɔ	ˈɔ	4.612627797259124
z	s	4.490650155281361
ˈɛ	ˈɪ	4.449348989579421
t	t	4.30519142918082
ˈa	ˈa	4.209076220692633
ʧ	k	4.141015208899347
e	ɛ_r	4.081587119889275
e	ɛ̃ː	4.013150205971034
n	n	3.982881208580025
a	ãː	3.945375739139562
ˈɛ	ˈɛ	3.895862996028759
a	a	3.894699298834621
ˈɔ	ˈoː	3.886862791374921
k	k	3.84885982956427
ˈo	ˈɔ	3.842395449142812
ˈu	ˈʊ	3.819903050168492
r	r	3.786996002801695
ˈɔ	ˈʊ	3.7377472856195295
a	aː	3.652701340339239
ˈa	ˈaː	3.6494179110459983
ʃ	s	3.5680642243395995
a	i_ãː	3.476858655313797
u	ʊ̃ː	3.430330327465557
u	ɔ	3.095601951633306
#>	s_#>	2.96321310194842
u	ɫ_ʊ̃ː	2.880114613678393
e	r_ɛ	2.8488781290912266
u	oː	2.796326225832844
ˈɔ	ˈau̯	2.607380041165253
u	i_ʊ̃ː	2.514662274376085
v	b	2.453465325713865
e	ɛ̃	2.4204591401511
e	ɛ	2.0884197965611957
ɲ	ŋ	1.929563246998592
#>	ɛ_#>	1.8387114917914735
ɲ	n	1.786329448045682
u	ʊ_s	1.7438021445902017
j	i	1.6455352157410346
ʦː	t	1.605578746701466
k	kʷ	1.529933729994322
u	ʊ	1.443437229876557
ˈi	ˈɪ	1.2797303209896236
ˈi	ˈi	1.2444855078625
ɲ	i	1.025914387570007
u	e_ʊ̃ː	0.9794017009424902
c	k	0.8900202673670131
ˈe	ˈɪ	0.8121980284201747
nː	n	0.7525991841350405
ɡ	k	0.6047709501332927
u	ɛ̃ː	0.5891413620777088
ˈɛ	ɛ	0.5724851161841005
v	p	0.3294526375589049
a	ɛ	-0.2523906441511452