Phone1	Phone2	PMI
ˈa_n	ˈãː	7.347496570486453
ɡ	ɡ	6.8506881072900505
ˈu	ˈy	6.615109573852543
ʤ	ʤ	6.442464309824932
w	w	6.220683796251465
o	u	6.129441329016028
i	i	5.723344490252736
ˈi	ˈi	5.634155907479576
b	b	5.494671446142876
d	d	5.42252676164548
ˈo	ˈyː	5.416077448090361
ɲː_o	ɲ	5.384387232284654
j	j	5.312172661534201
ˈo	ˈu	5.169588230890287
ˈɔ	ˈø	5.018688574369517
m	m	4.964593223013788
f	f	4.926098813470049
n	n	4.9187897251790496
e	e	4.843703764136233
v	ʋ	4.812924276578042
p	p	4.7739169507991805
ˈɔ	ˈɔ	4.768082490738224
ˈa_r	ˈa	4.64009751009914
lː_o	l	4.565293755997039
s	s	4.3972012015550765
ʧ_e	s	4.379344920233821
ˈi_r	ˈi	4.3140633175038285
k	k	4.304579720363909
r_o	r	4.235808843981163
ˈe	ˈe	4.184089811948179
sː_o	s	4.166606548722544
ˈɛ	ˈɛ	4.035732571503123
ˈa	ˈa	4.008150082179506
k_o	k	4.003319474658617
l	l	3.966145167497349
tː	ʧ	3.93196634541052
t	t	3.889721267467467
l_o	l	3.8575582053045743
r	r	3.62654714517491
ˈa	ˈaː	3.4935768162651577
a	a	3.475133800370425
kː	k	3.292806232685292
t	d	3.247827187522963
tː	t	3.2322724019241087
ˈe	ˈɛ	3.0872661169486304
ˈe	ˈe_j	3.0710317390410835
lː	l	3.066283980525064
ʎː	j	3.0083040908060017
ʧ	ʧ	2.9851814327984534
n_t	t	2.884805966112109
ˈɛ	ˈe	2.748147821204117
p	ʋ	2.4862175395932637
m_e	m	2.369371359195344
p_o	p	2.277892592968814
kː_j	ʧ	2.223093815266324
ʧ	ʦ	2.135758271101792
ɡ_o	k	1.884560272554389
j	ʧ	1.7973978459836506
ˈo_n	ˈũː	1.724479167845996
w_ˈɔ	ˈøː	1.7091629629680387
ˈɛ_n	ˈẽː	1.620491496061603
ʃː_e	s	1.5262928014923305
e	a	1.4239198211972612
n	ɲ	1.3977525463578055
t_o	t	1.2719907405200757
ɲː	ɲ	1.2637609035361916
kː_j_o	ʧ	1.2215027980318554
t_e	t	1.124804054559014
e	ˈaː	1.0969354292224167
ˈɔ	ˈu	1.086758323450452
v_e	f	1.0744963011598212
ˈi	ˈĩː	1.0554655763409595
d	t	1.0094002877875623
i	e	1.0044566231884169
i_#>	#>	0.9949058624967764
ɡ	k	0.8560374764676701
ŋ_k	k	0.8074866677017647
e_#>	#>	0.2340496888094828
o_#>	#>	-0.6866227360022731