Phone1	Phone2	PMI
b	b	7.554471022364044
ˈɔ	ˈu_k	6.938163247217998
f	f	6.6717273027477235
v	v	6.661708880198722
ʧ	ʦ	6.361977810927991
o	u	6.167027137482872
d	d	6.164972401336265
v_j	v	6.114101202011059
ˈi	ˈi_ʎ	5.992925867858221
m	m	5.797981137518658
j	j	5.674169743641966
ʤ	ʒ	5.658239677602448
ˈu	ˈu	5.529959466007548
ˈaː	ˈa	5.4220250367951
ˈi	ˈi	5.420900792345351
ˈeː	ˈe	5.393725517053422
ɡ	ɡ	5.258487952154979
ˈuː	ˈo	5.256529893994807
s	s	5.250906452051321
t	t_i	5.166343953128571
ˈa	ˈɔ_j	5.102839114971672
r	r_i	5.0514087448243705
ˈe	e̯ˈa	5.042220025171496
i	u	4.942947445702987
s	ʃ	4.896625204152274
l	k_ʎ	4.86634194717588
ʤ	z	4.856552485880622
k	k	4.81254462347871
p	p	4.710286604685844
t	p_t	4.658323825636294
c	k	4.550747917762055
ˈo	o̯ˈa	4.482755280310226
n	n	4.38940678143687
e	ə	4.365311592101745
ˈa	ˈɔ	4.318721354376783
a	i	4.299052619520864
ˈo	ˈu	4.2763786627626175
<#_f	<#	4.231864865371161
ˈɛ	ˈe	4.202714587698927
l	l	4.116050707259824
ˈa	ˈa	3.972551857376133
d	t	3.8883875650196766
r	r	3.880392412874694
t	t	3.835423929701746
ˈo	ˈo	3.769058766930666
ˈe	ˈi	3.4945385115034733
i	i	3.4883273306405385
ˈɔ	w	3.3939053566803503
j_ˈɛ	ˈa	3.3901674162192905
ˈoː	ˈu	3.3275326643097562
w	ˈo	3.2855872865439273
p	kʲ	3.285326208584074
ŋ	n	3.272045491983986
j	ʎ	3.1859948675198657
ŋ	ŋ	2.940509164025861
z	ʃ	2.88834987225908
#>	i_#>	2.819057208544896
ˈɛ	ˈe_p	2.791228202865082
ˈiː	i	2.690974305933233
w	o̯ˈa	2.5160179721303955
ˈɛ	e̯ˈa	2.4028008043658025
t	d	2.3858939566675934
t	ʦ	2.3694967627845913
ˈa_r	r	2.364591402486587
l	ʎ	2.2177232803143365
t_r	t	2.2010488239416692
f	p	2.0611437777285846
ŋ_k	n	1.959746499693075
ˈe	ˈe	1.952659245309854
#>	u_#>	1.754868651101493
ɲ	n	1.6993546313376817
ŋ	m	1.5282537490127224
l	r	1.4266051876770576
v	p	1.3906973026211538
r_i	u	1.350839864383037
t	p_t_i	1.350327640930787
ˈiː	ˈe	1.274425867010985
ŋ	n_i	1.2490755382811254
r	r_n	1.2133360715049806
ˈɔ	ˈu	1.1164744580499275
ˈɛ	ˈi	1.0514036059558707
f	w	1.0105707294481152
e	i	0.9969093698212965
ˈɛ	ˈa	0.9949002179186716
ˈɛ	ˈo	0.9433497875124081
ˈeː	e̯ˈa	0.874425867010985
<#_v	<#	0.8131313165320113
#>	e_#>	0.796082023267664
j	ʦ	0.7504802832346184
s	ʦ	0.674425867010985
#>	n_#>	0.5075871855206857
#>	k_#>	0.43461103885614316