Phone1	Phone2	PMI
v	v	5.782152997347312
ʧ	ʦ	5.619826948536804
j	j	5.582152997347313
ˈi	ˈi	5.260296244363741
m	m	5.2413153252830735
b	b	5.11495289094728
d	d	5.052501171915724
s	s	4.950702536310824
f	f	4.913833348600964
ˈaː	ˈa	4.793525857959868
i	u	4.563561440644998
p	p	4.315239287921343
k	k	4.139210000197058
ˈa	ˈɔ	4.10601847555516
c	k	3.976863746993809
n	n	3.9574563949246135
e	ə	3.9156280038879743
ʤ	ʒ	3.833996779463525
t	t_i	3.7777300454755207
ˈu	ˈu	3.719098062788186
t	t	3.642969671329576
ˈe	e̯ˈa	3.586578965435503
ˈo	ˈu	3.560157198482648
l	l	3.5527736401146948
ˈɛ	ˈe	3.499436806219528
ɡ	ɡ	3.482215316783696
ˈa	ˈa	3.4451767356660308
r	r	3.439816972208625
ˈo	ˈo	3.1708188777493493
ˈɔ	ˈo	3.148546311792628
s	ʃ	2.756798789315652
t	p_t	2.7440772597218364
ŋ	n	2.712657893490822
i	i	2.65654890073894
ˈuː	ˈo	2.6248196253597347
l	k_ʎ	2.6091412094441586
d	t	2.172278514174102
ˈe	ˈi	2.1051546823929987
ˈeː	ˈe	2.0571312323479662
v_j	v	1.9088444265063464
r	r_n	1.894437939939076
ŋ	ŋ	1.8482524084762757
ˈoː	ˈu	1.689821296974693
l	ʎ	1.6619090682209454
r	r_i	1.630305891450213
j_ˈɛ	ˈa	1.4914523908715451
z	ʃ	1.3311179637114308
ˈo	o̯ˈa	1.327730927142249
w	o̯ˈa	1.244392118493985
ˈɔ	ˈu_k	1.2344665675905295
ʤ	z	1.2288137971467854
ˈi	ˈi_ʎ	1.189895085879218
ˈe	ˈe	1.0915291855003637
w	ˈo	1.0834174960280687
<#_f	<#	1.0563508056567663
t	p_t_i	1.0503822636604805
p	kʲ	1.0096955543228847
ŋ	j_n_i	0.9651820362289074
a	i	0.9519816547346984
w_ˈɛ	ˈo	0.9342332636154684
l	r	0.905721370969064
o	u	0.8628517425955338
v	w	0.8434565079910925
ˈɛ	e̯ˈa	0.738906158819167
ʤ	ɡ	0.7254028006352293
ɲ	n	0.7112108290012478
ŋ	n_i	0.6988296418183058
t	d	0.5951228405951553
j	ʦ	0.5715529601154571
ˈɛ	ˈi	0.569158431782242
ˈɛ	ˈa	0.5605446874038648
f	p	0.5332474125513325
ŋ_k	n	0.4649312507205172
e	i	0.4422685029908172
ŋ	m	0.3889322733397982
<#_v	<#	0.2079056728373274
#>	u_#>	0.1617147858693531
#>	i_#>	-0.2390976514673448