Phone1	Phone2	PMI
b	b	6.82970873339368
ɡ	ɡ	6.202086622824239
f	f	6.050754583859048
v	v	5.843899855488517
d	d	5.7149348763677015
ʧ	ʦ	5.396185765242657
j	j	5.279170109608866
m	m	5.194616609958523
ˈuː	ˈo	5.162168223713452
ˈi	ˈi	5.057541186446815
ˈaː	ˈa	4.860994702991158
ˈu	ˈu	4.726507298583447
i	u	4.569122144758786
ˈeː	ˈe	4.424022711678327
v_j	v	4.380315348613294
s	s	4.323330543223288
k	k	4.246589454215038
p	p	4.234347065182611
ˈa	ˈɔ	4.169185679829936
ˈe	e̯ˈa	4.136709844504741
p	kʲ	4.077889456486402
n	n	3.962270665198773
s	ʃ	3.93393498240755
e	ə	3.892732708362865
z	ʃ	3.878060540499322
t	t	3.876054125023179
c	k	3.7142997939724327
ˈo	ˈu	3.647552229685687
ˈoː	ˈu	3.621440950572584
ˈa	ˈa	3.5535713532150286
l	l	3.409920192929225
ˈɔ	ˈu_k	3.3619441324174657
l	k_ʎ	3.2266970664327164
ˈo	ˈo	3.1473018708193017
r	r	3.1134072163530364
ˈɛ	ˈe	3.005658898018432
ʤ	ʒ	2.91767452540374
ˈe	ˈe	2.878808521065744
a	i	2.856499882592418
i	i	2.832841191115032
r	r_i	2.8059392136843107
ŋ	ŋ	2.646979947532416
ŋ	n	2.604274949444272
t	t_i	2.553884142607526
ˈɛ	e̯ˈa	2.505213295543308
f	p	2.36596359672066
ˈe	ˈi	2.3051956100814257
ˈo	o̯ˈa	2.2641639458496186
o	u	2.210706654466599
ŋ	j_n_i	2.129841174393333
ˈiː	i	2.111013961011092
ˈiː	ˈe	2.056760950424958
ˈɛ	ˈe_p	2.0280343397893503
t	p_t	2.006073851770038
j	ʎ	1.9939625609660236
l	ʎ	1.9695485908716903
t	ʦ	1.889341827590772
ŋ_k	n	1.821164144704801
d	t	1.795912082233175
r	r_n	1.7702919675886557
ˈɛ	ˈo	1.7672003351242778
<#_f	<#	1.662960869249524
ˈɔ	ˈo	1.6373736453547494
ˈeː	e̯ˈa	1.4678575509333749
t_r	t	1.3959704616901143
v	p	1.2721025237454726
#>	w_#>	1.2379649117760034
ˈi	ˈi_ʎ	1.1784721490266228
ʤ	z	1.0000683531162264
t	d	0.9907272753424408
ˈɛ	ˈa	0.9247674293919136
l	r	0.9239729987876548
ŋ	m	0.8499199587120102
ŋ	n_i	0.8307453738433235
ɲ	n	0.7431993707003854
j_ˈɛ	ˈa	0.7207208835163788
s	ʦ	0.6603363843256014
ˈɛ	ˈi	0.6502766548864827
#>	u_#>	0.5903595737029311
ˈɔ	ˈu	0.5550750801161717
#>	i_#>	0.4477725579491268
e	i	0.3682929473923411