Phone1	Phone2	PMI
b	b	6.975121637876159
f	f	6.067271741843065
v	v	6.057253319294063
ˈɔ	ˈu_k	5.9985510194866745
ʧ	ʦ	5.716598706101638
d	d	5.5411445325810895
o	u	5.504670253139217
m	m	5.241727196514758
ˈi	ˈi_ʎ	5.053169043721244
ʤ	ʒ	5.019901898727245
j	j	4.997200166860366
ˈu	ˈu	4.971993122302964
ˈi	ˈi	4.841551407857464
ˈaː	ˈa	4.838144912018502
ˈeː	ˈe	4.74640613198861
ɡ	ɡ	4.741247678316946
s	s	4.648350668874013
ˈuː	ˈo	4.590449874017682
v_j	v	4.57700336597272
ˈe	e̯ˈa	4.46287064068361
i	u	4.338491884798328
s	ʃ	4.275447540096669
k	k	4.246021306474766
ʤ	z	4.165890371225291
ˈa	ˈɔ_j	4.163082290834693
p	p	4.1432715836914005
t	t_i	4.12318229523499
c	k	3.9842246007581115
p	kʲ	3.921089720456717
ˈo	o̯ˈa	3.903405895822339
t	p_t	3.8909275427153114
r	r_i	3.866195141118641
a	i	3.85153624307662
n	n	3.801703890701598
e	ə	3.7976709686253374
ˈa	ˈɔ	3.7393719698888965
ˈo	ˈu	3.718412319058033
l	k_ʎ	3.663253387232038
l	l	3.5029789205718393
ˈɛ	ˈe	3.497802718760802
ˈa	ˈa	3.388671732599535
t	t	3.3448645834526753
r	r	3.2957335974644955
d	t	3.290808602920151
ˈo	ˈo	3.1859862468093096
ˈɔ	w	3.051944234130094
ˈoː	ˈu	3.0009164562317543
w	ˈo	2.933864902049154
ˈe	ˈi	2.9151891270155867
i	i	2.90392206446298
ŋ	n	2.730831818448788
z	ʃ	2.6693707399728415
ŋ	ŋ	2.6453469788186776
j	ʎ	2.5296274732959962
w	o̯ˈa	2.282734715085704
ˈɛ	ˈe_p	2.21304428143409
ˈiː	ˈe	2.212838201471781
<#_f	<#	2.116574676286919
t	d	1.9583136499032439
ˈɛ	e̯ˈa	1.93850993193838
l	ʎ	1.7117232613471158
f	p	1.7045307844889033
ˈa_r	r	1.6424556477776107
ˈe	ˈe	1.6069028380096575
ˈiː	i	1.5998318326946763
j_ˈɛ	ˈa	1.5401083436455658
t_r	t	1.4878452228630388
ɲ	n	1.4680044957110991
t	ʦ	1.454744861141041
ŋ_k	n	1.2476505353227303
#>	w_#>	1.2418906731257902
#>	e_#>	1.2418906731257902
j	ʦ	1.188340807635135
v	p	1.1488003011980852
ŋ	m	1.1350895022523562
s	ʦ	1.0138487981928923
ŋ	n_i	1.0046660883856033
#>	u_#>	0.9978366439101062
r_i	u	0.9934740395365429
r	r_n	0.9579779142312164
ˈɛ	ˈa	0.9332674611574449
f	w	0.9022025840855497
l	r	0.8374942552004533
ˈɛ	ˈi	0.7816672445880448
ˈeː	e̯ˈa	0.7597098751943727
ʤ	ɡ	0.7263822313910422
ˈɛ	ˈo	0.6667006945559912
e	i	0.4612070946666125
#>	i_#>	0.45278867226011466
#>	n_#>	0.44189067312579
#>	k_#>	0.313119435170845
<#_v	<#	0.20790567283732747