Phone1	Phone2	PMI
b	b	6.637423996097651
f	f	6.115411536301453
v	v	6.005612732111112
ɡ	ɡ	5.885966242316397
d	d	5.664093789226103
ʧ	ʦ	5.535644974562822
m	m	5.220883300846466
ˈi	ˈi	5.146717590239111
j	j	5.089782944223962
ˈuː	ˈo	5.069074985349906
ˈɔ	ˈu_k	4.8153540545962645
ˈaː	ˈa	4.7474942237874265
ˈu	ˈu	4.691375924296906
p	p	4.587310453135556
i	u	4.444440776467893
s	s	4.40972845226198
ʤ	ʒ	4.31511674712834
ˈe	e̯ˈa	4.231737974382298
ˈeː	ˈe	4.098573507430237
k	k	4.04752242731824
ˈa	ˈɔ	4.030793077532554
n	n	3.9884081112880576
t	t	3.9313646192598055
e	ə	3.744236545658913
l	k_ʎ	3.7112180311845897
ˈoː	ˈu	3.6692893891683314
ŋ	ŋ	3.61946124976758
ˈo	ˈu	3.6124208553991455
ˈɛ	ˈe	3.5909275271252543
c	k	3.5812624874141004
r	r_i	3.504290596521297
ˈa	ˈa	3.498627223856866
t	t_i	3.443336060620863
j	ʎ	3.420432289249501
l	l	3.390175993853496
s	ʃ	3.282171353926372
r	r	3.153054701466342
ˈo	ˈo	3.0881936327442183
a	i	2.8974913890982608
i	i	2.803584456850102
ˈe	ˈe	2.636937016088887
z	ʃ	2.6151692245636
ŋ	n	2.5687196351214
f	p	2.5361127154568823
ˈɛ	e̯ˈa	2.4640551727274187
ˈo	o̯ˈa	2.304051572197291
v_j	v	2.261243115893533
o	u	2.158635212454185
p	kʲ	2.086408192698876
ŋ	j_n_i	2.0777030614482177
ˈe	ˈi	1.9562290714661985
l	ʎ	1.8736406649264268
d	t	1.8722715948433224
ŋ_k	n	1.8659739069945949
t	p_t	1.852925661024253
r	r_n	1.8458854143304728
<#_f	<#	1.672808655205871
t	d	1.5202804412245778
t	ʦ	1.3827708605522435
#>	ʦ_#>	1.2399344689672729
ˈi	ˈi_ʎ	1.2207881734073038
ˈɛ	ˈo	1.160402143458129
ʤ	ɡ	1.155091822416995
ʤ	z	1.0608720753132266
ˈiː	ˈe	1.051993251441536
w_ˈɛ	ˈo	0.9887541322619332
t	p_t_i	0.9840080148275748
ˈeː	e̯ˈa	0.9554366887416018
v	w	0.9235036523651526
ɲ	n	0.8181921875625809
ˈiː	i	0.8041143219843013
ˈɔ	ˈo	0.7758902551148197
j_ˈɛ	ˈa	0.7660910464019584
ˈɛ	ˈi	0.7637723355823954
ˈɛ	ˈa	0.7632397113532597
ŋ	m	0.7628831545761571
ŋ	n_i	0.7444204975716266
l	r	0.7060788694395399
#>	u_#>	0.6390343268433442
j	ʦ	0.5698666458927689
e	i	0.4590832399368377
s	ʦ	0.3215779121255973
#>	i_#>	0.10664284347278