Phone1	Phone2	PMI
v	v	6.4832582638830205
j	j	6.216573517137982
ʧ	ʦ	6.106854349494232
ˈi	ˈi	5.952618087593407
f	f	5.788992847067491
m	m	5.788393536646301
#>	i_#>	5.641330868274399
b	b	5.59464474730872
d	d	5.592135454039911
ˈaː	ˈa	5.375339496583779
i	u	5.333596341458195
s	s	5.15037046501217
p	p	4.967460808923761
t	p_t	4.804042114256841
ˈa	ˈɔ	4.747161938866506
k	k	4.709244901010255
t	t_i	4.594954903663019
n	n	4.593420045092306
e	ə	4.590178311490122
c	k	4.546898647807006
ʤ	ʒ	4.4145346118624005
l	l	4.263695793631822
ˈu	ˈu	4.175953931004492
t	t	4.0792932460621625
ˈo	ˈu	4.074685304190063
ˈa	ˈa	4.06769831809908
ˈe	e̯ˈa	4.061992200181048
s	ʃ	4.006197659260896
r	r	3.9780955478066
ˈɛ	ˈe	3.8778848750779313
ɡ	ɡ	3.841844764938445
ˈo	ˈo	3.747338074101022
l	k_ʎ	3.476632734207945
ŋ	n	3.282621264573906
r	r_i	3.148996001782299
ˈuː	ˈo	2.913471134031151
v_j	v	2.652584469272475
d	t	2.631368995808917
ˈɔ	ˈo	2.6129163812121723
i	i	2.5338923492107304
ˈe	ˈi	2.507281737675546
<#_f	<#	2.384225566147001
r	r_n	2.3548774580667766
ˈiː	ˈe	2.302866245660842
ˈeː	ˈe	2.2339675459679054
j_ˈɛ	ˈa	2.1540436012455397
ŋ	ŋ	1.980610237828925
ŋ	n_i	1.9660970887587437
ˈoː	ˈu	1.8927944777992047
ɲ	n	1.833183842383232
f	p	1.6625261916438612
ˈɔ	ˈu_k	1.5825755821652605
l	ʎ	1.5759243924984387
l	r	1.5278067554985195
ˈi	ˈi_ʎ	1.4763689860431946
z	ʃ	1.4466480140232094
ʤ	z	1.4404279633586683
w	o̯ˈa	1.4177426628015102
ˈo	o̯ˈa	1.415639211723538
t	p_t_i	1.3793001328344745
ˈe	ˈe	1.3610693254823738
w	ˈo	1.2950316622399516
w_ˈɛ	ˈo	1.282349835476765
ˈa	ˈɔ_j	1.2501146643143963
p	kʲ	1.100038598774641
a	i	1.0423246991864548
o	u	1.0221127639196754
v	w	0.9589865583028712
#>	u_#>	0.9306008395470506
ˈɛ	e̯ˈa	0.8677665614542989
ŋ_k	n	0.8370639143987393
s	ʦ	0.7879962636119909
ˈɛ	ˈi	0.7491821260388777
t	d	0.710652890906934
<#_v	<#	0.7008603060880695
ˈɔ	ˈu	0.6874761573792545
ˈɛ	ˈa	0.6826670582215034
j	ʦ	0.666174626183109
e	i	0.6258423861978679
ˈɛ	ˈo	0.5994092103939658
ŋ	m	0.5481932946639402