Phone1	Phone2	PMI
v	v	6.146759996927655
f	f	6.137802000065864
j	j	6.075465275570808
ˈi	ˈi	5.538995830149292
d	d	5.519238239682205
m	m	5.097058221618655
ˈaː	ˈa	4.95878104853635
s	s	4.646155124062789
i	u	4.517500183188503
p	p	4.430002908267832
k	k	4.357434477665271
ʧ	ʦ	4.132992684669163
t	p_t	3.962509901504101
e	ə	3.830845866528066
ˈuː	ˈo	3.8277789223356447
l	l	3.755916260954427
n	n	3.746003360309591
ˈɛ	ˈe	3.671027219988453
ˈa	ˈa	3.6571915747065433
ˈo	ˈu	3.5384685966590466
t	t	3.496625325941047
ˈo	ˈo	3.4422064529194447
ˈu	ˈu	3.40297437855996
s	ʃ	3.370496865204272
ɡ	ɡ	3.362763296681297
r	r	3.325990443720804
b	b	3.198717863219948
ˈa	ˈɔ	3.07060137727609
ˈɔ	ˈu_k	2.852623175185338
c	k	2.831961406482176
ˈe	ˈi	2.6460241024492666
ʤ	ʒ	2.616032722477541
i	i	2.575790973782237
t	t_i	2.567402411101993
a	i	2.444567055418689
j_ˈɛ	ˈa	2.396062268091893
ˈe	e̯ˈa	2.3716178396116367
ŋ	n	2.270894944863952
r	r_i	2.117144603202978
ɲ	n	2.1092204007210387
l	k_ʎ	1.9443853558397783
l	ʎ	1.9058150707517123
ˈe	ˈe	1.87847951986329
ŋ	ŋ	1.7649901029375985
t	d	1.7443818157857396
ˈoː	ˈu	1.5813394333813051
ˈɔ	ˈu	1.534142449727093
ŋ	n_i	1.5281333826811123
ŋ	m	1.304095994753777
#>	w_#>	1.2399344689672729
ŋ	j_n	1.1783613707926075
d	t	1.0556295898727055
z	ʃ	0.983686443498242
ˈeː	e̯ˈa	0.9749728212587876
ˈɛ	ˈo	0.9615591786960525
w	ˈo	0.950341073342178
p	kʲ	0.9493387791235304
r	r_n	0.9486250324389272
ˈiː	ˈe	0.9362632077638984
f	w	0.9287766180067752
ˈɛ	ˈi	0.8259447976735248
ˈɛ	ˈa	0.7764619016221175
v_j	v	0.7691640566047975
l	r	0.7688633636829815
ˈa_r	r	0.6991695859643169
t	ʦ	0.6491193921489439
j	ʦ	0.6347044843716905
<#_f	<#	0.6223264620246559
ˈɔ	ˈo	0.614201995073925
ˈiː	i	0.6090949766524975
e	i	0.6048878618189384
ˈo	o̯ˈa	0.594179927477069
ɡ	k	0.5702482080523608
s	ʦ	0.5116918582067915
#>	i_#>	0.0616295323458254