Phone1	Phone2	PMI
ʒ	ʒ	7.229005187426825
w	w	6.196220219932741
ˈa_r	ˈaː	5.980328957875705
ɡ	ɡ	5.707597848399132
f	f	5.664865463104042
o	w	5.660230662599574
d	d	5.5782526217012185
ɣ	ɡ	5.5206474049745395
ˈu	ˈyː	5.38368831034152
j	ʤ	5.370124224801749
p	p	5.224350401729547
m	m	5.2098793507332495
n_i	ŋ	5.165490567384391
b	b	5.092997479438958
ɖː	l	5.03192065437715
n_u	ŋ	5.016123750241642
l	l	4.888094642574087
k	k	4.783850207142816
t	t	4.781440417105207
ˈe	ˈeː	4.690375218133795
ˈi	ˈi	4.6537256355521315
<#_i	<#	4.5516992816165285
ʧ	s	4.550862739163294
ˈe	ˈɛ	4.520612134917465
ˈu	ˈy	4.511054094917671
ˈo	ˈøː	4.501922245898114
ʣ	ʤ	4.481913265342761
#>	ˈɛː_#>	4.464466764868086
ˈa_j	ˈaː	4.460704002684527
ˈa	ˈa	4.40714988214975
β	v	4.401394462658072
i	i	4.373413565288249
s	s	4.348827058359185
r	r	4.293388043934696
b	v	4.2356264894770925
ˈo	ˈø	4.170851880175603
ˈo	ˈɔ	4.152229999297306
ˈo	ˈɔː	4.135581626055254
ʃː	ʃ	4.099023003385487
n	n	4.013667593582235
ˈu	ˈu	3.990993485546542
<#_a	<#	3.9392799085125936
<#_ˈi	<#	3.9392799085125936
e	j	3.8871416570550985
a	a	3.8779381030742397
ˈe	ˈe	3.82830030011425
u	u	3.772983417994111
z	z	3.7343663797480913
i	e	3.706646617695394
ŭ_#>	#>	3.684439858890061
ˈa	ˈaː	3.6508779394448188
ˈi	ˈe	3.6145555087753407
e	e	3.5550943951689087
ŋ	ŋ	3.527398983744574
ˈu	ˈuː	3.489589535522653
rː	r_n	3.39892182786668
ˈo	ˈu	3.283370817714143
u_z	u	3.2632775013438913
n	ŋ	3.2076639569586347
e_r	e	3.0936845316246115
i_r	e	2.9295584053869397
ð	d	2.870820541480072
i_n	e	2.854437969576575
ˈi	ˈiː	2.7686603650188335
ˈo	ˈuː	2.737178256035617
e_#>	#>	2.0337405260477537
r	ˈɛː_r	1.7935521147339666
ˈi	ˈe_j	1.6157656593873653
<#_ˈa	<#	1.589455702884523
f_r	ʃ	1.588607206004252
rː	ˈɛː_r	1.5780134124862502
ð	t	1.4899424034368214
#>	ˈiː_#>	1.4271824301661866
#>	j_#>	0.9848199771281484
j_#>	#>	0.9626137146503997
r	j	0.9139492438946459
a	j_a	0.8294181684835987
l	ˈuː	0.7075341462042061
r	ʃ	0.6966424441481539
j	v	0.6676643566308902
r	ˈiː	0.49258197552843985
i_#>	#>	0.48751831371513654
ˈo	w	0.4430476620940914
m	ŋ	0.33939683190097464
<#_p	<#	0.2596371352563487
<#_b	<#	0.16777297887715187
#>	e_#>	0.15198320896267212
<#_f	<#	0.05604873917320337