Phone1	Phone2	PMI
ʒ	ʒ	6.88385715919853
w	w	6.538198900019332
ˈa_r	ˈaː	6.082674792585167
j	ʤ	5.587855595282368
d	d	5.37829955552257
f	f	5.336603191107889
ɣ	ɡ	5.297302788599586
ɡ	ɡ	5.257040922108973
b	b	5.137339908693721
ˈu	ˈyː	5.112043372944589
p	p	5.089090964590455
m	m	5.001038033225581
l	l	4.993269052357909
ˈi	ˈi	4.983384441458195
n_i	ŋ	4.937106036528686
ŭ_#>	#>	4.858832311351175
ɖː	l	4.777347011341677
ˈu	ˈy	4.7120433729445885
n_u	ŋ	4.676480587807959
k	k	4.660839403905521
β	v	4.588902646794474
t	t	4.5453019380577935
ʧ	s	4.4335637694257946
b	v	4.420620902133831
r	r	4.397272086493024
i	i	4.395612339977775
ˈo	ˈøː	4.387875497847489
s	s	4.355667615303949
ʣ	ʤ	4.308037343483645
ˈa	ˈa	4.284960421280711
ˈe	ˈeː	4.264347317886546
<#_i	<#	4.228757312793487
ˈo	ˈɔ	4.155175751390913
ʃː	ʃ	4.152781010197747
e_r	e	4.117135718406077
ŋ	ŋ	4.083534287699109
n	n	4.032444499625117
ˈo	ˈø	4.012326647857689
e	j	3.9970209796972855
ˈo	ˈɔː	3.9773820138686617
ˈu	ˈu	3.914054105877373
ˈe	ˈɛ	3.906224218446912
rː	r	3.8248940933506
i	e	3.8138019185116407
a	a	3.803472210797943
u	u	3.698621717157703
z	z	3.6863353604050775
ˈi	ˈe	3.678309825437197
ˈa	ˈaː	3.6503648007594585
e	e	3.626942158689007
ˈu	ˈuː	3.603241862302
ˈe	ˈe	3.5709397848682034
ˈi	ˈiː	3.562938946678491
ˈo	ˈu	3.540863731212967
u_z	u	3.271511996840352
n	ŋ	3.2614600804953966
ˈa	ˈɛː	3.0550651881975086
i_n	e	2.8477258136566763
ˈa_ð	ˈɛː	2.7277997329036454
ð	d	2.696985820257184
o	w	2.465296840155599
ˈe	ˈɛː	2.326672826335045
i_r	e	2.1538450386275185
e_#>	#>	2.003197383765736
ˈo	ˈuː	1.9504385289618136
j_#>	#>	1.8422199294450303
o	u	1.578921749616834
ð	t	1.3239224040718616
ˈa_j	ˈaː	1.2019909337864232
r	j	0.99589447510606
ˈi	ˈe_j	0.979811885527524
r	ʃ	0.7598385257989537
i_#>	#>	0.3325316248420912
a	e	0.1685738440024684