Phone1	Phone2	PMI
n_u	w̃	7.433018222548435
ʃ	ʒ	6.606985478079474
j_ˈe	ˈɛ	6.581409627909873
ʝ	ʎ	6.538999407646063
o	o	6.465897144552594
j	ˈẽ	6.263440363674914
f	f	6.068069539873954
ˈu	ˈu	5.909248888565541
ɡ	ɡ	5.714502695493054
ɣ	ɡ	5.520823438016254
n_t	t	5.414705354947031
w_ˈe	ˈɔ	5.4097556976191825
m	m	5.3825336238344175
θ	j_ʃ	5.347761956665644
ɲ	j̃	5.333733744742675
l	w	5.319405462287541
w_ˈe	ˈo	5.261907003537713
θ	z	5.216320253533195
p	p	5.184608757327482
ð	d	5.06034891739403
ʎ	l	5.039599523986762
ˈi	ˈi	5.032776463889693
n	n	4.995156810788214
k	k	4.944626396340904
d	d	4.80886986521571
t	t	4.788720483001422
i	i	4.75623115750932
ˈi	ˈĩ	4.726495341040598
ˈu_n	ˈũ	4.709616069872534
ˈo	ˈo_w	4.672336225420602
ˈe	ˈe	4.528452611204242
t	ʧ	4.522761090470218
r	h	4.5017742549178195
b	b	4.498069097138227
w	w	4.453669930268759
β	v	4.418696087222954
b	v	4.408429634345316
ˈo	ˈõ	4.378572647436317
ˈu	ˈũ	4.369597507289019
ˈa	ˈa	4.33205621020739
e	e	4.216121471529165
β	b	4.1917816666016865
s	j_ʃ	4.07124744449953
e	i	4.010699302915553
ˈo	ˈɔ	3.94510391952041
ˈo	ˈo	3.8950523322498802
ˈa_n	ˈɐ̃	3.876129819634916
θ	s	3.857922545806931
u	u	3.8383302042114393
s	s	3.8136064089752786
ˈe	ˈẽ	3.8080089927581113
ˈa	ˈɐ̃	3.699389558316115
n	j̃	3.696593708789994
ŋ	w̃	3.622544113092857
#>	j_#>	3.6189475010096186
a	ɐ	3.6123089042943812
ɾ	ɦ	3.6014289539517828
e	ẽ	3.5944911476332075
ɾ	ɾ	3.5790622419621183
a	a	3.4685082895600234
ɾ	h	3.4028013504277412
s	ʃ	3.3465723058279484
ɲ	n	3.2695265529242588
ˈe_n	ˈe	3.188678143685118
ʧ	t	3.094583611297582
ˈe_j	ˈe	3.087309476415479
ˈo_n	ˈõ	3.0008793229696304
d	ʤ	2.9796913941249015
ŋ	ˈɐ̃_w̃	2.943611050490544
u	d_u	2.883793887886307
ˈi_ŋ	ˈĩ	2.803794032166196
ŋ	j̃	2.7646915847829456
l	l	2.5581944894208517
ʎ	ʃ	2.4380647354059284
n_t	ʧ	2.3543728713874836
ˈo	ˈu	2.177076720155408
ʧ	j	2.141598367378134
k_o	k	2.07912339246371
o_l	o	1.3915019182220572
ʃ	ʃ	1.3805403066944757
<#_ɡ	<#	1.2174172058113184
ɡ_w	ˈo	1.156934598849614
o	u	1.0080397398138323
w	ˈo	0.9777153862757517
#>	j̃_#>	0.9169925001442314
n	ẽ	0.8665041901375827
j	j	0.8301027172581715
#>	i_#>	-0.022622425724989424