Phone1	Phone2	PMI
ʃ	ʒ	6.59389877369353
ˈa_n	ˈɐ̃	6.528023228134885
j_ˈe	ˈɛ	6.495096733688164
ʝ	ʎ	6.491996004311348
o	o	6.254408596872058
n_t	ʧ	6.118506709134819
n_u	w̃	6.084295987965488
f	f	6.056288127446797
ˈu	ˈu	5.79272467157018
ɡ	ɡ	5.734991643558618
ɣ	ɡ	5.6863109765818445
ˈu	ˈũ	5.640499142602141
l	w	5.493320412741985
m	m	5.367294560727998
w_ˈe	ˈo	5.320361043667131
ɲ	j̃	5.227917001379777
p	p	5.1255599236119656
θ	z	5.112089555520525
n	n	5.093399628119279
ʎ	l	5.030671897549682
ð	d	5.013350029154367
ˈi	ˈi	4.966465359673814
k	k	4.835732811029798
ˈo	ˈo_w	4.806271781710007
t	t	4.793697173424086
d	d	4.745142048310087
ˈi	ˈĩ	4.67272747260765
r	h	4.627593616934795
w_ˈe	ˈɔ	4.6208416752773305
i	i	4.613499578906558
ˈo_n	ˈõ	4.561505715868083
ˈo	ˈõ	4.512587520004799
b	b	4.490593824676575
b	v	4.45872510714979
β	v	4.405541066582088
j	ˈẽ	4.404149064005444
j	j	4.336536698434051
ˈe	ˈe	4.290295663095709
w	w	4.259906013126396
ˈa	ˈa	4.254502487224479
e	e	4.213731603268479
ˈo	ˈɔ	4.204378443166609
t	ʧ	4.187866246941184
β	b	4.170163517882214
ˈo	ˈo	4.105140387196481
e	i	3.9669959438199136
θ	j_ʃ	3.931403626200564
s	s	3.898006033881108
n	j̃	3.855127224083824
n_t	t	3.820992514484367
u	u	3.815740074376759
θ	s	3.7393701807581503
s	ʃ	3.719931428139471
ɾ	ɦ	3.709859955057432
ŋ	w̃	3.7016237984932094
ɾ	ɾ	3.5811400174863324
a	ɐ	3.57308819533668
e	ẽ	3.546372298707124
ˈa	ˈɐ̃	3.542896452637647
a	a	3.470968539530194
ɾ	h	3.43682500559341
ɲ	n	3.314701928461434
ˈe_n	ˈe	3.2300751420873626
ˈe	ˈẽ	3.1038417302658368
ʧ	t	2.99236271886189
ˈu_n	ˈũ	2.929855159228664
d	ʤ	2.92563593503538
ŋ	j̃	2.870318405261571
u	d_u	2.8686593742726227
ˈi_ŋ	ˈĩ	2.735054200935253
o	u	2.4422246147343847
<#_ɡ	<#	2.434834411622637
m_b	b	2.427246243898441
ʎ	ʃ	2.37863306898116
θ	ʃ	2.2816057029504484
ʧ	j	2.1623083067562003
ˈe	ˈɛ	1.7607263330140932
ˈe	ˈi	1.7425415852260593
#>	w̃_#>	1.4291959436220325
ʃ	ʃ	1.4136393619988914
f_w	f	1.360838326069112
ˈe_ʝ	ʎ	1.325553583357045
ˈa_ŋ	ˈɐ̃	1.297802559706215
l	l	1.2868228472101224
k_w	k	1.2194117824730546
ˈo_ŋ	ˈɐ̃	1.2147950598504464
θ_j	s	1.1104911267442978
j_ˈe	ˈẽ	1.019890056848725
ŋ_k	k	1.0134452072358706
n	ẽ	0.9115544916263144
w	ˈo	0.8318370580209729
s	j_ʃ	0.717324493647713
ˈe	ˈo	0.6469449077115778
u	w̃	0.5243950117140412
ˈe	ˈɔ	0.4955919752707096
#>	i_#>	-0.0870080447024618