Phone1	Phone2	PMI
ˈøː	ˈøː	7.732665499295537
ˈa_ŋ	ˈãː	7.157442028969762
ˈu_ŋ	ˈũː	7.072680407734233
ˈyː	ˈyː	6.777162389159871
ˈi_ŋ	ˈĩː	6.613624166809963
ɡ	ɡ	6.382975954761923
ˈy	ˈy	6.342818541342302
ˈiː	ˈi	6.071948626826353
b	b	5.988022504710489
ˈɔː	ˈɔ	5.870281210123892
ˈi	ˈi	5.8634613823977775
w	w	5.7687590678816525
z	ʤ	5.731526967926276
ʒ	z	5.647891420364493
ˈø	ˈø	5.590383098675054
ɲ_u	ɲ	5.47649194028194
ˈu	ˈu	5.433677527306773
ˈɔ	ˈɔ	5.383689328668671
t_u	t	5.347072520636829
m	m	5.2473215916011915
p	p	5.220075849021632
ˈuː	ˈu	5.202408803250449
ʤ	ʤ	5.103531537210212
f	f	4.909033994991254
ŋ	n	4.901945424311549
ɡ_u	k	4.885537706575131
n	n	4.883343324311935
d	d	4.6957392841942776
e	e	4.689116453080722
t	t	4.67827218833905
e	i	4.664633880991479
s	ʦ	4.460840915594726
v	ʋ	4.432001103522639
ˈa	ˈa	4.326089243551945
s_u	s	4.286476634433951
ˈeː	ˈe	4.281535979003845
ʃ	s	4.2474872178337995
l_u	l	4.199034575744731
k	k	4.150449108334367
ˈaː	ˈaː	4.143756383857701
j	e	4.115110671257267
ʒ_e	s	4.061905284876844
ˈe	ˈe	4.0140832715397
ˈe_j	ˈɛ	3.9943186921091103
s	s	3.8864158801051576
l	l	3.8363742697331795
ʤ	b_j	3.826751100112341
ˈaː	ˈa	3.8021190458715997
ˈeː	ˈɛ	3.738093481063344
r	r	3.694688574773795
a	a	3.6410111858716734
#>	ʧ_#>	3.6097239273131647
w	u	3.2942610218973156
m_e	m	3.2612553887836593
ˈɛː	ˈaː	3.1433716499883575
ˈe	ˈɛ	3.1068271590616794
#>	r_#>	3.0611490577381355
j	j	3.020713821486862
ˈɛ	ˈɛ	2.971558161317567
ˈɛː	ˈɛ	2.546179780447899
#>	u_#>	2.545361892345409
d	t	2.52601570049144
ˈɛː	ˈa	2.390518947128972
v	f	2.1427045470533694
ʤ_u	j	2.137224847417829
p_u	p	2.1089536775687203
v_e	f	2.05216903300776
a	r_a	1.9170603882751704
ˈuː	ˈyː	1.8836573229296272
ˈe	ˈẽː	1.8455675023336215
#>	l_#>	1.7361977873274064
s	ʧ	1.723748678613427
r	e_r	1.6147221540019014
ʤ	j	1.5899807998250104
ɲ	ɲ	1.4736967920713608
ŋ	ˈẽː	1.331429152683508
n_u	n	1.2253856579734903
u	u	1.2174864179530664
j	r	1.1887926894040681
r	ˈɛ_r	1.0770283264902227
t_e	t	1.023210125126267
ɡ	k	1.0186439877143958
j_#>	#>	0.8726809461727042
ʤ	ʧ	0.8434470359885362
r_u	r	0.7642070369982054
t	ʧ	0.6126388958938259
#>	s_#>	0.5211244033798271
e_#>	#>	0.32602913414114915
<#_s	<#	0.13598761826522862
u_#>	#>	-0.5882961739918346