Phone1	Phone2	PMI
ˈa_ŋ	ˈãː	7.479516501140839
ˈøː	ˈøː	7.45365976960332
ˈyː	ˈyː	7.189684135666005
ˈu_ŋ	ˈũː	6.957390918601812
ɡ	ɡ	6.700768178571895
ˈy	ˈy	6.476276017121228
u	u	6.417131697957214
w	w	5.87944034508504
b	b	5.825493002789948
ˈi	ˈi	5.815252344220218
ˈiː	ˈi	5.775676722782052
ɲ	ɲ	5.571305078394158
ʒ	z	5.567004505063417
ˈø	ˈø	5.562261686082111
z	ʤ	5.50793263277419
ˈɔː	ˈɔ	5.506792074502786
ʤ_u	ʧ	5.471727594804005
ˈuː	ˈu	5.379261104381505
p	p	5.289507802158163
ˈu	ˈu	5.2346081721397
ˈɔ	ˈɔ	5.155814574070092
d	d	5.102043497006463
ŋ	n	5.011211183682106
m	m	4.960376153852427
ʤ	ʤ	4.910364513369092
f	f	4.8129358547925065
n	n	4.703983092487638
e	e	4.610637779730356
s	ʦ	4.599336486957203
v	ʋ	4.529518187262252
l_u	l	4.455465626217234
t	t	4.4496700708367465
e	i	4.408515996015967
ˈa	ˈa	4.345107834674085
t_u	t	4.279286061090201
k	k	4.2624337076459575
ˈeː	ˈe	4.216917688037021
ˈaː	ˈaː	4.207527413310334
ʃ	s	4.178941126904758
l	l	4.113498309443899
ʒ_e	s	4.0973540303770495
s_u	s	4.0892256334775805
ˈe	ˈe	4.067810781465552
ˈeː	ˈɛ	3.918282530446341
s	s	3.8327208855312382
ˈaː	ˈa	3.8285533513151626
j	j	3.694400507294608
r	r	3.536592842169465
j	e	3.505013952485529
ˈe	ˈɛ	3.492981825832828
a	a	3.489630318453819
ʤ	j	3.23705927294142
ˈi_ŋ	ˈĩː	3.199175132128237
m_e	m	3.032465926996672
ˈɛ	ˈɛ	2.935213791170297
ˈɛː	ˈa	2.913013441902583
ɡ_u	k	2.901265256636643
#>	r_#>	2.7922898761549724
ˈɛː	ˈɛ	2.787523077175172
ˈɛː	ˈaː	2.579110122492989
w	u	2.4066042424570897
p_u	p	2.007845147601999
a	r_a	1.901322475454737
v	f	1.7295041324061389
ɲ_u	ɲ	1.452173950552328
ʤ	b_j	1.3304611307510306
t	ʧ	1.2083991430818533
s	ʧ	1.1887550547335104
t_e	ʧ	1.1737110700649722
v_e	f	1.0686663825907226
t_e	t	0.9958314558465317
ˈe_j	ˈɛ	0.9857585266895807
ˈuː	ˈyː	0.936921731251949
j_#>	#>	0.8726809461727042
ʤ_u	j	0.8602170748240041
ɡ	k	0.6571763835931766
#>	l_#>	0.6263691197778308
j	r	0.5537520481653426
e_#>	#>	0.4370721656065699
r	l	0.3962148741784456
#>	s_#>	0.2907237846908171
u_#>	#>	-0.3700813550312909