Phone1	Phone2	PMI
j	ʣ	7.365782584129417
ŋ	n_u	7.077030723235292
d_e	i	6.793062362337962
z	ɣ	6.7563658334111745
ŋ	n_e	6.72368813572324
l	l_u	6.427501467382543
t	t_e	6.327784712071315
j_ˈe	ˈe	6.314570260075045
ˈu	ˈu	6.1269642250739045
p_j	p	6.11245214929728
p	p	6.008603436184219
d	d	5.851588078307986
ɡ	ɡ	5.794836483057281
m	m	5.689137970522123
f	f	5.681947904204207
t	t_u	5.6774769586721225
r	r_e	5.510444065683996
s	s_u	5.462403455443127
v	β	5.401618751048001
l	l_e	5.3973710025591926
b	b	5.349298100182378
ɡ	ɣ	5.27931988898617
ˈɛ	ˈe	5.179617864417829
ˈi	ˈi	5.1295906324783545
s	s	5.127044397587421
ˈa	ˈa_ð	5.071309560810672
ˈɔ	ˈo	4.967822758316059
k	k	4.89195561721512
i	i	4.870772962307694
v	b	4.836533946786919
θ	k	4.826632845950816
l	l	4.710721613965052
ˈa	ˈa	4.68717481324834
n	n	4.639789404040264
d	ð	4.632941249558367
ˈo	ˈu	4.50797409643918
a	a	4.4930148149711915
ˈo	ˈo	4.45608615959749
t	t	4.422183874149858
o	o	4.2940968302489795
<#	<#_i	4.179002011340161
r	rː	4.130433260392587
e	i	4.037807471646709
ˈi_v	ˈi	4.020508987093142
o	r_u	4.011683133885064
ˈe	ˈi	3.892164707741634
l	ɖː_u	3.8718296531919716
ŋ_ð	ŋ	3.730583697026973
ˈe	ˈe	3.6387742615372485
o	u	3.6048889582132184
s	s_k	3.5131909061649393
j	r	3.491044386561769
l	ɖː	3.234158831695316
r	r	3.191531055823764
ð	b	3.0895773867267895
e	e	3.058441723250833
#>	o_#>	3.0575684042307816
r	r_i	2.954462973529767
ŋ	n	2.859568270306466
ˈɔ_ʧ	ˈo	2.6692294868492725
o	u_z	2.665346151069901
#>	ŏ_#>	2.639887198058494
k_w	b	2.6366929660594263
ŋ	m	2.5605588503217374
ˈe_l	ˈi	2.5295414371797618
#>	u_#>	2.3898760334505225
#>	e_#>	2.206681549209499
w_a	a	2.1747266261875664
ŋ	ŋ	2.05569430243282
n	nː	1.9341992629192992
t	ð	1.7508201350546897
ɡ	b	1.737326909887427
#>	ŭ_#>	1.7063558718336376
ˈɛ_l	ˈe	1.5997218532112805
r_o	o	1.4964935496552136
ŋ_ɡ	m	1.4134860497994448
ŋ_k	m	1.4134860497994448
v	p	1.384295422830799
a	j_a	1.3339108914146327
ɡ_w	b	1.2431414775446676
#>	i_#>	1.1851165659193694
<#_ð	<#	1.1291932961117894
j	z	1.0164156354576384
a	r_a	0.9546038849111055
w	b	0.9135010008916866
<#	<#_a	0.8897987197372995
r	r_u	0.8712984614272393
e	ˈe	0.8054467391767736
ˈu	ˈo	0.6376022884521508
o	ˈo	0.6373334347809283
ˈi	e	0.5333118134813024
l	r	0.2811640644241227
o	e	0.24568533777697787
o	a	0.16323815401990266
a	i	0.1316546825909342
a	e	-0.12736259433957065