Phone1	Phone2	PMI
ŋ	n_e	6.209719239205082
ŋ	n_u	6.191097358326786
p	p	5.771135046024236
ˈu	ˈu	5.649733463700773
m	m	5.5562574277375
t	t_e	5.41423387334433
d	d	5.4023939084710255
ɡ	ɡ	5.071350659083741
f	f	5.068116696596869
ˈi	ˈi	5.001165960654992
v	β	4.932397122214098
ɡ	ɣ	4.7835812017875
s	s	4.7694315443917015
b	b	4.6467221182683405
l	l	4.625012456362882
ˈɔ	ˈo	4.618776620781699
k	k	4.532609083861683
l	l_u	4.482141408374014
ˈɛ	ˈe	4.468176803693016
r	r_e	4.429229475954926
i	i	4.424111014911445
ˈɛ_l	ˈe	4.413226230199611
v	b	4.26808021118032
ˈa	ˈa	4.261689167902777
θ	k	4.118299009629222
n	n	4.047514377795522
t	t	4.045347968469393
a	a	4.019318068217451
ˈo	ˈu	3.9707439535582436
ˈo	ˈo	3.932478533823288
z	ɣ	3.8788256376763948
e	i	3.713249206959861
ˈe	ˈi	3.518081214764473
l	l_e	3.36870402245677
d	ð	3.1879180648064978
o	u	3.170479776385278
o	o	3.151235900705013
ŋ	ŋ	3.065593298579734
#>	ŏ_#>	2.9578182722797344
r	rː	2.900105341873329
j	r	2.6960363104578735
ˈe	ˈe	2.6903540600078037
r	r	2.6823251601207367
j_ˈe	ˈe	2.6533883773958165
e	e	2.6321312691418868
j	ʣ	2.5772413716032454
<#	<#_i	2.5363854846438505
ŋ	n	2.4393175829986924
p_j	p	2.3481661166394168
s	sː_u	2.267495064096427
s	s_k	2.0263455188192205
d_e	i	2.0082274855915556
t	t_u	1.9570560160855348
ŋ	m	1.9131725617182007
s	ɣ_e	1.890731137796693
t	ð	1.663772115659025
r	r_u	1.4053096678410408
<#_ʧ	<#	1.3469419240451679
s	i_s	1.2539614937239898
a	j_a	1.1181313448772197
#>	ŭ_#>	1.1129569237567052
ð	ɡ	1.0965381258485918
o	u_z	1.0855201974137787
ˈa	ˈa_ð	1.0334859323686538
a	r_a	0.9588493641526599
n	nː	0.9093686133286539
k_w	b	0.8982570539428358
ˈi_v	ˈi	0.8530563189650705
s	sː	0.8385993058950458
ˈa	r_ˈa	0.8376309106242987
l	sː	0.8232714336551522
<#	<#_a	0.8181706860902228
r	r_i	0.7949016348499727
v_e	e	0.7372883518026632
v	p	0.7132664875214887
#>	i_#>	0.7129569237567053
w_a	a	0.673995794698409
o	ˈo	0.6020948882725043
ɡ	b	0.5492699814444181
e	a	0.5486346587239941
θ	ɣ	0.48795009043189674
l	r	0.48464948192732016
θ	t	0.4457485348605397
o	e	0.3613445067331708
e	ˈe	0.28683128713725203
a	e	0.09102459492329039
#>	e_#>	-1.6914066439826854
#>	u_#>	-0.6615514991193276