Phone1	Phone2	PMI
j	ʣ	6.858047691319622
z	ɣ	6.263597987185899
ŋ	n_u	6.036221537986121
ŋ	n_e	5.682878950474069
p	p	5.500868543374425
l	l_u	5.437961923861394
ˈu	ˈu	5.372451720229255
d	d	5.343853185498192
ɡ	ɡ	5.2818071479752495
t	t_e	5.233371150234371
f	f	5.209327324311103
d_e	i	5.184148126042138
m	m	5.1814030777123286
v	β	4.844298355549489
b	b	4.842754698431864
p_j	p	4.801660899854873
ɡ	ɣ	4.728650719321896
ˈɛ	ˈe	4.671882971608035
j_ˈe	ˈe	4.670767927266259
s	s	4.631022283276548
s	s_u	4.629746423574953
ˈi	ˈi	4.613727342769091
l	l_e	4.59581523316688
t	t_u	4.583063396835178
r	r_e	4.505499527911959
<#	<#_i	4.45699074540592
i	i	4.442404650278149
ˈɔ	ˈo	4.43170574045172
k	k	4.371722735648144
v	b	4.344790661325161
θ	k	4.327925528760151
ˈa	ˈa_ð	4.3092210055901266
l	l	4.2373706066511385
ˈa	ˈa	4.2207135064863115
n	n	4.165965289265614
d	ð	4.150312533165344
ˈo	ˈu	3.9929689116930045
ˈo	ˈo	3.9866887717468327
a	a	3.9710460568985497
o	r_u	3.950603327150665
o	o	3.891196925161594
t	t	3.876764049447809
#>	ŏ_#>	3.809240985955584
#>	o_#>	3.809240985955584
r	rː	3.658563015059926
e	i	3.503596434850445
ˈe	ˈi	3.368707826280047
l	ɖː_u	3.2568066601893397
ˈe	ˈe	3.1513131132969088
ŋ_ð	ŋ	3.113243094757979
o	u	3.059879662085624
ˈi_v	ˈi	3.042591615563913
j	r	2.9973169066359273
s	s_k	2.918945761791252
l	ɖː	2.853485001373504
ˈɔ_ʧ	ˈo	2.8521773885135016
ˈe_l	ˈi	2.8137849733627998
ð	b	2.7834442475608365
r	r	2.700079295912243
e	e	2.6360758358647924
ŋ	n	2.360712201368362
r	r_i	2.3458614230056503
w_a	a	2.2515815111454303
#>	ŭ_#>	2.2366504924008668
a	j_a	2.163135159321614
ŋ	m	2.1503009421156647
o	u_z	2.1418353056873434
ɡ	b	2.032275716547565
ŋ	ŋ	1.8429032364935691
o_l	u	1.7855566192241006
n	nː	1.7352983621454072
ˈu	ˈo	1.6846160812730584
#>	i_#>	1.4366504924008667
t	ð	1.402127770210322
a	r_a	1.33113280266693
ˈɛ_l	ˈe	1.2571500577322487
v	p	1.1882773559419393
r_o	o	1.1731803838546888
ŋ_k	m	1.0901728839989198
ŋ_ɡ	m	1.0901728839989198
k_w	b	0.9839522196872175
<#_ð	<#	0.952310246488896
j	z	0.9189386508539161
<#	<#_a	0.823539008533951
w	b	0.8160240162879646
w_ˈa	ˈa	0.8139412740892364
r	r_u	0.666226815982688
e	ˈe	0.48613817318676483
ˈi	e	0.31681549683259386
o	ˈo	0.28957870927816065
k	b	0.15839893892863965
a	i	0.05404683737532885
o	a	0.04582055940015754
#>	e_#>	-1.1657412619256695
#>	u_#>	-1.027365720998136
a	e	-0.42564438805955057
o	e	-0.1988845790587985
l	r	-0.03527099756325993