Phone1	Phone2	PMI
j	ʣ	6.550907305253582
ð	ɡ	6.357892305079245
z	ɣ	5.979763734971978
ŋ	n_u	5.864825262633937
ŋ	n_e	5.641147587465603
ˈu	ˈu	5.499873371939757
p	p	5.449889978820738
l	l_u	5.398694144947077
d	d	5.373471362898581
t	t_e	5.3701388339820895
<#_ʧ	<#	5.360351774512873
m	m	5.348859905372796
f	f	5.339681892880897
d_e	i	5.139084498971979
s	s	5.095504244382673
b	b	4.926081924014831
ɡ	ɣ	4.8864633387759335
j_ˈe	ˈe	4.819820026394837
#>	ŏ_#>	4.817432218285324
v	β	4.791666584491314
i	i	4.782624583826403
r	r_e	4.691515679416794
ɡ	ɡ	4.665665539419722
ˈɛ	ˈe	4.657420059142992
s	sː_u	4.645903362610137
ˈi	ˈi	4.531162065428378
ˈɔ	ˈo	4.374646766042154
v	b	4.3564257716248225
l	l	4.299683753846974
k	k	4.292069869854009
ˈa	ˈa	4.26834502196658
n	n	4.231446428589311
d	ð	4.181203686972402
a	j_a	4.163506080084584
t	t_u	3.9214022320062605
θ	k	3.9193474149846095
ˈo	ˈu	3.8828108084169903
ŋ	ŋ	3.878441555147387
t	t	3.861744289513186
a	a	3.854471239977649
ˈo	ˈo	3.83918392442129
o	o	3.768622642090227
#>	o_#>	3.7603517745128743
p_j	p	3.5743741765584947
e	i	3.5075095020701057
ˈe	ˈi	3.476480707121548
n	nː	3.4566997845764407
<#	<#_i	3.3973551371756523
ˈa	ˈa_ð	3.362183288874516
ˈa	r_ˈa	3.243941718888404
o	u	3.1355388802422586
l	ɖː_u	3.1270577091516767
r	rː	3.025985593859684
ˈe	ˈe	2.987394228894424
r	r	2.8627985243119154
j	z	2.8487055624847297
e	e	2.8195238400961085
t	ð	2.701460816340004
j	r	2.659876746674848
o	r_u	2.6360099935801022
r	r_i	2.5003706438912623
ˈɛ_l	ˈe	2.384371290582692
l	l_e	2.3587162594318056
o	u_z	2.245564378769533
ŋ_k	m	2.2379378054500147
a	r_a	2.2297680213316124
#>	ŭ_#>	2.212205886679512
ŋ	n	2.1621883046605563
l	sː	2.0611223549906645
ˈi_v	ˈi	2.043414494191651
s	s_k	1.9817882771658628
θ	t	1.9694044291891057
ŋ	m	1.9036756223188132
k_w	b	1.8693342903138368
l	ɖː	1.8635055689193758
<#	<#_a	1.7396259114907784
w	b	1.572663998429244
#>	i_#>	1.4122058866795117
r	r_u	1.219806845641078
s	i_s	1.2145061110614364
ŋ_ɡ	m	1.1396778695397467
ˈɔ_ʧ	ˈo	1.039363867684657
r	o_r	0.9140689402571913
ɡ_w	b	0.8982599359102679
v_e	e	0.7922847507065054
w_a	a	0.7658896545549511
w_e	e	0.6515770143253021
ˈi	e	0.5734839645578999
ɡ	b	0.5384434519960026
v	p	0.4850948073171413
e	ˈe	0.33266826166612784
ˈi	ˈe	0.27181376843527955
o	ˈo	0.25205924882629954
a	i	0.17323408688917702
e	a	0.16135597839694976
l	r	0.031287992180817695
#>	e_#>	-1.0090912469092406
#>	u_#>	-0.8556696200965156
o	e	-0.14794075117370048
a	e	-0.10908769218278695