Phone1	Phone2	PMI
ð	ɡ	6.677006924715327
z	ɣ	6.249085389941633
ŋ	n_u	6.0526331970938845
ˈu	ˈu	5.7745517545702905
ŋ	n_e	5.76137710079174
t	t_e	5.69349299401119
l	l_e	5.633427013238744
p	p	5.61412704787343
l	l_u	5.486033894405503
d	d	5.413856837391091
f	f	5.270992821579029
j	ʣ	5.1982051230401645
s	s	5.09905508377064
m	m	5.017462701757803
ɡ	ɣ	4.989090019756155
#>	ŏ_#>	4.9686946205143006
v	β	4.918158153127556
ɡ	ɡ	4.892004654322107
b	b	4.879907023040274
s	sː_u	4.744939254060342
ˈi	ˈi	4.60378817736243
j_ˈe	ˈe	4.599215467158551
r	r_e	4.574702220644727
i	i	4.528520594949902
ˈɛ	ˈe	4.43916963049053
k	k	4.4083402305815325
ˈɔ	ˈo	4.402982698659064
ˈa	ˈa	4.3650600100050525
d	ð	4.356776393618642
v	b	4.301041619576236
t	t	4.1618897322197075
l	l	4.149583321228783
d_e	i	4.0480261849677985
ŋ	ŋ	4.033914529335641
θ	k	4.033369118620691
ˈo	ˈo	3.993154590651357
n	n	3.9723410290761896
a	a	3.9210510831294654
ˈo	ˈu	3.826579791387687
p_j	p	3.8022181015564187
#>	o_#>	3.7877676961806706
r	rː	3.7717771525959396
r_o	o	3.6495841344820965
e	i	3.567879667115953
ˈe	ˈi	3.5374184876702275
<#	<#_i	3.4773779400102076
o	o	3.3945453842840303
#>	ŭ_#>	3.338870771270116
ˈa	ˈa_ð	3.3124338128205078
s	s_k	3.2325006071030673
o	u_z	3.232154483344811
o	r_u	3.1204784855006227
j	z	3.0403610547444657
n	nː	3.0356810641731173
o	u	3.011877300055088
t	t_u	2.9920105455753143
ˈe	ˈe	2.869778486629617
a	r_a	2.8534648509048472
<#_ð	<#	2.840825772135503
r	r	2.786039405900318
ɡ_w	b	2.783049028537823
ˈɔ_ʧ	ˈo	2.7643299467894784
e	e	2.6834315224739242
w	b	2.6038272436923218
j	r	2.5517009483288233
ŋ_k	m	2.2354932739801825
ˈɛ_l	ˈe	2.223366589600842
l	ɖː	2.176332313209795
ŋ	n	2.175108761763922
l	ɖː_u	2.1717449100560646
ˈi_v	ˈi	2.0593457252660565
l	sː	1.9685341424514693
ŋ	m	1.9607926100794861
k_w	b	1.9307964287552357
<#	<#_a	1.7533338723246767
r	r_i	1.6925558181554363
t	ð	1.5389287211230909
θ	t	1.431740864259043
#>	i_#>	1.4259138475134105
<#_ʧ	<#	1.3469419240451679
s	i_s	1.238792585036825
r	r_u	1.226156460454125
v	p	1.1664939178985712
ŋ_ɡ	m	1.0806331640574576
a	j_a	1.053849592244065
o	o_r	0.9387519551019119
ˈi	e	0.732951889522441
θ	ɣ	0.5592857983131005
e	ˈe	0.48986392167142057
a	i	0.19130311351022733
o	ˈo	0.18295507931373553
l	r	0.04146850092859486
#>	u_#>	-0.9813729672873353
#>	e_#>	-0.9408252163756399
a	e	-0.40107015936103657
o	e	-0.2887444966014386
o	a	-0.09617219917121134