Phone1	Phone2	PMI
p	p	5.892258684340887
ˈu	ˈu	5.830412652887997
ŋ	n_e	5.620276491732119
ð	ɡ	5.604653544912376
t	t_e	5.476912252955214
d	d	5.316247383254833
v	β	5.1151847869276565
f	f	5.031788665012933
m	m	4.98277678474055
z	ɣ	4.919945176853173
ɡ	ɣ	4.828183977814757
l	l	4.815304139169382
s	s	4.806495004939769
ˈi	ˈi	4.7526907661137745
ŋ	n_u	4.668702110866378
ˈɔ	ˈo	4.666351247082096
r	r_e	4.425135027352071
b	b	4.408347416788193
k	k	4.402798650904677
ˈɛ	ˈe	4.326932758913156
j	ʣ	4.3149122835284075
ˈa	ˈa	4.267989009258013
v	b	4.209896117583537
o	o	4.198640620681987
i	i	4.195814690338846
n	n	4.188707069048338
ˈo	ˈu	4.18780055907877
a	a	4.05509141076033
ɡ	ɡ	4.020438523064403
ˈo	ˈo	3.959880466161667
t	t	3.95526714564069
d	ð	3.9272756940933253
θ	k	3.853285660848995
j_ˈe	ˈe	3.744952445731739
ˈe	ˈi	3.5152054162101365
o	u	3.47448169936675
e	i	3.471572989090549
ˈe	ˈe	2.944967584059449
t	t_u	2.825601756263551
r	r	2.815178395283567
<#	<#_i	2.7353907141172136
l	l_e	2.4709041819421587
p_j	p	2.424881172730144
e	e	2.3676941650924834
l	l_u	2.3539116817979275
ŋ	m	2.300953855709474
o	u_z	2.2921381527710274
#>	ŭ_#>	2.228616793983534
s	s_k	2.2110951354713353
r	rː	2.205291513414266
ˈɛ_l	ˈe	2.1840917402380122
ŋ	n	2.181816501396964
ˈa	ˈa_ð	2.167557126264711
ŋ	ŋ	1.9913238695599151
j	r	1.935236281208121
k_w	b	1.9148708754492443
#>	ŏ_#>	1.8965867945604589
d_e	i	1.808462133258336
t	ð	1.6723863103167174
r	r_i	1.6672875406113647
ɡ	b	1.5238676184469646
r	r_u	1.5108813954109461
s	i_s	1.2416018969305296
l	ɖː_u	1.1616554866163484
s	ɣ_e	1.1246093967862982
l	sː	1.1059995227761807
s	sː_u	1.0997993341864625
ˈɔ_ʧ	ˈo	0.9100391892013867
ˈi_v	ˈi	0.9014665459960843
n	nː	0.8488397172345596
o	r_u	0.8159152594544539
ɡ_w	b	0.7884713151266612
#>	i_#>	0.7143083969917668
w_a	a	0.6456535702239143
l	ɖː	0.6340065934789817
θ	ɣ	0.5902833673889905
e	ˈe	0.4842258737497902
θ	t	0.47812797496779635
s	ɣ	0.4415513180409475
ˈi	e	0.19931239883915683
e	a	0.1659891603408973
l	r	0.08277871688391669
a	i	0.08083093626269262
o	e	0.06488622426561788
a	e	0.01566326585626198
#>	e_#>	-1.5168548226429823
#>	u_#>	-1.1598232497914769