Phone1	Phone2	PMI
ʝ	ʧ	7.7612104334161875
ɲ	ɲ	6.753935756847501
w	w	6.659238195630505
f	f	6.612768905263061
j_ˈe	ˈɛ	5.88047999029173
ð	d	5.743241886835362
m	m	5.597182549911136
ɣ	ɡ	5.541710475535016
ɡ	ɡ	5.419079358500114
w_ˈe	ˈɔ	5.36735521684545
θ	z_e	5.350339899578352
l	l	5.292401769360184
d	d	5.269747224420526
ʃ	z	5.20270872466961
n_u	ŋ	5.192083486165839
ˈi	ˈi	5.132094232833031
ʧ	t	5.130009307626384
β	v	5.045411658526899
p	p	5.0115757733158235
ʎ	ɰ	5.003213842009715
ˈu	ˈu	4.974983917374415
b	b	4.824361160834506
ˈe_ʎ	ˈe	4.81323401350995
t	t	4.705399184981404
<#_a	<#	4.684340307402403
ŋ	ŋ	4.678096604494934
k	k	4.676843584740824
j	ˈi	4.43998192768006
ˈe	ˈe	4.429063361301178
ˈa	ˈa	4.386509712704259
<#_e	<#	4.34384457187186
b	v	4.342444976863665
s	s	4.265733186099747
u	ɡ_o	4.178447429441468
e	e	4.1640067411179
ɾ	e_r	4.159369201208998
ɾ	a_r	4.141761194266381
l	ɰ	4.122492926125646
j_ˈe	ˈe	4.117570242967184
n	n	4.0186924258569565
ˈo	ˈo	4.009802802679444
o_s	i	3.8670635232377477
j	j	3.862366843959283
ˈo	ˈa_l	3.8431423422239823
w_ˈe	ˈo	3.756443012409838
a	a	3.703884679906635
ˈe	ˈɛ	3.524491204159608
ʎ	p_j	3.4637134638879328
u	o	3.455735044211287
θ	s	3.323006735979199
ɾ	ˈɔ_r	3.2773755752889078
ɾ	r	3.215770413089723
n_a	n	3.14519116430192
θ	z	3.1107840986098223
ˈu	ˈo	3.101738278167166
<#_ɡ	<#	3.0827951904033624
s_#>	#>	3.0010264491410283
n	ŋ	2.855275673997072
r	r	2.7643592871531855
ˈo	ˈɔ	2.732647413157175
θ_e	s	2.713236161007867
m	e_m	2.7027914567005062
ʎ	j	2.254815157782915
n_u	n	2.2227588527356703
t_ˈo	t	2.0200492482722967
k_o	k	2.0169836154826353
p_e	p	1.9257377781628446
u	o_ɰ	1.5542367370280252
ð_ɾ	r	1.5516027751433006
ˈo	ˈu	1.432019853783238
n	ɲ	1.276730813452289
o	i	1.2045398935416851
ʃ	s	1.1762149965544326
l	o_ɰ	1.1184242474051027
o	ˈu	1.0916855560747407
ʎ_ˈe	ˈe	1.0497993144867022
ʝ	j	0.9933669841387763
m	ŋ	0.8811740620950276
l	e	0.8754809060577815
ɾ_e	r	0.8520858768661123
w	ˈɔ	0.8000552496850725
r_ˈe	r	0.782524398132957
j	ˈɛ	0.7034348948402729
<#_ʎ	<#	0.6181164952724886
#>	e_#>	0.5279393553875086
<#	<#_z	0.4574741745701988
ˈe	j	0.45339546599142794