Phone1	Phone2	PMI
ˈa_n	ˈãː	7.1431815035099335
ˈu	ˈy	6.932508074438744
ɲ	ɲ	6.919637542115389
x	ʤ	6.63980133609485
w_ˈe	ˈɔ	6.342022002534008
o	u	6.211874488821024
f	f	5.940680289856695
w	w	5.872311758363585
ˈi	ˈi	5.447368300133037
n_t	t	5.308139126927358
ɡ	ɡ	5.049814001064169
d	d	4.979791648080231
p	p	4.892785233770692
ɣ	ɡ	4.830516854376063
j_ˈe	ˈɛ	4.826151473275137
ð	d	4.80387605556793
b	b	4.7718950447407735
n	n	4.768531505696974
m	m	4.74721920692735
β	ʋ	4.719938214375388
e	e	4.663815677482344
ˈi_ɾ	ˈi	4.663233668744837
ɾ_o	r	4.632871040377619
s	s	4.632834729795916
ˈo	ˈu	4.546985203183685
t	t	4.374264205249728
b	ʋ	4.362415434697626
ˈa_ɾ	ˈa	4.319985816469493
m_b	m	4.246676291194652
ˈe	ˈe_j	4.060130172630833
ˈe	ˈe	3.996365160356944
l	l	3.978368723719064
k	k	3.964802632349053
ˈa	ˈa	3.744584678432864
j_ˈe	ˈe	3.727148663185576
t_e	t	3.6949447567697264
ˈa	ˈaː	3.6694834013623057
θ	ʧ	3.562238924263157
l_o	l	3.467766122745676
ɾ	r	3.4650283021809485
r	r	3.453019824492755
j	j	3.389989618947149
β_e	f	3.383246353115463
ˈe_ɾ	ˈɛ	3.3488030536500086
a	a	3.334991432576005
θ	s	3.080036267480496
e	i	2.9849641007708976
ˈo	ˈyː	2.811384545154683
ˈo_n	ˈũː	2.7281440063543148
θ	ʦ	2.481111010737603
ˈo	ˈɔ	2.4271825787195933
ˈe	ˈɛ	2.3638785738755588
x_o	ʧ	2.274328399038343
n	ɲ	2.2084233835353446
ŋ_k	k	2.1926325621042544
ʧ	ʧ	1.972699696724446
<#	<#_f	1.8824741518814372
ɣ_o	k	1.879103811236382
β	b	1.825441407499354
ˈu	ˈu	1.7894946941060383
#>	l_#>	1.782686360160032
n_#>	#>	1.4551885205219812
ˈi	ˈɛ	1.399804328648785
b_j	ʋ	1.04973786831732
o	ˈy	1.020055473476662
ˈe	ˈẽː	0.9966732893715404
e_#>	#>	0.9781423448600152
ˈo	ˈø	0.9437211855643092
n_w	n	0.9422287538930564
e	a	0.8406415362659283
n	ˈũː	0.6996170582429737
d	t	0.6790346908034157
ɣ	k	0.6330815177681693
β	f	0.6245152312245323
#>	ʧ_#>	0.5853253627339562
ð	t	0.5205042775413031
ɾ_#>	#>	0.2545999489840786
#>	r_#>	0.2181205097561813
a	ˈa	0.0152922324550414
o_#>	#>	-0.4207816080364409