Phone1	Phone2	PMI
b	b	6.33265334720415
ɲ	ɲ	6.089940370117308
d	d	6.063696761379659
ʤ	ʤ	5.986864375673915
ɡ	ɡ	5.933502574152401
f	f	5.683401373027394
ŋ	ŋ	5.604251723443429
ˈe	ˈa_r	5.5589420700248775
u	u	5.413135321923822
ˈy	ˈu	5.39703223952142
m	m	5.125863419910599
w	w	4.9654984613193225
ˈi	ˈi	4.949291768220257
v	v	4.889858243783668
ˈɔ	ˈɒ	4.825029556883943
p	p	4.7852783821169105
ˈu	ˈo	4.779783809165974
n	n	4.619855263014737
<#	<#_e	4.6169843635747805
t	t	4.611635835559091
s	ʃ	4.601536919215735
k	k	4.52009407507127
n_#>	#>	4.440803535048052
d	ð	4.344271848456799
ˈɛ	ˈe	4.269419435344761
ŋ	n	4.249675182483336
v	β	4.233913924579187
z	w	4.220214110901093
ˈø	ˈɒ	4.120452055106762
s	s	4.094752359397288
ˈa	ˈa	3.9952575752657093
l	ʎ	3.8742945786220355
i	i	3.865882695942723
j	l	3.8401554325080363
ˈø	ˈu	3.8187501447775163
a	a	3.7661308965007736
ŋ_#>	#>	3.7441447275665167
a	ɐ	3.7274121150335846
e	e	3.717633019654127
ˈɛ	ˈæ	3.513954283376907
j	ʎ	3.5019258803398885
a	ɜ	3.485071232586382
a	ɞ	3.4350303410976357
ˈa_n	ˈa	3.3852984907176196
e	e_r	3.382285384768873
ˈu	ˈɒ	3.2897066194383715
r	ɾ	3.2319090791735854
l	l	3.146760143334375
ˈɛ_j	ˈæ	3.1416725485060355
ˈe	j	3.033134264558502
b	β	2.9906747328259695
r	r	2.9551688873136035
ˈe	ˈæ	2.8966856116563355
#>	w_#>	2.7690206844176157
#>	s_#>	2.671305091558253
ˈe	ˈe	2.6646654898693845
r	ɾ_ɜ	2.6366247642904734
e	i	2.50030796895573
#>	k_#>	2.359847705214593
ɡ	k	2.3483628841531274
r	e_r	2.285389678120095
#>	ɞ_#>	2.16359519651835
ˈø_v	ˈɒ	1.9586911221347436
e	ɾ_e	1.937878847503535
ʤ	ɡ	1.7656283592863558
ˈu	ˈu	1.670694165818728
i	e	1.5895836504307186
#>	e_#>	1.5540953565121722
w	l	1.5233187627365825
ˈy	ˈo	1.3598940005444042
e_#>	#>	1.3193182105724135
e	ˈi_r	1.1959403153080255
d	t	1.0005663372613576
ˈa_ŋ	ˈa	0.9031714737754474
t	ð	0.6948563931673788
j	u	0.6494072931529813
v	w	0.6214197135604647
r_#>	#>	0.5351478555025536
ˈø	ˈi	0.4840638131098278
ˈi	ˈe	0.4202172250228629
#>	r_#>	0.3345546627005159
e	r	0.29277873312412006
#>	ɐ_#>	0.257227225979973
#>	ɜ_#>	0.06717785492562857
<#_k	<#	-0.19336821501539483