Phone1	Phone2	PMI
h	r_i	7.871377990213934
f	f	7.825306952905635
ˈẽ	ˈi_n	6.979296486093402
ʎ	k_ʎ	6.59453940595666
s_u	s	6.535950690049886
v	v	6.268021136265023
ɡ	ɡ	6.246503127591631
ʒ	ʒ	6.059364055758955
t_u	t	5.960271767588921
ˈɔ	o̯ˈa	5.821950979097039
ˈi	ˈi	5.717552607744338
w	r_i	5.599160905179065
m	m	5.529151779918293
ʃ	s	5.4236572323021734
d	d	5.390795020750901
ˈĩ	ˈi	5.337261622330653
ˈe	e̯ˈa	5.335087187492527
ɡ_u	k	5.323509316280421
ˈɐ̃	ˈɔ	5.180901762356001
p	p	5.171895404531539
p	kʲ	5.07891141512405
ˈe	ˈe	5.0743519094263
b	p	5.066735882433137
j	p	4.98734618224787
b	b	4.937186401792273
ˈa	ˈa	4.907050247323293
u	u	4.820620600637091
l	l	4.804603103768314
ˈu	ˈu	4.746158850529321
j_ʃ	j	4.628483603777763
ˈũ	ˈu	4.6273281951720024
h	r	4.585994376192328
k	k	4.543805021325365
ˈo	ˈo	4.487096960444052
s	ʦ	4.4660255598250505
s	s	4.41794086225663
ɐ	ə	4.175676982646485
n	n	4.151979613065064
ʧ	t	4.149643967239563
ɾ	r	3.9964387553834424
i	i	3.9687929043804226
o	u	3.9573893924967565
t	t	3.918282564542799
ʒ	z	3.8679357878939564
#>	n_#>	3.6461802844422677
f_ˈi	ˈi	3.5909357007857676
ɦ	r	3.531252225067303
t	ʦ	3.501012620631724
d	t	3.4988752412858917
ˈɛ	ˈa	3.4771342786751176
<#_e	<#	3.45509347259698
ɐ	w_ə	3.4534295044521937
ʎ	ʎ	3.4516114110051705
ˈõ	ˈu	3.182666858300113
ˈɔ	ˈu	3.167780958597196
<#	<#_j	2.8928392688560525
k	ʦ	2.881174749072391
ˈo	ˈu	2.8304541748739838
ˈe_j	ˈe	2.7494126409779387
v	b	2.7128709636198876
s	ʃ	2.7031637569011466
ˈĩ_j̃	ˈi	2.65480068165631
j	ʃ	2.5374146740172265
<#	<#_w	2.452157395035843
ˈɛ	ˈe	2.4465071170528634
a	ˈa	2.2792984548780217
ɐ	n_ə	2.031748133975779
j̃	n	2.002999831425316
t_ɾ	t	1.9980086327186417
e	i	1.9848003643619239
ʃ_#>	#>	1.810457713320655
w	l	1.6186739224087654
ɡ	k	1.5904119347937231
ˈu	ˈo	1.4349437293883016
ˈe	ˈa	1.240026734603294
ˈɐ̃	ˈa	1.2395864250609923
ˈẽ	ˈi	1.2365539132859895
u	ə	1.1557994661564308
v	w	1.0900840754684658
l	r	1.0253470797564275
u	i	0.9455855936146222
ʃ	ʃ	0.9436000344267477
i_#>	#>	0.7511020657139756
ɡ	m	0.7047326166699555
ˈo	o̯ˈa	0.6310385032558908
#>	i_#>	0.41835155710251104
i	ə	0.403969238784468