Phone1	Phone2	PMI
ʎ	k_ʎ	6.441296187533794
v	v	6.322158003927918
ˈe	ˈe	5.662110979666048
d	d	5.549461183086884
p	p	5.307725076964459
m	m	5.22582685161002
ˈẽ	ˈi_n	5.185499411719807
#>	n_#>	5.053407728396091
u	u	5.01927372130872
ˈo	ˈo	4.735147240183412
l	l	4.658184322407478
k	k	4.627154996438932
ˈa	ˈa	4.594670202983967
ɐ	ə	4.590189298203034
ʒ	z	4.393012348599555
t	t	4.384295778045391
ˈɐ̃	ˈɔ	4.334938701207808
s	s	4.310367351650701
ɾ	r	4.281139154722739
ˈi	ˈi	4.166624005528251
ʧ	t	4.043729230409741
n	n	4.000439789844726
ɡ_u	k	3.9503609864294376
ˈɛ	ˈa	3.937817797699327
i	i	3.71953473966882
ʎ	ʎ	3.579997154199051
b	b	3.548811926635531
s	ʦ	3.408824778663875
ʃ	s	3.326194658017926
ˈe	e̯ˈa	3.3105339426805367
ˈõ	ˈu	3.172098022360752
a	ˈa	3.117663405653773
h	r_i	3.081840445413917
t_u	t	3.044576161709603
w̃	j_n	3.0332783772027785
ɡ	ɡ	3.025242380211993
h	r	2.9135637162794668
j_ʃ	j	2.8755002744637075
j	p	2.839798112859736
#>	i_#>	2.74468771994429
<#	<#_j	2.708224718104972
<#	<#_w	2.701555011308584
f	f	2.5035451708975103
d	t	2.4879093824030853
ˈũ	ˈu	2.3140526907180208
p	kʲ	2.149277909217945
ˈɐ̃	ˈɔ_n	2.147029790265361
ˈu	ˈu	2.117080952945645
ˈĩ	ˈi	2.087288377098572
ɡ	k	1.8444099130763552
ˈo	ˈu	1.6962821541903483
<#_e	<#	1.5728614309316074
u	i	1.2909431252095849
ɦ	r	1.267450808720192
s_u	s	1.2592970911595498
ʃ	ʃ	1.223930358992218
ˈɔ	o̯ˈa	1.1855576485130142
e_ʃ	s	1.169031582927789
ɐ	w_ə	1.1609214908000518
f_ˈi	ˈi	1.0697905751383767
ɐ	n_ə	1.0168997979835086
j̃	n	0.9897093605463738
ɐ_#>	#>	0.9698297093633096
v	w	0.9488390665353628
ʃ_#>	#>	0.91168592419478
u_#>	#>	0.903001862589323
k	ʦ	0.8266653463716331
ˈɛ	ˈe	0.7477660022040316
ˈo	o̯ˈa	0.7455522283812319
ɡ	m	0.7057074134516675
b	p	0.5765225195320479
l	r	0.5550417211417934
j	t	0.4232561373542222
i	ə	0.3399602426636721
u	ə	0.2898427482562737