Phone1	Phone2	PMI
f	f	7.142721999575171
ˈɐ̃	ˈɔ	6.143705585843862
ʎ	k_ʎ	6.125932722184557
b	b	5.714271901315963
ˈẽ	ˈi_n	5.611807404065342
ˈɔ	o̯ˈa	5.603712559199156
ɡ	ɡ	5.353915744714825
v	v	5.285523168030631
ˈe	e̯ˈa	5.274561502660972
<#_e	<#	5.233985000288463
d	d	5.208992179670654
w	r_i	5.109036486909637
ˈĩ	ˈi	5.106989183064299
ˈi	ˈi	5.0225762298297365
ˈu	ˈu	4.881165422540024
p	p	4.846013505904256
m	m	4.8148223594954525
o	u	4.785561789829799
ʒ	z	4.768159842818781
ˈe	ˈe	4.718681139399155
l	l	4.583198495029352
h	r	4.565751621270487
ʃ	s	4.54157020866986
j	p	4.535128010232994
u	u	4.369315499848884
ˈa	ˈa	4.256711648704601
ˈũ	ˈu	4.150556029371991
ʒ	ʒ	3.978686815954644
s	s	3.909930082843352
ɐ	ə	3.89363666367966
ˈo	ˈo	3.8931149262956186
h	r_i	3.8726024386246696
k	k	3.828577596715763
<#	<#_w	3.7699250014423127
v	b	3.708689064208944
ɾ	r	3.573697223555337
j_ʃ	j	3.535402524130406
s_u	s	3.523582110263271
p	kʲ	3.515232195341005
ʧ	t	3.5116902619607404
n	n	3.4119685870761955
ɡ_u	k	3.375957401154656
t	t	3.310038626653113
t_u	t	3.3092177607709377
i	i	3.280250168075382
t	ʦ	3.239594471141372
b	p	3.203988644025603
s	ʃ	3.1646053073585256
d	t	3.0662521439928865
ˈɛ	ˈe	3.031367967431545
s	ʦ	2.995407012661627
ˈɛ	ˈa	2.859340602049789
e	i	2.7891339645101656
w̃	j_n_i	2.712562640648006
ɦ	r	2.5709542848614517
ʎ	ʎ	2.5697202626908022
ˈɔ	ˈu	2.461460048341561
j̃	n	2.357302266584361
ˈo	ˈu	2.3568703178477763
ˈɐ̃	ˈɔ_n	2.2613487063819724
<#	<#_j	2.1156412870005528
j	ʃ	2.074077085408585
a	ˈa	2.024130537500479
ʃ	ʃ	1.8449424790506157
ɐ	w_ə	1.82077930822679
ɡ	k	1.8085779071007928
f_ˈi	ˈi	1.6920700200188477
k	ʦ	1.6623374122042909
w̃	n	1.6300574660142328
#>	n_#>	1.53594000115385
w	l	1.4888356513068723
ˈẽ	ˈi	1.4771946806676153
v	j	1.3918890399068409
ˈe	ˈa	1.2482826376429714
ˈe_j	ˈe	1.2413294440581817
t	l_t	1.0805227058273508
<#_f	<#	0.9849625007211562
ˈõ	ˈu	0.9807868211769816
ˈĩ_j̃	ˈi	0.9801821342914074
l	r	0.9542134725002572
u	i	0.941718499647504
ʃ	k	0.8610093264255628
ɐ	n_ə	0.807293440717365
ˈu	ˈo	0.7830675070126711
v	w	0.7070949485165557
j̃_#>	#>	0.7052137623335175
n_u	n	0.6975918166714529
t_ɾ	t	0.6608494260369753
j̃	m	0.6532028135179104
u	ə	0.6091627396251384
ˈo	o̯ˈa	0.5579152047293131
i	ə	0.3409270124106679
#>	i_#>	-0.9260880714546318
u_#>	#>	-0.1818052679905019