Phone1	Phone2	PMI
f	f	7.342495483870494
h	r_i	6.882914111369844
ʒ	ʒ	5.898279164414528
ˈẽ	ˈi_n	5.796661876381216
b	b	5.777831697302635
v	v	5.761579396886231
ˈɔ	o̯ˈa	5.520517629183603
ɡ	ɡ	5.4879893339057455
ʎ	k_ʎ	5.478589542989513
ˈi	ˈi	5.165743203092017
w	r_i	4.94232102221574
d	d	4.907983551715761
m	m	4.80902824778687
ˈe	e̯ˈa	4.799668837290628
ˈĩ	ˈi	4.797230955489046
ʃ	s	4.767090829929495
p	p	4.630647785197737
p	kʲ	4.61213945945458
ˈe	ˈe	4.5389335592244
ˈa	ˈa	4.449890913256039
j	p	4.449027918106948
u	u	4.418873452371894
<#_e	<#	4.265607691637772
t_u	t	4.233831107277859
l	l	4.22688304616515
ˈu	ˈu	4.209611187699194
h	r	4.168280090017298
b	p	4.157174135620231
k	k	4.00667661045068
ˈo	ˈo	3.9774669122914545
ˈũ	ˈu	3.9433874135086344
s	s	3.886472041586184
s_u	s	3.8753862322549955
s	ʦ	3.7062055389937085
n	n	3.705760648938935
o	u	3.684656966873016
ʧ	t	3.624206598202927
ɡ_u	k	3.5893868025716626
ɐ	ə	3.581362829702884
ɾ	r	3.5758445933962895
j_ʃ	j	3.494258028030167
t	t	3.447846605006137
ˈɐ̃	ˈɔ_n	3.2980370656384803
i	i	3.28330710574028
ˈɐ̃	ˈɔ	3.2191840717820224
t	ʦ	3.068658545796541
ˈɛ	ˈa	3.0597892140282297
d	t	3.0260447534160138
ʎ	ʎ	2.850097381153013
<#	<#_w	2.842664519521601
ɐ	w_ə	2.776322833807967
e	i	2.7253157595277986
ˈõ	ˈu	2.6933232847308606
#>	n_#>	2.560430866061644
f_ˈi	ˈi	2.5547559370779256
ʒ	z	2.484218313697461
ɦ	r	2.4713756815070864
ˈo	ˈu	2.3678964339939172
k	ʦ	2.3670912141364893
j	ʃ	2.3073365927643956
s	ʃ	2.2164243955168064
ˈɛ	ˈe	2.203048301822317
<#	<#_j	2.139358305512535
ˈɔ	ˈu	2.1314250452797148
a	ˈa	2.1313506695510087
ˈe_j	ˈe	2.1053596839477686
ˈĩ_j̃	ˈi	1.9621879849513268
j̃	n	1.7120542672587227
w̃	j_n	1.6105136101608308
ɐ	n_ə	1.5833516930382667
w̃	n	1.4861815110187067
v	b	1.3548774422230525
ɡ	k	1.2556448748844475
ˈu	ˈo	1.1922636886303104
j̃	m	1.0530518141896617
ˈẽ	ˈi	1.0244641369418053
ʃ_#>	#>	1.0007738463958114
ˈɐ̃	ˈa	1.000677058589928
ˈe	ˈa	0.989625930326101
v	w	0.9570520619585642
ʃ	ʃ	0.8642424589605552
j̃_#>	#>	0.713119435170845
t_ɾ	t	0.6966587585607684
ʃ	l	0.6769128371253496
w	l	0.6239364493325381
u	ə	0.6208910334615702
v	j	0.6088040825144077
ɡ	m	0.5950958592759512
l	r	0.5750235756415333
ˈo	o̯ˈa	0.5062112985207874
u	i	0.5046300865207197
ˈa_ɦ	ˈa	0.4832359193890611
i	ə	0.13163376119442086
#>	i_#>	-1.1984523072083777
u_#>	#>	-0.8017987480642366
i_#>	#>	-0.1675341092970152