Phone1	Phone2	PMI
ʧ	ɟ͡ʝ	7.891922045900547
ɲ	ɲ	6.61366398192921
ʤ	x	6.497009916381213
i	i	6.492143678944172
ˈɔ	w_ˈe	6.449356737463332
ˈaː	ˈa_ɾ	6.443031468919592
ˈøː	w_ˈe	6.280361245047863
ʒ_e	θ	6.206556423637778
d	d	6.0944154230339365
ˈyː	ˈu	5.779306630760569
i	o_s	5.624218210928568
ˈy	ˈu	5.587826607103153
m	m	5.385301972140523
ɡ	ɣ	5.334159295872055
ˈi	ˈi	5.193229613728781
ɡ	ɡ	5.187323460851838
p	p	5.1870819211956025
ˈɛː	j_ˈe	5.127320906029065
ˈiː	ˈi_ɾ	5.059170981839702
ˈɔː	w_ˈe	5.03869505819663
w	w	4.777949290045289
ŋ	n_o	4.750930177586996
ˈuː	ˈo	4.747736196932221
f	f	4.741060580996007
b	b	4.64249850765447
l	ʝ	4.606839967754906
k	k	4.582211554426992
ˈø	ˈo	4.562139682641824
r	r	4.5117498747507785
t	ʧ	4.380731186956653
l	l	4.3771050585172615
t	t	4.295144550302379
e	e	4.231594378798014
v	β	4.21889101973538
ˈa	ˈa	4.177336217015917
s	s	4.0821713463225615
n	n	4.076208653500735
ˈu	ˈo	3.997470860663183
ŋ	ŋ	3.918634937555021
f	f_w	3.8934779861567455
v	b	3.8476769783172537
ˈiː	ˈi	3.822374640836764
ˈe	j_ˈe	3.743541443155688
a	a	3.739625328453334
ˈɛ	j	3.7308817159679015
<#	<#_e	3.519277102574276
s	θ	3.50843830034723
ˈaː	ˈa	3.485644482910117
u	ɾ_o	3.449375325330897
ˈɔː	ˈo	3.4449247469746034
u	o	3.3037125193259804
r	ɾ	3.276094143079661
ŋ	n	3.2455481118294585
ˈeː	ˈe	3.2286339614576405
ˈe	ˈe	3.141973426191027
j	e	3.1105049300040584
ˈuː	ˈo_l	3.0724934557707044
v	β_ɾ	2.987718361592353
t	ð	2.966653321378373
e	ɾ_e	2.9555224429493427
n	ɲ	2.750559922554359
b	β	2.7021116767055227
#>	s_#>	2.6867936124446854
ˈu	ˈu	2.678636077223558
j	ɾ	2.6343852318713483
ˈeː	j_ˈe	2.5956437976207134
<#_f	<#	2.559362076840955
ˈu	w_ˈe	2.3144739840766078
z	θ	2.295163147067513
m	m_b	2.246279286103216
d	ð	2.197883509864131
ˈɛː	ˈe	1.9884145675758973
ˈeː	j	1.9592913417794688
w	ɾ	1.951999077496552
ˈe	ˈi	1.9246389249728963
#>	l_#>	1.6718824088939592
b	b_w	1.410921906922467
n	n_w	1.4087459549896624
ˈy	ˈo	1.3812911923774354
<#	<#_w	1.3248981729815588
ˈaː	ˈo	1.2989463656595337
ŋ	m	1.245552897744367
#>	ɾ_#>	1.0441887928896338
ʒ	θ	1.0352349789673163
a	l_a	1.00652127929532
ˈɛ	ˈe	0.9425830684231238
j	o	0.7719732452004199
a	ɾ_a	0.7235137794395513
j	j	0.7000184764471187
ˈɛː	ˈa	0.6461245357717916
ˈu	ˈe	0.2210911540772446
r	l	0.1870533594001035
e	ˈe	0.0013398208119917
e_#>	#>	-0.9343923083622278