Phone1	Phone2	PMI
ð	ʤ	7.357393087435466
u	u	7.096036201033715
ɡ	ɡ	7.019161742556734
z	ʃ_ə	6.768508012114596
j	ʎː	6.7610345919421695
ˈa_j	ˈe	6.627447234315859
i	i	6.6034202724981
ɲ	ɲː	6.278875362644598
f	f	5.888801836302874
t	tː_ə	5.652384985498339
ˈʌu̯	ˈo	5.644619173133193
ˈɔː	w_ˈɔ	5.623122145194301
ˈuː	ˈu	5.577370637173473
s	s	5.440813789740377
l	lː_ə	5.393023577052893
m	m	5.335569825639523
l	l_ə	5.299317172633882
d	d	5.22439904621221
ˈe	ˈi	5.156599745490038
θ	ʃ	5.021475063476454
v	v_ə	4.979214247085464
ˈɛ	j_ˈɛ	4.974238326244107
ˈiː	ˈi	4.951268077921259
ˈʌ	ˈu	4.881866513775512
t	t_ə	4.791136183691457
p	p	4.735442456443724
k	k_ə	4.7262912288702665
ŋ	n_ə	4.706829934864043
ŋ	ŋ	4.678894413188564
w	w	4.632693172493421
b	v	4.582935729231036
r	ɾ_ə	4.448071457400321
m	mː	4.431318919040886
ˈo	ˈu	4.394880177426145
ˈɛ_r	ˈa	4.334711474760453
ˈɔ	ˈɔ	4.227307194111923
v	v	4.142013568009408
l	l	4.093797661333062
r	r	4.084888186274105
ˈæ	ˈɛ	4.077265424796504
k	k	4.074059477461157
ˈaː	ˈa	4.0482543270799285
ŋ_n	n	4.0392189557775104
ˈɔː	ˈɔ	4.0197295518894816
n	n	3.9994823054350648
b	b	3.986946601691849
ˈa	ˈe	3.9750021692971536
ˈʌu̯	ˈu	3.940031474851231
a	a	3.679254972482542
t	t	3.495579596911843
j	j	3.307751514626124
d	t	3.301457077389168
e_r	ɾ	3.2782651429766143
ˈɛ	ˈa	3.152510959356538
ˈo	ˈɔ	3.147710262124632
ˈɛː	ˈɛ	3.054080033397875
r	ɾ	2.918869357639573
ˈa	ˈa	2.872965654480189
s	ʃː	2.8703301772551884
ˈɔ	w_ˈɔ	2.764582667222897
r_e	ɾ	2.650335357392575
ˈi	ˈi	2.6490640796440226
ŋ	n	2.645437223410703
θ	ʦ	2.58651831375765
ˈɛ	ˈɛ	2.5433465381061136
v	p	2.473438076515366
k	kː	2.4443077832553626
p	p_ə	2.1517492352563345
e	ə	2.072859597879785
d	nː	2.040054703164631
θ	ʃː	1.991847965172741
a	ə	1.9847149960660653
n	nː	1.9746837985070844
z	ʃ	1.923118676595234
s	ʃ	1.7340211467002915
ˈa	ˈi	1.731495728997518
ɲ	n	1.697388939742086
ˈiː	ˈe	1.5925101543375664
n	n_ə	1.4214534337433058
m	m_j	1.3131844165488928
s	sː_ə	1.2193034310710875
f_j	ʃ	1.1868717748016695
<#	<#_w	1.1135912150830931
ˈiː_r	ˈi	1.038114309355222
e_n	n	0.9620368427038756
ˈo	ˈo	0.9525196324749848
p	k	0.9340310745439048
z	s	0.7557989278314936
ŋ	ɲː	0.6140137384220712
e_r	ə	0.3602846467960986
ˈa	ˈɛ	0.2948704668235369
d	ɾ	0.245548515167626
r_#>	#>	-0.6685334732249771