Phone1	Phone2	PMI
u	ɔ	6.745443147671742
ˈa_ŋ	ˈɑ̃	6.743387767434356
ɲ	ɲ	6.614809543280016
ɡ	ɡ	6.575331301213689
ˈæ_ŋ	ˈɛ̃	6.3938387682501
ʧ	ʎ	6.1364649464172105
ð	ð	5.483973503943001
s_t	t	5.446170483376723
d	d	5.437846943756963
ˈa	ˈɛː	5.30819482666603
ˈa_j	ˈɛː	5.298466212120738
b	b	5.213010940963851
n	n	5.177487143625348
ˈɔː	ˈoː	5.159408407072534
p	p	5.127549477416978
m	m	5.041214716968471
f	f	5.039830451797431
d_#>	#>	4.989016140152192
j	ʎ	4.974302770229096
s	s	4.944635301553155
ˈaː	ˈa	4.8699498785998365
ˈe	ˈi	4.86268014441696
t	t	4.841930391392276
ŋ	ˈɛ̃	4.817446540928452
v	v	4.680903149313415
ˈiː	ˈi	4.6641605438726135
ˈʌu̯	w	4.6460631478526615
θ	s	4.621395483233099
z	ʃ	4.606639332015477
ˈuː	ˈu	4.472812228245695
ˈe_ŋ	ˈĩ	4.171815626509478
ˈiː_r	ˈi	4.147834026642635
k	k	4.146376287119589
ˈɛ	ˈaː	4.0734461478897845
e_r	ʁ	4.037522545376433
l	l	4.010084236418553
k	ʃ	3.929845694597984
z	z	3.74824867670539
ˈɔː	ˈø	3.7232526875181775
a	a	3.557851293618193
k	e_k	3.118945869424722
ˈɛ	ˈa	3.1085109814257184
r	ʁ	3.092766490494128
r_e	ʁ	3.053849837727776
ˈɛ	ˈe	3.050128234220057
ˈɔ	w	2.9675790939367563
ˈʌu̯	ˈø	2.9503508659869824
ˈaː	ˈɑ̃	2.944038071141818
ˈo	ˈɔ̃	2.8952104191464976
ŋ_n	n	2.814650009415774
j	l	2.749507775405907
ˈʌ_ŋ	ˈɔ̃	2.742066658454439
e	e	2.5705419640397125
a	ə	2.541518045239924
r	ʁ_o	2.34270700454968
r	ð	2.330172069958534
d	ð	2.195200504962831
i	o	2.1708965854132383
#>	o_#>	2.064154903928022
k_#>	#>	1.962756238243408
ˈe	ˈɛ	1.9414386576769649
u	o	1.8438734940159085
ɡ_#>	#>	1.8353362134321407
a	i	1.6972744897265648
ˈɛ	ˈɛ	1.524776031041272
s_#>	#>	1.4202987141532972
ˈɛ	ˈɛː	1.3989591520129574
ˈo	ˈo	1.3981158915420648
r_t	ʁ	1.378259268714246
t_#>	#>	1.3593695322317072
j	j	1.351764141957758
ŋ_#>	#>	1.130448071229946
v	v_ə	1.1302952310087888
ˈɛ_r	ˈa	1.110560039512601
<#_s	<#	0.93212693953726
e_r	ð	0.8429331592445463
e_r	ə	0.7616442838573847
ˈiː	ˈɛː	0.7366446741519735
#>	ʃ_#>	0.6421793564997238
r	ð_ə	0.5875874158308388
ˈɛ	ˈoː	0.4697458597583145
#>	ə_#>	0.2115383387168993
l_#>	#>	0.1813781191217037
r_#>	#>	-0.5372052700868276