Phone1	Phone2	PMI
ʃː	ʃ	7.261279080250703
ŋ	ŋ	7.173661605783125
ð	ð	6.506362844071983
ɡ	ɡ	6.2858696915335255
o	u	5.962612472780567
d	d	5.860580884761687
ˈi_n	ˈi	5.544124926519509
β	β	5.515131608279927
n_ʤ	ɲ	5.509862945198132
n_t	n	5.330111155714026
f	f	5.323431530772401
rː	r	5.264800564858748
l_u	l	5.221299387684383
l_i	l	5.139643100972294
ɣ	ɣ	5.128035349722259
m	m	5.08594245309297
p	p	5.071277080178155
t_i	t	4.976706657242747
b	b	4.909617781729684
w	w	4.85847118959684
ð_u	t	4.853764688419705
ˈa_r	ˈa	4.6731270330577095
ˈu	ˈo	4.6432090449942605
n	n	4.562335700470281
ˈe_ɖː	ˈe	4.52294027957334
ˈa_n	ˈa	4.514859221003932
t	t	4.423415051682751
ˈu	ˈu	4.363851886049737
k	k	4.34039403267938
ˈo	ˈɔ	4.339241545113682
ˈe	ˈe	4.169433369729113
s	s	4.16570302820459
z	s	4.117126140422935
l	ʎ	4.083539664562525
ʧ	s	4.004293675792365
t_u	t	3.9956479261433215
ˈa	ˈa	3.897719314320651
ˈi	ˈi	3.849669281211829
ˈe	ˈɛ	3.821906776337659
a	l_ə	3.776899559839853
r	ɾ	3.684891572521401
r	r	3.4019796231872914
ˈi	ˈɛ	3.2352548625188207
ɣ_u	k	3.190472418679172
ʒ_i	w	3.1730396341535245
ʣ	ʎ	2.972089543268964
e	ə	2.9213057719974085
j_u	ʎ	2.886889291922855
ˈo	ˈu	2.829879840305795
l	l	2.67079419016899
a	ə	2.659089890387176
u	w	2.47316688307464
i	ə	2.4451631116870227
ˈi	ˈe	2.4293660736759977
ŭ_#>	#>	2.3192423198217824
u	u	2.255851084809484
e_r	ɾ	2.1599781280664043
t_e	t	2.0638107627149
j	ʎ	1.9838262597577665
u	ə	1.894342268677765
i	i	1.860055031737148
ˈa_j	ˈa	1.802524827615183
z_ŭ	s	1.8005203154106906
r	l	1.611250750325639
e	w	1.5656053922755673
nː	ɲ	1.2597260765638638
#>	ʎ_#>	1.2320985149303358
e	ˈi_w	1.2287520084440977
m_i	m	1.1749193716548414
e_#>	#>	1.166604637335865
i	ˈɛ	1.157165723908653
r_u	r	1.1310702816367189
u	ʎ	1.1066624948353792
ˈo	ˈo	1.0546621331311927
j_#>	#>	0.989346172028062
ɖː_u	ʎ	0.960119255366086
i	w	0.9486788122097316
ˈo	u	0.927945053711346
n	ɲ	0.8617125179658629
i_#>	#>	0.6682468532956299
a	ʎ_ə	0.586078078228831
d	t	0.3611468821522612
ˈe	ˈi	0.2944419053061659
u_#>	#>	-0.2317541478535624