Phone1	Phone2	Surprisal	OOV_Smoothed
a	a	0.02966009891633152	4.794395511220169
b	b	-0.0	4.794395511220169
d	d	-0.0	4.794395511220169
e	e	0.048446966155812406	4.794395511220169
f	f	-0.0	4.794395511220169
i	i	1.2224767797454859	4.794395511220169
i	e	1.2725860393955066	4.794395511220169
i	ˈe	2.6662422236395087	4.794395511220169
j	j	0.14862026331309677	4.794395511220169
j	-	3.51853914751435	4.794395511220169
k	k	-0.0	4.794395511220169
l	ʎ	0.916227924986937	4.794395511220169
l	l	1.1520288694307002	4.794395511220169
m	m	-0.0	4.794395511220169
n	n	0.2953726147523271	4.794395511220169
n	ŋ	4.079170112003344	4.794395511220169
n	-	4.321409744679001	4.794395511220169
o	u	0.2939611442080778	4.794395511220169
o	o	2.7161944632047774	4.794395511220169
p	p	0.06367341765926496	4.794395511220169
p	β	4.53365097785803	4.794395511220169
r	r	-0.0	4.794395511220169
s	s	0.036781177935189896	4.794395511220169
t	t	0.03729393714612689	4.794395511220169
u	u	0.8325669575318707	4.794395511220169
u	o	1.8835309811013605	4.794395511220169
u	-	2.578187562686791	4.794395511220169
w	w	0.04641207992676158	4.794395511220169
ð	ð	0.1337048860815028	4.794395511220169
ð	-	3.497978451996075	4.794395511220169
ŋ	ŋ	-0.0	4.794395511220169
ɡ	ɡ	0.07726015928241874	4.794395511220169
ɡ	-	4.2613555992955785	4.794395511220169
ɣ	ɣ	-0.0	4.794395511220169
ɲ	ɲ	-0.0	4.794395511220169
ɾ	ɾ	0.021712938412025585	4.794395511220169
ʃ	ʃ	-0.0	4.794395511220169
ʎ	ʝ	0.5940319129276723	4.794395511220169
ʎ	ʎ	1.5669929476897477	4.794395511220169
ʝ	ɟ͡ʝ	-0.0	4.794395511220169
ʧ	ʃ	-0.0	4.794395511220169
ˈa	ˈa	0.12556346206956362	4.794395511220169
ˈe	ˈe	0.030694570951485287	4.794395511220169
ˈi	ˈi	-0.0	4.794395511220169
ˈo	ˈo	-0.0	4.794395511220169
ˈu	ˈu	0.1312580872450903	4.794395511220169
ˈu	ˈo	3.523419647092724	4.794395511220169
β	β	-0.0	4.794395511220169
θ	θ	-0.0	4.794395511220169