Phone1	Phone2	PMI
ʧ	ʧ	6.847307401384409
ð	ð	6.521656319753643
ɡ_o	ɡ	6.482648036432893
o	u	6.35612010398682
z	z	6.256070002526385
f	f	5.970715895727425
b	b	5.912717162970869
ˈi	ˈe	5.6710182271519685
ˈu	ˈuː	5.662550321247668
ɲ	ɲ	5.647345478861865
ɡ	ɡ	5.644387023061177
i	i	5.486016722206153
θ	θ	5.470457877214648
ˈɔ	ˈɔ	5.40187483638205
p	p	5.367731085801879
ˈu	ˈo	5.295250067704244
ˈe	ˈa_j	5.2529315212780885
ˈɛ	ˈɛː	5.079544124408178
m	m	4.982350083397175
e	e	4.87821067411712
n	n	4.843811431546386
ˈi	ˈiː	4.818027550584779
j	j	4.805938578953054
ˈo	ˈʌu̯	4.781809248134721
d	d	4.723000378093769
v	v	4.697652485016367
k	k	4.687086787536133
s	s	4.6206641317829735
ˈɔ	ˈɔː	4.537200822569797
l	l	4.437595472670407
t	t	4.425040777298478
ˈo	ˈʌ	4.40207523037401
e_m	m	4.379600943751689
w	w	4.330449849733813
ŋ	ŋ	4.222270942231696
ˈɛ	ˈɛ	4.047554302412714
#>	d_#>	3.922810050199458
a	a	3.8035177491068937
ˈo	ˈuː	3.7997761026064443
ˈo	ˈɔː	3.680250320094981
ˈe	ˈæ	3.599229315637897
r	r_e	3.475898811935877
ˈa	ˈaː	3.453208084641368
n	ŋ_n	3.448637595403678
p_j	p	3.3888749143684684
ˈe	ˈa	3.3486456557215853
ˈe	ˈiː	3.256805186425398
<#_j	<#	3.2039100017307747
r	r	3.192351372470017
ˈa	ˈɛ	3.1668302708347675
s	z	3.1138067439835533
ʧ_o	ʧ	2.7970470237840432
t_o	t	2.7614327937742282
e_#>	#>	2.734394884154809
e	d_e	2.2054490965547626
ˈo	ˈo	2.0911169821841216
ˈa	ˈa	1.9155051573641761
#>	v_#>	1.4900560635077666
o_#>	#>	1.4410505788790342
r_o	r	1.4330762800267967
ŋ	ˈa_ŋ	1.1859640138439205
ŋ	m	1.1421466591648546
l	j_l	1.0833140164779573
j_ˈa	j	0.9839359374824989
r	e_r	0.7813544925357166
e	ˈiː	0.6814217412437105