Phone1	Phone2	PMI
ð	ð	6.629957518151189
p	p	5.691868424839137
ʧ	ʧ	5.687554431195846
b	b	5.660353827843589
o	u	5.6304804022777075
ˈi	ˈe	5.625866841359698
ɡ	ɡ	5.49311351419036
ˈe	ˈa_j	5.474223856393629
f	f	5.373635136503579
θ	θ	5.36497126299899
ˈɔ	ˈɔ	5.34795013001332
i	i	5.168099333920339
z	z	5.155015457273945
ˈo	ˈʌu̯	5.076282480415999
m	m	5.07463799689826
d	d	5.030380817202084
ɡ_o	ɡ	4.9836026403797735
e	e	4.921729453284027
v	v	4.714906581553414
j	j	4.713616941689466
o	o	4.6996281785990535
ˈi	ˈiː	4.666790385281392
s	s	4.654170583251311
ˈu	ˈo	4.6205202861500645
ˈu	ˈuː	4.616042000240174
l	l	4.592677149585024
ˈɔ	ˈɔː	4.564927909530622
n	n	4.524782845643028
k	k	4.51019298878803
ɲ	ɲ	4.4443272576276325
w	w	4.4192710638559
ŋ	ŋ	4.240859108195373
t	t	4.200682162521653
ˈɛ	ˈɛ	4.144786395951491
ˈo	ˈɔː	4.01479677537755
e	d_e	3.96734820502068
a	a	3.8475325476244544
ʧ_o	ʧ	3.7380300876492805
t_o	t	3.5434106751140937
ˈe	ˈæ	3.385196058406745
ˈa	ˈaː	3.345398441151791
p_j	p	3.3413410696418433
e_m	m	3.2936868094660183
r	r	3.282795636457873
ˈi	ˈi	3.2072696606005318
ˈe	ˈa	3.1741927194964914
ˈe	ˈiː	3.086630949957901
ˈo	ˈʌ	3.031487147438763
ˈa	ˈɛ	2.908544731637564
r_o	r	2.903489378322251
s	z	2.83687566232359
j_ˈe	ˈiː	2.827173528504878
<#_j	<#	2.470617025601853
n	ŋ_n	2.3808700033166463
ˈo	ˈuː	2.2704816560967362
ˈo	ˈo	2.26436099818753
ˈa	ˈa	2.169892944630358
ˈɛ	ˈɛː	2.113544315839793
r_e	e	1.9923996342506423
n	e_n	1.9617974327075929
ŋ	m	1.6075524497168756
e_#>	#>	1.591142896280139
n	ŋ	1.574033477698887
t	d	1.3476365788844213
o	e	1.316665550753277
z_e	z	1.221748889001932
j	ʤ	1.1891236915208516
u	u	1.1402582987671466
j	ˈɛː	1.0721311913766203
l	j_l	1.011839342549979
e	i	0.9521585011168788
v_o	v	0.9256724361480885
r	e_r	0.7853002851482657
f	v	0.728801420582643
o_#>	#>	0.184072636370947