Phone1	Phone2	PMI
ʤ	ʤ	5.413430173648541
w	w	4.932777641499044
ʧ	ʧ	4.825643508746422
ɲ	ɲ	4.720282993088596
i	i	4.528860447809714
ð	ð	4.314817884980432
b	b	4.189654742026425
u	u	4.0524536205129404
o	u	3.9670239803937166
<#	<#_a	3.871201010907891
θ	θ	3.866718567806221
ˈu	ˈuː	3.8540289685868436
z	z	3.84858337501124
ɡ	ɡ	3.803992261214441
f	f	3.698973542101702
ˈɔ	ˈɔ	3.637062912647712
u	ˈʌ	3.6216707044204863
<#_j	<#	3.6202089524908603
p	p	3.506539519088677
m	m	3.467520024593228
ˈi	ˈe	3.4624070339206376
ˈɛ	ˈɛː	3.4538835729081674
j	j	3.384967065331964
ˈo	ˈʌu̯	3.3778752574148214
v	v	3.348439185367057
ˈu	ˈo	3.2702090973755435
k	k	3.2616679703890794
d	d	3.251192803768847
e	e	3.2263612786350047
n	n	3.1757565795692075
ˈɔ	ˈɔː	3.1507304855938743
s	s	3.1355008040220396
o	o	3.1353505433677777
t	t	3.0139238465670832
ŋ	ŋ	2.968384136039032
l	l	2.9443764144144073
ˈi	ˈi	2.943068309936853
ˈe	ˈæ	2.938568893866439
ˈi	ˈiː	2.91586641829123
ˈe	ˈa	2.8184013213710357
z	ʧ	2.802764195510023
ˈo	ˈʌ	2.734123256082909
j	ˈɛː	2.5994220214217107
ˈɛ	ˈɛ	2.5803070570171323
a	a	2.5569599674280576
ˈa	ˈaː	2.50106425377412
e	i	2.444449898130455
r	r	2.389743420013877
ˈo	ˈuː	2.3777582657662704
ˈo	ˈɔː	2.341791554878218
e	ˈiː	2.2957301480451724
z	ð	2.2919385717440326
e_#>	#>	2.284520134300507
ˈa	ˈɛ	2.1875692833662534
s	z	2.169672173000767
ˈe	ˈiː	2.140168381227217
ˈɔ	ˈʌ	2.026922236353652
ŋ	ɲ	1.8863453959477525
ˈo	ˈo	1.8514748090453268
ˈa	ˈa	1.8137312317724732
d	ʤ	1.7083615466129356
w	v	1.6931907780382394
θ	z	1.597900521114211
i	e	1.5781668000084907
o	ˈo	1.5615053740587863
o	ˈʌu̯	1.546392579997069
o	e	1.4253251000947138
o_#>	#>	1.4213214568541814
j	ˈe	1.2377577450229205
t_o	t	1.2364169813433263
ˈɛ	ˈæ	1.223503931649641
ŋ	m	1.2116567790316175
n	ɲ	1.1945657055062444
ˈi	ˈɔː	1.0844227035804628
z	v	1.0745282576596682
f	v	1.036474489169533
n	ŋ	1.0211807801307065
ˈɛ	ˈe	0.9003890618563478
ˈo	ˈaː	0.806929741647493
ɡ_o	ɡ	0.7607984522428881
ˈo	ˈɔ	0.7587488161213225
t	d	0.6684141620673595
ˈe	ˈe	0.661799209327422
p	v	0.46974762755553084
v	p	0.36439508203832444
ˈɛ	ˈa	0.2903449700887356
ˈe	ˈaː	0.2827292748964622
ˈe	j	0.2235442783962667
n	m	0.21941843359355484
θ	t	0.2071296142922627
d	s	0.1708754883987318
r	d	0.03398420871909989
r	l	-0.7321331569003194
l	r	-0.6689985101700457
ˈe	ˈɛ	-0.4533423812918983
ŋ	n	-0.0031734152325438207