Phone1	Phone2	PMI
w	w	7.7479863633020285
ɲ	ɲ	7.396888663322428
ʤ	ʤ	6.936087425944407
i	i	6.823247361657079
ʧ	ʧ	6.59335852195809
ð	ð	6.158843337082563
b	b	5.884258255361753
ˈu	ˈuː	5.751450545354574
z	z	5.695922928084727
f	f	5.668171665602598
o	u	5.527347853671599
ɡ	ɡ	5.457238329072445
p	p	5.393640034228709
u	u	5.336626038948
ˈɔ	ˈɔ	5.332322438451751
θ	θ	5.310146242479541
ˈi	ˈe	5.2971241770470705
ˈu	ˈo	5.1442158228438775
m	m	5.115930755625598
u	ˈʌ	5.10632082082464
n	n	4.83907509762719
e	e	4.837471035217308
d	d	4.779351370528537
k	k	4.7763918971289385
o	o	4.753001789791365
ˈɛ	ˈɛː	4.711672337704315
ˈo	ˈʌu̯	4.64972132308752
j	j	4.642927087703218
v	v	4.639491376259682
s	s	4.603996448077927
ˈi	ˈiː	4.560759369052321
ˈe	ˈæ	4.51769147861519
l	l	4.5045539577819005
ˈɔ	ˈɔː	4.483131743596571
ˈi	ˈi	4.461114791004786
t	t	4.198461518641556
ŋ	ŋ	4.1777347998121055
ˈo	ˈʌ	4.176552280804006
z	ʧ	4.110894468051778
e	i	4.030200202112359
ˈe	ˈa	3.8988061560366227
a	a	3.8778181829862293
ˈɛ	ˈɛ	3.7027442848030967
z	ð	3.6079798334858264
ˈo	ˈɔː	3.5599411328584942
ˈa	ˈaː	3.442616034728741
d	ʤ	3.3834742529108057
ˈe	ˈiː	3.344441756392955
j	ˈɛː	3.3039604231246584
ˈo	ˈo	3.2781816615380706
ˈo	ˈuː	3.273637646238054
r	r	3.2061470107076517
s	z	3.203173226383481
e	ˈiː	3.0909354801785867
e_#>	#>	3.0432589873995712
ˈa	ˈɛ	3.0075633991638115
ˈɔ	ˈʌ	2.912415303741568
ˈa	ˈa	2.3811709375305075
θ	z	2.3180173205873786
o	ˈo	2.239367856500777
ŋ	ɲ	2.2275122197341664
o	e	2.175324288557787
o_#>	#>	2.1488558221898937
o	ˈʌu̯	2.1172578758712306
i	e	2.0909648993239753
n	ɲ	2.0683211159871426
n	ˈo	1.799578860396019
w	v	1.7822841461054235
ˈɛ	ˈæ	1.718618741907182
z	v	1.6400129124279215
n	ŋ	1.6387629023910701
ˈo	ˈaː	1.4895670751550376
ˈo	ˈɔ	1.4303072615748331
ˈi	ˈɔː	1.4213207061855173
ˈe	ˈe	1.359479255671799
f	v	1.324965865894901
ŋ	m	1.3130285952544127
ˈɛ	ˈe	1.274230215915187
j	ˈe	1.1331617242434853
t	d	0.7384722030779669
ˈe	ˈaː	0.4413153477596328
ˈe	j	0.43147848281597534
j	ɡ	0.42998712264124855
ˈɛ	ˈo	0.363136611198905
ˈɛ	ˈa	0.3488359839129905
d	s	0.29867794047267127
ˈi	j	0.26162637539023437
θ	t	0.2594754779648979
ŋ	n	0.16484085209170163
ˈe	ˈɛ	-0.045477082100636036