Phone1	Phone2	PMI
w	w	7.594043318633874
ʧ_o	ʧ	7.409354789271055
ɲ	ɲ	7.20570185689768
i	i	7.025217412164749
z	z	6.679893392206665
ð	ð	6.34903464977952
ɡ_o	ɡ	6.267793955673443
b	b	6.263698765288251
ˈu	ˈuː	5.917638562751874
o	u	5.763515073683912
n	ŋ_n	5.689634413753778
ˈe	ˈa_j	5.594072174193853
p	p	5.592576133460524
e_m	m	5.533161532397581
θ	θ	5.526963715231153
ɡ	ɡ	5.494923537387829
f	f	5.485179215389112
ˈu	ˈo	5.402945190375208
ˈi	ˈe	5.38065113688399
j_ˈe	ˈiː	5.352208858973163
ˈɔ	ˈɔ	5.3074511697068285
u	u	5.183832439616015
j	j	5.155194503558445
ˈo	ˈʌu̯	5.1443123503308215
ʧ	ʧ	5.121265581023479
m	m	5.0340274406127286
d	d	5.021335604544809
v	v	4.779470739955506
ˈo	ˈʌ	4.775277237133354
ˈɔ	ˈɔː	4.736933166135743
l	l	4.6937207855151915
ˈe	ˈæ	4.660187574080855
p_j	p	4.627650485292352
ˈi	ˈi	4.5806849682819735
e	e	4.535380684459658
s	s	4.517615337714259
k	k	4.5124612089935745
t_o	t	4.50493930076066
n	n	4.498848626413456
ˈi	ˈiː	4.447474637663045
ŋ	ŋ	4.137478209370687
t	t	4.080072828804237
ˈo	ˈuː	4.07690661786742
n	e_n	4.047543149047612
ˈɛ	ˈɛ	3.876073100500682
a	a	3.810117449530384
r_o	r	3.769559275805324
ˈo	ˈɔː	3.740373614584796
o	o	3.6283919190153817
<#_j	<#	3.549222095981828
ˈa	ˈaː	3.4841346715363857
ˈɛ	ˈɛː	3.4808567142193367
e	d_e	3.3154330583494147
ˈe	ˈa	3.315202898799089
ˈo	ˈo	3.2048901703776034
v_o	v	3.200494207467494
r	r	3.0942105685699293
ˈa	ˈɛ	2.9370196885555715
z_e	z	2.8020199326385145
s	z	2.7940671033050464
e	i	2.5413435020753234
ˈe	ˈiː	2.330995243823206
ˈa	ˈa	2.315093435430278
e	d_e_r	2.242266765823635
e	ˈiː	2.0899552368189784
e_#>	#>	1.9936020769594045
o	e	1.66478910833094
r	e_r	1.57633502968856
n	ŋ	1.5332246790425081
ŋ	m	1.3484264211224066
f	v	1.2674964134879327
j	ʤ	1.2191043954768652
r_e	e	1.1446586041582358
l	j_l	1.1423000888022379
j	ˈɛː	1.019104395476865
t	d	0.9449982449855039
r	r_e	0.8439386093761925
o	ˈo	0.7959918528783405
ˈe	ˈe	0.7422537058130322
o_#>	#>	0.38948448758456095
e	a	0.29473841878791995