Phone1	Phone2	PMI
ˈu	ˈuː	7.3115428681890275
ð	ð	7.030370270825551
ˈe	ˈa_j	6.944935416209064
o	u	6.438982924330411
b	b	6.3133734616847095
ɡ	ɡ	6.133064663006347
f	f	6.099830089690106
p	p	6.055191724430709
ˈɔ	ˈɔ	6.004535363693751
i	i	5.940978968853058
z	z	5.881352163266289
p_j	p	5.866699399728335
ˈi	ˈe	5.86328307301916
θ	θ	5.841351976581546
ˈo	ˈʌu̯	5.683609426129537
d	d	5.614151920750556
j	j	5.596502367359932
m	m	5.550467956603154
l	l	5.500935263087404
e	e	5.290689476125571
v	v	5.288277745777376
s	s	5.280316112243952
ˈɔ	ˈɔː	5.258756904967647
ˈo	ˈʌ	5.253208807440527
ʧ_o	ʧ	5.239630708889168
n	n	5.224933510478908
k	k	5.094883039817855
ˈe	ˈæ	5.092705046637633
t_o	t	5.031672896296142
w	w	4.795846050219125
ɡ_o	ɡ	4.769508712889574
ɲ	ɲ	4.766992479121436
t	t	4.758903465363495
ŋ	ŋ	4.746584192066187
ˈɛ	ˈɛ	4.57467497921644
ˈo	ˈɔː	4.47243147449028
ʧ	ʧ	4.4144679310974215
r_o	r	4.407421050257073
e_m	m	4.2978377147758655
ˈi	ˈiː	4.2936616022294105
a	a	4.24840254177691
o	o	4.096493899795847
ˈa	ˈaː	3.93834766912241
ˈe	ˈa	3.8902271034275895
j_ˈe	ˈiː	3.720951246863584
ˈi	ˈi	3.7047494884814673
r	r	3.7029334097135
o_#>	#>	3.627990954403982
ˈu	ˈo	3.581046954972355
ˈa	ˈɛ	3.544035982020151
z_e	z	3.1677411440809173
e	d_e	2.957748793882806
ˈo	ˈuː	2.8547816134549584
n	ŋ_n	2.8128317777351564
n	e_n	2.7632709953404437
ˈa	ˈa	2.719030700429082
v_e	v	2.7123984516092965
r_e	e	2.694527498990098
e_#>	#>	2.676141142788076
v_o	v	2.589313736656581
u	u	2.471939563371103
ˈɛ	ˈɛː	2.3900761796517096
ˈo	ˈo	2.388557079710836
ˈe	ˈiː	2.3613030998179547
s	z	2.245655396214614
n	ŋ	2.2273707950032247
<#_j	<#	2.086634626766903
e	d_e_r	1.908924899168761
s_e	s	1.5335915719649251
r	e_r	1.308200417745017
ŋ	m	1.2325645395893958
ˈa_r	ˈɛ	1.2293797488983262
j	ˈɛː	1.0909306902636284
e	i	1.0880307763246055
r	r_e	1.0752598585641029
f	v	0.6876612863602505
t	d	0.6693913797534305
ˈe	ˈe	0.5817590561295704