Phone1	Phone2	PMI
w	w	7.663319524537614
ɲ	ɲ	7.2785624444008725
ʧ_o	ʧ	7.081876018563541
i	i	6.987928642591292
ɡ_o	ɡ	6.704438118827653
z	z	6.441710948244436
ʧ	ʧ	6.43746292114862
ð	ð	6.3766663260432
u	u	6.29955390574106
ˈu	ˈuː	5.817129228485924
o	u	5.790054817777855
b	b	5.698496862722937
f	f	5.6163805526253165
θ	θ	5.556450733877562
ˈi	ˈe	5.5456771909719675
ˈu	ˈo	5.467557181432023
ɡ	ɡ	5.466677244767258
ˈɔ	ˈɔ	5.407463928250753
ˈe	ˈa_j	5.364629384665221
p	p	5.317684682436219
e_m	m	5.217131552056961
d	d	5.082162746043617
ˈo	ˈʌu̯	4.9702988481977215
j	j	4.803110455437683
m	m	4.799452252488771
k	k	4.789697336433403
v	v	4.763876961003115
ˈo	ˈʌ	4.728214892263647
ˈi	ˈiː	4.702376282545697
n	n	4.673695308674275
p_j	p	4.618019214795781
e	e	4.591156221058682
ˈe	ˈæ	4.584081205527589
s	s	4.504128337660459
r_e	e	4.480580640758573
l	l	4.458854366444534
ˈɔ	ˈɔː	4.434676238165959
t	t	4.295750402586571
ŋ	ŋ	4.234570044790449
ˈɛ	ˈɛ	4.167147391860716
ˈo	ˈɔː	3.9659206861576797
j_ˈe	ˈiː	3.9510863860227436
a	a	3.85856670555448
t_o	t	3.8575951761293608
ˈo	ˈuː	3.7748723047515953
ˈa	ˈaː	3.504976158538554
n	ŋ_n	3.383968792655148
v_o	v	3.222487157710126
ˈe	ˈa	3.190086138250652
r	r	3.1337515824245794
e	d_e_r	3.116746531511334
s	z	3.1137985999448397
r_o	r	3.0927818715317446
n	e_n	3.0329912922224542
ˈe	ˈiː	2.9266046889294914
ˈa	ˈɛ	2.883877836806241
o	e	2.8702729814668717
<#_j	<#	2.8215945260345463
e	i	2.6050275345361125
ˈa	ˈa	2.2958266208262876
l	j_l	2.2226380985856973
j	ʤ	2.2082715905429953
ˈi	ˈi	2.201006845683934
e_#>	#>	2.172521015401843
ˈo	ˈo	2.167869768599903
ˈe	ˈe	2.144048993966768
e	ˈiː	2.0626821979992847
r	e_r	1.7906169438722621
n	ŋ	1.7705827392954459
r	r_e	1.6842175739465974
f	v	1.5892271450757574
ŋ	m	1.5625168991529967
z_e	z	1.3981965413347324
o	o	1.1317392396987127
<#	<#_a	1.1183252462004334
j	ˈɛː	1.0619010359738565
ˈɛ	ˈɛː	0.8823646942757615
t	d	0.744514218954723
e	e_r	0.6517236561518744
n	ˈo	0.49333810543123047
o_#>	#>	0.2579193983040908