Phone1	Phone2	PMI
ŋ	ŋ	7.959995906316856
z	z	7.468860009561618
j	j	7.102568145275972
ð	ð	7.088357159231642
ɣ	ɣ	6.670734330488285
i	i	6.474934320059936
β	β	6.439347847782449
ɲ	ɲ	6.3746745580665936
ɡ	ɡ	6.301662791736462
b	b	6.283994527337613
ɥ_ˈɛ	ˈu	6.167632432898
d	d	6.162532155963668
f	f	5.8193359792270325
ʒ	ʤ	5.649193006473426
ʤ	ʤ	5.608228451111263
u	u	5.569730722863259
v	v	5.457875265225036
ˈy	ˈu	5.411678013710692
a	a	5.3249155806141975
n	n_t	5.294326079723219
ʦ	w	5.1323415462824125
ˈa_w	ˈɒ	5.128041547632874
p	p	5.057696508417173
ˈu	ˈo	5.040430813827452
w	w	4.994346919289791
m	m	4.989653873718226
ˈu	ˈo_r	4.984540989394221
ˈi	ˈi	4.90897497459208
ˈɔ	ˈɒ	4.826722205670932
j_s	ʃ	4.755988607578495
a_w	u	4.717605552714665
ˈa	w_ˈa	4.70788874720875
ˈi	ˈi_r	4.581038153525294
ɾ	ɾ	4.543413315616875
k	k	4.532868346116919
ˈa	ˈa_r	4.51306447357387
n	n	4.478454461488784
ˈe	ˈæ	4.40229627192745
r	r	4.389636342672322
ʎ	ʎ	4.378220518404674
t	t	4.269079234732198
ˈɛ	ˈe	4.229639134758368
e	e	4.139002951946272
ɥ_ˈɔ	ˈɒ	4.081201801299935
s	s	4.079189919025325
ɔ	ɐ	3.9127431364674057
l	l	3.8349290662901434
l	ʎ	3.745030396750885
ˈɛ	ˈæ	3.674210608868358
ˈe	ˈe	3.5330063204637923
ˈa	ˈa	3.488018658073448
ɔ	ɜ	3.476211800898481
t	l_t	3.39069420305098
j_ˈɛ	ˈe	3.3437186479104986
ɔ	ɞ	3.280731374600834
#>	n_#>	3.200054240235115
β	v	3.1686434220630413
e	e_r	3.117140220582586
e	i	3.0684487059815675
e	ɞ	2.98895728638556
ˈu	ˈɒ	2.7000124112185686
ʧ	t	2.697144888003272
e	ɜ	2.58022262389992
ˈu	ˈu	1.7541216350370523
n	ɲ	1.73157994727036
n_#>	#>	1.6078983925109278
s	ʃ	1.5793673157269712
a	e	1.5641055866895943
j	w	1.4833228259024436
w	l	1.3991128511584774
j_ˈɛ	ˈi	1.06347385474846
w	u	0.7300876534911301
r	ɾ	0.6688893595271804
ˈa_w	ˈa	0.6305061811665343
#>	r_#>	-0.2529773641147385