Phone1	Phone2	PMI
ŋ	ŋ	7.810277163593995
z	z	7.435212002952809
j	j	6.994458621540916
ð	ð	6.937522748623239
ɲ	ɲ	6.853164035623792
i	i	6.824598319427074
ɣ	ɣ	6.791348924310093
ɡ	ɡ	6.365048252354485
b	b	6.203102714249483
β	β	6.173536556366022
d	d	6.035953580392157
f	f	5.738726339613483
ʤ	ʤ	5.71657229872352
v	v	5.599110579676432
u	u	5.556870108602434
ˈa_w	ˈɒ	5.498303759492936
a	a	5.472010862292103
ʦ	w	5.46323271276172
ˈy	ˈu	5.340305960548018
w	w	5.269631043502889
n	n_t	5.151650565526885
m	m	5.061154426916014
p	p	4.875200707581775
ˈɔ	ˈɒ	4.822102113466317
ˈu	ˈo	4.820937271740889
r	r_n	4.820205071165966
ʎ	ʎ	4.772592075541707
ˈi	ˈi_r	4.641477614791765
a_w	u	4.636600147814844
ˈi	ˈi	4.506177291596319
ˈe	ˈæ	4.490256985765254
ɾ	ɾ	4.463636561705545
t	t	4.455790744555918
k	k	4.416476374130113
ʧ	t	4.3283803085607735
n	n	4.278409126603399
e	e_r	4.244953418120898
ˈɛ	ˈe	4.238141229482697
e	e	4.170145301643598
s	s	4.161340832832074
r	r	4.106373373804964
ɔ	ɐ	3.97838177738193
l	l	3.862919874185315
β	v	3.794335620714345
ˈɛ	ˈæ	3.741105823187926
l	ʎ	3.740604566950552
j_s	ʃ	3.667194369052536
ˈa	ˈa	3.66704744285466
ˈe	ˈe	3.6292809474284486
ˈa	ˈa_r	3.557934744587811
ɥ_ˈɛ	ˈu	3.512709401262723
ɔ	ɜ	3.4925181724836545
ˈu	ˈɒ	3.331455411743963
ɔ	ɞ	3.291487439987352
ʧ	j_t	3.175582196349024
e	ɞ	3.138387147962068
e	i	2.714808249560165
e	ɜ	2.5670588228821645
j_ˈɛ	ˈi	2.503339194012142
s	ʃ	2.4639640884097656
<#_ɥ	<#	2.407836291343153
ˈu	ˈo_r	2.3977460606036267
t	l_t	2.3480357343082447
ˈe	ˈæ_r	2.269235946969475
k	k_w	2.19831682442672
ˈu	ˈu	2.1761923246432526
z_ˈu	ˈo	2.147537477508755
n	ɲ	1.9332123265430312
ɥ_ˈɔ	ˈɒ	1.9013465905407805
j_ˈɛ	ˈe	1.8095834559122368
z_ˈi	ˈi	1.7888874891635906
j	w	1.5434925396108443
ˈy	ˈu_r	1.4365598535290665
a	e	1.2438808744727918
f_ɥ	f	1.0914687590874477
#>	n_#>	1.0751469077166314
r	ɾ	1.021033416177055
ˈa_j	ˈa	1.012094387043905
a_z	a	1.0084612592316788
ˈa	w_ˈa	0.9656347245406962
ɾ_e	r	0.9447619881546668
p_e	p	0.8464861219302711
ɾ_j	ɾ	0.817621997154304
ˈɛ	ˈu	0.798451355041528
r_s	s	0.6617719130177833
ˈy	ˈo	0.6293199348648366
w	l	0.6235622974549411
<#_ˈa	<#	0.6189556449504199
ˈɛ	ˈi	0.5827232651936152
w	ˈɒ	0.4772405750512669
e	u	0.4318033668449627
#>	k_#>	0.2869256455273449
ˈa	ˈe	0.1611054504768249
ɾ	r	0.1190352000324926
#>	r_#>	-0.5311569752720205