Phone1	Phone2	PMI
ʧ	j_t	8.426605453507264
j_s	ʃ	8.264127039115934
z	z	7.848049095391152
ŋ	ŋ	7.306480603417215
ɣ	ɣ	6.988288070478606
ð	ð	6.960318498180745
ɲ	ɲ	6.7289332979198475
i	i	6.6071255514694585
j	j	6.537734368636666
b	b	6.35765095516203
β	β	6.249774686209951
ɡ	ɡ	6.182192863465279
ɥ_ˈɛ	ˈu	6.125500100310394
f	f	5.999280159901826
ˈu	ˈo_r	5.917662495482165
a_w	u	5.880828677882671
d	d	5.848310164200935
ʒ	ʤ	5.760290171758868
ʤ	ʤ	5.691717790419986
t	l_t	5.6789392899872775
u	u	5.560982501456966
v	v	5.526392979936701
ʦ	w	5.326309257259566
a	a	5.254550368468273
ˈa_w	ˈɒ	5.204189680001371
ˈy	ˈu	5.20312867136138
n	n_t	5.157277824014302
m	m	5.143238167821098
w	w	5.081158829891637
r	r_n	5.046389004242215
e	e_r	5.022734808219495
ʎ	ʎ	4.917327457864481
ˈɔ	ˈɒ	4.906388455000119
p	p	4.80256227340136
j_ˈɛ	ˈe	4.800755294074141
ˈi	ˈi	4.731892205116315
ɾ	ɾ	4.6532587362639575
ˈi	ˈi_r	4.6518184721064335
ˈu	ˈo	4.597207210905224
ˈa	ˈa_r	4.542596904249137
n	n	4.487809221490262
w	ʧ	4.357878066629737
k	k	4.351368157180507
ˈɛ	ˈe	4.270506825687359
k	k_w	4.2649523169723516
t	t	4.236152079961244
ˈe	ˈæ	4.191439735114666
e	e	4.104020053780839
β	v	4.096432098697899
ɔ	ɐ	4.046570342044416
r	r	4.043289375850763
ʧ	t	4.028093294320548
s	s	4.024395754368828
ˈɛ	ˈæ	3.862487567077545
l	l	3.660838689738384
l	ʎ	3.637834976984204
j_ˈɛ	ˈi	3.5458466639690793
ɔ	ɜ	3.5434498279643933
ˈe	ˈe	3.536667516968723
ˈa	ˈa	3.480461859263425
ˈe	ˈæ_r	3.479124557553561
ɔ	ɞ	3.4769198240016697
z_ˈu	ˈo	3.4297197203368306
<#_ɥ	<#	3.3626270618268523
j_ɾ	ɾ	3.1914720689912004
j	w	3.1343956418938053
ɥ_ˈɔ	ˈɒ	3.1039899206982526
z_ˈi	ˈi	2.9853621175908494
e	ɞ	2.9427364932201283
ˈu	ˈɒ	2.883395908832297
n	ɲ	2.8778175642650234
e	ɜ	2.7944768902276804
ˈu	ˈu	2.737235585998377
ˈy	ˈu_r	2.728834290880896
j	i	2.653030848859429
ˈa	w_ˈa	2.46848676774675
f_ɥ	f	2.396750550176998
e	i	2.3078709204954233
s	ʃ	2.2089391948491084
a	e	2.043635863792474
ɾ_e	r	2.002740757483564
ˈy	ˈo	1.6421729604004962
r	ɾ	1.3866717940944475
#>	n_#>	1.1531069492725954
ʧ	ʧ	1.1397174499558689
ˈa_j	ˈa	1.115835320407045
p_e	p	1.1104659673678312
ˈu	ˈæ	0.9620223243049139
r_s	s	0.8147322903611919
ˈa_w	ˈa	0.5757473767788264
p	β	0.46918046978613537
ˈɛ	ˈu	0.4163995894891078
e	u	0.38940162995487204
#>	r_#>	-0.5028795601863126
ˈa	ˈe	-0.027599341376557736
ɾ	r	-0.022622383397512557