Phone1	Phone2	PMI
ʧ	j_t	8.431826939630009
j_s	ʃ	8.269171432509996
z	z	7.853270581513897
ŋ	ŋ	7.311702089539959
ɣ	ɣ	6.993509556601349
ð	ð	6.96553998430349
ɲ	ɲ	6.734154784042592
i	i	6.612347037592203
j	j	6.542955854759409
b	b	6.362872441284774
β	β	6.254996172332694
ɡ	ɡ	6.187414349588024
ɥ_ˈɛ	ˈu	6.130544493704456
f	f	6.00450164602457
ˈu	ˈo_r	5.922883981604908
a_w	u	5.885873071276733
d	d	5.85353165032368
ʤ	ʤ	5.6969392765427305
ʒ	ʤ	5.687509145880338
t	l_t	5.684160776110022
u	u	5.566203987579709
v	v	5.5316144660594455
ʦ	w	5.33153074338231
a	a	5.259771854591017
ˈy	ˈu	5.208350157484124
m	m	5.148459653943842
n	n_t	5.138251763890369
ˈa_w	ˈɒ	5.109698399844519
r	r_n	5.05056619314041
w	w	5.041986196655928
e	e_r	5.008590969475308
ʎ	ʎ	4.922548943987225
ˈɔ	ˈɒ	4.911609941122863
p	p	4.8077837595241055
j_ˈɛ	ˈe	4.805799687468203
ˈi	ˈi	4.73711369123906
ɾ	ɾ	4.658480222386701
ˈi	ˈi_r	4.655995661004629
ˈu	ˈo	4.602428697027968
ˈa	ˈa_r	4.541894687289075
n	n	4.4687831613663285
k	k	4.35658964330325
w	ʧ	4.32653996004117
ˈɛ	ˈe	4.275728311810103
k	k_w	4.269129505870547
t	t	4.241373566083989
ˈe	ˈæ	4.19666122123741
β	v	4.101653584820643
e	e	4.089876215036652
ɔ	ɐ	4.051791828167159
r	r	4.048510861973507
ʧ	t	4.033314780443292
s	s	4.025000517868964
ˈɛ	ˈæ	3.8677090532002896
l	l	3.6660601758611286
l	ʎ	3.643056463106949
j_ˈɛ	ˈi	3.549882178684329
ɔ	ɜ	3.5486713140871378
ˈe	ˈe	3.5418890030914674
ˈe	ˈæ_r	3.4833017464517564
ɔ	ɞ	3.482141310124414
ˈa	ˈa	3.479759642303362
z_ˈu	ˈo	3.432746356373268
<#_ɥ	<#	3.3626270618268523
j_ɾ	ɾ	3.194498705027638
j	w	3.138572830792001
ɥ_ˈɔ	ˈɒ	3.10701655673469
z_ˈi	ˈi	2.9883887536272864
e	ɞ	2.9285926544759415
ˈu	ˈɒ	2.888617394955041
n	ɲ	2.8587915041410903
e	ɜ	2.7803330514834936
ˈu	ˈu	2.742457072121121
ˈy	ˈu_r	2.730922885329994
j	i	2.656163740533076
ˈa	w_ˈa	2.4632561448456722
f_ɥ	f	2.398768307534623
s	ʃ	2.3254921612689268
e	i	2.296555849500074
a	e	2.048857349915218
ɾ_e	r	2.004758514841189
ˈy	ˈo	1.6453058520741428
r	ɾ	1.390848982992643
#>	n_#>	1.1531069492725954
ʧ	ʧ	1.140761747180418
ˈa_j	ˈa	1.1168441990858573
p_e	p	1.1114748460466437
ˈu	ˈæ	0.9672438104276581
r_s	s	0.815741169040004
ˈa_w	ˈa	0.556849120747456
p	β	0.4702247670106843
ˈɛ	ˈu	0.41744388671365673
e	u	0.3837440944571974
#>	r_#>	-0.5028795601863126
ˈa	ˈe	-0.024942607288791017
ɾ	r	-0.02157808617296369