Phone1	Phone2	PMI
z	z	8.037583030256906
ɲ	ɲ	7.720934555841042
ŋ	ŋ	7.663969818232966
i	i	7.559119545701154
β	β	7.174197522997335
ɣ	ɣ	7.152620428361939
ð	ð	7.022219910846741
ˈi	ˈi_r	6.974624136484
ɡ	ɡ	6.873712875239572
d	d	6.705243360150894
b	b	6.47539869527964
f	f	6.351672513738052
ʤ	ʤ	6.232613146785223
n	n_t	6.175721885858167
v	v	6.155325024446128
j_s	ʃ	5.989285716932317
j	j	5.98575902461247
u	o	5.917499181639312
ˈa_w	ˈɒ	5.913684275353749
w	w	5.8153154763404045
a	a	5.791409662523454
ˈy	ˈu	5.786644367205212
t	l_t	5.654421526694081
m	m	5.623732053180471
ˈu	ˈo	5.5119218464164
p	p	5.50354214443756
ˈɔ	ˈɒ	5.402659384426789
ɥ_ˈɔ	ˈɒ	5.320612165246744
ʎ	ʎ	5.166911270227552
k	k	5.054314752459947
ˈi	ˈi	5.046009913856596
ɾ	ɾ	5.004144999018919
ˈe	ˈæ	4.980283863434162
n	n	4.949450339415708
t	t	4.819069319590855
e	e	4.77075946772906
s	s	4.751112169961391
ˈɛ	ˈe	4.710559191975943
r	r	4.663335838626712
ˈa	ˈa_r	4.60759618446716
ɔ	ɐ	4.536454643981418
ʦ	w	4.496823436585771
l	l	4.437340132609747
ɥ_ˈɛ	ˈu	4.390508759382154
ˈɛ	ˈæ	4.377749324326789
a_w	o	4.349564735789224
#>	r_#>	4.343405731687935
l	ʎ	4.302426326377753
ˈe	ˈe	4.240361773065919
ˈa	ˈa	4.239692333326723
ɔ	ɜ	4.0031238181571975
ɔ	ɞ	3.984729217539409
ʧ	ʧ	3.903873651309798
j_ˈɛ	ˈe	3.895453046044458
e	i	3.8668354526099615
ʧ	j_t	3.699969309033944
ʧ	t	3.6974632405311
ˈa	w_ˈa	3.664639181204816
ˈu	ˈɒ	3.606167405007572
ˈy	ˈu_r	3.38761347601419
e	ɞ	3.3857658909647537
e	ɜ	3.3299340730049165
n	ɲ	3.0924717724530884
r	r_n	2.974916450943317
j	w	2.9053060064629554
ˈu	ˈu	2.775279152920453
ˈu	ˈo_r	2.7536358421387046
j_ɾ	ɾ	2.713341074317324
a_z	a	2.677170548028611
β	v	2.651433321893409
k	k_w	2.646487510955912
s	ʃ	2.621480629450009
j_ˈɛ	ˈi	2.4338098760596427
e	e_r	2.411183591468143
a	e	1.7010867273358812
z_ˈu	ˈo	1.4285170284137494
f_ɥ	f	1.4159850767847286
ˈa_j	ˈe	1.3896690681183548
#>	n_#>	1.339456705117481
ˈa_w	ˈa	1.3036723206798542
p_e	p	1.28556973746879
ˈɛ	ˈe_r	1.2696065562089662
r	ɾ	1.2522317403894048
z_ˈi	ˈi	1.2516124718977366
ˈe	ˈæ_r	1.226483653580826
u	u	1.1943384420723748
e	o	1.081774447245629
e_#>	#>	0.8882770703743784
ˈɛ	ˈi	0.8340318843389307
<#_ɥ	<#	0.7718748618822725
w	l	0.6898759466420152
ˈɛ	ˈu	0.4365288738953944
ˈu	ˈæ	0.3787141992694773
ɾ	r	0.2883338568539608
ˈa	ˈe	0.1924743137667621