Phone1	Phone2	PMI
ŋ	ŋ	7.762508778211823
z	z	7.332053919287699
ð	ð	7.226484412149138
j	j	7.024306874586949
ɣ	ɣ	6.730398098850028
i	i	6.570197748817277
ɲ	ɲ	6.39449298096482
β	β	6.388930560407235
ɡ	ɡ	6.143413904078397
b	b	6.115609551477817
d	d	6.005113365609275
ɥ_ˈɛ	ˈu	5.952145783532511
f	f	5.820286524823425
ʤ	ʤ	5.733986807761976
ʒ	ʤ	5.628843498122785
v	v	5.603157409052864
ˈy	ˈu	5.546397177188095
ʦ	w	5.390772839120111
n	n_t	5.365410268046958
u	u	5.295927751082658
a	a	5.245960399211849
ɾ_e	ɾ	5.105183763750571
m	m	5.102830823040505
ˈɔ	ˈɒ	5.090466212444619
ˈu	ˈo_r	5.085236240901135
p	p	4.898955484723566
ˈu	ˈo	4.896032800040735
ˈi	ˈi	4.894297266995468
ˈa	w_ˈa	4.808737359169773
ˈa_w	ˈɒ	4.7960738800096285
k	k	4.692103889092886
ʎ	ʎ	4.553696904008324
w	w	4.543117156160416
n	n	4.542522781836656
r	r	4.5109949405244985
ɾ	ɾ	4.4830330582031
ˈa	ˈa_r	4.468839181420265
e	e	4.446790180378022
ˈe	ˈæ	4.424315368282418
t	t	4.354012986864371
ɥ_ˈɔ	ˈɒ	4.289682751928745
ˈɛ	ˈe	4.139662216442791
ɔ	ɐ	4.10701026234768
s	s	3.998696245096369
s	ʃ	3.7654458034977596
ɔ	ɜ	3.7126803371271295
l	l	3.695711617682921
ˈɛ	ˈæ	3.629126620546493
l	ʎ	3.5978901632918237
ˈe	ˈe	3.574721035468971
ɔ	ɞ	3.50529970847975
ˈi	ˈi_r	3.449875149973627
e	ɞ	3.4283010347072254
ˈa	ˈa	3.4168583464362476
t	l_t	3.3983388167717505
w	u	3.368958930361649
j_ˈɛ	ˈe	3.330503810149385
ʧ	ˈi_t	3.295140058000762
#>	n_#>	3.200054240235115
e	e_r	3.192987538995366
β	v	3.150028006516091
ˈu	ˈɒ	2.7327196845883055
e	i	2.6281778023701867
ˈu	ˈu	2.2929944276529772
n_#>	#>	2.1987698593997855
a_w	u	2.195241416424839
ˈa_w	ˈa	2.029620166917296
#>	k_#>	1.896813985537841
ʧ	t	1.8950030524857537
n	ɲ	1.6535612870323757
j	w	1.5226637082381336
a	e	1.485919086788669
#>	ɜ_#>	1.2662368920344957
w	l	1.2014882479449704
<#_a	<#	1.1229419688230418
ɥ	ˈi	1.0186355728656469
#>	r_#>	0.8535216520506657
r	ɾ	0.36578708011887573