Phone1	Phone2	PMI
z	z	7.480154846190006
ɲ	ɲ	7.16350637177414
ŋ	ŋ	7.1065416341660645
i	i	7.001691361634254
β	β	6.616769338930433
ɣ	ɣ	6.595192244295037
ð	ð	6.46479172677984
ɡ	ɡ	6.275815395345732
d	d	6.17531588083398
b	b	5.948371129901749
f	f	5.844456682504693
ˈi	ˈi_r	5.812906963732843
ʤ	ʤ	5.675184962718321
v	v	5.645304679839396
j	j	5.549929146590999
u	o	5.334964821155638
a	a	5.236159141685099
w	w	5.2342504162589405
ˈy	ˈu	5.19712324869966
m	m	5.09255277576922
n	n_t	5.047106184665969
ˈu	ˈo	4.954493662349498
p	p	4.921007783953886
ˈɔ	ˈɒ	4.820305869457138
j_s	ʃ	4.754203355393334
t	l_t	4.749800492477926
ʎ	ʎ	4.683876841638042
ɥ_ˈɛ	ˈu	4.525683398250851
ɾ	ɾ	4.50308249127255
ˈi	ˈi	4.487617253098326
k	k	4.458008597247741
ˈe	ˈæ	4.42285567936726
n	n	4.409253412036069
t	t	4.288632708450143
e	e	4.25826401980725
ˈa_w	ˈɒ	4.2368308231404015
ˈɛ	ˈe	4.177204843302658
s	s	4.173471680338114
r	r	4.122400086598205
ʦ	w	4.070005689619915
ɔ	ɐ	3.976186037364459
ɥ_ˈɔ	ˈɒ	3.911259251530033
l	l	3.8669433574658942
ˈɛ	ˈæ	3.834613055557315
l	ʎ	3.735695915788352
ˈa	ˈa	3.708361989611092
ˈa	ˈa_r	3.7005425320101226
ˈe	ˈe	3.692715509095207
ʧ	ʧ	3.656910683367134
ɔ	ɜ	3.442855211540238
ɔ	ɞ	3.424460610922449
ʧ	j_t	3.3355722019942817
e	i	3.328650331594922
a_w	o	3.3144823742502414
ʧ	t	3.232960334614104
ˈu	ˈɒ	3.0238138900379217
ˈy	ˈu_r	2.9216240449484103
j_ˈɛ	ˈe	2.8680990341140875
e	ɞ	2.8475807699497127
e	ɜ	2.791748951989875
n	ɲ	2.671960366616666
j	w	2.595934239817234
r	r_n	2.5018703786924528
β	v	2.3346593844875168
ˈu	ˈu	2.304826778324646
ˈu	ˈo_r	2.295207250606573
s	ʃ	2.258047491918624
k	k_w	2.1590339362757303
ˈa	w_ˈa	2.04079778938251
j_ɾ	ɾ	2.0290070992696845
a_z	a	1.9798547466201408
e	e_r	1.9653903554275491
j_ˈɛ	ˈi	1.7277335954093846
ˈa_w	ˈa	1.6796614551462934
a	e	1.3885919840232137
<#_ɥ	<#	1.0910654440609122
z_ˈu	ˈo	1.088696897795661
u	u	1.078528121260084
ˈɛ	ˈe_r	1.0741220786056538
f_ɥ	f	1.0672226078391565
ˈe	ˈæ_r	0.9964318566050702
#>	n_#>	0.9622942061059672
p_e	p	0.9368072685232178
r	ɾ	0.9248350455489128
z_ˈi	ˈi	0.911792341279648
e	o	0.7542377989398692
w	l	0.5723473696749452
ˈɛ	ˈi	0.4333182859806291
ˈɛ	ˈu	0.3552858724555467
ˈu	ˈæ	0.2746084614741145
ˈa	ˈe	0.1179071785208347
ɾ	r	0.0744526362394982
#>	r_#>	-0.9301890965674574