Phone1	Phone2	PMI
v	ʋ	7.460183182554941
ˈu	ˈy	6.79224197712708
ɲ	ɲ	6.614514198916621
z	z	5.864200343980291
j	j	5.813253994292044
j_ˈe	ˈe	5.779951999830317
w	w	5.723986328694309
b	b	5.672511107307191
o	o	5.670359807248226
ð	z	5.643099379186679
ˈe_ŋ	ˈe	5.5954353187873895
ˈo_ŋ	ˈu	5.519731510496854
ˈi_ŋ	ˈi	5.487476597686327
ɡ	ɡ	5.462300924032798
f	f	5.260727063079433
ŋ	ŋ	5.2529996055440575
p	p	5.166350631208148
d	d	5.163659042325954
m	m	5.025446629430944
ˈɔ	ˈɔ	5.024409172474918
n	n	4.803379566082981
e	e	4.739384215909883
ˈo	ˈu	4.6063043092923
ˈa_r	ˈa	4.426400173811596
ˈɛ	ˈɛ	4.3885966856926615
ˈi	ˈi	4.30716286376975
l	l	4.21035678784381
t	t	4.168858472695973
k	k	4.168256777693197
r_o	r	4.058601375772943
ˈɔ	ˈo	3.995599898551576
ˈa	ˈa	3.910806472987349
ˈo	ˈo	3.7682618573506943
s	s	3.733450087256945
θ	s	3.618740010075049
r	r	3.614317091523159
ˈe	ˈɛ	3.528749566926287
a	a	3.478877322816427
ŋ	n	3.4331388896263766
t	ʧ	3.384083502783217
ˈe	ˈe	3.304592341165287
ˈi	ˈe	3.210212328657476
e	i	2.9015034376845863
i	i	2.881894202472792
e_#>	#>	2.80161855250846
ɡ_o	k	2.736438321626129
ʧ	ʧ	2.7242518077859588
t_o	t	2.6987376625926576
ʧ_o	ʧ	2.637464771005342
<#_v	<#	2.609830630896901
ˈa_ŋ	ˈa	2.609144820235356
ˈo	ˈø	2.324918148707736
ˈɔ	ˈø	2.229368490735989
v	f	1.808077612307198
ŋ	m	1.6425909571080477
ˈe	ˈi	1.5500376361492785
v_e	f	1.1485827768789223
r_e	e	1.0924663757258724
e	e_r	1.0597017555197448
e_r	ˈi	1.02973427994512
i	e	0.994064075457286
<#_j	<#	0.9825299729794408
ˈu	ˈø	0.809815368744873
a_v	a	0.7321755116022884
o_#>	#>	0.460651027784757
ɡ	k	0.4599207096431817
e	ˈi	0.4432728775696976
ŋ_#>	#>	0.3907243291907019
#>	t_#>	0.3650599459588814
ˈe	e	0.3627207538625573
r_#>	#>	0.148661585118603
#>	r_#>	0.1016999199937651