Phone1	Phone2	PMI
ˈu	ˈy	6.816189222328953
v	ʋ	6.281717904766093
j	j	6.262265351764805
i	i	6.160891633951515
ð	z	6.051258698137486
z	z	6.03383064734262
w	w	5.845679277960268
ɡ	ɡ	5.615318595809825
o	o	5.500454366232344
b	b	5.448859860807661
p	p	5.427739777807869
ɲ	ɲ	5.267656716607525
ˈɔ	ˈɔ	5.213645053194973
f	f	5.131439878518642
d	d	5.1238856617890125
j_ˈe	ˈe	5.0955409053222125
m	m	5.077853655329863
ŋ	ŋ	5.009533494804548
e	i	4.74141779736352
ˈa_r	ˈa	4.579924146794135
ˈo_ŋ	ˈu	4.575997210888309
ˈo	ˈu	4.499794000835911
n	n	4.499368414531267
ˈɛ	ˈɛ	4.497499645580724
e	e	4.438965194935009
l	l	4.36962848904768
ʧ_o	ʧ	4.220655954516017
t	t	4.205985523843378
ˈi_r	ˈi	4.148732039899264
ˈi	ˈi	4.133420918908506
ˈi_ŋ	ˈi	4.112765852410388
k	k	3.931236691814903
ˈo	ˈo	3.855669870715195
ˈe	ˈe	3.7902747708251545
ˈi	ˈe	3.712681318162404
ˈa	ˈa	3.646762426967904
s	s	3.60687173960124
a	a	3.5672225627446847
r	r	3.5654286486999096
θ	s	3.5422700416123702
t	ʧ	3.525277151755175
r_e	e	3.410404020002422
ŋ	n	3.346525152944124
ˈe	ˈɛ	3.328323805258843
ˈɔ	ˈo	3.291736676265954
r_o	r	3.209052576483569
e_r	ˈi	2.989442216862142
t_o	t	2.7733392441804927
ɡ_o	k	2.756404872783692
ˈe	ˈi	2.6917227436594597
ˈo	ˈø	2.6375275814253936
ˈu	ˈø	2.6328664899737197
ˈa_ŋ	ˈa	2.3618588680479
ˈɔ	ˈø	2.3556307693884024
ʧ	ʧ	2.332300142387534
e_#>	#>	2.3227990546824806
o	u	2.318249192000951
<#_j	<#	2.2946570612499277
ˈe_ŋ	ˈe	2.276437909025822
v_e	f	2.1412125963260817
v_o	f	2.096310501809832
<#_v	<#	2.028960731639885
n	ŋ	1.997707248754687
r	r_e	1.838068548835817
ŋ	m	1.6948965845397452
i	e	1.6256453362715084
d_e	d	1.1930068129378146
e	d_e	1.0565672707398608
n_#>	#>	0.9988706873717716
v_ˈɛ	ˈɛ	0.939347635946896
ˈa	ˈa_d	0.9310328964077904
ˈa	ʤ_ˈa	0.9224834742754162
z	ʤ	0.9130008857804596
o	ˈø	0.8351723010811869
a	d_a	0.8340414997176799
a_v	a	0.7838261202141857
v_a	a	0.7699113694538274
ɡ	k	0.7677058412432525
s_e	s	0.7550873483443301
r	e_r	0.7062053670509921
ˈa	ˈo	0.6966223427176728
r_ˈi	r	0.6315358285262939
d	t	0.5658983591827137
ˈo	ˈɔ	0.500241832175632
ŋ_#>	#>	0.3787938737339245
ˈe	e	0.3692867751353321
ð	s	0.3190507978316669
ˈa	ˈɛ	0.2040809925836411
#>	t_#>	0.1401988988336533
#>	r_#>	0.1046552461697678
r_#>	#>	-1.03272246105023
o_#>	#>	-0.4335315894513882
ˈa	a	-0.0463549913348073