Phone1	Phone2	PMI
v	ʋ	7.7193703507155185
w	w	7.306021206950678
ɲ	ɲ	6.653294126237012
ˈu	ˈy	6.548014404591703
i	i	6.319587293538936
z	z	5.895079751938987
j_ˈe	ˈe	5.823437316843299
j	j	5.791348602685485
b	b	5.658684153460823
ˈe_ŋ	ˈe	5.630792238900903
ˈo_ŋ	ˈu	5.555088430610368
ð	z	5.506023507195379
ˈi_ŋ	ˈi	5.458447898822369
o	o	5.452350757768598
ʧ_o	ʧ	5.3869401348054735
ɡ	ɡ	5.277389105184859
ŋ	ŋ	5.197882476204205
p	p	5.142728548927521
f	f	5.114218311793841
m	m	5.064226556751335
d	d	5.025320296657566
ˈɔ	ˈɔ	4.964748027835048
n	n	4.738162435633599
e	i	4.7314908731691565
ˈo	ˈu	4.483403504304259
o	u	4.469284698609294
ˈa_r	ˈa	4.455005756249871
ˈɛ	ˈɛ	4.39815909957948
e	e	4.371872473023429
i	e	4.295583274415736
l	l	4.273354426781045
ˈi	ˈi	4.232150877144932
t	t	4.205020400128276
k	k	4.1414208159158745
r_o	r	4.0883554206525385
ˈɔ	ˈo	3.95584588862189
ˈa	ˈa	3.76033221488785
ʧ	ʧ	3.749548846395399
s	s	3.745075337282529
θ	s	3.6774014708449534
ˈo	ˈo	3.6207897028055465
r	r	3.606326365253884
v_o	f	3.480452183156025
a	a	3.464214716486784
ˈu	ˈø	3.446675332228573
v_e	f	3.412785769223266
ˈe	ˈɛ	3.374810956552463
ˈi	ˈe	3.3732899313271205
ŋ	n	3.3682398401903346
t	ʧ	3.3199487955376563
e	d_e	3.141699572809597
ˈe	ˈe	3.13904310086899
e_r	ˈi	3.046933080571687
n_#>	#>	2.982926132370464
ˈo	ˈø	2.92129985630745
ˈɔ	ˈø	2.826493213441024
e_#>	#>	2.782996671630164
s_e	s	2.764048142933888
ɡ_o	k	2.738011962543641
t_o	t	2.7163849249005336
ˈa_ŋ	ˈa	2.628726579694477
<#_j	<#	2.5966124185056287
e	e_r	2.5774419666706816
<#_v	<#	2.548344925858452
ŋ	m	2.5247100566402025
ˈe	ˈi	2.498848959760437
d_e	d	2.341245689906191
a	d_a	2.1955851005254243
ˈo	ˈɔ	2.1721070531106377
p_j	p	2.1397702681745807
ˈi_r	ˈi	1.981219931016428
n	ŋ	1.89936037196008
ɡ	k	1.469427710630377
a_v	a	1.4573378213394546
r_e	e	1.0945618025689616
v_ˈɛ	ˈɛ	1.0931792211282796
ˈa	ˈo	1.049086634517613
ˈi_v	ˈi	1.0280034030356215
j	ʤ	0.9673393514477386
z	ʤ	0.881334695246427
ð_e	s	0.8454419652213085
v	f	0.8357797285422889
v_ˈa	ˈa	0.7940401886034658
r	r_e	0.7899785547701084
ð	s	0.7179286292561444
o	ˈø	0.6600787417237541
ˈe	e	0.658964385735257
#>	t_#>	0.5616723644645099
ŋ_#>	#>	0.5170630394039313
r	e_r	0.5069710549143396
d	t	0.4934118197561019
o_#>	#>	0.291051646473767
ˈa	ˈɛ	0.1547843903950015
a	e	0.0643569157291243
r_#>	#>	-0.1039452960481557
ˈa	a	-0.0447310362108103
#>	r_#>	-0.0059463700814679