Phone1	Phone2	PMI
v	ʋ	8.729820587765294
w	w	8.203118153076018
ˈo_ŋ	ˈu	7.773927644898009
v_e	f	7.624614551425033
j_ˈe	ˈe	7.480491456848771
ɲ	ɲ	7.318705199841456
ˈe_ŋ	ˈe	7.287846378906375
ˈi_r	ˈi	7.212891906226774
ˈi_ŋ	ˈi	7.1860756691372165
ˈu	ˈy	6.832113318386234
b	b	6.685307257895864
ɡ_o	k	6.66854298635251
ð	z	6.31231630486863
ˈa_r	ˈa	6.258915863653845
j	j	6.202656802099005
z	z	6.173231539082607
o	o	5.959598836420931
ʧ	ʧ	5.9346580106214315
ɡ	ɡ	5.93007955220117
ŋ	ŋ	5.842232955868086
r_o	r	5.835329193952152
ˈɔ	ˈɔ	5.798740499965336
p	p	5.774755258254828
f	f	5.762838574303644
z	ʤ	5.760262948005656
d	d	5.589426439774788
i	i	5.554991701157084
e	i	5.524872364901416
m	m	5.505860296073079
n	n	5.224284730576901
ˈo	ˈu	5.186476642529686
t_o	t	5.159163069210101
ˈi	ˈi	5.106664529738554
i	e	5.08983603866945
ˈɛ	ˈɛ	5.053589192018662
ʧ_o	ʧ	4.922772832104764
t	t	4.890978719454764
e	e	4.880072030061795
l	l	4.834432574515884
k	k	4.8191788416846695
d_e	d	4.633386752520462
a	d_a	4.6143552902825125
v_o	f	4.590742832681689
ˈɔ	ˈo	4.418697114056275
ˈo	ˈo	4.39556615676951
r	r_e	4.377188690406052
s	s	4.359372987138235
o_#>	#>	4.341100376138972
ˈo	ˈø	4.3006908189402715
ˈa	ˈa	4.284381229116892
<#_v	<#	4.249202093596389
r_#>	#>	4.2268226141526934
θ	s	4.22295250020505
ˈe	ˈe	4.105669687065798
r	r	4.083798402528834
a	a	4.040431781173589
j	ʤ	3.948234555528193
ˈe	ˈɛ	3.9458291223999624
ŋ	n	3.931523736660815
t	ʧ	3.857764567045089
ˈu	ˈø	3.737768566819123
s_e	s	3.6799291344556346
ˈa_ŋ	ˈa	3.670519540922985
o	u	3.6085768252410486
e	e_r	3.4846485096710103
ˈɔ	ˈø	3.46987805538003
ŋ	m	3.061977778537519
n	ŋ	2.9790866839726933
e	d_e_r	2.9343391024522747
ˈe	ˈi	2.9196721829207752
r_e	e	2.9115056775152155
p_j	p	2.8800727477297094
e_#>	#>	2.5966362219285557
e	d_e	2.471556642456961
ˈi	ˈe	2.4049857753761907
ˈa	ˈo	1.9595064882367856
n_#>	#>	1.6661352649606695
ŋ_#>	#>	1.6108030111219596
ɡ	k	1.582571664541344
r	e_r	1.4881548697217464
v_ˈe	ˈɛ	1.4767697414194694
m_o	m	1.4394989519072574
e_r	ˈi	1.384685072099657
v_ˈɛ	ˈɛ	1.3646198489509578
z_e	s	1.2634807939423713
ˈo	ˈɔ	1.2276019111914716
a_v	a	1.204328984827374
#>	t_#>	1.189738838844694
ð_e	s	1.144712714240775
#>	r_#>	1.126465385329642
v_a	a	1.0873364846831426
d	t	1.0212827446370971
ˈi	ˈø	0.9727355699726132
v	f	0.9370573023966442
ð	s	0.9204048126336218
<#_j	<#	0.8549325240117494
ˈa	ˈɛ	0.48599281831448105
ˈe	e	0.4826084607271919