Phone1	Phone2	PMI
ˈu	ˈy	7.384840766086201
i	i	7.042951296253541
j	j	6.873096252021777
ð	z	6.650310860583744
z	z	6.632882809788877
v	ʋ	6.572555680154113
w	w	6.330657967286523
ˈa_r	ˈa	6.299813773057789
ɡ	ɡ	6.269738799327848
o	o	6.130730369062058
p	p	6.026791940254126
b	b	5.987110785875899
ˈo_ŋ	ˈu	5.927167358527104
ˈɔ	ˈɔ	5.812697215641231
f	f	5.759277999546773
ɲ	ɲ	5.748047267529379
d	d	5.713810149512237
m	m	5.67690581777612
ŋ	ŋ	5.608585657250806
ˈi_ŋ	ˈi	5.5440636240928285
ˈi_r	ˈi	5.542106405394331
e	i	5.292268339909019
ʧ_o	ʧ	5.212125931232322
n	n	5.123554929656043
ˈo	ˈu	5.092830561660742
ˈɛ	ˈɛ	5.083128968855275
e	e	5.032235225602221
l	l	4.967717248234383
t	t	4.791614847117928
ˈi	ˈi	4.787494528981637
j_ˈe	ˈe	4.693377701605405
r_o	r	4.645240956910918
k	k	4.518972148587888
e_#>	#>	4.4982299974968445
r_e	e	4.452042038969584
o_#>	#>	4.448971072076566
ˈo	ˈo	4.4487064315400255
ˈe	ˈe	4.42952264173881
<#_v	<#	4.356251853758738
ˈi	ˈe	4.307189465308645
ˈa	ˈa	4.26913087388597
s	s	4.225831036757681
r_#>	#>	4.2022415974376335
a	a	4.182531518989881
r	r	4.163484344770336
θ	s	4.12635515747411
t	ʧ	4.071722433034674
ŋ	n	3.961177817790636
ˈe	ˈɛ	3.918878582880442
t_o	t	3.810508955783653
ɡ_o	k	3.793357770450592
ˈɔ	ˈo	3.739975706987135
#>	r_#>	3.664001260509068
ˈa_ŋ	ˈa	3.38596676137386
ˈe	ˈi	3.378757339689292
ˈo	ˈø	3.185837946824195
ˈu	ˈø	2.972216608389814
ˈe_ŋ	ˈe	2.9677407267781746
v_e	f	2.84276585322148
ˈɔ	ˈø	2.683418831601775
<#_j	<#	2.6190790148644574
ʧ	ʧ	2.562266058606053
o	u	2.5385330394363965
n	ŋ	2.4180229949496197
r	r_e	2.339066745292678
a_v	a	2.2051745856392406
s_e	s	2.1735699959100776
v	f	2.1390786664814767
ŋ_#>	#>	2.049154954846637
ŋ	m	2.0435241122826686
#>	t_#>	1.6071655509391656
d_e	d	1.558564027562546
v_o	f	1.442438075894762
e	d_e	1.299301089891984
v_ˈɛ	ˈɛ	1.2786710623355633
e_r	ˈi	1.2760270033575762
ˈa	ˈa_d	1.1943818363473775
ˈa	ʤ_ˈa	1.1748680671004534
a	d_a	1.0767753188698026
z	ʤ	1.037718565175489
ɡ	k	1.0064969937582835
r_ˈi	r	0.9771859084408424
r	e_r	0.9590608230117518
ˈa	ˈo	0.9575404613998342
o	ˈø	0.9529689098346584
i	e	0.9198368840250192
n_#>	#>	0.9167019628641488
d	t	0.8453812389321134
e	ˈi	0.6080201102459091
ˈo	ˈɔ	0.5988685622623533
ˈa	ˈɛ	0.4515762720940951
ð	s	0.4377124093560705