Phone1	Phone2	PMI
v	ʋ	8.175040397446088
w	w	7.126017564602792
ɲ	ɲ	6.8850692216998395
ˈu	ˈy	6.742033959307917
z	z	5.970751099984756
j	j	5.816292809164946
ˈo_ŋ	ˈu	5.68614271768447
j_ˈe	ˈe	5.61331769384477
o	u	5.591931286520125
ɡ	ɡ	5.577434325031489
ð	z	5.56602712853699
v_e	f	5.506132898810167
ˈi_ŋ	ˈi	5.481275297738135
b	b	5.474698421898544
ˈe_ŋ	ˈe	5.400765481192192
o	o	5.398048950486809
m	m	5.164330500320194
ŋ	ŋ	5.114140977595921
d	d	5.057047177731748
f	f	5.0350231705134725
ˈɔ	ˈɔ	5.011562964604619
i	i	5.010766339284368
p	p	5.00739870969113
ʧ	ʧ	4.993185233793085
t_o	t	4.734988548610906
n	n	4.683666110348945
i	e	4.555485924773377
e	e	4.512674147710506
v_o	f	4.500810273754681
ˈa_r	ˈa	4.487034022821246
ˈɛ	ˈɛ	4.459481655919699
ˈo	ˈu	4.436828738616586
ˈi	ˈi	4.379697397839509
l	l	4.232480304486698
t	t	4.1616737968947755
r_o	r	4.131040089769842
k	k	4.100451925233566
e	i	3.942097958832503
ʧ_o	ʧ	3.9379720393711173
ɡ_o	k	3.9006561535541104
ˈɔ	ˈo	3.8134784458618194
s	s	3.782820173630025
ˈa	ˈa	3.6791078999239675
ˈo	ˈo	3.6599731363692114
ˈo	ˈø	3.6384219002980345
r	r	3.6307775873993093
ˈu	ˈø	3.601408674167406
θ	s	3.597451643288789
a	a	3.491137956412684
t	ʧ	3.4300406779894677
<#_j	<#	3.396861438078777
ˈe	ˈe	3.3875316798165143
ŋ	n	3.365035456061994
ˈe	ˈɛ	3.3338893228323054
e_r	ˈi	3.208256414262949
ˈi	ˈe	3.1767804393301895
ˈa_ŋ	ˈa	2.5487342182295896
ˈɔ	ˈø	2.5328644328794825
ŋ	m	2.501611812812985
<#_v	<#	2.47465817715128
ˈe	ˈi	2.310341052409088
a	d_a	2.3033914812720244
r_e	e	2.207582757507046
e	d_e_r	2.192757234609026
e_#>	#>	2.1243474222018355
ˈi_r	ˈi	2.115900902200693
p_j	p	2.0866206377346987
z	ʤ	2.0245351543795116
n_#>	#>	1.9909119693999666
n	ŋ	1.9375643342043851
ˈa	ʤ_ˈa	1.9105021338648192
e	e_r	1.8613975986126474
s_e	s	1.7985141095937387
z_e	s	1.7916866547987598
v_a	a	1.578110782693909
ˈo	ˈɔ	1.50731220017463
ɡ	k	1.174592138931293
d	t	1.083220898371036
j	ʤ	1.0515988708015902
ˈa	ˈo	1.0431847016574236
e	d_e	1.0237283224057365
v_ˈe	ˈɛ	1.0229801113788604
v_ˈɛ	ˈɛ	1.0195180234698087
v_ˈi	ˈe	0.9947089415297519
v_e	e	0.9802387726848151
r	r_e	0.9375460066802871
v_ˈa	ˈa	0.8382272285442772
ð	s	0.8013829398165064
ð_e	s	0.7861971611213698
#>	t_#>	0.6844012341578857
ŋ_#>	#>	0.6363500873678205
r	e_r	0.5035610063918247
ˈe	e	0.2615866066105291
o_#>	#>	0.22785838174542253
ˈa	ˈɛ	0.19549652573499188
#>	r_#>	0.03148045193648129
r_#>	#>	-0.30708775037070185