Phone1	Phone2	PMI
ˈu	ˈy	6.963424933654593
i	i	6.813461307157579
z	z	6.000343265953127
ð	z	5.862249801015284
j	j	5.849068900485927
w	w	5.746085144300891
ɡ	ɡ	5.664958913823009
ˈe_ŋ	ˈe	5.6143137583121865
o	o	5.560716155538939
b	b	5.370359168291214
d	d	5.215477742289482
ŋ	ŋ	5.201247564480941
p	p	5.133011732746341
f	f	5.108404969667509
m	m	5.108287518752504
ˈɔ	ˈɔ	5.076533997870874
ˈo	ˈu	5.019082967885851
ˈi_ŋ	ˈi	4.879009075243451
ˈa_r	ˈa	4.5118665499141635
o	u	4.50942281293704
n	n	4.508278738385957
ˈɛ	ˈɛ	4.489099886120894
t	t	4.419447472323926
v	ʋ	4.385303530160794
l	l	4.278654655662772
e	e	4.265841738317655
k	k	4.086192817307614
ˈo	ˈo	4.05342681570342
r_o	r	4.027995283592993
ˈa	ˈa	3.906033327694314
ˈi	ˈi	3.90408928951921
s	s	3.720135599954256
ˈo_ŋ	ˈu	3.6707782575809063
θ	s	3.646284299900464
e	i	3.6020289131745225
r	r	3.420259841316393
a	a	3.409113283865358
ˈe	ˈe	3.3955553204781657
ˈe	ˈɛ	3.350255956544329
v_e	f	3.250482545548606
ˈi	ˈe	3.147321490001786
ˈɔ	ˈo	3.0943424477676533
e_r	ˈi	2.87803538013329
t	ʧ	2.8715171515040594
ŋ	n	2.69518534316842
ʧ	ʧ	2.695175379462708
ɲ	ɲ	2.589266601947254
ˈa_ŋ	ˈa	2.4969551846396834
ʧ_o	ʧ	2.470468982963001
ˈɔ	ˈø	2.4609715940196697
e	d_e	2.185826253750726
j_ˈe	ˈe	2.15580989109109
ˈe	ˈi	2.1076036547675314
ˈu	ˈø	2.075148045205618
n_#>	#>	1.9909119693999666
t_o	t	1.8295802830982608
<#_v	<#	1.7932653374026477
r	r_e	1.7903158772203525
e_#>	#>	1.7628764377903146
a	d_a	1.707452605621572
ŋ	m	1.6982416609532929
<#_j	<#	1.6399344689672728
ˈo	ˈø	1.5940881753839171
n	ŋ	1.3753496523612307
a_v	a	1.3602160044484422
j	ʤ	1.1586928024790746
e	e_r	1.1216210900443788
z	ʤ	1.057330871632556
ɡ_o	k	0.9872526133923548
ˈi_r	ˈi	0.982362004647447
v_ˈɛ	ˈɛ	0.9757920002094321
r_e	e	0.9739979695085216
p_j	p	0.9427398486203108
s_e	s	0.8797389757985394
d	t	0.8132062230651982
v	f	0.7873423774211642
i	e	0.7674458339385433
ð_e	s	0.738589813445508
ˈo	ˈɔ	0.7041252596788222
ˈi	ˈø	0.6651267819417026
v_a	a	0.5985018698172897
o	ˈø	0.5859244924639002
ɡ	k	0.4200527151053019
ˈa	ˈo	0.4100535632798724
ˈe	e	0.3050201850978239
ŋ_#>	#>	0.25497196824611673
ˈa	ˈɛ	0.2100535632798724
#>	r_#>	0.15788660281206834
#>	t_#>	0.06668474674503841
r_#>	#>	-0.48251640081359515
o_#>	#>	-0.22833288102078877
ˈa	a	-0.005720205989910572