Phone1	Phone2	PMI
w	w	7.624135833395459
ˈu	ˈy	7.009871808958481
v	ʋ	6.378269591679351
i	i	6.372302427070566
z	z	5.753713964263318
ɡ	ɡ	5.703550923478269
j	j	5.700426422661622
ð	z	5.665928252724668
b	b	5.5687431777283605
o	o	5.510502472249678
ˈi_ŋ	ˈi	5.487907386250856
p	p	5.34722608671625
d	d	5.283895083046177
m	m	5.1309835175618295
ˈɔ	ˈɔ	5.112885096810876
ɲ	ɲ	5.075752484282175
f	f	4.973124790376903
ˈo	ˈu	4.819192112877047
ˈe_ŋ	ˈe	4.702566953485594
e	e	4.590325735401767
ˈi	ˈi	4.579403637356549
ˈa_r	ˈa	4.515745386647883
l	l	4.464011898753858
n	n	4.448889669084539
t	t	4.403459550113543
ˈɛ	ˈɛ	4.318264420830147
r_o	r	4.231372174589533
ŋ	ŋ	4.17700261104821
ˈo	ˈo	3.916416232345112
k	k	3.890410999726629
ˈɔ	ˈo	3.871665374011717
ʧ_o	ʧ	3.857274119331453
v_e	f	3.847968740059891
ˈa	ˈa	3.7496510501273135
θ	s	3.7255257351233
s	s	3.685503929594141
e	i	3.660736252466764
r	r	3.629857797878296
ˈe	ˈe	3.514869033341633
a	a	3.4583641072524043
ˈa_ŋ	ˈa	3.448060398524305
ʧ	ʧ	3.410794717416569
ˈe	ˈɛ	3.239201554293028
z	ʤ	3.140197877962655
ˈo	ˈø	2.9442316598249816
ŋ	n	2.7958202420404463
t_o	t	2.728352725622248
ɡ_o	k	2.723295560202018
ˈi	ˈe	2.6631392509997047
ˈo_ŋ	ˈu	2.4609966175118623
r_e	e	2.3670995608516185
ˈɔ	ˈø	2.349634122024472
ˈe	ˈi	2.2488359377148326
j_ˈe	ˈe	2.230426319075679
v_ˈe	ˈɛ	1.9802610892694936
t	ʧ	1.9197591252876671
<#_v	<#	1.7932653374026477
e_#>	#>	1.6798689379345455
i	e	1.5641117633533637
ŋ	m	1.4979628341374778
e	d_e_r	1.2331578453746217
v_ˈi	ˈe	1.1543296261741245
n	ŋ	1.145583948551562
e	d_e	1.1328734843389308
v_o	f	1.1252888722160348
e_r	ˈi	1.0839986967225494
o	u	1.064064158651329
e	e_r	1.0278276895140492
ˈa	ʤ_ˈa	1.0098126206536795
j	ʤ	1.0018246892072558
d_e	d	1.0014532281847113
n_#>	#>	0.9954559846999832
r	r_e	0.9402391806240062
<#_j	<#	0.8784634845557522
s_e	s	0.8617924342448008
a	d_a	0.8226613225151546
ˈi_r	ˈi	0.8214437353075101
v_a	a	0.774236760884307
d	t	0.7524148013191527
ð_e	s	0.7143993154115594
o	ˈø	0.6898208486908961
ˈu	ˈø	0.678080973969766
ˈo	ˈɔ	0.6407226467557485
ð	s	0.6201713242676397
a_v	a	0.6071670586240655
ŋ_#>	#>	0.5193575872235892
ɡ	k	0.4276551917795441
ˈe	e	0.3941708777660084
ˈa	ˈo	0.3656324891255514
ˈa	ˈɛ	0.1907386655423231
o_#>	#>	-0.6202044841213197
r_#>	#>	-0.3035033687712493
#>	r_#>	-0.096005532186577