Phone1	Phone2	PMI
ɡ	ɡ	6.927313020574046
ˈa_ŋ	ˈãː	6.783160751759408
ˈi	ˈi	5.977581397322062
o	u	5.71625173758014
b	b	5.538557264801084
ˈɔ	ˈɔ	5.475435020119045
e	e	5.439560727106444
p	p	5.365679813142518
d	d	5.323532746256987
ˈu	ˈy	5.187583861361816
j	j	5.162331397917549
n	n	5.138698027587011
f	f	4.975574322724705
m	m	4.916788460552069
ð	ʤ	4.860569987547858
ˈa_r	ˈa	4.64747486533714
v	ʋ	4.601359657494426
θ	ʧ	4.575449740745974
ˈo	ˈu	4.447524869070651
t	t	4.435507483277736
l	l	4.343046345413234
ˈɛ	ˈɛ	4.335591739434706
ʧ	ʧ	4.261694400653125
s	s	4.252249624555582
ˈi_r	ˈi	4.207028013317642
ˈi_ŋ	ˈĩː	4.201110250475038
k	k	4.129589581426913
w	w	3.9961893179906234
ˈa	ˈa	3.9836863568465937
r_o	r	3.9177154313906892
z	z	3.8916890212436597
ŋ	ɲ	3.841032908050651
ˈe	ˈe	3.803278082690206
ˈo	ˈøː	3.7556042372407377
ɲ	ɲ	3.7171889284581807
θ	ʃ	3.67247272026382
r	r	3.646490367726486
t_o	t	3.5072644491660996
a	a	3.4817946170975187
ˈa	ˈaː	3.4768181362745767
j_ˈe	ˈe	3.3804705442130056
ˈo	ˈø	3.2503123203699067
ɡ_o	k	3.208861809218989
ˈo_ŋ	ˈũː	3.0087832133257173
θ	ʦ	2.9948195871322905
ˈɔ	ˈø	2.7841610173325853
i_ŋ	ĩ	2.779622919113629
ˈe_r	ˈɛ	2.7725933037889225
ˈe	ˈẽː	2.7089124497241497
ˈe	ˈe_j	2.6708069684542823
ˈo	ˈyː	2.622470631041771
o	o	2.4942656482251966
i	i	2.436909793480292
e	i	2.3884901991627543
ˈu	ˈyː	2.3228106496218297
ʧ_o	ʧ	2.2624429890113933
e_#>	#>	2.1768660701703064
ð	ʦ	2.0880887487190636
ŋ_t	t	2.0501390584470403
<#	<#_a	1.8746002108732878
ˈe	ˈeː	1.7939032972240383
ˈo	ˈɔ	1.7163446424334765
ˈe	e	1.6953709547633962
t	ʧ	1.669849029248084
ˈe	ˈɛ	1.5959876676052571
o	e	1.4465290791667085
ˈe_ŋ	ˈẽː	1.3216600406924846
ˈɛ	ˈe	1.243168607141901
e_r	ˈi	1.2376465985314289
v_e	f	1.1189996973953624
ˈe	ˈy	1.0913356163591317
j	ˈyː	1.0524621531054652
ˈo	ˈũː	1.0253682798573025
ŋ	m	0.9781835477814704
v_o	f	0.9360172177973638
ˈa	ʤ_ˈa	0.8980367115737448
z_e	s	0.8397153331730631
l_o	l	0.7353045950857202
ɡ	k	0.6918143903883908
r_e	r	0.6503002775154271
ˈɔ	ˈu	0.5739515424907806
v	f	0.47170832627353726
ŋ_#>	#>	0.4119003163099311
l_#>	#>	0.1340502351076287
o_#>	#>	0.057681836687337694
r_#>	#>	-0.2264361088905487