Phone1	Phone2	PMI
ˈo_ŋ	ˈũː	7.506216189284039
z	z	6.932848524731872
ˈa_ŋ	ˈãː	6.8473342193071485
ˈi	ˈi	6.523999142114039
ɡ	ɡ	6.484126506751301
o	u	6.2475911893772595
b	b	6.029534024909005
w	w	5.608499777869713
p	p	5.4724779153131164
e	e	5.413144068994244
f	f	5.234220842128806
m	m	5.2072844054923415
n	n	5.113072852357446
j	j	5.101194713693198
d	d	4.945134593577757
ˈɔ	ˈɔ	4.788873168358513
ˈɛ	ˈɛ	4.639054635637522
ˈa_r	ˈa	4.565375208430718
ˈe_ŋ	ˈẽː	4.565116144050687
ˈi_ŋ	ˈĩː	4.517438846313331
s	s	4.38552938449937
v	ʋ	4.3646523504109975
ˈo	ˈu	4.34365509389701
ˈo	ˈyː	4.29510635543924
t	t	4.28523604214087
ʧ_o	ʧ	4.228893515291599
θ	ʦ	4.193556382405265
r_o	r	4.142537262202202
k	k	4.057101916689277
l	l	3.9974719747144745
ˈe	ˈe	3.9594781992234744
ˈa	ˈa	3.943230290542974
ŋ	ɲ	3.8631959312258006
r	r	3.8503418708636055
ˈo	ˈøː	3.6941285772086387
ð	ʤ	3.669617482817744
θ	ʧ	3.6363373041298224
ˈa	ˈaː	3.5661435662737517
a	a	3.4967262150853102
ˈɔ	ˈø	3.402486746918202
j_ˈe	ˈe	3.195809100189207
s_e	s	2.8785572994039517
ˈe	ˈe_j	2.876528222517577
ˈu	ˈy	2.8246707679343057
ˈo	ˈø	2.8051716086740592
ˈe	ˈɛ	2.704106269334375
ɲ	ɲ	2.5965150367777468
v	f	2.502865956066729
t	ʧ	2.4937548549570185
r_e	r	2.432322675502955
ˈɔ	ˈu	2.2765353925904925
e_#>	#>	2.165087332359593
ˈe	ˈeː	1.8448123114842845
t_o	t	1.8416884062963181
ˈɛ	ˈe	1.8292929767259891
ɡ	k	1.4666209096786187
#>	k_#>	1.3915927110175188
θ	ʃ	1.3194079103097258
ˈi_r	ˈi	1.142104923549067
ɡ_o	k	1.0946970840888972
d_e	d	1.027181381338835
ʧ	ʧ	1.0247586094626082
ˈe	ˈẽː	0.9726665170286148
o_#>	#>	0.8985759393551747
#>	s_#>	0.8282979198715686
z	s	0.6710099735196942
r_#>	#>	0.6565713909652201
ˈo	ˈɔ	0.4967879060191727
l_#>	#>	0.25104273525185994