Phone1	Phone2	PMI
ˈo_ŋ	ˈũ	9.454794439236368
ˈe_ŋ	ˈẽ	9.347130368785985
ˈi_ŋ	ˈĩ	9.22310856671547
ˈa_ŋ	ˈã	8.528923115220445
ˈi_r	ˈi	8.26624755691576
w	w	7.9138566477194265
ɲ	ɲ	7.90560805127305
ð_e	ʧ	7.782239920848317
ʧ_o	ʧ	7.582239920848317
ˈu	ˈyː	7.0679727100733425
z	z	6.858263071137786
ˈa_r	ˈa	6.74516441685266
b	b	6.639211883748716
z	ʒ	6.621978943081757
j	j	6.582304892893002
ˈi	ˈiː	6.579470538086641
ɡ	ɡ	6.350229782956889
u	y	6.259692306470845
ð	ʒ	6.217440738018922
e	i	6.113705372129369
o	u	6.088593403787845
r_o	r	6.058647427487539
ˈa_r	ˈɑː	5.745071372640409
ˈɔ	ˈɔ	5.721001120866433
p	p	5.720358689851464
v	v	5.640310026558596
ˈi	ˈi	5.623949022353931
e	d_e	5.602608051471471
m	m	5.570151196559647
d	d	5.558801933462871
n	n	5.515021664337905
f	f	5.5024068364254415
e	e	5.46623699203119
ˈe	ˈeː	5.409278166951012
ˈo	ˈu	5.369267298788529
ɡ_o	k	5.3527361041174455
ˈɛ	ˈɛ	5.345705749675075
ˈo	ˈuː	5.308532020722301
θ	ʧ	5.251152864328847
j_ˈe	ˈe	5.189676530902762
ˈo	ˈøː	5.12972440926437
l	l	4.890643219843147
ˈe	ˈe	4.757494507478699
ˈa	ˈɑː	4.748113829952767
j_ˈe	ˈeː	4.7256233034069925
t	t	4.716980234661603
k	k	4.710322326882364
ʧ	ʧ	4.679319107895009
s	s	4.553152403421206
v_e	f	4.4503605848376
ˈa	ˈa	4.424206045408074
o_#>	#>	4.342991212848396
ˈɔ	ˈoː	4.298379838602157
r	r	4.187515081977374
a	a	4.182953776197886
r_#>	#>	4.170956536737622
s_e	s	3.869541981205334
t_o	t	3.8037597557032323
ŋ_t	t	3.7945461663341007
o	o	3.7272103584163396
e_#>	#>	3.707317420799053
θ	s	3.6524038464937254
ˈe	ˈɛ	3.438789604633783
i	e	3.402092937450078
ˈe	ˈiː	3.2020601257410912
o	y	3.065120761366884
ˈu	ˈy	2.802266550878373
ˈe_r	ˈɛ	2.6522540100410685
<#_j	<#	2.5984181805054116
ˈɔ	ˈøː	2.333765080267906
o	ˈuː	2.3327651418124864
ˈɔ	ˈœ	2.2741879523755655
ŋ	m	2.1541840575469404
ˈo	ˈyː	2.0244665871520673
i_ŋ	ĩ	10.129673542192668
t	ʧ	1.8061772450663265
ˈe	e	1.5435008523852647
v_o	f	1.49737622767343
ˈɔ	ˈu	1.4271613630636608
#>	r_#>	1.1907485748276823
e	e_r	1.1803246007330042
ɡ	k	0.6567032997910565
d	t	0.6304806651698
v	f	0.47939490974771315