Phone1	Phone2	PMI
ˈe_ŋ	ˈẽː	8.150768671128512
ˈo_ŋ	ˈũː	7.608124988179703
w	w	7.33904394648112
z	z	7.140242418837149
ɲ	ɲ	6.928496222267178
ɡ	ɡ	6.850980652335314
ˈa_ŋ	ˈãː	6.820471780247867
ˈi	ˈi	6.375187052826176
ˈi_ŋ	ˈĩː	6.252528792687607
ð	ʤ	6.132564293215244
b	b	5.966123963810125
ɡ_o	k	5.830609538130419
o	u	5.465896316206954
e	e	5.361734584731097
p	p	5.3472511103706815
j	j	5.30551621747574
ʧ_o	ʧ	5.294350746992492
o	ɡ_u	5.232123221013096
d	d	5.194315611350297
f	f	5.171288367807152
ŋ	ɲ	5.161779932298989
m	m	5.065641079403383
n	n	5.03492219468073
<#	<#_a	4.686500527183219
v	ʋ	4.666982399686548
ʧ	ʧ	4.652345603202998
i_ŋ	ĩ	4.610027166773741
ˈa_r	ˈa	4.594729377893433
ˈɔ	ˈɔ	4.46331609875272
ˈɛ	ˈɛ	4.44605245691715
ˈa	ˈaː	4.388510784993458
s	s	4.364660492375836
e	i	4.317590374975112
ˈo	ˈu	4.25907450230249
θ	ʦ	4.241562504040077
ˈo	ˈyː	4.224994101448379
ð	ʦ	4.209219429427601
ˈɔ	ˈø	4.097608048363073
t	t	4.089893609205854
ˈu	ˈy	4.083750942770689
k	k	4.0656374676016185
l	l	4.057674266292221
s_e	s	4.037522222908159
ˈe	ˈe	3.974586635079496
r_o	r	3.9290078074299513
ˈu	ˈyː	3.8970590078911136
ˈa	ˈa	3.8679379768459152
r	r	3.73930390676274
t_o	t	3.7286293486121256
ˈe	ˈeː	3.704882529526458
ˈo	ˈøː	3.670902910619691
θ	ʧ	3.6278743561047038
ˈo	ˈø	3.6122014897019854
a	a	3.5151460407966613
v_e	f	3.404197897641838
v_o	f	3.234565839593079
θ	ʃ	3.1733341310622714
i	i	2.851642801799557
ˈe	ˈe_j	2.7201481816233777
ˈɔ	ˈu	2.64730029496388
ˈe	ˈy	2.5502262029048386
e_r	ˈi	2.5180634662451
e_#>	#>	2.484629790052855
l_o	l	2.4512608660715816
r_e	r	2.44618158736689
t	ʧ	2.387165320704699
ˈo	ˈɔ	2.3226119517141925
o	o	2.280853792358413
ˈe	ˈɛ	2.1643294427294704
ˈi_r	ˈi	2.15275809541925
j_ˈe	ˈe	2.146872954724105
ˈa	ʤ_ˈa	2.0575949802417655
ˈɛ	ˈe	2.0476709570174747
ˈe_r	ˈɛ	1.9580237510287055
ˈe	e	1.7466502533032855
ŋ	m	1.7226080206857952
o	e	1.2166290074041646
e_m	m	1.0516010133465767
z_e	s	0.8445810962200012
r_#>	#>	0.48242799435421346
l_#>	#>	0.15963683755272493
o_#>	#>	0.15118282052193346