Phone1	Phone2	PMI
ɔ̃	ˈo_ŋ	8.39613257737525
ʒ	ʤ	7.26137287673862
w_a	ˈeː	6.949321692315469
ʃ	c_e	6.66190898312467
ɔ	w_ˈa	6.3314619373729375
ɛ̃	ˈi_ŋ	6.32420205470422
t	s_t	6.081135095878852
n	n_e	6.005805084441783
ɡ	ɡ	5.839022269322004
k	k_w	5.814098195099193
o	ˈa_l	5.749708439425325
d	d	5.547266759681919
y	ˈuː	5.48397355617116
ɑ̃	ˈa_n	5.436739597613333
b	b	5.432684337369724
ʃ	c	5.387301122597375
ɲ	ɲ	5.349522264258227
e	ˈaː	5.301309894132313
p	p	5.244305833452848
l	l_e	5.184410715661782
u	ˈo	4.94719942997118
f	f	4.900420309419268
v	v	4.8788960731191855
k	k	4.756633473265156
œ	ˈuː	4.734922134306423
i	ˈi	4.5588184080309935
m	m	4.539021547529924
a	a	4.475988030232957
ɔ	o	4.436950159745572
ɛ̃	ˈa_ŋ	4.410210549985763
i	ˈiː	4.387684313205599
ɛ	j_ˈɛ	4.316714174641077
y	ˈu	4.272243118885135
j	ˈiː	4.192779004388292
j	j	4.108982051404431
w	ˈo	4.089392863249303
ʁ	r_e	4.0795124756699845
<#_e	<#	4.029917582435632
w_a	ˈe	4.017159683289089
s	ʧ	3.998870391284569
s	s	3.866748851036365
t	t	3.8267845854523657
ø	ˈuː_k	3.685553181362256
l	l	3.659757239212495
i_ʁ	ˈiː	3.576429943769714
#>	k_#>	3.5445332764238286
n	n	3.5374400235818206
ɛ̃	ŋ	3.525656544728552
j	ˈɛ	3.3655494511947475
ʁ	r	3.225767439534211
m	m_e	3.2077534353524886
a	ˈa	3.0166494945630853
ɛ	ˈaː_s	2.94296271128954
ɛ	ˈe	2.885108892307952
v_w	v	2.855602676106954
e	ˈaː_t	2.7069248520577283
#>	ʧ_#>	2.703556020956381
o	j_ˈɛ_l	2.686103136333753
ʁ	r_i	2.612222117510751
n	ɲ	2.607057834971247
p	s_p	2.4768739574306067
ɛ	ˈa	2.447817042917746
ɛ	ˈaː	2.434047483546115
œ	ˈoː	2.379705238132135
ə	e	2.3085964541486628
u	ˈoː	2.2993116827069047
ɛ̃	ɲ	2.2461954727592857
ɔ	w	2.183964615369622
ʁ	a_r	2.1743947497641707
t	t_e	2.170778414555244
o	ˈɛ	1.9323224728635184
a	i	1.927936506016521
#>	i_#>	1.8659420496721304
#>	s_#>	1.840085446283137
#>	t_#>	1.8099378985190853
ʁ	r_t	1.7897760382843546
ɑ̃	ˈa	1.7401609519664056
ɑ̃	n	1.6327628194277466
i	i	1.4585435155744455
o	ˈɛ_l	1.3874616338331294
#>	l_#>	1.3825584459550355
ɛ_l	l	1.348462785906559
ɛ̃	n	1.2582395652356857
ɑ̃	ˈi_n	1.1448374628394022
u	o	1.0515447067063906
o	j_ˈɛ	1.012376544988538
w	ˈi	0.9043602238029994
ʒ	j	0.7856815998793095
ɔ̃	ˈo	0.7621839046444809
ɑ̃	ŋ	0.7263578503508981
ɛ	ˈɛ	0.5095741989897113
e	ˈa	0.4309419534595536
e	e	0.3202472236975157
ɛ	e	0.0516551599938054
#>	e_#>	-0.2762838519244417