Phone1	Phone2	PMI
ʃ	ʃː	8.446644920967929
ŋ	ŋ	7.880304301125069
ˈo	ˈo_n	6.713026302041495
ɲ	ɲː	6.680600480002534
ʎ	lː_o	6.352508976367552
ˈi	ˈi_r	6.290592423949168
i	i	6.268830361281611
b	b_w	6.257509888102621
ɲ	ɲː_o	6.242033782766822
ʒ	ʤ	6.2355034471878135
ɡ	ɡ	6.214605324219111
l	l_o	6.063301394847628
m	m_e	5.964862431486296
f	f	5.780859965898698
d	d	5.765026023491117
n	n_t	5.753984682736142
ˈu	ˈu	5.500976937688738
m	m	5.309437666977086
t	tː_o	5.06644125040059
w	ʧ_e	5.031073275612012
p	p	4.941337057655308
ˈa	ˈa_r	4.914255532458844
ð	t	4.861891508046072
t	t_o	4.765945387205391
k	k_o	4.752676580733824
ɾ	e_r	4.70041552840356
ˈɛ	ˈe	4.670966692004499
ˈi	ˈi	4.663975789394821
s	s	4.571349510053669
ˈo	ˈo	4.567135207187037
w	v_e	4.51753270528053
ˈe	ˈɛ	4.473825451671551
b	v	4.460751442612236
ˈɔ	ˈɔ	4.410592630056558
k	k	4.4041528496912346
b	b	4.375905556951165
ˈi	ˈi_n	4.358461352943328
ɣ	ɡ	4.356288334882613
w	w	4.263491234682308
β	v	4.2549798710043705
s	ʧː	4.212508692214819
ˈɔ	w_ˈɔ	4.204070417417947
#>	i_#>	4.165159782604742
ˈa	ˈa_n	4.144656151147854
t	t	4.046811509294963
ʎ	l	4.017107802613668
w	ʦː_o	4.003533221941157
ʎ	ʎː	3.956766828518328
n	n	3.937551934400854
s	ʧ	3.913948904347442
ʎ	kː_j	3.891593282839844
ˈo	ˈo_r	3.877487121110698
l	j	3.840748817536951
t	tː	3.796781231743344
t	tː_e	3.703714237809747
ˈa	ˈa	3.693598576749526
r	r	3.665799109974806
ˈe	ˈe	3.6462704096242784
u	o	3.639601900675818
ɾ	r	3.540874099911305
ˈɛ	ˈɛ	3.499314437456573
β	p	3.430295083572368
l	l_e	3.4095829292160014
l	l	3.4046131912897475
ə	a	3.279771037589828
ˈɔ	ˈo	3.2038752125784846
l	lː	3.1254044332374065
s	sː_o	3.0750601248756118
ˈu	ˈɔ	3.050206812206371
k	kː	2.9714634025271374
β	b	2.8362395028576675
r	r_o	2.758260488229857
ˈi	ˈɛ	2.3598896823385327
u	u	2.3581773511523334
ɣ	k	2.3403471612875717
ˈɛ_w	ˈe	2.309858633766209
ˈɛ	j_ˈɛ	2.277105776999737
ə_s	s	2.2171952816028853
ˈo	ˈu	2.033116547527297
w	e	1.7649584073701865
ʎ	lː	1.7284753120844936
ə	i	1.5764976854253046
<#_ə	<#	1.5307533397747617
j_t	tː	1.362627491645664
ə	e_r	1.3409104964265564
ˈɛ	ˈo	1.328550810865164
ə	e	1.0782221769048137
s_#>	#>	1.0093082387448948
t	t_e	0.9946631284148748
ɾ_ə	r	0.8443155139109786
ˈu	ˈo	0.5188993364257526
#>	e_#>	0.4459624635349716
w	o	0.2438903540735363
ˈe	ˈa	0.1891634256024165
#>	o_#>	-0.0809378493535237
ə	o	-0.0557854965363548