Phone1	Phone2	PMI
w_ˈe	ˈɔ	8.185492808195814
j_ˈe	ˈɛ	8.153765121755086
ɡ	ɡ	8.064427173221642
ʧ	j_t	7.856493492076865
n_u	ŋ	7.736945453238273
r	r	7.225506578190048
d	d	6.958496211313688
i	i	6.907108624667024
f	f	6.825539996261098
ˈo	ˈo_w	6.77644399201579
ʃ	ʃ	6.614687474079899
o	o	6.503782621785723
ʝ	ɟ	6.488152695240879
ɣ	ɣ	6.370146321160967
ŋ	ŋ	6.34389579630096
ð	ð	6.1899976760875
β	β	6.030272319515011
ˈu	ˈu	5.936221838169512
p	p	5.907148339564618
b	b	5.853671215782058
θ	θ	5.845131159525995
m	m	5.715786433446429
ˈi	ˈi	5.693784994619387
k	k	5.686510331345964
w	w	5.653735284246084
ɲ	ɲ	5.57840334602387
l	l	5.439570549869703
s	s	5.378114863789455
t	t	5.292440921206916
n	n	5.124169349754304
ʎ	l	5.106483053503619
ˈo	ˈo	4.871047394949152
e	e	4.763517245841454
ˈa	ˈɑ	4.727262316603869
ˈe	ˈe	4.680572473253849
ˈa	ˈa	4.612133255556053
e	ɪ	4.539648588626444
#>	ɪ_#>	4.4159600701111765
ʎ	ʧ	4.295339122346135
u	ʊ	4.284984071731668
t	w_t	4.261893125623184
ˈo_n	ˈo	4.1794360271492925
a	ɐ	4.159040291621985
a	a	4.103818621613888
ɾ	ɾ	4.069399918265941
ˈe_n	ˈe	4.022449453647284
ˈo	ˈɔ	3.9591917580804576
n	ɲ	3.882524820114245
j	j	3.618665577464748
ɲ	n	3.548570057768767
f_w	f	3.361012316017022
w_ˈe	ˈo	3.2730071577353885
u	u	3.1437197719128007
ʃ	j_ʃ	3.1424828949265557
θ_j	θ	3.055149340011724
e_l	e	2.958370958427728
b_e	b	2.944157133047756
a	ɟ_ɐ	2.7191122453600123
ˈa_n	ˈa	2.622989194656641
j	i	2.6120847347166967
ʝ	ʃ	2.564378261336091
o	ʊ	2.4351788907573475
ˈe	ˈɛ	2.310302883298116
ˈu	ˈo	2.3066115791285804
u	ɣ_ʊ	2.02501893211096
ˈa	ˈa_ð	1.9691159015062376
<#_ɡ	<#	1.842954213868012
ˈe	ˈi	1.8132862258077609
e	i	1.7334844398752671
b_j	b	1.640400782196456
k_w	k	1.5544203416667917
ˈo	ˈo_ð	1.4927543477196543
f_j	f	1.4388693607517118
n_a	ɐ	1.3197262067727096
l_ˈa	ˈa	1.2489709410938177
l_u	ʊ	1.1729165248701845
ɾ	j_ɾ	1.12981751549465
<#	<#_a	1.0990461605258444
u	ð_ʊ	1.0636800269075226
ˈe	j	0.873966975116502
u	o	0.8718012553280172
<#_a	<#	0.7569052828610241
l	ɾ	0.6949649498200683
ˈo	ˈu	0.6267150859283349
ˈe	ˈo	0.5328609520239591
ˈe	ˈɔ	0.4942524076681581