Phone1	Phone2	PMI
ʧ	j_t	8.96148862071858
ɡ	ɡ	8.0517413700388
i	i	6.874787066670206
ʝ	ʎ	6.76298766444666
n_u	ŋ	6.762845869317332
w_ˈe	ˈɔ	6.5406964907737555
j_ˈe	ˈɛ	6.53432651909585
r	r	6.414135470092949
ʃ	ʃ	6.327797804705296
d	d	6.085094391790333
f	f	6.059535896451323
ˈu	ˈu	5.856693980916929
ˈo	ˈo_w	5.850051036313148
ŋ	ŋ	5.817231401489431
ð	ð	5.809513270567764
ɣ	ɣ	5.70607010954504
β	β	5.634639376490896
o	o	5.573996605291966
p	p	5.423273150987896
ˈi	ˈi	5.394369000530012
m	m	5.360407388095173
ʎ	ʧ	5.360217629530566
b	b	5.259872798393531
θ	θ	5.189332290152833
ɲ	ɲ	5.098549813985982
k	k	5.0684795584771605
l	l	4.940461430465929
t	t	4.776316124370232
j	j	4.723680654549351
ʎ	l	4.71117171053967
s	s	4.471051728842364
n	n	4.43843123326858
ˈe	ˈe	4.361928233162598
ˈo_n	ˈo	4.310661506950788
ˈa	ˈɑ	4.251300098226396
e	e	4.226720122386207
ˈa	ˈa	4.197843200652389
e	ɪ	4.157868053759067
u	ʊ	4.013426329973137
ˈo	ˈo	3.990897885811159
a	ɐ	3.729776204852594
n	ɲ	3.574818439347602
ɾ	ɾ	3.54097689087479
a	a	3.5330453478561106
ˈo	ˈɔ	3.310912280025679
ɲ	n	3.274891367380584
ˈe_n	ˈe	3.0646048864726527
<#_ɡ	<#	2.036915770404728
u	ð_ʊ	1.87556241112547
w_ˈe	ˈo	1.5681703765338075
ˈe_ʝ	ʎ	1.4736550221815379
a	ʎ_ɐ	1.4314478367421803
#>	j_#>	1.2299494239009365
ˈe_β	β	1.1855918719826508
ˈu	ˈo	1.1006885426066009
w	w	1.0938584582765232
w	ˈɔ	1.0752365773982269
u	ɣ_ʊ	0.9156233007138953
ˈe	ˈɛ	0.7159955510249981
o	ʊ	0.28463995637708245
#>	ɪ_#>	-0.16296102615906288