Phone1	Phone2	PMI
ɡ	ɡ	7.53787596780735
ʧ	j_t	6.990828013457942
r	r	6.698955372775757
j_ˈe	ˈɛ	6.618625982401708
w_ˈe	ˈɔ	6.607587587275831
d	d	6.431945005899395
i	i	6.380557419252732
f	f	6.298988790846806
n_u	ŋ	6.159040232318291
ʃ	ʃ	6.088136268665607
o	o	5.97723141637143
ʝ	ɟ	5.961601489826586
ɣ	ɣ	5.843595115746676
ŋ	ŋ	5.817344590886669
ˈo	ˈo_w	5.690566493637456
ð	ð	5.663446470673208
β	β	5.503721114100719
ˈu	ˈu	5.409670632755221
p	p	5.380597134150325
θ	θ	5.352564954400166
b	b	5.327120010367766
w	w	5.268970299675129
m	m	5.189235228032136
ˈi	ˈi	5.167233789205095
k	k	5.159959125931672
ɲ	ɲ	5.051852140609578
l	l	4.9329264791655945
s	s	4.851563658375164
t	t	4.765889715792624
n	n	4.597618144340013
ʎ	l	4.579931848089328
ˈo	ˈo	4.34449618953486
e	e	4.236966040427163
ˈa	ˈɑ	4.200711111189578
ˈe	ˈe	4.144875813108132
ˈa	ˈa	4.0855820501417615
e	ɪ	4.013097383212153
ʎ	ʧ	3.8760496653001217
u	ʊ	3.76336527716423
a	ɐ	3.6324890862076935
t	w_t	3.6077724975526495
a	a	3.5772674161995965
ɾ	ɾ	3.552973927465644
ˈo	ˈɔ	3.432640552666166
n	ɲ	3.3559736146999537
j	j	3.3174334419623466
ˈo_n	ˈo	3.2322897075432766
ˈe_n	ˈe	3.079307190326457
ɲ	n	3.0220188523544755
u	u	2.727980839953143
f_w	f	2.726249358417866
ʃ	j_ʃ	2.70678867407391
θ_j	θ	2.4256510533058733
j	i	2.417938154744858
w_ˈe	ˈo	2.329894316794332
e_l	e	2.3235785784488017
b_e	b	2.3177954636022178
f_j	f	2.304996110852383
ʝ	ʃ	2.248346009544935
a	ɟ_ɐ	2.064595967080052
ˈe	ˈɛ	2.0492622453767217
ˈa_n	ˈa	1.989457429285833
o	ʊ	1.908627685343056
ˈu	ˈo	1.8873221220825669
u	ɣ_ʊ	1.5889278933464113
ˈa	ˈa_ð	1.5348104752832117
e	i	1.419884473834991
ˈe	ˈi	1.3834694282698234
b_j	b	1.327653666986126
ˈo	ˈo_ð	1.2772721466264196
k_w	k	1.2376691701712723
<#_ɡ	<#	1.143928936780696
n_a	ɐ	1.0017144206690731
l_ˈa	ˈa	0.9322197695982986
l_u	ʊ	0.856165353374665
u	ð_ʊ	0.8478021756048604
ˈe	j	0.6662468716840055
u	o	0.66266418746538
<#_a	<#	0.6399344689672729
<#	<#_a	0.571964468390348
ˈo	ˈu	0.523457880673478
l	ɾ	0.4844459961969328
ˈe	ˈɔ	0.3883725450603779
ˈe	ˈo	0.3197193410479004
#>	ɪ_#>	-0.4722076574713354