Phone1	Phone2	PMI
ɡ	ɡ	7.3383654079959255
j_ˈe	ˈɛ	7.044380877433229
ʧ	j_t	6.837572538549366
i	i	6.792290770392356
r	r	6.691536658450018
ʝ	ʎ	6.497481818132219
w_ˈe	ˈɔ	6.471869863106539
ʃ	ʃ	6.4383839147667805
d	d	6.407653889802522
n_u	ŋ	6.369388654471277
f	f	5.976671988061415
ɣ	ɣ	5.828678083056717
ð	ð	5.74745109656806
j	j	5.6939565888094466
ŋ	ŋ	5.565610945308916
ˈo	ˈo_w	5.552683206950026
ɲ	ɲ	5.44657897821665
ˈu	ˈu	5.441479313892901
p	p	5.424952096345502
θ	θ	5.4219514714427275
m	m	5.388795583071254
β	β	5.386572272079963
o	o	5.344448578188703
ˈi	ˈi	5.2854547863803125
b	b	5.26162691639488
k	k	5.23641093860702
l	l	5.007684440733552
ʎ	ʧ	4.9062600130837435
n	n	4.667034127042706
s	s	4.616334700548505
ʎ	l	4.549499974268001
t	t	4.523501865906758
ˈo_n	ˈo	4.411203243808909
ˈa	ˈɑ	4.326810756352195
ˈa	ˈa	4.224161201279557
e	e	4.2209901059352015
ˈe	ˈe	4.184668450733333
e	ɪ	4.013705424285227
ˈo	ˈo	4.013213695760461
u	ʊ	3.839430979031984
a	ɐ	3.8045034001144677
a	a	3.7724131144055
w	w	3.7311414868645554
l_u	ʊ	3.6072819531947466
ɾ	ɾ	3.4491853330092823
n	ɲ	3.4076800730443044
ˈo	ˈɔ	3.382393688904336
n_a	ɐ	3.1469087169130323
w_ˈe	ˈo	3.087827646785764
ʝ	ʃ	2.6549738392831688
ˈa	ˈa_ð	2.593282415949749
ɲ	n	2.3962204086862617
θ_j	θ	2.335519884927079
t	w_t	2.335266492120161
b_e	b	2.223663629526879
n_ˈi	ˈi	2.0754453864430955
ɾ_u	ʊ	1.9519018190978583
ˈe	ˈi	1.6702389275949785
ˈu	ˈo	1.4146836578774609
a	ʎ_ɐ	1.3343129527449575
ʃ	j_ʃ	1.3036764271906744
k_w	k	1.3031236627937985
o	ʊ	1.2722395607864265
e_l	e	1.2444226479330758
n_w	n	1.2258007670547795
f_j	f	1.2119115017277746
f_w	f	1.1918157667663172
ʧ	j	1.1319365821055387
j	i	1.1237682814357068
l	ɾ	1.0989979181090976
ˈe_n	ˈe	1.0450446349624012
ˈa_n	ˈa	1.0006945906380078
ˈe	ˈɛ	0.9849531907448799
u	ð_ʊ	0.961207502730475
ɾ	j_ɾ	0.9060073822467739
u	o	0.8993832412723924
u	ɣ_ʊ	0.8807453125452416
u	t_ʊ	0.8453531009618318
<#_ɡ	<#	0.6830074998557688
<#_a	<#	0.6339850002884625
e	i	0.6307427472705825
ˈe	ˈɔ	0.602075317928332
ˈo	ˈu	0.380391387592769
θ	s	0.301641938739341
ˈe	j	0.2656595526740545
ˈe	ˈo	0.11879568603472948
#>	ɪ_#>	-0.15097750043269376