Phone1	Phone2	PMI
ʧ	j_t	8.761247238865693
ɡ	ɡ	7.273026289253157
i	i	7.09200701766056
j_ˈe	ˈɛ	6.6128732467714775
n_u	ŋ	6.507903807771325
r	r	6.481418133116084
d	d	6.444888963693641
ʝ	ɟ	6.3816583892528875
ɣ	ɣ	6.318765079481009
w_ˈe	ˈɔ	6.3159459299385
ʃ	ʃ	6.236980660289262
f	f	5.986061695667353
ˈu	ˈu	5.783561761687199
ð	ð	5.777918712551189
ˈo	ˈo_w	5.763215490779749
ŋ	ŋ	5.745475310175814
ˈo_n	ˈo	5.727681526567543
ɲ	ɲ	5.685068474027329
w	w	5.63654572737778
β	β	5.5588180337561965
b	b	5.557453976061596
θ	θ	5.494167733854635
o	o	5.41967103903717
m	m	5.354582758571595
ˈi	ˈi	5.316894639407602
p	p	5.302714505600502
j	j	5.213265890812604
ʎ	ʧ	4.9391183353509565
b_e	b	4.905337002433135
k	k	4.811689039810253
l	l	4.770071154786963
ʎ	l	4.543125779040675
s	s	4.538403340134801
t	t	4.523670424822681
n	n	4.508879276024265
e	e	4.24279074219476
ˈe_r	r	4.18886121998748
ˈe_n	ˈe	4.17911092155099
ˈe	ˈe	4.178957357489249
e	ɪ	4.174082615894762
ˈa	ˈɑ	4.154520084680857
ˈo	ˈo	4.134113540921948
ˈa	ˈa	4.092889893405949
u	ʊ	3.766658147555765
a	ɐ	3.7390801037178125
a	a	3.6985129268006864
e_l	e	3.65800013276746
ˈo	ˈo_ð	3.5755774904352426
ɾ	ɾ	3.5058049242076046
n	ɲ	3.389557348320981
u	u	3.3880021506410567
n_ˈi	ˈi	3.321690665674554
ɲ	n	3.282662884436861
ʝ	ʃ	3.138981106707627
<#_ɡ	<#	3.0938073422402024
ˈo	ˈɔ	3.0915820062335126
j	i	3.02125716090131
ʃ	j_ʃ	2.8898269820011393
l_u	ʊ	2.757047217320671
d_j	d	2.6389315048084288
j	ˈɛ	2.57353954527213
<#_a	<#	2.5597378758690916
u	ð_ʊ	2.5285463506287504
t	w_t	2.3236710937257508
a	ɟ_ɐ	2.1435984955503296
ˈa_n	ˈa	2.0190824895480066
ɾ_u	ʊ	1.993595054563137
ˈe	ˈɛ	1.9863933798346416
ˈu	ˈo	1.7734967005792381
w	ˈo	1.6281670400286703
ˈe_ʝ	ɟ	1.4257202559767514
e	i	1.3812297986367783
ˈe	ˈi	1.3227355258772682
u	ɣ_ʊ	1.2993752357759
o	ʊ	1.2589538913627534
f_j	f	1.2081042304102496
w_ˈe	ˈo	1.1337954505099241
ˈe_l	l	1.1041846033411329
k_w	k	1.0763116139772628
n_a	ɐ	0.9888988528554943
u	o	0.9748600235974327
ɾ	j_ɾ	0.8945385319599879
n	ŋ	0.8916575637779327
ˈa	ˈa_ð	0.8480716325910997
l	ɾ	0.7061523635153907
ˈe	j	0.5675292614179592
ˈe	ˈo	0.11982816938314404