Phone1	Phone2	PMI
lʲː	ɖː	7.69296660114543
oː	o	6.974044558639422
ŋ	ŋ	6.775102268209523
ɔ	o	6.598495708649621
rː	rː	6.489044880337978
d	d	6.172847588165428
i	j	6.0820439747940185
ɡ	ɡ	6.026182290460984
k_t	t	5.82283088225888
m	m	5.523844411168415
p	p	5.3820908923175175
ˈuː	ˈu	5.376062052216235
f	f	5.362531333543444
ɪ	i	5.255957429483822
ˈʊ	ˈu	5.190228441393813
ˈoː	ˈo	5.169577539628479
l	l	5.074085882994295
w	b	4.975960683390548
ˈɪ	ˈi	4.568958976169489
a	a	4.561542702717583
ˈiː	ˈi	4.539593239499032
b	b	4.518882234794735
s	s	4.518343687157345
b	β	4.495594506539659
ˈɛ	ˈe	4.44529082385344
t	ð	4.415807235028306
t	t	4.381982826851104
<#_h	<#	4.347339304855436
ɫ	l	4.300075528323974
ˈɔ	ˈo	4.230902629699783
ˈa	ˈa	4.217705384065755
ˈaː	ˈa	4.154730618432089
n	n	4.126596610407299
ŋ	m	4.081895772985356
k	ɣ	4.079412935583876
ãː	ʣ_a	4.065924351241797
p	β	4.032303245151061
aː	a	4.019555810545105
ʊ	u	3.9388619918225856
tː	t	3.9084434107739954
k	k	3.887277344351318
ˈeː	ˈe	3.8600141123109752
s	z	3.858449772159405
ãː	a	3.824591506658837
ʊ̃ː	u	3.66821373533078
d	ɖ	3.654543072391978
#>	ŭ_#>	3.618893687031813
r	r	3.5536345134202194
#>	ŏ_#>	3.37580796235621
ɛ	e	3.343029461091675
kː	k	3.3096480528952017
r_n	rː	3.2571721981923805
ɛ̃ː	e	3.087765750914558
ʊ_ɫ	r	2.9100951999609417
t	ʦ	2.867903739290379
ʊ̃ː	β_u	2.7248305396345422
i_ãː	a	2.6128620153848843
<#	<#_i	2.4545019910210706
w_ɛ̃ː	e	2.3871696779468894
ɡ	b	2.2961073050220047
kʷ	k	2.2755678754607023
k_ʊ	k	2.1753164121250217
ɛ̃ː	e_n	2.036593306182984
eː	e	1.9476864549359048
ɛ̃	e	1.6731098900084875
ɡʷ	b	1.53279001635754
ɪ	ˈi	1.3123571868218755
ɫ	r	1.2536879116579966
s	z_ŏ	1.1634572629622284
s	z_ŭ	1.112597503505221
ˈɛ_k	ˈe	1.0349573158281415
iː	i	1.0264225092955583
s	i_s	0.9770362984297531
ɛ	i	0.9636574356501266
ʊ̃ː	u_z	0.8929162790291304
ʊ_s	u	0.8114748525712736
kʷ	b	0.763273965988535
d	ð	0.7144964197325386