Phone1	Phone2	PMI
ɡ	ɡ	7.707178043713538
d	d	5.94900070403879
f	f	5.848279058798073
ç	f	5.7927722636922905
p_t	t	5.656221976943519
ɲ	m	5.647516109475932
#>	ŏ_#>	5.322728249186722
n	n_u	5.092652279661843
k	ɣ_u	5.03388238376467
ʣ	d	4.986621867811599
r_n	rː	4.914146348855227
v	b	4.904410245499617
p	p	4.896131554410038
ʃ	s	4.861880627412381
ˈu	ˈu	4.85777939829651
ŋ	ŋ	4.722287023240373
b	b	4.695993453765366
m	m	4.652021280395134
l	l	4.565278915933799
s	s	4.520990935168182
r	l_u	4.504696186990827
ʦ	ɣ	4.479457054795197
ɡ	b	4.477454547137436
t	ð	4.431661230861941
t	t	4.358504514827791
ˈo	ˈo	4.3043010636666175
ˈi	ˈi	4.28763488521401
ˈɨ	ˈa	4.28738113984959
n	nː	4.211768201586017
o̯ˈa	ˈo	4.209969097435893
ʎ	ʣ	4.180134980368916
#>	s_#>	4.133245949338956
ˈa	ˈa	4.05139561563484
<#	<#_i	4.00873484969109
u	o	3.9949427285119827
a	a	3.9684052336662257
ˈe	ˈe	3.9018571916427054
w_ə	e	3.8435909001583073
ə	a	3.802651717519835
ʦ	k	3.7796755675639933
k	k	3.778799747638781
ʣ	b	3.750807997168035
e̯ˈa	ˈe	3.74454307307399
n	n	3.7165286400937445
o̯ˈa_m	ˈo	3.605933192095774
#>	ŭ_#>	3.4312909484735683
t	ð_u	3.3957331413404166
i	o_z	3.391456518767795
n	ɲ	3.332319203685455
e̯ˈa	ˈi	3.3019660059555753
u	u_z	3.261861887149665
p	β	3.1949970509879977
r	r	3.1188123056778827
j	j	3.078179597027923
i	e	3.0504388620192713
u	u	2.9706866764249984
ˈi	ˈe	2.952864543417763
ˈe	ˈi	2.932783215355654
e	e	2.80355558258175
k	ɣ	2.789953672610655
ʎ	ʣ_u	2.7361098886494104
ˈu	ˈo	2.6984344814282015
<#_j	<#	2.678872059411997
ʎ	r	2.6409559723270117
<#_a	<#	2.519797142882227
#>	ă_#>	2.2875272989823787
i	i	2.245861635208352
m	m_i	2.046721751838018
o̯ˈa_p	ˈo	1.7141358695386155
l	r	1.6331285823992505
w	β_u	1.6220109854542688
ˈa	ˈe	1.4763735798233104
w	u	1.4744823857467244
k	p	1.1848942663082775
r	rː	1.0916933293794577
e	a	1.0902031702365191
t	k	1.067205729818484
ˈi_ʎ	ˈi	1.0179254055520937
l	ɖː	1.002763884156105
r	l	0.9856348236478724
ˈa_l	ˈa	0.8841289011736004
ə	i	0.8521554902478831
m	n	0.7135695237266754
<#	<#_a	0.6548066809566102
ʎ	l	0.5716625222089297
a	ˈa	0.44995907646891914
ˈa	ˈo	0.07500428248848476
ə	u	0.06579138198432267
#>	u_#>	-1.3452009816384844
i	a	-0.21181343693200624
ə	e	-0.20198871847798272