Phone1	Phone2	PMI
ɡ	ɡ	8.19725418933663
p_t	t	7.153836637954481
d	d	6.655372503546655
f	f	6.49821152872555
ç	f	6.34269001299284
n	n_u	6.144211274854947
ɲ	m	6.066363493053969
k	ɣ_u	6.004066221404702
r_n	rː	5.759365418929196
r	l_u	5.534745329945439
ˈu	ˈu	5.440789197320291
w_ə	e	5.3942786446959765
p	p	5.389063169142498
v	b	5.377373872055083
ʃ	s	5.301901932445012
b	b	5.199357699009842
m	m	5.164063556873985
ŋ	ŋ	5.036459059061454
s	s	5.023705543428646
l	l	5.016028425534635
ˈo	ˈo	4.948469553714359
ʦ	ɣ	4.9367380533960645
t	ð	4.903711702933273
o̯ˈa_m	ˈo	4.878389158164346
ˈɨ	ˈa	4.845473286688712
<#_a	<#	4.8223684886169265
t	t	4.768191631115108
ʎ	ʣ	4.7593303784618115
o̯ˈa	ˈo	4.746726074970524
ˈi	ˈi	4.73102322319986
n	nː	4.635017126777758
a	a	4.630266327129883
ʣ	b	4.578183864954883
u	o	4.541276096213079
ʣ	d	4.538688394062749
<#_j	<#	4.498299552612382
ˈa	ˈa	4.461945471760063
ˈe	ˈe	4.371100649377758
ə	a	4.352108029528863
ʦ	k	4.281760073286207
e̯ˈa	ˈe	4.22464664635966
n	n	4.219179606146111
k	k	4.208809006868215
<#	<#_i	4.150952934603517
t	ð_u	4.020128972375536
ɡ	b	3.9924150935773963
u	u_z	3.863579918259858
e̯ˈa	ˈi	3.7681119132098733
n	ɲ	3.755506808170815
p	β	3.69292467972145
ˈa_l	ˈa	3.6821871882053303
r	r	3.603593561673365
i	e	3.540773756347057
#>	ŏ_#>	3.4817009140622743
u	u	3.4322172319187882
ˈi	ˈe	3.4077959809748695
ˈe	ˈi	3.360568302309347
i	o_z	3.3141120405241944
e	e	3.2900552863868895
k	ɣ	3.263036560005851
ʎ	ʣ_u	3.2571118509077097
ʎ	r	3.215260587576409
j	j	3.2138084535141567
ˈu	ˈo	3.1556258171135076
i	i	2.724379991379681
#>	ŭ_#>	2.61459596603268
#>	s_#>	2.56440734494375
m	m_i	2.4442752354487336
o̯ˈa_p	ˈo	2.3288341535246313
#>	u_#>	2.0837059926289934
l	r	2.071533699005907
ˈa	ˈe	1.9732786645234164
w	β_u	1.8231270090415967
n_ʣ	ŋ	1.8008392155614754
k	p	1.767324893901673
#>	ă_#>	1.7273270162986125
t	k	1.58778284464463
r	l	1.4826615053897185
ˈi_ʎ	ˈi	1.3181134002413024
r	rː	1.2998716876039422
j	b	1.186694987961834
e	a	1.143105044886879
l	ɖː	1.0972678020492777
m	n	1.0461008753070322
ə	u	0.8517900600527039
<#	<#_a	0.7750132124957874
ə	i	0.5636790850238954
ʦ	t	0.540135124043082
i	a	0.33976489366737905
ˈa	ˈo	0.182235436600169
ə	e	0.021755747979546335
i	u	-0.11952174405325108