Phone1	Phone2	PMI
ɡ	ɡ	6.863345204240564
r_n	rː	6.399029945934907
ŋ	ŋ	6.1416599126751406
f	f	5.981234478760453
p_t	t	5.852875063954984
d	d	5.822837848069978
ç	f	5.5871839474392635
ɲ	m	5.433209474371604
b	b	5.105780653606066
n	n_u	5.076855162262881
ʃ	s	5.028119768786175
v	b	4.945060096166767
m	m	4.932550629809869
ʣ	ɡ	4.881339261921671
j	j	4.76080194497509
ˈu	ˈu	4.747578695931237
k	ɣ_u	4.741339864663648
p	p	4.736719773077891
r	l_u	4.604714165892807
s	s	4.565174314225072
t	ð_u	4.561639370407804
#>	ă_#>	4.5252987886788825
l	l	4.457583792225033
ˈo	ˈo	4.433303255852979
#>	ŏ_#>	4.412216290265426
p	β	4.354123546433221
ˈi	ˈi	4.27074415551616
t	ð	4.270165485104344
t	t	4.267166942209249
ʦ	ɣ	4.255863023984611
o̯ˈa	ˈo	4.139189392807633
ˈɨ	ˈa	4.131805740822085
#>	s_#>	4.095929092374549
ˈe	ˈe	4.0920607038407715
u	o	3.9976230452966597
ˈa	ˈa	3.9680102124736796
ə	a	3.902514067677145
a	a	3.8784693407534525
e̯ˈa	ˈe	3.8754034503244434
ɡ	b	3.829095319523851
ʦ	k	3.8143994997276196
n	n	3.67676810990684
<#	<#_i	3.649454722649698
k	k	3.477326476835674
e̯ˈa	ˈi	3.4276514362458412
n	nː	3.3251187322088294
ˈa	r_ˈa	3.2690170272126333
m	m_i	3.2193675171315634
ˈi_ʎ	ˈi	3.1747507749144686
ˈi	ˈe	3.1061343417115914
r	r	3.077814156479736
i	e	3.041154825856152
ʎ	r	2.9836649033044575
u	u	2.9757651547395008
ˈu	ˈo	2.837310622947471
ʣ	d	2.7428334239267054
k	ɣ	2.708487169355072
o̯ˈa_m	ˈo	2.691300741793082
i	o_z	2.5494975655343746
<#_a	<#	2.5358184080853796
n	ɲː	2.5353253600211723
e	e	2.382026546543069
ˈe	ˈi	2.3456754059572007
w_ə	e	2.3020110183008233
#>	ŭ_#>	2.2626493943394412
i	i	2.1708489423623036
u	u_z	2.128287747608869
<#_j	<#	2.0631463381571833
n	ŋ	1.9265667356963885
l	r	1.8776777441240593
e	a	1.8679859040962057
ʎ	ʣ	1.8598245474043316
w	β_u	1.7340385040010122
o̯ˈa_p	ˈo	1.6925919262200053
k	p	1.422651363285378
t	k	1.3660681212217396
ˈa	ˈe	1.3571770332762256
ʎ	ʣ_u	1.3035691453457086
r	rː	1.1998428624572872
r	l	1.1781987801786438
s	i_s	1.174043425662611
ə	i	0.9919283887491834
m	n	0.7930662488739773
i	ĕ	0.5348073472535673
ə	u	0.3897247215904808
i	a	0.25265360953129923
ˈa	ˈo	0.13549859148318041
#>	u_#>	-1.6306120932202242
ə	e	-0.10005530378046032