Phone1	Phone2	PMI
r_n	rː	8.00809787175819
j	j	6.022009955752056
f	f	5.947539254909994
d	d	5.893464863518899
p_t	t	5.718747579029863
t	ð_u	5.6681700282506275
ɲ	m	5.4861954066296255
v	b	5.191581771013213
ʃ	s	5.148721324133548
b	b	5.106179742824229
ç	f	5.061961247390452
ʣ	ɡ	4.988197932699488
n	n_u	4.902111952026136
k	ɣ_u	4.874185980798014
ˈu	ˈu	4.873078532915227
p	p	4.8322589842460095
ɡ	ɡ	4.8140615510298606
s	s	4.730449245573179
m	m	4.681055902949842
r	l_u	4.629130539466776
l	l	4.503578510874836
o̯ˈa_m	ˈo	4.491149902674804
#>	ŏ_#>	4.407120670364844
ˈo	ˈo	4.396463724278638
ʦ	ɣ	4.3663268401582
t	t	4.2583980581693766
ˈi	ˈi	4.227252576895201
t	ð	4.191337654158753
ˈɨ	ˈa	4.09869138132427
#>	s_#>	4.092107377449113
o̯ˈa	ˈo	4.08185746665382
n	ɲː	4.0673929751221936
ʎ	ʣ_u	4.005908067108315
e̯ˈa	ˈe	3.9982830565434195
n	nː	3.984385475266425
ˈe	ˈe	3.942968881744153
ˈa	ˈa	3.925385373516811
ə	a	3.910432881825094
u	o	3.9027144355608
a	a	3.893005197242385
ʦ	k	3.882578157671682
k	k	3.638342174752957
ʎ	ʣ	3.5566464332683747
n	n	3.519826507525446
w	β_u	3.4637471180965598
p	β	3.4336578636131425
e̯ˈa	ˈi	3.425084596104491
#>	ă_#>	3.3901523765837247
m	m_i	3.138037721473048
r	r	3.133854394226881
ˈe	ˈi	3.0948913183489255
ŋ	ŋ	3.0379888813269353
ˈi	ˈe	3.0309221087174647
i	e	2.969463104295194
u	u	2.885886253441948
<#	<#_i	2.8826337868903855
ˈu	ˈo	2.86953868237662
k	ɣ	2.865665439873598
ʣ	d	2.851196552400153
ʎ	r	2.753873928513906
n	ŋ	2.599649581804366
i	o_z	2.5475732420645083
ɡ	b	2.5220781191972512
<#_a	<#	2.4006776452547074
s	i_s	2.390340622286293
w_ə	e	2.301250881319209
#>	ŭ_#>	2.26010158438915
u	u_z	2.2018127307752184
i	i	2.1279543953779863
l	r	1.7561720181744112
o̯ˈa_p	ˈo	1.6930563198160402
e	a	1.6531773626214195
ˈa	r_ˈa	1.575389595997285
r	rː	1.4753220872746646
ˈa	ˈe	1.4331812502196326
e	e	1.3493219374982004
k	p	1.2301543327964741
ə	i	1.1541471467916185
t	k	1.131030741129289
ˈi_ʎ	ˈi	1.0613179877169965
j	o	1.0197157033723019
j	ˈe	1.0177288167014371
j	b	0.9308437584634136
r	l	0.9294518087725008
i	ʣ_a	0.8931186819427477
ə	u	0.8841029894025305
<#_j	<#	0.8705291090561854
m	n	0.7596832363888981
w	u	0.7176415809872488
i	ĕ	0.6881656194208435
i	a	0.2209988390011338
ˈa	ˈo	0.18868118637405323
#>	u_#>	-1.7259385866305306
<#	<#_b	-0.21764273167171252
ə	e	-0.03284410068837701