Phone1	Phone2	PMI
ɡ	ɡ	6.828044235865742
r_n	rː	6.312621686616686
j	j	6.131149186952599
ŋ	ŋ	6.016440019473291
f	f	5.864072510327732
d	d	5.815895689408231
p_t	t	5.770135764842473
t	ð_u	5.685722887442143
ɲ	m	5.605987964684062
ç	f	5.557573494162328
v	b	5.11026789067824
ʃ	s	5.051781269703454
b	b	5.048782185639791
n	n_u	4.99157143526731
m	m	4.876769075679918
p	p	4.81295095320639
k	ɣ_u	4.811796300084806
ʣ	ɡ	4.750290099587918
ˈu	ˈu	4.730960092964022
r	l_u	4.551537734612361
#>	ă_#>	4.530372010177944
s	s	4.469687222360407
o̯ˈa_m	ˈo	4.4357764489052425
l	l	4.430185549275481
ˈo	ˈo	4.390629870461071
ˈi	ˈi	4.338939062096269
ʦ	ɣ	4.331812142448919
#>	ŏ_#>	4.3002970116202555
t	t	4.267188379005897
t	ð	4.211117315786593
n	ɲː	4.156714173720333
ˈɨ	ˈa	4.1172765078301055
e̯ˈa	ˈe	4.054130513275686
ˈa	ˈa	4.005351239782344
o̯ˈa	ˈo	3.99851201972158
u	o	3.9620925615910214
ˈe	ˈe	3.9481296994212203
ʦ	k	3.8461837203619504
ə	a	3.829395382081328
a	a	3.7142762110532357
n	n	3.6173643514860387
k	k	3.590703766408769
i	o_z	3.4951369153882443
ɡ	b	3.4521729918881223
p	β	3.435507948632734
e̯ˈa	ˈi	3.3260113232755053
m	m_i	3.2983290010550275
n	nː	3.2727422319688957
<#	<#_i	3.1372811125573183
i	e	3.09653563583401
ˈe	ˈi	3.0951282603595387
ˈi	ˈe	3.0855119376868725
r	r	3.0482682366617864
ʎ	r	3.019284663175279
ʣ	d	2.9789886085473034
u	u	2.9512294508413315
k	ɣ	2.869822221262395
ˈu	ˈo	2.7534212843153947
#>	s_#>	2.733156005665897
<#_a	<#	2.560781815837503
ˈa	r_ˈa	2.4037227900338896
#>	ŭ_#>	2.265186005088972
i	i	2.211599848058022
u	u_z	2.151783365066176
e	a	2.1495419072744038
<#_j	<#	2.068219559656245
ˈi_ʎ	ˈi	2.0588831591476033
e	e	2.0218948699007626
l	r	1.9570304222102273
n	ŋ	1.8085939937345923
ʎ	ʣ	1.8035869447927104
w	β_u	1.7683080963333293
ˈa	ˈe	1.727107379801577
o̯ˈa_p	ˈo	1.662128282637584
w_ə	e	1.5804921581715021
k	p	1.5563469564086971
ʎ	ʣ_u	1.2803875601519852
t	k	1.1651874569556175
j	z	1.1648439142807838
r	l	1.1550598478530993
r	rː	1.0566266479186992
s	i_s	1.0529436029635588
m	n	0.9827193351805573
w	u	0.8150695786344946
ə	u	0.7550040099330404
ə	i	0.6806604055430822
ʎ	l	0.5589434797794011
a	ˈa	0.505146745346405
i	a	0.2166094194766705
ˈa	ˈo	0.1126971401662552
#>	u_#>	-1.7517565504694559
ə	e	-0.1219204836814985