Phone1	Phone2	PMI
d	d	6.082140887280203
f	f	5.634588049291867
n	n_u	5.166048170402693
ʃ	s	5.159662215586713
p	p	4.970347161370737
m	m	4.932363485446053
ˈo	ˈo	4.715797754835685
r	l_u	4.660824869309332
b	b	4.61768454813658
o̯ˈa	ˈo	4.585828377800701
t	t	4.575833937238209
ˈu	ˈu	4.513552061973549
s	s	4.495756127267391
p_t	t	4.454942444443716
l	l	4.371876772671432
ˈɨ	ˈa	4.229722907243063
ˈi	ˈi	4.215562006751215
ʦ	ɣ	4.166684199660532
ç	f	4.094127556860212
ə	a	3.9949013478279447
u	o	3.965419146490962
ˈa	ˈa	3.951921620263734
v	b	3.938540081815709
ŋ	ŋ	3.912423738281449
t	ð	3.805989855084668
k	k	3.678068903250673
n	n	3.661822433517893
p	β	3.6589315240693465
e̯ˈa	ˈe	3.639376021881564
ɡ	ɡ	3.623586969293776
ˈi	ˈe	3.370083386272252
ʎ	r	3.2454215445153687
ˈe	ˈe	3.220254993983385
u	u	3.106417950049112
r	r	3.105523759620291
ɲ	m	3.039836849086109
#>	ŏ_#>	3.0317810972207746
r_n	rː	3.01040552580692
k	ɣ_u	2.996155412678986
ˈe	ˈi	2.9851572022318416
i	e	2.9626964473460093
ɡ	b	2.855107713302073
ˈu	ˈo	2.808219489957714
k	ɣ	2.6874770396724057
e̯ˈa	ˈi	2.6272814502377315
<#	<#_i	2.614504793794357
ʣ	ɡ	2.537709878769535
i	o_z	2.486819593295304
ʦ	k	2.289702035247361
#>	ă_#>	2.275222397474104
#>	ŭ_#>	2.275222397474104
a	a	2.226366683685893
i	i	2.180321227617804
u	u_z	2.112268030854624
<#_a	<#	2.042064059566544
l	r	1.7830103818063905
e	e	1.6937006694830226
n	nː	1.6083108989914896
#>	s_#>	1.3715961990255143
<#_j	<#	1.3284748832117086
t	ð_u	1.2270883798748309
n	ŋ	1.2140173955746385
r	l	1.2103454666156026
r	e_r	1.181822395125175
s	i_s	1.1615227560744408
l	ɖː	1.0867948083635257
ʎ	ʣ	1.0030368815355355
m	m_i	1.0010283289918198
ʣ	d	0.9925853134179884
ˈa	ˈe	0.9638368417860872
ʣ	b	0.9520741017297704
t	k	0.9355642406874608
ˈi_ʎ	ˈi	0.9079833352420524
ˈa	r_ˈa	0.8319785331915901
i	ʣ_a	0.8279476742956419
e	a	0.775607533900686
n	ɲː	0.7659780537301066
r	rː	0.7293836887492796
o̯ˈa_m	ˈo	0.6951478841257582
w_ə	e	0.6872109783800602
i	k_e	0.681389820088688
i	ĕ	0.6289352588587751
k	p	0.6008914221274863
w	u	0.3928208097304109
w	e	0.3928208097304109
ə	u	0.3200443338403747
m	n	0.2643694288114676
i	a	0.1062992814451022
#>	u_#>	-2.209219637788248