Phone1	Phone2	PMI
b	b	5.840728282680591
o̯ˈa	ɥ	5.434488550523005
p	p	5.252304348538791
d	d	5.168209624531051
n_ə	n	5.15407712174977
t	t	5.042403890029739
m	m	4.7885182507406645
f	f	4.704549633544541
ɡ	ɡ	4.660099438289501
ˈu	y	4.627787073146762
e_#>	#>	4.606574504185391
n	n	4.578920727069811
j_#>	#>	4.290560899467439
v	v	4.285206766947881
t_i	t	4.057499944209007
ˈi	i	4.045102029807076
s	s	4.010354448257436
k	k	3.953978015729816
k	ʃ	3.8924923106913663
ʦ	s	3.794170449180723
ˈu	u	3.761757352808296
l	l	3.695217965768185
j	v	3.664007688108653
ˈo	ɔ	3.645665231329169
u	ɔ	3.640785735653096
k_ə	ʃ	3.580978818796628
ˈa	ɛ	3.389449035160755
r_i	ʁ	3.322295362667856
ʎ	l	3.312428974593904
r_ə	ʁ	3.202389193737724
ˈi_n	ɛ̃	3.020098118362712
m_ə	m	2.918870930424596
ʣ	d	2.871162720797352
e̯ˈa	ɛ	2.8280448378280423
i	e	2.6229690975670428
u	u	2.61382673968634
ʃ	s	2.544922225343967
r	ʁ	2.454928025385575
ʣ	ʒ	2.4175470315763503
ə	a	2.245713147312143
ˈa	a	2.1699900173697526
e̯ˈa_r	w	1.974352251400301
ɲ	m	1.8994968003455872
i	a	1.8692138778293348
i_r_i	ʁ	1.842914604310519
ç	f	1.7462296889639837
u_#>	#>	1.731650950238406
i	a_ʁ	1.5863928095835018
ʎ	j	1.5805996840210788
ˈu	ɔ̃	1.5191291290221915
l	o	1.5095804129759542
e̯ˈa	a	1.4596720085368573
ˈi_n	ɑ̃	1.4557053254440115
ˈo	œ	1.3983955561740282
r_i	e	1.355326402557651
ˈe	a	1.3224733909743145
ˈu_n	ɔ̃	1.321954656266764
<#_a	<#	1.275958541866927
ˈe	j_ɛ	1.2277491105976537
ˈi	a	1.161000859006408
r	l	1.15778475515841
ʤ	ʒ	1.1177201761597544
ˈa_r	e	1.1174095260163832
ˈo	ø	1.0405419454358888
ˈe	w_a	1.0113166555429292
k_#>	#>	0.9430208018472336
ˈi	ɑ̃	0.940996077907909
i	i	0.903406437749137
ˈe	w	0.8518841890967609
ə	ɛ	0.8303904378576503
n	ɑ̃	0.8228137389463649
ˈo	u	0.6997291695356063
ʦ	k	0.6518159444696285
ʦ	w	0.6484694864249728
e̯ˈa	w_a	0.6357587915900055
r_u	ʁ	0.6271287392732372
ˈe	ɛ	0.6236343637161773
e̯ˈa	w	0.5999442569693725
p	v	0.5932555705147377
ˈu	w	0.5621374920913692
i_#>	#>	-1.7283866015421798
ə_#>	#>	-0.3843087311993258