Phone1	Phone2	PMI
ɲː	ɲ	7.294893508002515
w_ˈɔ	ˈøː	6.728776033510745
ˈa_r	ˈaː	6.501959034658289
w	w	6.453437288575789
b	b	6.369665449533288
ˈa_l	ˈaː	6.309358550846
ʤ	z	6.057875663118813
ʎː	ʤ	6.021830226728168
f	f	5.789688064719219
d	d	5.725726161221359
ˈu	ˈy	5.66503231009781
j	ʤ	5.663314911578946
ˈi	ˈi	5.647095516630322
i	i	5.521042926454304
ˈu	ˈyː	5.4990173103862725
ɡ	ɡ	5.341131596466823
m	m	5.273067161910371
ˈɔ	ˈɔː	5.27135882678106
ˈɔ	ˈɔ	5.237373826492597
j	ʧ	5.223530918772563
e_r	j	5.213958335879916
n_o	ŋ	5.172203976894355
ˈi	ˈiː	5.128597669159114
lː	l	5.128558865181978
ʧ	ʒ	5.086791558339415
ˈe	ˈe_j	4.996126728234913
ˈo	ˈuː	4.991184832954935
n_e	ŋ	4.949721841137865
v	v	4.9245191519830325
p	p	4.85623787353519
l	l	4.842283472906479
ˈo	ˈu	4.714946795082
nː	n	4.696742176823001
t	t	4.615009934746466
ˈe	ˈe	4.584489361988456
kː	k	4.532442355947426
ˈɛ	ˈeː	4.455677353083241
ˈo_l	ˈuː	4.444565217788957
tː	t	4.436055709256223
ˈa	ˈa	4.379839980779299
r	r	4.3771589532703565
ˈɔ_kː	ˈø	4.281904380111199
k	k	4.264042293104343
e	e	4.226971997141198
r_o	u	4.217146679977333
ˈi_r	ˈiː	4.1765202699934525
s	s	4.171136603372469
ŋ	ŋ	4.1576022937049855
n	n	4.100615618192483
ʃː	ʃ	4.084059193226971
e_r	e	4.011289307812293
ˈɛ	ˈɛː	3.870517325781693
w_ˈɔ	ˈu	3.8200744895360703
a	a	3.674018638553749
o	u	3.673790776977352
ˈɛ	ˈe	3.487505208028577
ʤ	ʤ	3.4263273741350977
n	ŋ	3.3686150570195155
ˈɔ	ˈø	3.284232960743114
ˈa	ˈɛː	3.208880916124905
ˈa	ˈaː	3.1867040572345124
ˈɔ	ˈøː	3.174767080527995
ˈu	ˈu	3.045096999125881
ʧ	s	2.9918609962205944
o_r	w	2.774878403277693
sː	ʃ	2.7394304819199
k	ɡ	2.592109762202825
ˈɛ	ˈɛ	2.568303222686138
j_ˈɛ	ˈeː	2.564069211253119
ʤː	z	2.4726934453291687
p	v	2.4682894801450885
i	e	2.431759411088035
z	z	2.3014537407260143
o	o	2.276677413308214
ʧː	s	1.805844281365086
p_j	ʧ	1.6732412334728952
sː	s	1.5673152657766063
r	j	1.5387786479630643
l	r	1.5377287072012331
ˈo	w	1.427786590542522
kː_j	ʤ	1.3704420375994926
b_w	b	1.3590353613472377
p_j	p	1.120506345758758
ˈe	ˈeː	1.0967835496540552
e	j	0.9925018187918804
l_a	a	0.863535303085117
i	ˈeː	0.6102036406769356
m	ŋ	0.5615769094976454
ˈɔ	ˈu	0.5501582611203875
e_#>	#>	-0.095985319917011