Phone1	Phone2	PMI
w	w	7.810242979480926
i	i	7.457482623653222
ʧ_e	z	6.726911544245437
c	ʧ	6.715662162398859
u	u	6.159562509908599
ɟ	ð	6.06308003843016
b	b	5.773585942791215
c_u	ʧ	5.662955695886774
ɲ	ɲ	5.64224982783903
ʧ	θ	5.584074665915684
p_u	p	5.503032218051678
n_u	ŋ	5.49134874916649
ˈi	ˈe	5.463286968137509
m_e	m	5.451673365420265
ˈu	ˈo	5.412082597827046
k_u	ɡ	5.338091057519468
f	f	5.324201925057885
ˈɛ	ˈa_j	5.315064492557228
n_e	ŋ	5.266246881746329
ɡ	ɡ	5.241539024866747
lː_u	l	5.175376111789647
j	j	5.101520378902083
t_u	t	5.019679366272437
d	d	5.008040368381056
v	v	4.980270836470628
m	m	4.943986110599576
e	e	4.93503701514474
p	p	4.8857518356877145
ˈu	ˈuː	4.8781556716338805
ˈɛ	ˈæ	4.810317673959959
ɟ	ʤ	4.770979863680242
t_e	t	4.640720574465206
ʧː	θ	4.636486518018919
s	s	4.616125415416131
lː	l	4.604701605863797
k	k	4.516583176215118
ˈi	ˈiː	4.366076760883954
l_u	l	4.361418445758274
n	n	4.301448406638293
ˈo	ˈʌu̯	4.245515982233177
l	l	4.204772196204608
ŋ	ŋ	4.199937207892062
ˈɔ	ˈʌ	4.186330684425156
ˈo	ˈɔ	4.16093483371074
ˈa	ˈɛ_r	4.0354913255476745
ˈɔ	ˈɔ	4.0337135760140015
ˈɔ	ˈɔː	4.026979571236074
v_u	v	3.8985865261189367
ˈo	ˈɔː	3.892715123894364
tː_u	t	3.8478515108925766
a	a	3.84404478500854
t	t	3.831942718583741
ˈɔ	ˈʌu̯	3.781395089682024
tː	t	3.767100760276112
ˈa	ˈaː	3.650066206034712
k_u	k	3.457895153473097
kː	k	3.451091693641132
ˈe	ˈɛ	3.3383761751514616
r	r	3.2666716750602003
ɲ_u	ɲ	3.1878634471742915
n	ŋ	3.181957256797084
l_e	l	3.170219216697453
v_e	v	3.147626527838484
sː_u	s	3.1371990031714487
ˈɛ	ˈa	3.1269896625621425
r	r_e	2.7546730302258045
ʎ	j	2.728673212628389
t	d	2.694203861862366
ʃ	s	2.641530276787199
ˈa	ˈa	2.5813148388800062
ˈe	ˈɛː	2.5659111075901526
ˈɛ	ˈiː	2.533254998488885
ˈa	ˈɛ	2.5251687436488286
ˈo	ˈʌ	2.4867677081981
p	v	2.3845405310720875
ˈɔ	ˈuː	2.3539275700874285
ˈo	ˈuː	2.314340261254453
ˈe	ˈa	2.311059925154847
e	ˈiː_r	2.268661179470188
ˈɔ	ˈo	2.2345828610505483
tː_e	t	1.90293497111394
ˈɛ	ˈɛ	1.79044039981402
r	e_r	1.7405951646475248
k	ɡ	1.3960305525596597
ˈe	ˈiː	1.3098641898074423
n	ŋ_n	1.0197217636687017
d_u	d	1.0061771981448118
r_e	r	0.9243558108907212
r_u	r	0.8116578747466884
u	e	0.8007672871872991
ˈɔ	u	0.5340279120251779
e	a	0.2637926954577878
#>	r_#>	0.24816075630528
u_#>	#>	-0.7064673971613694
e_#>	#>	-0.2763474239272079