Phone1	Phone2	PMI
x	ʧ	6.351770817952693
ɲ	ɲ	6.066576456943516
m_b	m	6.049884149995895
ɣ	ɡ	5.663027666840684
j_ˈe	ˈɛ	5.553416485876617
ˈu	ˈu	5.546109904310231
n_o	ŋ	5.458286604608776
m	m	5.394529913382556
θ	z_e	5.374557941919654
ɡ	ɡ	5.314855403877761
w	w	5.290346785211893
j	j	5.121481474582474
p	p	5.095521991723473
ˈi	ˈi	5.062683252848174
l	ɰ	4.953453199585828
d	d	4.873526665129133
w_ˈe	ˈɔ	4.870386355905827
β	v	4.857322198654095
b	b	4.854889156750036
l	l	4.618452187427991
j_ˈe	ˈe	4.551485627473885
k	k	4.539725663561252
t	t	4.427443555463267
ʧ	t	4.388905118039061
b	v	4.34269747713586
s	s	4.21439947554169
ˈa	ˈa	4.123614771901866
w_ˈe	ˈo	4.123461392118665
ˈe	ˈe	4.118394649076871
ð	d	4.026480562094685
f	f	4.014431599901377
e	e	3.984750145539561
n	n	3.8877641638980234
ˈo	ˈo	3.73051348812653
ˈo	ˈɔ	3.6781012390219456
a	a	3.653023818187112
ŋ	ŋ	3.651974448716659
ɾ	r	3.627758598333101
x	z	3.576590427758091
ˈu	ˈo	3.5687859596271023
ˈe	ˈɛ	3.557919254806914
θ	s	3.555946970291797
ɲ	n	3.5124163997369027
o	o	3.502157269421195
n	ŋ	3.486386695794763
r	r	3.473735936324319
β	b	3.319227671106028
ð	t	3.178144202643601
j	ˈi	3.033593838631756
<#_e	<#	2.9635639972513474
o_s	i	2.852062792600522
ˈo	ˈu	2.8341536017933797
ˈa_ð	ˈa	2.8012228429929595
θ	z	2.776739440593197
s_#>	#>	2.6656292204831247
ʝ_o	o	2.5825682442907407
ˈe_ʝ	ˈe	2.2796222769510432
ˈe_ɣ	ɡ	2.2182510533301736
<#	<#_f	2.165056208614272
<#	<#_z	2.152094434656282
<#_ɟ͡ʝ	<#	2.1469291112110365
ɾ	a_r	2.104547515266606
e	i	1.8225392894061008
ŋ	w	1.4928633243467473
w	ˈo	1.390337528315767
ˈe	e	1.317531871500777
f_w	f	1.3148813431541284
b_w	b	1.3080659629733211
s	z	1.3041733557821555
ɟ͡ʝ	j	1.2224551034447084
l	j	1.1854252927212123
k_w	k	1.1816123198734183
<#_l	<#	1.1390911509839536
b_j	v	1.1339225663623145
l_ˈe	ˈe	1.1178478830695104
n_w	n	1.0379665135564944
e_s	s	1.023260706472101
ð_ɾ	r	0.7190942738118131
e	o	0.6811563087074705
j	e	0.6060814687763492
m	ŋ	0.513321225123337
o	i	0.4962223432913222
ˈe	ˈɔ	0.4157893345951781
ˈe	ˈo	0.3270680043000551
#>	e_#>	-0.247276345347304
e	a	-0.0131008649589918