Phone1	Phone2	PMI
ŋ	ŋ	7.342474092909335
c	k_ʎ	6.7129117471093664
b	b	6.613757095189505
f	f	6.239439258796476
d	d	6.1547549256657055
ʧ	ʦ	5.8684592230879495
tː	p_t	5.864065422122532
v	v	5.506977579182713
ɡ	ɡ	5.441171018463634
ˈe	ˈe	5.074438133020617
ˈi	ˈi	4.940712894725498
k_u	k	4.9373098254911385
ˈo	ˈo	4.871183864935022
s	s	4.824192213225959
p	p	4.6283470104203595
l	l	4.583632029525504
m	m	4.543601223361572
o	u	4.3763658439867825
ʎ	ʎ	4.359744760643952
i	i	4.280220058172416
u	u	4.268752277667861
ˈu	ˈu	4.157829911858953
n_u	n	3.998115465958243
ˈa	ˈa	3.984208133303601
a	ə	3.869713945051412
k	k	3.86855500527189
j	l	3.8313463101176053
t	t	3.774639811409996
ˈɔ	o̯ˈa	3.756927824778911
ɟ	z	3.739561086039018
ˈɛ	e̯ˈa	3.689537104653592
r	r	3.591884444251701
t	ʦ	3.5547411845660397
ˈɔ	ˈu	3.5500846817113283
p_u	p	3.5247188246063996
e	i	3.3768112253268128
n	n	3.265610920304727
ˈɛ	ˈe	3.2218927242079896
ˈa	ˈɔ	3.199502160440546
t_u	t	3.1817871801678446
n_a	n	3.104927128588766
lː_u	l	3.103636563830203
kː	k	3.0962252533075434
l_u	r	3.0669788314519817
j	w	2.9222905888308053
ˈɔ	ˈo	2.912911372649061
ɟ	ʒ	2.911422421368834
ˈɛ	ˈi	2.8545924706645653
ˈo	o̯ˈa	2.8510883176993516
ˈu	ˈo	2.7362987468628446
z	s	2.594098455973324
t_r	t	2.4374112258799014
e	r_i	2.3619778399576745
ˈa	ˈɔ_j	2.1774944299884487
v	w	2.1548277521781194
<#	<#_w	2.127581021463176
u	i	2.1258288798186395
k	ʦ	2.0708133589718547
tː	t	2.0348315239004133
f_ˈi	ˈi	1.9053876458158217
e	ə	1.8545232815412098
e	w_ə	1.7602569213478447
ɡ	m	1.5500122373061904
<#	<#_j	1.4183873476421172
ˈɛ	ˈa	1.1071711755695783
j	j	1.0676676658426523
p_ˈe	p	1.0331202661487482
tː_u	t	0.9746841158500861
k_a	k	0.9388901803076136
sː_u	s	0.8760139231408107
#>	r_#>	0.8759298235520069
ˈe	e̯ˈa	0.870876560742138
<#_f	<#	0.6183873476421172
l	r	0.6105325812297645
ˈɛ	j	0.5671675977368155
a	ˈa	0.5662260950566536
ˈe	i	0.38043560954185474
u	ə	0.2544160767080216
a	i	0.13733535491638044
u_#>	#>	-0.22699977999558474