Phone1	Phone2	PMI
d	d	6.917813449709614
v	v	6.826476241219428
c	k_ʎ	6.381603180278383
b	b	6.15095901584442
s	s	5.930959972533997
ˈi	ˈi	5.544449921324687
ˈu	ˈu	5.249802921274358
l	l	5.216623495269565
p	p	5.168448845014297
ʧ	ʦ	5.114406068022976
f	f	4.976074119311764
ˈe	ˈe	4.96749355970892
i	i	4.93941491621551
k_u	k	4.928964074209198
m	m	4.843421177872013
p_u	p	4.780740831367937
t	t	4.713006858944299
u	u	4.694866867764418
k	k	4.530995235182713
a	ə	4.514982701862754
ˈɛ	ˈe	4.484454741812473
ˈo	ˈo	4.4753081119688245
ˈa	ˈɔ	4.470215537832653
n_u	n	4.412903191509195
ɟ	ʒ	4.401264367076683
ˈa	ˈa	4.14845262849042
r	r	4.05060493903258
e	i	4.030572692434142
ˈɔ	ˈu	3.997058193149916
n	n	3.942831157285401
ˈɛ	ˈi	3.708876450568816
ʎ	ʎ	3.595114440111178
ˈɔ	o̯ˈa	3.5170129147750675
o	u	3.4511507099197294
<#	<#_w	2.7454080894841817
ˈɔ	ˈo	2.5847278106668243
ŋ	ŋ	2.5717864743597127
ˈɛ	e̯ˈa	2.468805984824178
tː	t	2.438960584731795
e	ə	2.2805668951780174
ɡ	ɡ	2.175798004827964
n_a	n	2.153337443200128
u	i	2.123351338705586
l_u	r	2.074227031847034
<#_f	<#	2.0120561072631773
z	s	1.757909774699557
tː	p_t	1.5433472627273257
t	ʦ	1.3928519069994696
j	w	1.3358832007879442
ˈo	w	1.288389275386873
sː_u	s	1.2491769442007088
ˈɛ	ˈa	1.2372355509958304
ˈa	ˈɔ_j	1.2296089760913356
e	w_ə	1.2202154031385108
f_ˈi	ˈi	1.2160005392008233
t_u	t	1.215700116675572
lː	e̯ˈa	1.1988974799926293
j	ˈo	1.1409961565536322
t_r	t	1.133914190891087
t_ˈe	t	1.1265087438065788
a	ˈa	1.111520495378227
j	l	1.076181174600899
v	w	1.0292315541824826
ɟ	z	1.0117235474765724
ˈo	o̯ˈa	0.9732665400349474
l	r	0.9412673599373288
ˈu	ˈo	0.8734943995249962
u_#>	#>	0.8566623581073136
ˈɔ	w	0.7931736747451301
kː	k	0.7878892072810368
k	ʦ	0.7214814072464234
ˈe	ˈa	0.7209741601046324
a	i	0.4042174010508721
u	ə	0.3232711766855394