Phone1	Phone2	PMI
tː	p_t	6.894893922892532
v	v	6.529700287637515
d	d	5.846436560761788
b	b	5.5920965710526005
ˈi	ˈi	5.065695062449612
f	f	4.947432756889563
s	s	4.939489689885841
c	k_ʎ	4.741148865823641
m	m	4.7033847776581625
l	l	4.446077713232681
p	p	4.352068872183911
a	ə	4.351209635632794
ʧ	ʦ	4.279516996547753
t	t	4.181534508461724
u	u	4.049110867888245
ˈɛ	ˈe	3.881252566787381
r	r	3.7769222730832146
ˈɔ	ˈu	3.694427115488442
ˈa	ˈɔ	3.692988155988115
k	k	3.6226339315531706
ˈa	ˈa	3.593892057621282
k_u	k	3.5912985792903234
ˈu	ˈu	3.4779089511983297
e	i	3.394895632515769
n	n	3.348519553324136
n_u	n	3.1474615977994387
ˈɛ	ˈi	3.135474108061276
ŋ	ŋ	3.0309951760835303
ɟ	ʒ	2.960520074424055
t	ʦ	2.7700954181834394
ˈo	ˈo	2.730501319329284
ʎ	ʎ	2.541234680677773
ˈɔ	ˈo	2.526328555049626
<#	<#_w	2.3674746933254465
i	i	2.3619505850671456
ɡ	ɡ	2.1487241549094542
j	w	2.1473638053514192
u	i	2.1308825932928834
ˈa	ˈɔ_j	1.9572860290441882
ˈe	ˈe	1.8366139583267538
ˈɛ	e̯ˈa	1.7476595580230507
k	ʦ	1.5291145265702717
ˈɛ	ˈa	1.5017805801475543
ˈɔ	o̯ˈa	1.4907563299148323
n_a	n	1.4805022415322253
l_u	r	1.4656805326026263
e	ə	1.3906112001760658
ˈe	ˈa	1.2489343173835898
ɟ	z	1.1383880616869706
ˈo	o̯ˈa	0.986315129707409
k_a	k	0.936396791834117
t_u	t	0.8901212914143016
f_ˈi	ˈi	0.8655283492163512
o	u	0.854892710842248
ˈe	i	0.8344349620696179
t_r	t	0.8273644933014808
e	w	0.7263557746436167
p_u	p	0.689672956993981
j	l	0.6418219248131908
l	r	0.6263264481001993
ŋ	n	0.6055608814620475
kː	k	0.5775411076824047
ˈu	ˈo	0.5098484628661815
<#_f	<#	0.31116323101232796
a	ˈa	0.25860100137831704
u	ə	0.22186531368414464