Phone1	Phone2	PMI
tː	p_t	6.89966632235158
v	v	6.534472687096563
d	d	5.851208960220837
b	b	5.5968689705116486
ˈi	ˈi	5.0704674619086605
f	f	4.951250676456802
s	s	4.94426208934489
c	k_ʎ	4.744966785390879
m	m	4.7081571771172115
l	l	4.450850112691729
p	p	4.35684127164296
a	ə	4.355982035091842
ʧ	ʦ	4.227023453801873
t	t	4.186306907920773
u	u	4.053883267347293
ˈɛ	ˈe	3.886024966246429
r	r	3.7653928602131623
ˈɔ	ˈu	3.69919951494749
ˈa	ˈɔ	3.6823305148775574
k	k	3.6031587847655415
k_u	k	3.595066230185788
ˈa	ˈa	3.583234416510724
ˈu	ˈu	3.481726870765568
e	i	3.3996680319748176
n	n	3.3532919527831844
n_u	n	3.1512292486949036
ˈɛ	ˈi	3.1402465075203243
ŋ	ŋ	3.0338586157589593
ɟ	ʒ	2.9624290342076742
t	ʦ	2.773913337750678
ˈo	ˈo	2.733364759004713
ʎ	ʎ	2.5440981203532016
ˈɔ	ˈo	2.5301464746168647
<#	<#_w	2.3674746933254465
i	i	2.334438380900594
ɡ	ɡ	2.1506331146930737
j	w	2.1492727651350387
u	i	2.135654992751932
ˈa	ˈɔ_j	1.9530229725999653
ˈe	ˈe	1.8385229181103733
ˈɛ	e̯ˈa	1.74956851780667
k	ʦ	1.5174294384976945
ˈɛ	ˈa	1.505598499714793
ˈɔ	o̯ˈa	1.4926652896984516
n_a	n	1.482386066979958
l_u	r	1.4675643580503588
e	ə	1.3944291197433043
ˈe	ˈa	1.2508432771672091
ɟ	z	1.1393425415787803
ˈo	o̯ˈa	0.9872696095992186
k_a	k	0.9373387045579833
t_u	t	0.891063204138168
f_ˈi	ˈi	0.8664702619402176
o	u	0.8558471907340579
ˈe	i	0.8353894419614274
t_r	t	0.8283064060253469
e	w	0.7273102545354264
p_u	p	0.6906148697178474
j	l	0.6427764047050004
l	r	0.6282354078838186
ŋ	n	0.6074698412456668
kː	k	0.5784955875742144
ˈu	ˈo	0.510802942757991
<#_f	<#	0.31116323101232796
a	ˈa	0.25955548127012673
u	ə	0.2228197935759543