Phone1	Phone2	PMI
d	d	6.331341031280569
v	v	6.20601882250192
b	b	5.564486597415375
c	k_ʎ	5.440597565546583
s	s	5.386600951292883
ˈi	ˈi	4.957977502895641
p	p	4.771621696640442
ʧ	ʦ	4.70922555568567
ˈu	ˈu	4.677408368423592
l	l	4.602582070750842
ˈe	ˈe	4.548235181793334
f	f	4.539600499672058
t	t	4.338848005185633
m	m	4.312455554548749
i	i	4.300335616619705
u	u	4.131345731433308
ˈo	ˈo	4.127827623406766
ˈa	ˈɔ	3.926509200970212
k	k	3.923139775970365
a	ə	3.913835166409144
ɟ	ʒ	3.770448359799917
ˈa	ˈa	3.5788896882389865
k_u	k	3.570785536025867
e	i	3.5663872164215658
ˈɔ	ˈu	3.539357012675815
r	r	3.492702069508888
p_u	p	3.476058355357603
ɟ	z	3.3730703465115166
ʎ	ʎ	3.295147690107389
ˈɛ	ˈi	3.2762814465114865
n	n	3.2536837731996933
ˈɔ	o̯ˈa	3.059024221607254
o	u	2.9806920899915603
n_u	n	2.863028273198959
tː	p_t	2.7589040908126767
ˈɛ	ˈe	2.666921940021397
ŋ	ŋ	2.338866388744569
ˈɛ	e̯ˈa	2.323897391342204
tː	t	2.263754424355769
ɡ	ɡ	1.9428779192128196
ˈe	ˈa	1.6164510413583033
ˈɔ	ˈo	1.605504572533303
z	s	1.5814488166999443
u	i	1.5247116593828212
n_a	n	1.47287909224305
e	ə	1.3791010193011428
ˈo	w	1.2680192263981822
t	ʦ	1.2426319997605977
j	w	1.2189769136736768
j	ˈo	1.0620697577193718
ˈa	ˈɔ_j	1.039654479757914
j	l	0.9730454315854142
e	w_ə	0.965527366898228
lː_u	l	0.9623801447538632
ɲ	m	0.9478384174801469
ˈɛ	ˈa	0.9449338386806148
t_u	t	0.9269369984741472
f_ˈi	ˈi	0.8822725588371176
ˈo	o̯ˈa	0.8701307970194625
t_r	t	0.863158701891917
v	w	0.8148471364156707
ˈu	ˈo	0.7565881124107288
a	ˈa	0.7469116754640874
l	r	0.7361569031609898
<#	<#_w	0.7150624661374874
kː	k	0.6704337928582972
<#_f	<#	0.6301249322749747
u	ə	0.5982119992941273
k	ʦ	0.5885202318707463
ˈɔ	w	0.5750561645181989
a	i	0.1037131959981435
u_#>	#>	-0.357166432119241