Phone1	Phone2	PMI
w	w	6.880828219683339
ɡ	ɡ	6.394731373285826
ʤ	ʤ	6.377195976679511
b	b	6.181404992062249
o	u	6.118724182416042
ɲ	ɲ	6.053044690516892
ˈu	ˈy	5.790143021495998
z	z	5.550080457988424
i	i	5.423455641148839
d	d	5.349308113914501
j_ˈɛ	ˈɛ	5.160713214761612
w_ˈa	ˈɔ	5.157643622674221
ˈɔ	ˈø	5.02854843592671
ˈoː	ˈu	5.014558100251058
p	p	4.981793665088937
ˈi	ˈi	4.956784283493144
m	m	4.941620163895741
f	f	4.874877022440036
i	e	4.838804322021265
ˈo	ˈu	4.835507031608611
r_i	r	4.707868228440436
ˈuː	ˈø	4.618179128311982
v	v	4.604542346317608
c	k	4.5132077104455215
j	j	4.473493426134382
ŋ	ŋ	4.387758518596384
ˈɛ	ˈɛ	4.2613658380376
n	n	4.253546875597741
ˈa	ˈa	4.229825916022219
l	l	4.168278327310143
t	t	4.165154592817079
ˈaː	ˈe	4.150533601146621
ʧ	s	4.131731761347789
s	s	4.115346527424689
ˈuː	ˈy	4.055232237827342
k	k	4.018862375428292
ˈiː	ˈe	3.9334425542774025
n	ŋ	3.898254113720387
ˈe	ˈɛ	3.809210751714133
ˈe	ˈe	3.729118098338764
r	r	3.662827238796984
k_w	k	3.649758910311461
e	a	3.612448743089248
a	a	3.5362012525995974
s	z	3.519314988010076
ˈɔ	ˈɔ	3.242035891145218
ŋ	n	3.2025361879767216
f_j	f	3.0698754150965364
ˈaː	ˈa	2.955722911337171
ˈo	ˈɔ	2.9472755421749293
ˈeː	ˈɛ	2.7138048697594908
l	j	2.1585450429828046
t	d	2.0050949879909883
l_i	j	1.963695028990923
k	ɡ	1.9578344535713847
ˈa_l	ˈa	1.931300602725996
#>	e_#>	1.926742141208315
a	e	1.913562734517628
ˈi	ˈɛ	1.8905283259220813
#>	j_#>	1.751816458707636
ɲ	n	1.7110425680673669
ˈɛ	ˈe	1.6546718470715476
<#_j	<#	1.62520391901032
ʧ	z	1.575710690984538
f	v	1.4518925625836738
ˈuː_k	ˈø	1.0762052964218327
j	l	0.4307696732829253
i_#>	#>	0.1517712808732828