Phone1	Phone2	PMI
ˈi_n	ˈẽ	8.610155222253217
k	ɣ_u	6.287683130056281
ʎ	ʎ	6.256271557776426
d	d	6.120591217442106
m	m	5.756485244940354
l	l	5.486251863007071
n	n	5.4699095806988
v	v	5.386265876395393
ˈu	ˈu	5.3399571319084105
i	ɨ	5.170869529587442
p	p	5.151201042859459
ˈi	ˈi	4.929844862985152
ˈo	ˈo	4.683627115108182
k	k	4.668758587518396
t	ð	4.417616042238145
ˈe	ˈe	4.310841293961598
#>	u_#>	4.307994746553149
s	s	4.306158290478646
ˈa	ˈa	4.292539357050922
r	ɾ	4.196425767254519
ə	ɐ	4.024913433400485
#>	w̃_#>	4.015789855505425
ɡ	ɡ	4.013967005919931
ˈu	ˈo	4.0035923239136615
b	b	3.9424364453895486
ˈa	ˈɛ	3.870267135261381
t	t	3.854859803994738
u	u	3.662737577787723
t	t_u	3.590719218245105
#>	ʃ_#>	3.541027783930953
o̯ˈa	ˈɔ	3.5231015889090944
ə	l_ɐ	3.5156558761048675
e̯ˈa	ˈe	3.513785390431893
ˈɔ_n	ˈɐ̃	3.326584562581253
p	β	3.326386390922518
s	ʃ	3.2273402134593585
k_ʎ	ʎ	2.9262106633866893
n	n_u	2.788986290064174
<#	<#_i	2.717105959757246
ʦ	s	2.668882266534499
ˈo	ˈɔ	2.58311042885989
ˈe	ˈɐ_j	2.5659821923082027
r	ʁ	2.533053249814636
<#_j	<#	2.4631074658030254
s	s_u	2.3956393998199133
<#	<#_f	2.3697128409240045
<#_w	<#	2.3092069729868645
f	f	2.2024344618171385
ˈe	ˈɐ	2.058835930764233
n	ɲ	1.983883033633168
ʃ	ʃ	1.8603723418775364
kʲ	p	1.83889251751522
i_#>	#>	1.7949390843291553
p	j	1.7826352954372169
b	v	1.639017577559296
ˈe	ˈɛ	1.6104492013420129
ʦ	t	1.4411349376512363
z	ʒ	1.3390185282258515
s	i_ʃ	1.2955181565473746
l	l_u	1.2926182426083517
ʃ	s	1.227359973412427
t	t_ɾ	1.149423877821245
z	d	1.144352473556658
ə	ɨ	1.1091075720305816
e̯ˈa	ˈɐ_j	1.104945393553956
ə	v_ɨ	1.076424514465396
r_i	ɾ	1.0665056208285482
w_ə	ɐ	1.032173139929783
j	v	1.0301544249810894
#>	ɨ_#>	0.8910475469502211
i	i	0.827359973412427
ˈa	ˈɐ	0.7480756091901275
ʦ	ʃ	0.7384030048778478
ˈu	ˈɔ	0.7136967516965231
k	ɣ	0.6823814210393008
k	ʃ	0.6546055749912889
ˈa	ˈi	0.4800636381581994
r	l	0.4605550436700992
ə	u	0.1819528050803303