Phone1	Phone2	PMI
ˈi_n	ˈẽ	7.025703408198861
ʎ	ʎ	5.726456020540071
d	d	5.340467926806557
m	m	5.160105160505867
l	l	5.107413826203409
n	n	5.0223265848365575
k	ɣ_u	5.017705592295496
v	v	4.916291942836493
ˈu	ˈu	4.805062752512373
i	ɨ	4.675038992639549
p	p	4.6383632851404055
ˈi	ˈi	4.505720470802554
ˈo	ˈo	4.099560595344074
k	k	4.003915394326394
t	ð	3.8925290443712135
ˈa	ˈa	3.85083659334113
t	t_u	3.799884353079981
ɡ	ɡ	3.746347307484197
r	ɾ	3.673943581484932
b	b	3.622419765372478
s	s	3.58154179494888
s	ʃ	3.4213560643692458
ə	ɐ	3.4019795440738383
e̯ˈa	ˈe	3.3249870342582337
ˈu	ˈo	3.273992386789862
ˈa	ˈɛ	3.2670933871400685
o̯ˈa	ˈɔ	3.262463536489415
u	u	3.174793020198108
t	t	3.1443854985657507
p	β	3.0200317781940327
ˈe	ˈe	3.0051834636060843
ə	l_ɐ	2.820604129322944
<#_w	<#	2.6426645195216008
ˈe	ˈɐ	2.5988250122344003
ˈe	ˈɐ_j	2.435974863434187
n	n_u	2.422682406570211
r	ʁ	2.2862824100986283
k_ʎ	ʎ	2.283909244607772
ˈo	ˈɔ	2.2178847109623354
ʦ	s	2.202186263876071
<#_j	<#	2.139358305512535
f	f	1.9560929552005983
ə	v_ɨ	1.8925456202174549
s	s_u	1.887043143588682
<#	<#_i	1.8007738463958112
r_i	ɾ	1.7291099795855378
n	ɲ	1.691707336223126
k	ɣ	1.6827520012624668
#>	w̃_#>	1.673838613052476
ʃ	ʃ	1.662204264348064
kʲ	p	1.6073031961078807
p	j	1.5235452692798903
ˈe	ˈɛ	1.4623068537457893
ˈɔ_n	ˈɐ̃	1.4465598694726771
b	v	1.4419084700954854
ʦ	ʃ	1.4226575023987296
#>	ʃ_#>	1.32567201937737
ʦ	t	1.2741704633382471
z	ʒ	1.250095955961054
ʃ	s	1.118678224558347
s	i_ʃ	1.0642831366435312
l	l_u	1.0613832227045086
z	d	1.0356707247025787
t	t_ɾ	0.9152842718781669
o̯ˈa	ˈo	0.9010652769215894
<#	<#_f	0.88378134625158
e̯ˈa	ˈɐ_j	0.8708057876108773
m	ɡ	0.8583845492997506
i	i	0.7186782245583475
w_ə	ɐ	0.6874230365722552
ˈu	ˈɔ	0.6182898838932503
ˈa	ˈɐ	0.5750082413585755
ə	ɨ	0.4251594082911936
r	l	0.3376474711168396
#>	u_#>	-1.1500150885919245
i_#>	#>	-0.8403429803341677
#>	ɨ_#>	-0.1675341092970152