Phone1	Phone2	PMI
ˈi_n	ˈẽ	7.0233392529192935
e̯ˈa	ˈe	5.946821759567423
o̯ˈa	ˈɔ	5.904262542701262
d	d	5.742157544720499
ʎ	ʎ	5.633359400787529
b	b	5.61797540980817
k	ɣ_u	5.421494086567455
ʒ	ʒ	5.258738212400533
ˈi	ˈi	5.157041670512209
k_ʎ	ʎ	5.1147393243039625
m	m	5.016579729419116
p	β	4.974243276210971
f	f	4.958809704106479
ɡ	ɡ	4.930098274521062
l	l	4.92644007116376
v	v	4.7410791555890555
ˈɔ_n	ˈɐ̃	4.621242970152376
n	n	4.564173581749928
<#_w	<#	4.526445865773181
p	p	4.504028388101595
i	ɨ	4.367484969663133
ˈi	ˈĩ	4.347412419668297
k	k	4.339006790656976
ˈa	ˈa	4.285786917308463
ˈo	ˈo	4.273146380308672
ˈɔ	ˈɐ̃	4.265308720271883
ˈu	ˈu	4.202843372576808
r	ʁ	4.03156075972622
r_i	ɾ	4.009165986775364
ʦ	s	3.9821082261469822
t	ð	3.9799252834426304
s	s_u	3.9485739661512884
kʲ	p	3.7398005263995318
<#	<#_i	3.7185401929358535
r	ɾ	3.6726868267103634
ˈe	ˈɐ	3.5724995414316556
t	t	3.5703833880108418
ə	ɐ	3.563664111485685
t	t_u	3.4887962058429536
r_i	ɫ	3.451835303308709
ʦ	t	3.4471593808646106
ˈe	ˈe	3.4155023259381587
s	s	3.3906629135271404
ˈa	ˈɛ	3.3760995923692545
u	u	3.3703397337186867
n	n_u	3.261688824885635
s	ʃ	3.2258354250539414
p	j	3.130490271044579
ˈu	ˈo	3.059994269043584
j	ʃ	2.97522878502307
ˈu	ˈõ	2.730390468085673
ˈu	ˈũ	2.7059960891544916
ʃ	s	2.558612068223694
k	ɣ	2.5391246731218
b	v	2.5378774292046016
ˈu	ˈɔ	2.523572689969817
ˈa	ˈɐ	2.468058710818939
j_n	w̃	2.459148553247168
ˈe	ˈɐ_j	2.4586567912865336
ˈi	f_ˈi	2.439382078684712
z	ʒ	2.3989367908473653
w_ə	ɐ	2.3745533073810092
j_n_i	w̃	2.3600414146321724
<#_j	<#	2.256350805656766
#>	j̃_#>	2.256350805656766
l	l_u	2.2407251194887694
m	ɡ	2.179802311352195
i	i	2.175120361645014
n	ɲ	2.156484377541522
ˈe	ˈɛ	2.1471345296911886
w	v	2.0412160412952725
ə	v_ɨ	2.036214872755106
#>	ʃ_#>	2.0015476927916227
z	d	1.9689329903711927
n	w̃	1.9142342815963909
ˈo	ˈɔ	1.8723758271544468
t	t_ɾ	1.851029818702731
#>	w̃_#>	1.673838613052476
ə	l_ɐ	1.5526428205301885
ʃ	ʃ	1.5277641744838821
ˈo	ˈu	1.3307953884983799
n_#>	#>	1.3256720193773701
ʎ	j_ʎ	1.2626370750751574
ʃ	j	1.0318922844006788
s	i_ʃ	1.0276991607500343
j_ˈa	ˈɛ	1.0067646156398204
<#	<#_f	1.0007738463958114
ə	ɨ	0.9384787887313428
e̯ˈa	ˈɛ	0.8066956130365682
ʦ	k	0.6909883667242236
r	l	0.6148694481547716
ʦ	ʃ	0.591003293663485
l	ʃ	0.545605980823767
o̯ˈa	ˈo	0.4756252473140575
i_#>	#>	-0.8743279806226302
#>	u_#>	-0.5482187158631145
ə	u	-0.03496545904810454