Phone1	Phone2	PMI
b	b	7.188906389113309
ˈi_n	ˈẽ	6.798348944442911
f	f	6.37751923074571
ɡ	ɡ	6.054251641791346
d	d	5.522547262499593
ʎ	ʎ	5.448718551536907
e̯ˈa	ˈe	5.420406102775507
k	ɣ_u	5.184161163130906
o̯ˈa	ˈɔ	5.108384175883805
m	m	4.949095903577434
l	l	4.887611605380215
t	t_u	4.844976138232932
k_ʎ	ʎ	4.681400395225598
n	n	4.638048733356065
ˈɔ_n	ˈɐ̃	4.623629989364432
v	v	4.611783890456841
p	p	4.512593875164148
ˈa	ˈa	4.497577355489594
j	ʃ	4.451384700083912
ˈu	ˈu	4.446196446218105
ˈi	ˈi	4.35166192312186
i	ɨ	4.351199355117202
ˈe	ˈe	4.305119354307451
z	d	4.297952253460189
ˈo	ˈo	4.274919138871069
k	k	4.179273909878975
s	s_u	4.095703169403378
<#_w	<#	4.068852147248245
p	β	4.012670157346288
s	s	3.9666806207790217
ˈe	ˈɐ	3.9379393003109344
r	ʁ	3.883336836017986
kʲ	p	3.8601445729940904
<#	<#_i	3.702837147536708
t	t	3.6672916661028903
r	ɾ	3.6476189394737903
ˈa	ˈɛ	3.621124603866627
ʒ	ʒ	3.607519801818449
ə	ɐ	3.5401312762226014
p	j	3.467897448756404
r_i	ɾ	3.305411935149961
u	u	3.293936279857779
t	ð	3.1069724572176023
n	ɲ	3.0627022994711233
k	ɣ	2.9362713316848046
ə	v_ɨ	2.89170333034373
ˈu	ˈo	2.8172717336022135
ˈu	ˈũ	2.8157195670003388
ˈu	ˈõ	2.8006714737358624
ˈo	ˈɔ	2.76864363781047
ˈe	ˈɛ	2.7507701582710697
s	ʃ	2.7343785849411364
ə	l_ɐ	2.6509405669331843
ʎ	j_ʎ	2.607063344556612
ʦ	t	2.5897898505782924
r_i	ɫ	2.4343847241071876
b	v	2.404909398102097
j_n_i	w̃	2.4012644947305706
z	ʒ	2.3966172634912137
#>	w̃_#>	2.3770842719560785
ʦ	ʃ	2.3320899230009284
ˈɔ	ˈɐ̃	2.20603091422257
#>	j̃_#>	2.127581021463176
n	n_u	2.1109072076405067
o̯ˈa	ˈo	2.06812996279459
ʃ	j	1.990513091776831
e̯ˈa	ˈɐ_j	1.9358690965142402
ˈa	ˈɐ	1.9315995863377846
ˈu	ˈɔ	1.9064567305912012
m	ɡ	1.8484904830930011
ˈi	f_ˈi	1.757186488662897
ʃ	ʃ	1.7056272144385067
i	i	1.6456262017242935
w_ə	ɐ	1.5926996883666644
<#_j	<#	1.5353798477863483
ʦ	s	1.522083659348446
n_i	ˈɐ̃	1.3228320585843318
#>	ʃ_#>	1.3138947353280104
n	w̃	1.299328464629192
ˈi	ˈĩ	1.1132823460335215
j_ˈa	ˈɛ	1.0623247104693794
j	v	0.9957896440401861
<#	<#_f	0.9929223236962381
ˈe	ˈɐ_j	0.839044894680365
w	v	0.8036409190755182
ˈi	ˈẽ	0.7325986652931789
ʃ	s	0.6880807690511004
ə	ɨ	0.604664691721809
ʦ	k	0.552466388028573
r	l	0.50915961133668
n_#>	#>	0.43796491177600344
n	v	0.33566825815986606
i_#>	#>	-0.5704347246132621
#>	u_#>	-0.4705042045182298
ə	u	-0.16010253393733712