Phone1	Phone2	PMI
b	b	7.220723683753527
ɡ	ɡ	6.956404024087846
ˈi_n	ˈẽ	6.849512821270247
f	f	6.695602786709826
ʎ	ʎ	5.94474548582404
ˈɔ_n	ˈɐ̃	5.932454361814224
e̯ˈa	ˈe	5.753079303307924
d	d	5.494402753915448
ˈi	ˈi	5.479710966352385
s	s_u	5.1936397965419605
k	ɣ_u	5.180875729994815
r_i	ɫ	5.096677784147937
l	l	5.02165458343884
m	m	5.019560929713248
p	p	4.679951272464879
<#_w	<#	4.603910001730775
n	n	4.580471378697616
v	v	4.499203380768489
o̯ˈa	ˈɔ	4.453876878581364
t	t_u	4.394141536601577
ˈa	ˈa	4.368629672191231
ˈu	ˈu	4.264518965352498
ˈo	ˈo	4.262064954974865
j	ʃ	4.179030870111078
p	β	4.156346879335749
ʃ	j	4.137297849588655
ˈe	ˈe	4.117682198616159
i	ɨ	4.110591609770978
z	d	4.08380520615058
k	k	4.073124153040504
k_ʎ	ʎ	3.940379801416232
ʦ	s	3.914802138418112
t	ð	3.911850490210611
kʲ	p	3.9082563561607797
r	ʁ	3.867449077327435
ˈe	ˈɐ	3.780782563761745
ˈu	ˈũ	3.6915048813697204
r	ɾ	3.650375897244483
t	t	3.632149486453097
ˈe	ˈɛ	3.6265463018609214
ə	ɐ	3.6018101482695615
s	s	3.5678461038509877
p	j	3.525551308658715
ˈa	ˈɛ	3.5147375371925853
ʒ	ʒ	3.5024765664096336
u	u	3.4448492857975515
z	ʒ	3.3922116192246614
s	ʃ	3.205289160279606
n	ɲ	3.180633342781676
<#_j	<#	3.171832549766764
ˈu	ˈo	3.0889701153626983
r_i	ɾ	2.9124715200174407
ə	v_ɨ	2.8976687532352576
i	i	2.85903910208494
k	ɣ	2.8423274615258456
ə	l_ɐ	2.775467580117196
ʎ	j_ʎ	2.6060163606817652
w_ə	ɐ	2.6011810387942518
ˈo	ˈɔ	2.5554913957314906
ˈu	ˈɔ	2.445741143270544
ʦ	t	2.4229263240242362
l	l_u	2.408676301152718
ˈa	ˈɐ	2.3905103145376567
b	v	2.3172721962452076
#>	j̃_#>	2.3156412870005525
ˈɔ	ˈɐ̃	2.1616059989284198
ʦ	ʃ	2.134780309239641
ˈi	ˈĩ	2.072596607918017
#>	w̃_#>	2.0441721258616834
ˈo	ˈu	1.9617961369517123
n	n_u	1.961388235613711
<#	<#_i	1.9019550008653876
ˈi	f_ˈi	1.5205910171513133
m	ɡ	1.3177656590409002
#>	ʃ_#>	1.3019550008653875
j_n	w̃	1.2697615779547489
j_n_i	w̃	1.1628949922774243
e̯ˈa	ˈɐ_j	1.1619395847324414
j	v	1.1324404216147221
ʦ	k	1.1299444570289192
j_n	ˈɐ̃	1.1076430307149248
n	ˈɐ̃	1.0907892079800048
s	i_ʃ	1.0679841359845546
w	v	0.9472605960030378
ʃ	s	0.8942626343740224
n_#>	#>	0.8679700005769251
<#	<#_f	0.8679700005769251
i	w̃	0.7150528271818041
ə	ɨ	0.7145692511551583
r	l	0.6338654354778906
n	w̃	0.5739814325269461
k	ʃ	0.3696841833713147
i_#>	#>	-0.5783945475883441
#>	u_#>	-0.46530821805476
ə	u	-0.056006157442463476