Phone1	Phone2	PMI
rː	ɾ_n	9.102816727992266
nː	nː	7.6157191528061245
ɖː	lː	7.554851956116313
ʣ	ʎː	7.193930620365197
ɡ	ɡ	7.058316239342671
n_ɖ	nː	6.395085304983371
ŋ_ɡ	ɲː	6.394461376684551
m	m_j	6.26764968951173
o	o	6.2289806321003915
d	d	6.227268229399707
f	f	5.735003216519342
o	u	5.629940265800955
ŭ_#>	#>	5.405992359675837
i	i	5.397767812257411
s_k	ʃː	5.235715191644569
s	s	5.110202641060501
m	ŋ	5.031807782348668
m	mː	4.994564020592076
m	m	4.981336475934201
l	l	4.95417052775227
ˈa_r	ˈa	4.945300617925053
s	sː	4.922699782027715
z	j	4.888870625639381
ˈo	w_ˈɔ	4.878849097695548
p	p	4.866945955245943
ˈu	ˈu	4.789395805948161
ʦ	ʦː	4.6670402985819255
t	tː	4.626662966441855
<#	<#_w	4.5908563399931435
b	v	4.582675880338709
ˈi	ˈi	4.475798380250996
ˈo	ˈo	4.375717164233459
n	n	4.288403814167137
ð	t	4.273196789593578
ˈe	j_ˈɛ	4.261483842251485
ɣ	ʃ	4.208819866240764
k	kː	4.169595610140174
ˈe	ˈɛ	4.109141985371277
ˈa	ˈa	4.045079712746262
ɲ	ɲː	4.023691594863814
j	j	4.009949872819602
r	r	3.924431362805161
<#_i	<#	3.8609760469986307
a	a	3.857342102646177
ˈo	ˈɔ	3.849683910669805
β	p	3.7599770543126705
k	k	3.7271227815824926
t	t	3.720386674338593
e	v_ə	3.7010316331123017
b	ɡ	3.6895180352401815
b	b_w	3.6879301792045145
f_r	ʃ	3.68001863222592
p	p_w	3.640243648876611
ˈi	ˈe	3.573465184668397
r	ɾ	3.5444374422119784
p_r	p	3.536590318877031
ɣ	k	3.5257889469614048
b	ʤ	3.415403111718538
ˈe	ˈe	3.3312100515685144
t	t_j	3.260457936261344
s	ʃː	3.236529723575633
i	e	3.2201091801567165
r_ˈa	ɾ	3.026845597291178
k	ʃ	2.9400092654468013
rː	rː	2.8631903606755746
β	v	2.8353148274840807
ˈa_e	ˈa	2.796348857469085
u_z	ə	2.7622582546751397
s	ʃ	2.7175645873445413
u	u	2.5726673745757576
e	i	2.49977551240916
t	ʦ	2.428996402143792
e	e	2.370011632505885
ŏ_#>	#>	2.3519694192032996
e_n	ə	2.3336941214553484
ˈo	ˈu	2.3212715419564858
b	v_j	2.2935665051120067
ˈe	j_ˈe	2.205544593244565
u	ə	2.1977231825885233
t	w_t	2.188340731773922
i	ɾ_ə	2.1323089263648685
r	j	2.057904692664433
e	ə	2.052515415223633
a	ə	1.9619566833082502
b	k_w	1.7602647894712897
m_i	mː	1.7455593147316226
u	o	1.5557160528486251
ˈe	ˈi	1.5107919305693045
ˈu	ˈo	1.3262988577597743
p	k	1.2918722912769462
ˈa	ˈa_v	1.0677525526268665
b	b	1.0446920931646735
ˈa	w_ˈa	1.0340140689620818
b	k	0.8287130134427172
n	nː	0.661011592894369
n_e	ə	0.5886126825035012
i	ə	0.5261998124782342
o	ə	0.3274711590032479
ˈa	ˈɔ	0.1291331878141087
ˈe	ˈa	-0.10136538658945947