Phone1	Phone2	PMI
ɖː	lː	7.7832744092784
ˈa_r	ˈa	6.767963112655072
d	d	6.71583923556114
ʣ	ʎː	6.415895393559384
i	i	6.340195211760739
f	f	6.172127533682295
s	s	5.778554155837828
<#	<#_w	5.663845593913757
m	m	5.658532397890707
ˈe	j_ˈɛ	5.554495035517326
p	p	5.530482934358264
ˈu	ˈu	5.423954684831583
t	t_j	5.41746248094878
l	l	5.400053600090664
ð	t	5.346225627075537
ˈo	w_ˈɔ	5.338513556885206
t	tː	5.166613005949745
n_ɖ	nː	5.021170230476178
ˈi	ˈi	4.927840257150305
k	kː	4.848229640293751
b	v	4.819040528761399
ɣ	ʃ	4.815864619298347
ˈe	ˈɛ	4.74805177226943
n	n	4.746467904649946
ˈa	ˈa	4.74529810142209
r	r	4.501066263828853
m	ŋ	4.41142912513371
a	a	4.410844226993472
b	b_w	4.370658133592089
ˈo	ˈɔ	4.287915238622947
u_z	ə	4.255858369449302
k	k	4.253678391239792
r	ɾ	4.251199098621628
ˈi	ˈe	4.216422833411412
t	t	4.205542421676368
ŭ_#>	#>	4.177521314306687
t	w_t	4.095538907048578
ɣ	k	4.066539004269331
e	v_ə	3.989461974862814
ɡ	ɡ	3.9481345591199823
m_i	mː	3.78584824841674
rː	ɾ_n	3.709972931680366
ˈo	ˈo	3.6960670072891726
s_k	ʃː	3.5490397791711668
k	ʃ	3.3661158148267547
b	ɡ	3.3275441256818787
s	sː	3.288725449370866
β	v	3.2560948053980185
m	mː	3.251044055424353
j	j	3.241193858669704
i_s	ʃ	3.074097058324388
<#_i	<#	3.066813824375085
ˈe	ˈe	3.0456138608173826
p	p_w	2.944736428777902
m	m_j	2.8551648135754206
ˈo	ˈu	2.8218005709437173
nː	nː	2.7554622093441528
e	i	2.726047368620113
r	j	2.721909137073692
b	v_j	2.673207087666163
ɲ	ɲː	2.639369456291495
u	ə	2.6200550346478666
e	ə	2.5983733135156664
u	u	2.583931593783618
ˈa_e	ˈa	2.5062876560442424
a	ə	2.431775922467172
o	o	2.222925475247429
β	p	2.1739256707186585
ˈe	ˈi	2.109441426788833
o	u	2.091855109524918
s	ʃ	2.083370774478197
u	o	2.0336909623985275
s	ʃː	1.913393618592436
ŋ_ɡ	ɲː	1.7393963630853349
b	ʤ	1.6792470344924535
e_n	ə	1.664424754619393
e	e	1.5877535552002198
ʦ	ʦː	1.5595555467949516
o	ə	1.4772043994458648
i	e	1.465256365541634
l	l_w	1.4351532164633287
rː	rː	1.393540547083414
ˈi	ˈe_v	1.3086601326849898
ˈa	ˈa_v	1.248673583654822
k	k_w	1.1714409678759874
e_r	ə	1.0715184141428007
b	k_w	1.0711002111043009
ĕ	ˈe	1.047103272756997
z	j	1.0444551125005337
r_a	ə	0.9766789879315112
b	b	0.9459813554825978
o_z	ə	0.8847926642040518
i	ə	0.8490717367519934
a_z	ə	0.7728089738169637
ŏ_#>	#>	0.7556237156304161
p	k	0.751593414313281
b	k	0.6703682106207627
ă_#>	#>	0.6429904061887893