Phone1	Phone2	PMI
sː	sː	8.172254871272653
ɖː	lː	7.470559531226796
rː	ɾ_n	7.219342094954572
ʣ	ʎː	7.147617562403754
ɡ	ɡ	6.423576498607525
p	p_w	6.298445930847227
m	m_j	6.224133650321982
ɡ	ʤ	6.146518467430567
d	d	6.067041293325058
o	u	6.015261942849356
<#	<#_w	5.845212255711717
f	f	5.555339773852574
i	i	5.410369573171056
ŭ_#>	#>	5.265741684914465
s	s	5.182021266961727
m	mː	4.981571481623951
b	v	4.951562563783368
m	m	4.928170820016603
o	o	4.881293146827613
ˈa_r	ˈa	4.8593567693589295
p	p	4.85841697408223
l	l	4.709145554120495
β	p	4.673122693343046
rː	rː	4.622296420682712
ˈu	ˈu	4.589384701154914
ˈi	ˈi	4.579466257539655
ð	t	4.474319696851309
k	kː	4.408884756386828
ˈe	j_ˈɛ	4.368191061305742
t	w_t	4.35747342390822
nː	nː	4.35332839291427
ˈo	w_ˈɔ	4.339680907343358
t	t_j	4.336835725927914
n	n	4.282754453700776
t	tː	4.271161519718963
ɣ	ʃ	4.193285501790307
ˈe	ˈɛ	4.16320494383602
ˈo	ˈo	4.135992864038907
ˈa	ˈa	4.126964980110674
j	j	4.081534857130197
r	r	4.03468316989852
z	j	3.961161583136133
k	k	3.879327751853885
ɲː	ɲː	3.879326947624535
<#_i	<#	3.852755371660333
m	ŋ	3.811671015133749
a	a	3.800220462121088
ˈo	ˈɔ	3.7732403953544895
i	e	3.719315216364063
ˈi	ˈe	3.7157922062278654
r	ɾ	3.652322018254536
f_r	ʃ	3.615807956968672
ɣ	k	3.5223386537961856
t	t	3.5021846004993726
s	ʃː	3.385088615787872
β	v	3.1545109326977374
n_ɖ	nː	3.1211520064756018
ˈe	ˈe	3.0390393531803883
e	v_ə	3.0248110697752453
k	ʃ	2.93995512210934
s	ʃ	2.815995205992938
u_z	ə	2.7884640100723934
e	i	2.7194525593136047
b	b_w	2.571013777176925
i	ɾ_ə	2.44036494940327
b	k_w	2.3551251947377483
l	l_w	2.352859154573658
ĕ	ˈe	2.314263389628692
ˈo	ˈu	2.231147371070223
ˈe	j_ˈe	2.207781781023136
r	j	2.1835915337895546
e	ə	2.150543079558848
u	ə	2.09630869999834
u	o	2.0019473673345707
n	nː	2.0002709673330066
r_ˈa	ɾ	1.987315370692207
a	ə	1.947571995482836
ˈa_e	ˈa	1.9137722606427223
ˈe	ˈi	1.8948900071652035
ˈu	ˈo	1.7134397751336712
u	u	1.645573923642315
e	e	1.58288925981696
m_i	mː	1.5411513923014692
t	ʦ	1.5174131757888594
b	ɡ	1.5037522982764584
ŋ_ɡ	ɲː	1.4624012888165676
b	v_j	1.1645858444647672
ˈe_z	ˈe	1.1535371855718055
b	b	1.1404583934086885
p	k	1.0319343673133767
k	k_w	1.031128803912874
e_n	ə	1.018019429769195
b	k	0.9001605649823023
e_r	ə	0.7008617728190668
o	ə	0.4553288986026603
i	ə	0.3363821380831865
ˈa	ˈɔ	0.1736603836964742
ˈe	ˈa	0.0097257250026716