Phone1	Phone2	PMI
sː	sː	8.323145612892024
ɖː	lː	8.11623651051265
ʣ	ʎː	7.215500804167356
rː	ɾ_n	6.9767523781563385
p	p_w	6.214577387610737
rː	rː	6.179534000927147
ɡ	ɡ	6.177367154165919
o	u	6.055644479862971
d	d	6.011364431879599
ɡ	ʤ	6.010066900622495
<#	<#_w	5.850793287975017
f	f	5.452596854295703
i	i	5.3094753903260035
ŭ_#>	#>	5.237337716889302
s	s	5.182266811945622
b	b_w	5.181566725610452
m	mː	5.145839805410544
m	m	5.105809935877622
m	m_j	5.0535760886635925
m	ŋ	5.0206529490550516
z	j	5.00803696044641
ˈa_r	ˈa	4.98424455829191
b	v	4.929202760961458
f_r	ʃ	4.888864297575085
p	p	4.78243534473623
l	l	4.700680302301277
n_ɖ	nː	4.688794814200497
ˈu	ˈu	4.60458684250219
ˈi	ˈi	4.5662881955856625
ŋ_ɡ	ɲː	4.550881305410403
t	w_t	4.522407651154563
nː	nː	4.505231218488269
ˈe	j_ˈɛ	4.478599371123278
t	tː	4.476556733986279
ˈe	j_ˈe	4.431708241711415
ð	t	4.380693862102283
n	n	4.344440699383195
k	kː	4.292762106461372
ˈo	ˈo	4.241666952769868
β	p	4.225968537001617
ɣ	ʃ	4.192676242366682
ˈo	w_ˈɔ	4.179330043469587
ˈe	ˈɛ	4.152424950943697
ˈa	ˈa	4.109986901050322
j	j	4.047564126756873
r	r	4.0403390190302435
i	ɾ_ə	4.006342678704939
<#_i	<#	3.9567070231895682
ɲː	ɲː	3.8845269527385438
ˈo	ˈɔ	3.8813456965466386
a	a	3.843686300986024
β	v	3.832310308947085
k	k	3.8254053884626136
t	t	3.7199880695761007
r	ɾ	3.6979925181418056
o	o	3.69355765266951
ˈi	ˈe	3.6504137710491036
ɣ	k	3.424191514755974
t	t_j	3.3384239418814725
s	ʃː	3.305157941548756
ˈe	ˈe	3.0795028522219137
ˈa_e	ˈa	3.020421882651702
e	e	2.918443341301931
b	ɡ	2.901305787073107
u_z	ə	2.8501321885847712
s	ʃ	2.810024937812597
k	ʃ	2.72241229817816
e_n	ə	2.6416122122421872
e	i	2.60029265936577
u	o	2.415819716549056
l	l_w	2.4005661589639935
ˈo	ˈu	2.2086239117954873
u	ə	2.1662504181136297
e	v_ə	2.1439089266499627
b	k_w	2.142853276439467
r	j	2.1019439375834197
e	ə	2.0623370087044
r_ˈa	ɾ	2.034279733080478
ˈe	ˈi	2.00293027385297
a	ə	1.9545627806585328
t	ʦ	1.659611273976666
s_k	ʃː	1.6469114015578281
m_i	mː	1.6348860473151787
b	v_j	1.3235287622652376
u	u	1.3108227362437848
ŏ_#>	#>	1.1693766572488484
n_e	ə	1.1569821071871262
ĕ	ˈe	1.149858816887813
ˈi	ˈe_v	1.113455944879408
ˈu	ˈo	1.0922059386291527
k	k_w	1.0491823262707154
a	w_ə	1.0387831599557713
p	k	0.9468616791391131
e_r	ə	0.8245736101717828
o	ə	0.7973621900564041
b	k	0.586959992834749
i	ə	0.4639632553124701
ˈa	ˈɔ	0.11453074844010905
ˈe	ˈa	0.019003000335889704