Phone1	Phone2	PMI
sː	sː	7.537013852450208
ʣ	ʎː	6.904882160251082
ɡ	ɡ	6.87065851198042
o	u	6.484430019153093
ɖː	lː	6.239900749761594
d	d	6.062655141286381
<#	<#_w	5.81126492378838
f	f	5.651843636832991
i	i	5.60666791312318
p	p	5.210872101123637
rː	ɾ_n	5.19518825411406
s	s	5.190830389385787
ˈa_r	ˈa	5.139989361152503
b	v	5.033252496558935
m	m_j	5.007735129215064
m	m	4.968589892908663
m	ŋ	4.947399846394492
ˈo	w_ˈɔ	4.912151074036826
ˈe	j_ˈɛ	4.852351520015268
ˈu	ˈu	4.799934995552695
l	l	4.736596769790979
ð	t	4.400756305985749
t	tː	4.3892435568779655
ˈi	ˈi	4.383428893854983
ˈo	ˈo	4.335454090397612
n	n	4.259795846513949
m	mː	4.234056685792373
k	kː	4.225775377229974
ŭ_#>	#>	4.183731487124384
β	v	4.173907587372724
ˈa	ˈa	4.150858641774434
ɣ	ʃ	4.058719746187517
r	r	4.044378449067833
ˈe	ˈɛ	4.0113486632585245
<#_i	<#	3.935800539881227
t	t	3.885137309805157
a	a	3.857173009615464
r	ɾ	3.797074968592215
k	k	3.788315324236247
j	j	3.7736158619861295
ˈi	ˈe	3.641874941884464
o	o	3.632491161098762
ɣ	k	3.591391857839849
ˈo	ˈɔ	3.482745452153612
ˈe	ˈe	3.4281661181509744
β	p	3.213990647123937
s	ʃ	3.0863088065902344
k	ʃ	2.98966092810161
z	j	2.898395151882565
e	i	2.633022760783664
s	ʃː	2.565122344048935
u_z	ə	2.2286540747686656
e	ə	2.1792069485374768
u	ə	2.146309388812316
ˈo	ˈu	2.1179824954611126
r	j	2.1146885888527915
a	ə	2.036699206353891
ˈe	ˈi	1.737100674090062
b	k	1.6944356138737189
n	nː	1.4195385327558272
b	b_w	1.2792123091093144
t	t_j	1.0479302339441348
i	ə	0.8538030510718851
e_r	ə	0.776944470919956
e	v_ə	0.7698020649498594
e	e	0.7688727919785864
e_n	ə	0.5442246404589884
u	u	0.4639271326560825
o	ə	0.1516053519466533