Phone1	Phone2	PMI
ɖː	lː	8.140305097571897
sː	sː	7.55208383538261
ʣ	ʎː	6.881423127595005
rː	ɾ_n	6.727670418618247
ɡ	ɡ	6.479779026234011
m	m_j	6.372164014694207
b	b_w	6.289300007500199
d	d	6.10082056770277
ŋ_ɡ	ɲː	6.0866770804813255
nː	nː	5.97803555079589
<#	<#_w	5.977279923499917
o	u	5.917348408121926
f	f	5.763998985199442
i	i	5.512078747378119
s	s	5.254614837493038
ˈa_r	ˈa	5.168450900103335
ŭ_#>	#>	5.167408734013654
m	ŋ	5.019503542350489
m	mː	4.978675398994444
m	m	4.976307969887187
p	p_w	4.949545209547974
p	p	4.940173424295264
j	j	4.892096132123616
z	j	4.81197032499575
ˈu	ˈu	4.770272944985167
l	l	4.730283711940079
n_ɖ	nː	4.714055572866366
ŏ_#>	#>	4.645883937646084
b	v	4.625107316218963
ð	t	4.482777596463228
ˈi	ˈi	4.402873464432709
t	tː	4.37595050694546
rː	rː	4.344419738125578
ˈe	j_ˈɛ	4.3353073983786246
β	p	4.287408658043923
k	kː	4.259368612084601
ˈo	ˈo	4.243525638685706
n	n	4.230956261350744
ˈo	w_ˈɔ	4.21593730453595
ˈa	ˈa	4.205383973964999
β	v	4.140126494416116
ˈe	ˈɛ	4.125923178436929
r	r	4.09459414377802
ɣ	ʃ	4.072789592908245
b	k_w	4.0316385140512745
<#_i	<#	3.935800539881227
ɲː	ɲː	3.9240318351319763
a	a	3.8611582759539838
ˈo	ˈɔ	3.823400561835068
r	ɾ	3.823247833434272
k	k	3.7486371659229496
t	t	3.690617262858438
ɣ	k	3.598767011209324
t	ʦ	3.529554062595682
ˈi	ˈe	3.5122621143133
ɡ	ʤ	3.456716860961624
ˈe	ˈe	3.414693129724699
m_i	mː	3.3568896385649376
o	o	3.3237621764431733
t	t_j	3.2869340502872015
s	ʃː	3.2818612171497135
s	ʃ	3.149093118485813
k	ʃ	2.9764902886453872
u_z	ə	2.879692132393994
e	i	2.6307075910515616
u	o	2.55901492043674
i	ɾ_ə	2.4632279809684814
b	v_j	2.3545560834533585
e	e	2.3258478726365293
t	w_t	2.2354628436959234
e	ə	2.153166416516843
r	j	2.1392521485950926
u	ə	2.084348404488696
e	v_ə	2.08211885404713
b	ɡ	2.0775230324456198
a	ə	2.009266784854037
a	w_ə	1.9843201977739033
ˈo	ˈu	1.9262075184101528
u	u	1.8034306369925028
ˈe	ˈi	1.6328609166614918
i	e	1.2446369934927892
ˈu	ˈo	1.1727371239611446
ˈi	ˈe_v	1.1481360853477527
l	l_w	1.1140246757322374
r_ˈa	ɾ	1.0423276328380386
k	k_w	0.9197283402435857
p	k	0.8528658185316937
e_r	ə	0.8135205753182383
n	nː	0.6471903753708601
e_n	ə	0.5499814858926617
o	ə	0.47629363805239866
i	ə	0.37222772875296173
b	k	0.24293934868833947
ˈa	ˈɔ	0.14445534257009796