Phone1	Phone2	PMI
ɖː	lː	7.289210899850468
d	d	6.282511004199436
ʣ	ʎː	5.9328027566223565
i	i	5.895323880827777
f	f	5.607590182564061
<#	<#_w	5.600826049883255
ˈa_r	ˈa	5.247393410734782
s	s	5.228233424331892
m	m	5.117860955355583
p	p	5.0910370390298745
l	l	4.9141184875622
ˈu	ˈu	4.874919207157532
ŭ_#>	#>	4.8739623602527615
ð	t	4.806961382669839
t	tː	4.6550257584533945
t	t_j	4.546229747166869
ˈe	j_ˈɛ	4.482093892713186
ˈi	ˈi	4.443109700430477
k	kː	4.32450110996127
b	v	4.318888796620639
ˈa	ˈa	4.246418808302476
ɣ	ʃ	4.244160847009108
n	n	4.241793833129112
ˈe	ˈɛ	4.240306470088866
ˈo	w_ˈɔ	4.192319421434131
n_ɖ	nː	4.095876746874666
r	r	3.979660858415536
m	ŋ	3.964448512133669
e	v_ə	3.877935134600483
a	a	3.873689187215485
ˈo	ˈɔ	3.827622126957008
ˈi	ˈe	3.8219063227963024
k	k	3.7587358194891847
r	ɾ	3.7169676257243673
t	t	3.706655762641249
b	b_w	3.681788518906046
ɡ	ɡ	3.641740251573807
ɣ	k	3.5281652058619826
t	w_t	3.4472573040965897
ˈo	ˈo	3.3233545825494413
rː	ɾ_n	3.2921118771001296
<#_i	<#	3.291376665687641
m_i	mː	3.172325905736782
j	j	2.957021786242908
β	v	2.945543910492732
s_k	ʃː	2.940700581025929
s	sː	2.936642902356838
b	ɡ	2.9352998426884978
m	mː	2.923160003388006
k	ʃ	2.856465150072553
u_z	ə	2.7426554085801587
ˈe	ˈe	2.656581652100989
nː	nː	2.5426748188453754
p	p_w	2.5320385027111065
s	ʃ	2.4596540371495847
ɲ	ɲː	2.4488882133997816
m	m_j	2.4301224867323965
ˈo	ˈu	2.319548982366416
e	i	2.294016140444922
r	j	2.264889350637847
b	v_j	2.232613056442954
u	u	2.1484311905867246
u	ə	2.1310196515163824
o	o	2.0540255531627274
e	ə	2.046960253454767
β	p	1.9935456714002937
e	e	1.9773334633985424
a	ə	1.90020099878633
ˈa_e	ˈa	1.892765313364284
o	u	1.8844261718517372
u	o	1.7304104043251958
s	ʃː	1.7260958720099535
ˈe	ˈi	1.722779128879282
o	ə	1.7010136323855387
b	ʤ	1.49979014199785
ŋ_ɡ	ɲː	1.452968310923069
ʦ	ʦː	1.451399423740683
ă_#>	#>	1.4099697098901125
rː	rː	1.285384424029146
f_r	ʃ	1.2330611762128865
i_s	ʃ	1.216083396695584
l	l_w	1.2151212439583208
a	w_ə	1.0969119319939784
r_ˈa	ɾ	0.9983646120417864
e_n	ə	0.9782856508329508
k	k_w	0.9637533961472086
ĕ	ˈe	0.9534124432219142
z	j	0.9362989894462652
b	b	0.8601313800353928
b	k_w	0.8505381523860999
e_r	ə	0.7597472732212467
r_a	ə	0.6853185249223919
i	ə	0.6507222755144636
p	k	0.553271317333689
b	k	0.4909113181261592
a_z	ə	0.4736296860281904