Phone1	Phone2	PMI
ˈaː	ˈa_r	6.620532090946473
i	e_r	6.465401373444794
b	b	6.15175512387728
w_ˈɛ	ˈɔ	6.113348796946073
j_ˈɛ	ˈɛ	5.897591854106067
f	f	5.883522133625686
w_ˈa	ˈɔ	5.80515143918456
t	t_o	5.648818776238412
k	ɡ_o	5.62921643927834
ɡ	ɡ	5.525808157944287
j	j	5.499605736318571
t	t_e	5.489646919594457
ˈu	ˈu	5.486043207849126
ˈɔ	ˈɔ	5.462587259975804
l	ɰ_o	5.4530138185585155
ʤ	z	5.398175796006454
d	d	5.369060841012941
ˈi	ˈi	5.260613716266872
s	s_o	5.187186451278375
m	m	5.106060501035958
v	v	5.0613919160280725
z	z	5.044349519145789
ˈoː	ˈo	4.9591504654311995
i	i	4.910276665602151
p	p	4.900517714239529
ˈo	ˈo	4.842230672609559
c	k	4.781124759928048
ŋ	ŋ	4.754715853547882
ɲ	ɲ	4.681976390518471
l_i	ʧ	4.647415946534873
ˈeː	ˈe	4.593063818024148
ˈe	ˈe	4.55089490042381
k	k	4.4821024405167496
r	r_o	4.440802592177319
t	d_o	4.44073037061462
ˈiː	ˈi	4.361099611727564
ˈuː	ˈu	4.315194889569332
ˈa	ˈa	4.283597563878591
<#_j	<#	4.162590749468552
ˈɛ	ˈe	4.128425476911209
n	n	4.111228994419919
l	l	4.079878902775779
s	s	4.078246442336079
l	ɰ	4.0340778689458645
ˈɛ	ˈɛ	3.974565290806047
w	w	3.968108898759928
ʧ	s	3.9108035789192956
ˈaː_t	ˈa	3.898650756783238
s_e	s	3.841786356744196
t	t	3.829080715234727
ɲ	n	3.7592208568985055
m	e_m	3.7225723991307236
s	z_e	3.693184229415823
ˈuː	ˈo	3.632423378480088
e	a	3.6320676756549966
a	a	3.5887935312445864
r	r	3.4751767009665238
ˈa_w	ˈɔ	3.361992550133192
f	v_e	3.3153108574814647
u	o	3.2936884900680368
r_i	r	3.282751266013029
ʤ_e	z	3.236939766033773
ˈiː	ˈi_r	3.1889151725359577
o	o	3.1597865117461943
r	r_n	3.1037263091671115
l	j	3.0848948479440543
n	ŋ	3.0245007811275255
i	e	3.024087583681893
ˈaː	ˈa	2.9760186234278527
ɲ	ɲ_o	2.7895701989425294
ˈiː	j	2.2918788853635195
n	e_ŋ	2.2511661175441557
j_ˈɛ_l	ˈɛ	2.23678402348967
l	ʧ	2.0774995534346186
w_ˈi	ˈo	2.0577478735265697
l_ˈe	ˈe	2.0459412344653454
f	v	2.0441222778153576
ʧ	z_e	2.007875931457794
t_e	t	1.9962914291086873
ʧ	z	1.9544363770210205
#>	i_#>	1.8838632992681883
l_e	a	1.784191209754343
ŋ	ɲ	1.5462282974010062
#>	e_#>	1.4374767714930887
ŋ	n	1.3877421940462746
f	v_o	1.3072301919778226
ʧ	z_o	1.2023963362274015
w	o	1.17298257646632
s	z	1.1418683118952144
<#_l	<#	1.1039179915259716
s_#>	#>	1.0814818370660637
ˈe	ˈɛ	0.9724929870215382
<#_c	<#	0.6818630268448418
<#_v	<#	0.5855231407270104
<#_d	<#	0.5534912890902449
#>	o_#>	0.29450665067672266
m	ŋ	0.28185793134231313
#>	r_#>	0.0442068914115214