Phone1	Phone2	PMI
ɡ	ɡ	6.217558302894043
ˈɛ_l	oʊ̯	6.1620396544170575
ɲ	ɲ	6.085446010309322
ˈo	ɑɔ̯	6.080735588469111
z	ʒ	5.877245772388201
k_a	ʃ	5.810569045803773
d	d	5.60486005646071
p_#>	#>	5.40746672575573
b	b	5.2457823353902935
p	p	4.977388876053862
t	t	4.9450016331513575
n_a	n	4.902161758890132
f	f	4.771650743844596
m_a	m	4.762999288117621
z	z	4.702577068455324
a	a	4.686605165251647
ˈe	ɪ	4.666776081129438
ˈø	œ	4.662273283788898
n	n	4.597562422782383
l_a	l	4.5249434211728525
d	ʣ	4.5039009608918565
ˈu	ɒ̃ʊ̯̃	4.495983626966585
e	œ	4.482873065237648
m	m	4.465271281921006
ʋ	v	4.392435536584896
ˈɛ	w_ɛ	4.331194808360576
ˈy	y	4.274493178320418
s	s	4.251011230769457
k	k	4.179275371999324
l	l	4.177086120185332
s_t	t	4.130415530409315
ˈɔ	ɥ	4.122776897812362
ˈu	aœ̯	4.104540600265945
ˈu	u	4.064803140051496
j	l	4.032372689313087
k_#>	#>	3.968281774174448
ˈo	ʊ	3.958283939832476
ˈɔ	ɔ	3.957721531801389
k	ʃ	3.949753831586972
ʧ	j	3.90377574451387
e_#>	#>	3.8174322182853233
ˈe	ã	3.683223527169609
ˈø	u	3.538537918407929
ˈi	w	3.447871243063214
r_a	ʁ	3.386685227161518
n	ã	3.372576020199734
ˈa	e	3.237521284720899
t_e	t	3.1773287928169016
ˈa	æɛ̯	3.036224899197563
r	ʁ	2.9816970151991944
s_a	s	2.977643407609334
ˈi	i_ʁ	2.896110897747874
ˈa	ẽɪ̯̃	2.8834274118485164
ˈe	j	2.837408709341588
ˈi	i	2.8342875911122927
t_a	t	2.7944309902209725
e_r	ʁ	2.7396181992043336
ˈɛ	ɛ	2.627101490184531
o	ɔ	2.574309907018023
t_#>	#>	2.52609883387842
ˈi	ẽɪ̯̃	2.455635165239971
e	æɛ̯	2.4438884711980817
j	j	2.373571802466776
ʧ_#>	#>	2.373481725467266
ˈa	a	2.332798846888613
ˈɔ	ɑɔ̯	2.074074198061687
ɲ	ẽɪ̯̃	1.952594797384512
k	e_k	1.9375507518332
i	i	1.910150193784173
ˈɛ	æɛ̯	1.8296140365711304
ˈɔ_s	o	1.4903501527809755
e	ɛ	1.490205090131131
ˈu	ɔ	1.455705944438195
<#	<#_v	1.434943947831985
ˈi	w_ɛ	1.192938235666562
o	w	1.0934274703571494
ˈa_ŋ	ã	1.0931101040888644
ˈø_ʧ	u	1.0903501527809756
s_#>	#>	1.0569131225777038
ˈe	ɛ	0.940108928390161
k_w	k	0.9326979796112462
ˈi	ɪ	0.7541326067894907
r_t	ʁ	0.6032901189755921
a	æɛ̯	0.5940862333766213
s	t	0.5934432994145168
ˈe	w_ɛ	0.5639816165987047
ˈe	i	0.511954226298023
#>	e_#>	0.1258194258087059
<#_s	<#	0.0345412896406394
a_#>	#>	-0.996716099987282
#>	ʁ_#>	-0.5532419253296057