Phone1	Phone2	PMI
ʧ	tː	7.305476926425142
ɡ	ɡ	7.117581284367177
θ_j	ʃ	7.047016697394253
d	d	6.62701344186939
ŋ	ŋ	6.5989119509479455
ˈa_ɾ	ˈa	6.508521622203985
m	mː	6.285152021479345
r	r	6.282245070935036
m	m	6.254751402790334
ʎ	k_j	6.227458235725979
f	f	6.212375992233386
p	p	5.988189825158831
ʃ	ʤ	5.941254491678685
ŋ	n_ə	5.934114373561068
j	j	5.910644962863175
s	s	5.8910429619496565
θ	ʃ_ə	5.835191790481773
j_ˈe	ˈɛ	5.827901899439548
w_ˈe	ˈɔ	5.655558373162126
w	w	5.512022097040481
b	v	5.480603718205944
β	v	5.371880936711723
ɲ	ɲː	5.252780294801444
ˈu	ˈu	5.160055163873509
ʎ	l	5.134395432753734
θ	ʃ	5.121086352193832
l	l	5.098590614275115
ˈi	ˈi	4.90460482898863
t	t	4.791236818234885
<#_e	<#	4.784187769725399
o	u	4.769722638066556
ð	t	4.748011123357299
ˈa	ˈa	4.70895349281124
b	b_w	4.695723726250929
k	k	4.67264434417905
n	n	4.664037758878316
ˈo	ˈo	4.626644140255717
a	a	4.564323181475801
ɣ	k	4.533371994145053
ʝ	ʎː	4.408259013058309
ʎ	lː	4.266341206917059
ˈe	ˈe	4.261154063052473
ˈo	ˈu	4.220059950769058
l	l_ə	4.137625186584937
ˈe	ˈɛ	4.118470145064379
f_w	f	4.107085491183864
ɾ	ɾ	4.086170803926641
ɾ	r	3.939292473826165
ɲ	nː	3.8851916464232383
ɾ	ɾ_ə	3.8618672598527697
ˈi_ɾ	ˈi	3.834137453360383
ˈo	ˈɔ	3.817466127763817
e	i	3.809291373271404
s_#>	#>	3.595103272064503
<#_ɡ	<#	3.5168848288751646
ˈe	ˈɔ	3.3461072618204835
t	tː	3.307833317616148
ʝ	kː_j	3.2080604783851108
k	kː	3.2003173325602425
s	ʃ	3.030389793677507
r	rː	2.864697804957401
ɾ_#>	#>	2.841916233633712
ˈu	ˈo	2.8099164706412907
#>	i_#>	2.7114205048217586
u	ə	2.7022379195596424
β	p	2.6720338867448445
ˈe	ˈi	2.639280976408965
a	ə	2.566016344354816
e	ə	2.5498965417306594
ɣ	ɡ	2.407970618223528
ˈi	i	2.315277537182683
θ	ʃː	2.2812043169557983
i	i	2.2413775036343746
ˈo	ˈu_ɾ	2.2103627441914937
ɾ	ə_ɾ	2.1172696054053715
e	e	1.810326914251534
ʃ	j	1.7535957115675451
u	u	1.713768212368478
a_ɾ	r	1.6976600281510112
ˈe_ɾ	ˈɛ	1.5691244284355224
ɲ	n	1.5420888006239273
o	w	1.4684038560568184
o	o	1.457566806298258
ˈi	ˈi_ʎː	1.4330133723656209
u	o	1.408888843261065
p_j	p	1.4028424728569822
ˈo	ˈu_tː	1.3548946655878835
o	ə	1.3293175839680098
l	lː_ə	1.2365712350543263
ˈe	ˈɔ_k	1.2266544190917124
s	sː	1.1979892670672156
l	lː	1.184205391844022
b	b	1.1304153393159386
i	ˈi	1.0579013234389971
l	ɾ	0.9154132894239568
<#_a	<#	0.8256600301138658
ʝ	j	0.6971281629098928
ˈe	ˈa	0.1689423650060348
ˈe	ə	-0.1551926206650069