Phone1	Phone2	PMI
ʧ	tː	6.777004952635043
ɡ	ɡ	6.589109310577079
d	d	6.098541468079291
ŋ	ŋ	6.070439977157847
r	r	5.836780597000707
m	mː	5.756680047689246
m	m	5.726279429000236
f	f	5.683904018443287
ʃ	ʤ	5.520551378723551
θ_j	ʃ	5.448803264848216
j	j	5.382828015479648
s	s	5.370065929243291
p	p	5.367037747200683
ʎ	k_j	5.355298747876493
b	v	5.109661244449439
w	w	5.008656299667154
θ	ʃ_ə	4.96862997991875
ˈa_ɾ	ˈa	4.893330410140647
β	v	4.886221775237086
ŋ	n_ə	4.852948937553114
ɲ	ɲː	4.823590170874642
ˈu	ˈu	4.643863299016239
θ	ʃ	4.617720554820506
ʎ	l	4.605923458963636
o	u	4.581528619326764
l	l	4.547023197001029
j_ˈe	ˈɛ	4.538270357675854
w_ˈe	ˈɔ	4.410286599758605
ˈi	ˈi	4.369133770927291
t	t	4.241587222473015
ð	t	4.193633537429354
ˈo	ˈo	4.1904356310984525
n	n	4.170757778975814
k	k	4.166341094741355
ˈa	ˈa	4.163503739503838
b	b_w	4.082348379783354
ʝ	ʎː	4.070484566519737
ɣ	k	4.016216726028229
a	a	4.014021055200176
ˈe	ˈe	3.799569787556739
ʎ	lː	3.774135087958672
ɾ	ɾ	3.7480970497556303
ˈo	ˈu	3.71766806598887
ˈe	ˈɛ	3.647640414125163
ɲ	nː	3.575274877183917
l	l_ə	3.4592040370846875
ɾ	r	3.433641601537622
<#_e	<#	3.289889730282217
e	i	3.2778308542996326
f_w	f	3.1260211242720173
ˈo	ˈɔ	3.108793082110368
ˈi_ɾ	ˈi	2.880539160622073
t	tː	2.8794668590841197
ˈe	ˈɔ	2.864130504135659
k	kː	2.8082297247541583
ʝ	kː_j	2.781401350041926
r	rː	2.646142600406624
s	ʃ	2.6126500509035364
ˈu	ˈo	2.4999997014019693
<#_ɡ	<#	2.2893384462374837
β	p	2.286414792854777
s_#>	#>	2.26011285901397
p_j	p	2.240935285326458
ɣ	ɡ	2.1894695263724366
u	ə	2.1683049137534294
ˈe	ˈi	2.140811786685745
θ	ʃː	2.0511987312521907
a	ə	2.0468862687766696
i	i	2.042192965411181
e	ə	2.0239871083068306
#>	i_#>	2.022112974200476
ˈi	i	1.9713216549552135
ˈo	ˈu_ɾ	1.813012882467058
ɾ	ə_ɾ	1.7646611906208087
e	e	1.5911125950872242
ʃ	j	1.5576594962663992
ɾ	ɾ_ə	1.4476686904765774
a_ɾ	r	1.3960145720345642
u	u	1.3794164863933926
o	o	1.3661511289100283
o	w	1.3606349952218544
ɲ	n	1.3592969462097282
ˈe_ɾ	ˈɛ	1.2370783536300656
ˈi	ˈi_ʎː	1.1924369903788052
u	o	1.1868505638941254
ˈo	ˈu_tː	1.135686223755895
l	lː	1.0927897144557923
s	sː	1.0787159123797354
ˈe	ˈɔ_k	1.0170043746765711
l	lː_ə	1.0134874213175786
o	ə	0.9626124285019924
ˈo	w_ˈɔ	0.850382844878648
<#_a	<#	0.6881145182771962
l	ɾ	0.6820681268210883
ʝ	j	0.6057124855216633
ɾ_#>	#>	-0.2239286493998978
ˈe	ˈa	-0.0431236083874029