Phone1	Phone2	PMI
ʃ	ʤ	6.913840047393633
d	d	6.771440549682565
θ	ʃ_ə	6.702888990503319
ɡ	ɡ	6.551294766990182
ɲ	ɲː	6.408354905163908
o	u	6.126811517538178
j_ˈe	ˈɛ	6.089892106398665
f	f	5.919760074818585
θ_j	ʃ	5.883039546758542
ŋ	ŋ	5.860434743513685
ʧ	tː	5.692586244745086
m	mː	5.674054250877676
m	m	5.602757187492929
j	j	5.4689448235252085
s	s	5.344678414132778
p	p	5.266576536370239
w	w	5.227238064541759
ʎ	k_j	5.064388963986179
ˈa_ɾ	ˈa	4.853099247413335
b	v	4.8497599395255016
ˈu	ˈu	4.794563283065775
ˈi	ˈi	4.767615328229639
ʎ	l	4.585727610667438
w_ˈe	ˈɔ	4.580707709691955
ŋ	n_ə	4.578970043235696
θ	ʃ	4.577253635526096
β	v	4.482171745305378
l	l	4.3603647151102765
ɣ	k	4.263994853598196
t	t	4.25102871995726
ˈo	ˈo	4.146113844275067
l	lː	4.105188511402406
n	n	4.09553380165813
ð	t	4.023504363529455
ˈa	ˈa	3.997731458944567
k	k	3.9890336701019473
a	a	3.961610167762735
b	b_w	3.917297805724659
ˈo	ˈu	3.893506963108309
r	r	3.8563543069680737
ˈe	ˈe	3.829049893251762
ɾ	r	3.820445210619466
ɲ	nː	3.7691024081777744
t	tː	3.661882881956247
ʝ	kː_j	3.661087211256434
ɾ	ɾ	3.6266857688362895
ʎ	lː	3.598789838597717
ˈe	ˈɛ	3.58965178360809
k	kː	3.48391626977074
i	i	3.4492510055349888
e	e	3.3783657588665026
β	p	3.377672330381309
s_#>	#>	3.33252505001846
l	l_ə	3.297767325234992
<#_e	<#	3.284870672235306
ˈo	ˈɔ	3.2028724374751856
e	i	3.182651887207103
ˈe	ˈɔ	2.7970578736883853
s	ʃ	2.6171868121626
ɾ	ə_ɾ	2.59773688940378
ˈe	ˈi	2.501311173814228
ɾ_a	ə	2.273782351832529
u	ə	2.272049931247002
θ	ʃː	2.1279314568420244
ɾ	ɾ_ə	2.115296719981918
a	ə	2.035085827545676
e	ə	1.8768341954319308
ʃ	j	1.724578004516498
ʝ	ʎː	1.5870506460487888
ˈo	w_ˈɔ	1.5393250823841136
o	ə	1.404453130511819
<#_ɡ	<#	1.3002948188121637
e_s	ʃ	1.2959857378086233
f_w	f	1.1281202754494464
b	b	1.0135762765633465
l	ɾ	0.7371834799792857
ɾ_#>	#>	0.2133162900589285
ˈe	ˈa	-0.0401733855563587