Phone1	Phone2	PMI
ɲ	ɲ	8.444839508951642
ʧ	ʧ	7.6622963355449585
i	i	7.472483461118179
w	w	7.362845883031552
ˈu	ˈu	7.201159298507475
ˈe_l	ˈe	6.971405811270652
l	ɰ_o	6.877917840147519
b	b	6.663586416035368
f	f	6.341441010546572
s	s_o	6.337596892227738
t	t_e	6.334616813436286
d	d	6.175727501959381
j	j	6.1140948413554375
ɡ	ɡ	6.0754076942799395
j	ʤ	5.990984677244522
p	p	5.990375395632354
ˈɔ	ˈɔ	5.976961051901357
t	t_o	5.907746336111613
ð	z	5.858075237101342
z	z	5.832164435260432
m	m	5.7133408195121484
ˈi	ˈi	5.656886728276915
ˈɛ	ˈɛ	5.555740210394514
ŋ	ŋ	5.436481647248138
n	n	5.339198036202595
v	v	5.335648385971825
ˈo	ˈo	5.258753314656462
ˈe	ˈe	5.212632912566593
k	k	5.179875964011402
l	l	5.0615030841486295
e	e	4.774897911182462
l	ɰ	4.668976454641526
θ	s	4.667555564355254
t	t	4.554157067757328
ˈa	ˈa	4.527491314774089
k	k_o	4.439155164203149
s	s	4.359528029957468
ˈɛ_l	ˈɛ	4.353274481654598
r	r	4.101594988500006
a	a	4.089589758308374
o	o	3.8892706819212504
t	d_o	3.8397908597466914
n	n_o	3.6640945576801522
a_d	a	3.2962437783639533
l_ˈɛ	ˈɛ	2.798209287905043
<#_l	<#	2.7321019443764003
ˈe	ˈɛ	2.6955677050997697
ˈo	ˈɔ	2.445611187612839
ŋ	m_o	2.2705491954441577
l	o	1.9534243735898003
s	z	1.9162059685404116
#>	e_#>	1.8761104820167929
o	u	1.7952977403094035
l_ˈe	ˈe	1.4656758824201508
r	a_r	1.0587374625159365
#>	o_#>	1.0451778707561243
f	v	0.9449258459800687
r	r_o	0.8201256516427218
t	d	0.7729339653538122
ŋ	m	0.7531511047453897
θ	z	0.5491653295498201
ˈe	e	0.3174740037756156
e	a	0.19948211281881895
o	e	0.10494131249940346