Phone1	Phone2	PMI
ɲ	ɲ	7.773634148019376
ʧ	ʧ	7.054396760342693
i	i	6.948551019472247
w	w	6.840318894764414
ˈu	ˈu	6.621840261302668
l	ɰ_o	6.246023869258212
f	f	5.858049849885839
b	b	5.802851223740462
ˈɛ_l	ˈɛ	5.721545877657495
s	s_o	5.716970677270511
j	j	5.641727347990532
z	z	5.491286916379482
ð	z	5.480708876818555
j	ʤ	5.42659210611814
ˈe_l	ˈe	5.421294783265318
ˈɔ	ˈɔ	5.416348181218632
d	d	5.403705910222566
p	p	5.293768857777625
t	t_e	5.257479147165852
ɡ	ɡ	5.221089834330447
ˈi	ˈi	5.190874345538268
ˈɛ	ˈɛ	5.091803027710496
m	m	5.057839764082907
l	l	4.995632528955767
t	t_o	4.94048664702162
k	k	4.832965828148822
n	n	4.775275502082824
v	v	4.762204472330195
ŋ	ŋ	4.73592022719035
ˈo	ˈo	4.704464982988212
ˈe	ˈe	4.636828052195365
l	ɰ	4.498486622883709
θ	s	4.191593041560673
e	e	4.157532369432992
s	s	4.153451063358006
ˈa	ˈa	4.071104420171863
t	t	3.9782098249963713
a	a	3.718223044423149
r	r	3.677488500062763
o	o	3.327674441171809
ˈe	ˈɛ	2.275066170392345
t	d_o	2.13758615807431
ˈo	ˈɔ	1.640749162536872
ŋ	m	0.9762782984078948
<#_l	<#	0.8722288982567283
t	d	0.6981642007803488
r	r_o	0.6051050556815497
#>	e_#>	0.5131026733059874
#>	o_#>	-0.7729692968616321