Phone1	Phone2	PMI
ˈu	ˈu	7.643199668337909
ʧ	ʧ	7.49144869306335
w	w	7.146354701997675
i	i	7.058237167616753
l	ɰ_o	6.984603709469942
ɲ	ɲ	6.7022236527969845
ð	z	6.551485591254638
s	s_o	6.516460888114885
t	t_e	6.396662177518022
d	d	6.344908746107772
f	f	6.292103719469923
p	p	6.226277607941055
ɡ	ɡ	6.158877473396396
b	b	6.066179148017228
t	t_o	6.04926905868478
z	z	6.039151103246381
j	j	5.940820809263873
ˈɔ	ˈɔ	5.929569114270141
m	m	5.846201557142172
j	ʤ	5.8291955461141045
ˈɛ	ˈɛ	5.67739038585345
ˈi	ˈi	5.543700740325014
ŋ	ŋ	5.442176720873661
ˈo	ˈo	5.406880839196336
v	v	5.3953775348409705
ˈe	ˈe	5.186938672310178
k	k	5.183091009213311
n	n	5.181752242290786
l	l	5.133891409126898
t	t	4.703848806236409
e	e	4.691773327162492
θ	s	4.67762951359417
l	ɰ	4.618909641915451
ˈa	ˈa	4.483388755968198
s	s	4.398948402334253
a	a	4.103403776232999
r	r	4.060601705436793
o	o	3.792508577796875
#>	e_#>	3.602227327947024
n	n_o	3.5303249443842564
#>	o_#>	3.2624408355127
ˈɛ_l	ˈɛ	2.8483203783326534
r	r_o	2.682540786350623
l_ˈe	ˈe	2.6610359306283016
ˈe_l	ˈe	2.6256109655055933
t	d_o	2.6129245174413644
ŋ	m_o	2.5375494927664635
ˈe	ˈɛ	2.365298903141529
k	k_o	2.28999209526205
ˈo	ˈɔ	2.2876064194810377
<#_l	<#	1.7480962619823672
r	a_r	1.7397768344769946
l	o	1.4233422089203462
s	z_e	1.3274884977063972
f	v	1.0770486707543656
l_a	a	1.0320559013373791
ŋ	m	1.0184992477251225
s	z	1.0116202154861975
a_d	a	0.990055136293172
t	d	0.9537427525998295
o	u	0.894404688546772
ˈe	e	0.696543499145064
ˈe	j	0.5785385620184069
e	a	0.5755757883219955
e	ˈe	0.4315953612453063
ˈa	a	0.0721386413207267