Phone1	Phone2	PMI
ˈu	ˈu	7.120042536749523
ʧ	ʧ	6.968291561474964
w	w	6.623197570409289
i	i	6.535080036028367
ɲ	ɲ	6.287301804808786
l	ɰ_o	6.207601612104923
ˈɛ_l	ˈɛ	6.052383373472929
ð	z	6.005233016182266
f	f	5.846659645465067
d	d	5.821751614519386
p	p	5.703120476352669
ɡ	ɡ	5.63572034180801
b	b	5.543022016428842
z	z	5.492898528174009
s	s_o	5.424595739445535
ˈɔ	ˈɔ	5.406411982681755
j	j	5.400171109425419
m	m	5.323044425553785
t	t_e	5.3047970288486725
j	ʤ	5.288545846275651
ˈɛ	ˈɛ	5.17285513514336
ˈi	ˈi	5.020543608736629
t	t_o	4.95740391001543
l	l	4.925597328842842
ŋ	ŋ	4.919019589285275
v	v	4.884500512185413
ˈo	ˈo	4.88372370760795
n	n	4.681049195069624
k	k	4.659933877624925
ˈe	ˈe	4.655682641184878
l	ɰ	4.380214942942385
t	t	4.180691674648023
e	e	4.14804627375567
θ	s	4.134565247295601
ˈa	ˈa	3.960513538430747
s	s	3.875791270745867
a	a	3.5671723940196585
r	r	3.5085125634840346
o	o	3.274550487915078
ˈe_l	ˈe	3.179322562326681
n	n_o	2.9017854560313423
t	d_o	2.176582873169174
ˈe	ˈɛ	2.1416813278199545
ŋ	m_o	2.0978206470561305
r	r_o	2.0156203589712143
r	a_r	1.881777628415819
ˈo	ˈɔ	1.868417562373311
k	k_o	1.853259292178592
s	z_e	1.1132352259181812
l_ˈe	ˈe	1.0182941251450672
<#_l	<#	0.8421444732310817
ŋ	m	0.807846062958986
o	u	0.7861694049465845
s	z	0.7790345250225899
t	d	0.750069888054448
a_d	a	0.6569595903408548
f	v	0.4705900409000147
ˈe	j	0.4512193654024828
ˈe	e	0.4418258718389181
e	ˈe	0.3291774600793573
e	a	0.1820427781360928
#>	o_#>	-1.513838254135027
#>	e_#>	-0.3918273460520056