Phone1	Phone2	PMI
ɲ	ɲ	7.512608632791405
ʧ	ʧ	7.249628467192727
i	i	7.196389607489039
w	w	7.009693998225455
ˈu	ˈu	6.751042247814235
l	ɰ_o	6.212039952518725
f	f	6.0883958696525635
ˈɛ_l	ˈɛ	5.9448879100074095
b	b	5.86632413883256
ˈɔ	ˈɔ	5.605630419389855
s	s_o	5.55798516987945
ð	z	5.49503777169563
j	ʤ	5.475450868473505
j	j	5.406014206164932
z	z	5.375229913194476
ˈɛ	ˈɛ	5.327862877916574
ɡ	ɡ	5.29234992445771
ˈi	ˈi	5.287177290921233
p	p	5.2339406798145465
d	d	5.184129000952396
t	t_e	5.137205160382854
ˈe_l	ˈe	5.101138808584076
t	t_o	5.099665219748797
m	m	4.933271956452429
v	v	4.9207694856419
k	k	4.912648774978618
ŋ	ŋ	4.910361741232602
l	l	4.896834997837362
n	n	4.732625921444965
ˈo	ˈo	4.570881002954128
ˈe	ˈe	4.546223656482562
l	ɰ	4.358508126726623
r	a_r	4.253312982751332
t	t	4.116158845730417
θ	s	4.099365732209802
ˈa	ˈa	4.084253145000851
e	e	4.0727396896598975
s	s	4.008882526919434
a	a	3.6782222147777097
r	r	3.6057868991629394
o	o	3.3700804669459425
ˈo	ˈɔ	1.9845045347805454
l_ˈe	ˈe	1.873949052139014
<#_l	<#	1.5985855697515585
s	z	1.55190497686183
ˈe	j	1.375341619393076
#>	e_#>	1.3681040828059614
t	d_o	1.0848095562958437
ŋ	m	0.9501280222458637
t	d	0.8139004364364533
ˈe	ˈɛ	0.34518524578651044
#>	o_#>	-0.42359099753212914