Phone1	Phone2	PMI
ʤ	ʤ	5.477857280380115
ʧ	ʧ	5.07239217227195
w	w	4.894103033896542
ɲ	ɲ	4.7847100998201695
i	i	4.490336349951087
b	b	4.273884476054179
u	u	4.1390067594391935
ˈu	ˈu	4.091562919260224
f	f	4.017719756515744
j	ʤ	3.9973999438725065
d	d	3.803880846808443
ɡ	ɡ	3.774606748306784
ˈɛ	ˈɛ	3.64446058015068
m	m	3.6320305898817837
ˈɔ	ˈɔ	3.6320305898817837
ˈi	ˈi	3.580737295494233
p	p	3.5714332923672547
j	j	3.535622964843992
v	v	3.5011431050804322
ð	z	3.4629542598378498
ˈe_l	ˈe	3.4409753531190743
l_ˈe	ˈe	3.4409753531190743
k	k	3.3575937441800234
z	z	3.3271596343333334
ŋ	ŋ	3.316696325400712
ˈo	ˈo	3.309666690349995
s	s_o	3.301509728566561
n	n	3.2193508267212394
t	t	3.197578966460476
ˈe	ˈe	3.1871138921422513
l	ɰ	3.1570492296712245
l_ˈɛ	ˈɛ	2.9714149504950047
l	l	2.843826672132079
θ	s	2.842557776504816
ˈa	ˈa	2.786091746193842
e	e	2.735230709894645
o	u	2.6999401816085107
s	s	2.6622371354558663
a	a	2.542228930895829
r	r	2.5201672150871137
u	ˈu	2.475453526095324
o	o	2.2977945334664676
t	d_o	2.2483581354987567
z	ʧ	2.155055854439193
ŋ	m_o	1.8782721043739783
ŋ	ɲ	1.6287463210530584
ˈe	ˈɛ	1.6209182103438429
ˈɛ_l	ˈɛ	1.4857074752475024
u	o	1.4428413759615717
s	z_e	1.2855083653601251
f	v	1.2567583846016777
ˈo	ˈɔ	1.156350032423047
#>	e_#>	1.056291367156697
w	l	1.03499420899358
l	o	0.911663905470744
i	e	0.8660886269869665
θ	z	0.7576319107209303
j	ˈi	0.6693568876038927
e	ˈe	0.6170976375929901
e	i	0.6070364785266573
r	l	0.4978103058295315
ŋ	m	0.482290792857434
ɡ	d	0.45561504545101195
t	d	0.4268782926333039
s	z	0.4013747376218676
θ	k	0.3966409545630663
ˈe	e	0.3825970336761324
ˈɛ	ˈe	0.3269203651504075
ˈɛ	ˈi	0.32172891466248615
z	s	0.2923614187999999
l	j	0.25163133127891635
ˈe	j	0.2052353059979116
p	v	0.08347483611125825
n	m	0.06340203915937338
v	p	0.04970655706380587
e	o	-0.7601862202846342
ˈa	a	-0.7481383010654538
l	e	-0.6104357164917482
o	e	-0.5581563564129713
e	a	-0.31051551624974705
o	ˈɔ	-0.15530011231080515
n	ŋ	-0.032250347796446414
e	ˈi	-0.017380622213429224