Phone1	Phone2	PMI
ʧ	ʧ	7.283277049790745
w	w	7.163985421878948
ˈu	ˈu	6.9438921283100665
i	i	6.4092373809881025
l	ɰ_o	6.2585005655824855
ɲ	ɲ	5.921879667401353
p	p	5.810937201469545
d	d	5.703707526390072
ˈɛ_l	ˈɛ	5.684009696241695
j	j	5.662914864506443
f	f	5.661605614172662
j	ʤ	5.605467789162202
ɡ	ɡ	5.597868628217547
s	s_o	5.502883865895607
ˈɔ	ˈɔ	5.488825819081262
b	b	5.463152306216096
m	m	5.2799685414700335
z	z	5.216620960262398
ˈɛ	ˈɛ	5.163587336830844
t	t_e	5.147202781999593
t	t_o	5.110852694631772
v	v	5.090030064483931
ˈi	ˈi	4.980411565996533
ŋ	ŋ	4.917516084251232
ˈe	ˈe	4.779507875498517
ˈo	ˈo	4.7435581944471386
k	k	4.6588782147992305
n	n	4.646382505753845
l	ɰ	4.399844442459473
e	e	4.320516693324294
ð	z	4.229962244289743
t	t	4.024760153614772
l	l	4.016134180152871
ˈa	ˈa	4.0079175256820205
θ	s	3.992287447191461
s	s	3.854656038428107
a	a	3.5926302461769977
r	r	3.519623793463038
ˈe_l	ˈe	3.328567806196832
o	o	3.3205216007843186
ˈe	ˈɛ	2.036780941688866
n	n_o	2.0004582465002345
k	k_o	1.9555828250440086
ŋ	m_o	1.9258707068408225
l_a	a	1.577799323179825
r	a_r	1.2456154520209681
<#_l	<#	1.0627087857024715
t	d_o	1.0394913418447846
l	o	0.9456148136484547
ˈo	ˈɔ	0.8991442606728735
o	u	0.7839750416417386
s	z_e	0.7707856022625209
a_d	a	0.669107772635724
r	r_o	0.6279721891255541
t	d	0.549665576340129
s	z	0.5085478259398472
e	a	0.3815498561833297
ŋ	m	0.36249896020129446
j	e	0.34260106172907323
ˈe	e	0.26200153592971637
#>	o_#>	-2.44421741879517
#>	e_#>	-0.028043072320019097