Phone1	Phone2	PMI
ɲ	ɲ	7.907611740668317
ʧ	ʧ	7.125068567261634
i	i	6.935255692834854
w	w	6.8700965990155165
ˈu	ˈu	6.663931530224151
b	b	6.126358647752043
l	ɰ_o	6.118131979801516
f	f	5.82559628304655
d	d	5.638499733676056
j	j	5.576867073072113
ɡ	ɡ	5.538179925996615
ˈɔ	ˈɔ	5.456225715656427
j	ʤ	5.453756908961197
p	p	5.453147627349029
ð	z	5.320847468818017
ˈe_l	ˈe	5.30063483202265
z	z	5.294936666977108
t	t_e	5.240302386613597
s	s_o	5.226554395127199
m	m	5.176113051228824
ˈi	ˈi	5.119658959993591
ˈɛ	ˈɛ	5.01851244211119
l	l	4.909516952908305
ŋ	ŋ	4.899253878964814
t	t_o	4.813431909288924
v	v	4.810199355499214
n	n	4.801970267919271
ˈo	ˈo	4.7484439320391445
ˈe	ˈe	4.661153252906872
k	k	4.642648195728078
ˈɛ_l	ˈɛ	4.589494799371606
l	ɰ	4.471997050401147
e	e	4.244794924845282
θ	s	4.13032779607193
t	t	4.028458328045265
ˈa	ˈa	4.001580252164038
s	s	3.822300261674143
r	r	3.5715497205463573
k	k_o	3.554565631781022
a	a	3.552361990025049
o	o	3.371216265607969
t	d_o	3.1747015957680387
n	n_o	2.992663224520279
a_d	a	2.288513553210656
ˈe	ˈɛ	2.242360922112436
l_ˈɛ	ˈɛ	2.135134241443059
ŋ	m_o	1.8193260419573534
ˈo	ˈɔ	1.5979941337273853
o	u	1.5847793455563672
s	z	1.378978200257087
l_ˈe	ˈe	1.1355780204896613
<#_l	<#	1.0421444732310816
r	a_r	0.8450493592861743
f	v	0.7330953021040472
r	r_o	0.5999174719696527
t	d	0.5725082662684662
ŋ	m	0.539867172630345
θ	z	0.4393096008056383
#>	e_#>	0.3738167959321598
l	o	0.3469949791746147
ˈe	e	0.12555059460977697
#>	o_#>	-1.2404714866450117
o	e	-0.02750803047101109
e	a	-0.01635950742139263