Phone1	Phone2	PMI
i	i	6.690111060066387
f	f	5.600820042983958
d	d	5.593621240327422
p	p	5.576470265807275
ɡ	ɣ	5.430636087960722
b	b	5.3452035611354
v	v	5.337195096311014
m	m	5.318124759974362
ŋ	ŋ	5.309701213499691
w	w	5.301186775729561
ˈi	ˈi	5.1716527565786174
ɡ	ɡ	5.169834850582702
ˈɔ	ˈɒ	5.10075430924227
ɲ	ɲ	5.059153740653994
o	u	5.017223560031585
j	l	4.894124804159
ˈu	ˈu	4.843724661932036
z	z	4.7356361356861205
n	n	4.550458623285915
ð	ʤ	4.507819544734042
ˈo	ˈo	4.430369189585694
k	k	4.4182183239159505
t	t	4.4101224520954805
e	e	4.324212982687189
s	s	4.319103777926687
d	ð	4.078700181162994
l	ʎ	3.9780365502101853
θ	s	3.972288857443862
ˈɛ	ˈe	3.944044747674069
ˈe	ˈæ	3.9263519126490323
ˈa	ˈa	3.911360063512856
ˈo	ˈɒ	3.7413781119242193
a	ɐ	3.6098872953636763
r_o	r	3.4771923687706883
a	a	3.4676932182370237
l	l	3.36323643392143
ˈe	ˈe	3.357016999228589
ŋ	n	3.335281676138119
a	ɞ	3.2413017879883657
r	r	3.2160993570864784
s	ʃ	3.082801892315713
a	ɜ	3.071731847931233
j_ˈe	ˈæ	3.068764225838759
<#	<#_e	2.994300214960203
ɡ_o	k	2.977220157084746
r	ɾ	2.94067382494716
t_o	t	2.7166618686976043
e	w	2.6089107832384886
ˈɛ	ˈæ	2.580928640974465
v	β	2.53675726826686
o	e	2.4560700996151974
ˈo_ŋ	ˈo	2.3637466888232086
r	β_ɾ	2.2979213973205193
ŋ	m	2.2332871052089316
n	ɲ	2.193530271672486
i	e	1.9863897261385886
ˈi_ŋ	ˈi	1.981833382386605
#>	w_#>	1.8560595464902514
ˈɛ	ˈi	1.853396175124718
j_ˈe	ˈe	1.8497150873765793
e	ɞ	1.8419103020921288
ˈa_ŋ	ˈa	1.6855482837607698
ŋ	ɲ	1.5577625479739856
ˈo	ˈu	1.4022168788491318
<#_ʧ	<#	1.383772647454919
ŋ_#>	#>	1.3739857108201172
#>	s_#>	1.2833479417878317
p_j	p	1.1901385298177158
e	ɾ_e	1.1507047473266103
v_e	w	1.1233958061719491
r	ɾ_ɜ	1.1182269828116889
z_e	w	1.1146947982926592
j	ʎ	1.090809404758635
o	ɜ	1.0544830214694296
o	w	1.015345570153791
ŋ_t	n	0.9667061616048169
e	ɜ	0.942454990653579
u	u	0.9232957391927592
e_r	ɾ	0.9178257573188813
n_#>	#>	0.855001409499974
ɡ	k	0.7563297508497286
ˈo	ˈæ	0.7415293119664588
t	ð	0.6301919494895167
v	w	0.6222167781135309
<#	<#_ɡ	0.455001409499974
ˈa	ˈe	0.3829980133936836
e_#>	#>	0.3497876471664564
ˈɔ	ˈi	0.3449944003903744
θ	t	0.31559904604100975
o_#>	#>	0.07566032279482778
#>	ɜ_#>	-0.2409746814327458
#>	ɐ_#>	-0.11818235341046854
l_#>	#>	-0.10042470566708721
#>	t_#>	-0.025652134967886257