Phone1	Phone2	PMI
ˈu	ˈu	6.994145807084791
ɡ_o	k	6.652670615056844
ð	ʤ	6.556916867128939
<#	<#_e	6.556884454257063
i	i	6.124371525670864
ɡ	ɡ	6.109923506091461
m	m	6.100160959411077
f	f	6.055187443556624
d	d	6.029112898027176
p	p	5.887802403988018
b	b	5.858842611126393
o	o	5.6895325007453765
v	v	5.653320697920383
d	ð	5.639486182459096
ˈɔ	ˈɒ	5.626932006408207
ˈi	ˈi	5.577250545400335
ɲ	ɲ	5.483276695452631
j	l	5.134412806689451
j_ˈe	ˈæ	5.113852162735646
e	e	5.101602712200127
n	n	5.096780773732411
t_o	t	5.0562420944125614
ˈo	ˈo	5.014527827961374
t	t	4.885185892279639
k	k	4.884779468111675
ˈa_ŋ	ˈa	4.829172015568751
ŋ	ŋ	4.825427468617695
θ	s	4.820138822479901
s	s	4.80624436626874
#>	w_#>	4.804776217708756
o_#>	#>	4.522492566111112
ˈa	ˈa	4.501268837322105
ˈo	ˈɒ	4.497389968112215
l	ʎ	4.445929279473228
ˈe	ˈæ	4.435763564653193
ˈɛ	ˈe	4.380565225850095
a	ɐ	4.239228642160906
ŋ_#>	#>	4.211640039313771
ˈi_ŋ	ˈi	4.147540207732061
a	a	4.124696629661683
v	β	4.122437381794098
ŋ	n	4.12239592412575
a	ɞ	4.004449861431855
l	l	3.9263204993703975
ˈe	ˈe	3.887377356381838
r	r	3.801941256223458
r_o	r	3.6121382618282993
a	ɜ	3.572592565232662
ɡ	ɣ	3.566968470257609
z	z	3.4940422999979046
r	ɾ	3.450718592361966
#>	s_#>	3.4410499821008167
ˈɛ	ˈæ	3.0744585129513475
o	ɜ	2.6555105711271416
e	ɾ_e	2.6126234152644288
r	ɾ_ɜ	2.364241616588875
w	w	2.2360558119091487
j_ˈe	ˈe	2.121448557518861
ŋ	m	2.117613847953013
ŋ	ɲ	2.0701735939587484
o	e	2.0593269809011567
a	ʎ_ɜ	2.034658888094305
#>	ɐ_#>	1.727855860081036
j	ɡ_l	1.6589398825681172
ˈɛ	ˈi	1.6329191389926638
ˈo	ˈu	1.556359945194968
n	ɲ	1.5518679092084866
v_e	w	1.5509097478509166
e	ɞ	1.5478286532998364
p_j	p	1.5459002433709808
e_r	e	1.4965832602973397
ˈo_ŋ	ˈo	1.4932933622042222
e	w	1.4698184722392704
v_o	w	1.464086343750324
t	ð	1.4228008319355157
d_e	w	1.3708168825610991
z_e	w	1.306431263583627
e_r	ɾ	1.1941018632717395
j	i	1.1479446529244703
i	e	1.0656550729548082
s	ʃ	1.0128316430240578
<#	<#_ɡ	1.0007219275466055
#>	ʎ_#>	0.9784209402172802
r	β_ɾ	0.9746404357603206
ˈa	ˈe	0.9667034390794612
#>	ɜ_#>	0.8316486392789354
#>	t_#>	0.7998039810005826
v	w	0.7357545223716347
n_#>	#>	0.7338260178123924
e	ɜ	0.7007879020085331
s	w	0.6958391428798265
ɡ	k	0.6711747396975676
ˈɔ	ˈi	0.6660806510095949
n	m	0.6471121766864075
j	ʎ	0.6098893882433838
ˈo	ˈæ	0.4939833117795323
θ	t	0.4320956507211324
ˈe	ˈi	0.3438761794253199