Phone1	Phone2	PMI
ɲ	ɲ	6.553213084390937
ˈu	ˈu	6.5074538396742945
b	b	5.978346544419591
ð	ʤ	5.8271952222983145
f	f	5.793838555794469
ˈi_ŋ	ˈi	5.599119784988545
ɡ	ɣ	5.530363420942246
i	i	5.427999143640134
m	m	5.409653896751435
ɡ	ɡ	5.335682662195742
d	d	5.32555246295303
o	u	5.205857502205307
ˈɔ	ˈɒ	5.056283410330758
p	p	5.020335445655175
s	ʃ	4.992934403270137
ˈi	ˈi	4.970930845346054
ŋ	ŋ	4.946868742851238
d	ð	4.890553588728888
v	v	4.870254544066993
j	l	4.831251964987838
<#	<#_e	4.6832963246568
n	n	4.560992741754068
k	k	4.52053397481867
e	e	4.515138967387168
t	t	4.497201029743566
ˈa_ŋ	ˈa	4.410235228247503
ˈo	ˈo	4.3475659491037115
ˈɛ	ˈe	4.265919693449284
j_ˈe	ˈæ	4.221434019934453
θ	s	4.155877532740695
ʧ_o	ʎ	4.104163391228383
s	s	4.095211577518179
v	β	4.058306127328615
ˈa	ˈa	4.055163579835659
ˈe	ˈæ	3.9854730549452264
l	ʎ	3.8017127748930957
ˈo	ˈɒ	3.7578758841198256
a	ɐ	3.691196415268958
r_o	ɾ	3.5392421180369014
r	r	3.5047879307772134
a	a	3.445263665953582
ˈe	ˈe	3.393484373730621
#>	w_#>	3.2973741902350793
l	l	3.2873411969800634
a	ɜ	3.212891128204342
a	ɞ	3.2015488212704
r	ɾ	2.948840837991767
#>	s_#>	2.928081167329695
ˈɛ	ˈæ	2.752714650457272
r_o	r	2.4646883163763222
v	w	2.4598048689846816
ŋ	n	2.3056932304987185
t	n_t	2.283313884535401
n	ɲ	2.0681742041770774
e_r	e	2.0400585745698416
e	w	1.9954336781075133
ŋ	m	1.8052874715972442
ŋ_#>	#>	1.6547580230515953
#>	ɞ_#>	1.6364676056375471
r	β_ɾ	1.5544786785074967
o_#>	#>	1.2990935208497756
o	e	1.2868189595804247
ˈo	ˈu	1.1600208521078408
w	w	1.099263699839744
ˈe_ŋ	ˈe	1.0986986329050177
ˈo_ɡ	ˈɒ	1.0871653612690437
ʧ	ʎ	1.019641081707597
ɡ	k	1.0171364562569492
e	ɾ_e	1.014358987016713
ɡ_o	k	1.0029460135271715
r_e	ɾ	0.9753899042774876
#>	ɜ_#>	0.9087963271120773
e	ɞ	0.8634742735654355
#>	k_#>	0.7765286098723683
ˈɛ	ˈi	0.44858676801626435
#>	t_#>	0.3352964826371517