Phone1	Phone2	PMI
ˈu	ˈu	6.354678881221048
ɲ	ɲ	6.34628703735812
ð	ʤ	6.112905925965179
ɡ	ɣ	5.890077662131018
i	i	5.718968891741106
b	b	5.688412997531006
ɡ	ɡ	5.666586145821383
f	f	5.5275533527817
d	d	5.474954038342876
m	m	5.373863285462234
ˈi_ŋ	ˈi	5.351495922470442
j	l	5.339046681279457
o	u	5.28842295850215
p	p	5.244335054266876
d	ð	5.19368604041375
v	v	5.07819902308757
ˈɔ	ˈɒ	4.902007100325458
ˈi	ˈi	4.897727256085296
s	ʃ	4.806545071875142
<#	<#_e	4.6832963246568
e	e	4.390902412530369
t	t	4.382450263167957
v	β	4.37993935902707
ˈo	ˈo	4.322827645929778
n	n	4.31144039511178
k	k	4.274283981443096
ŋ	ŋ	4.270203988142731
ˈɛ	ˈe	4.25682901053023
j_ˈe	ˈæ	4.184633899441079
θ	s	4.1611737409306055
ɡ_o	k	4.124114347843307
w	w	4.107138929799002
s	s	4.013890458773935
ˈa	ˈa	3.954599865246248
ˈe	ˈæ	3.907502560156244
l	ʎ	3.852591323185139
ˈo	ˈɒ	3.6228129253028496
a	ɐ	3.54167732453686
a	a	3.519185520789075
ˈa_ŋ	ˈa	3.426588487864407
l	l	3.4026239561291507
ŋ	n	3.3744451757344147
ˈe	ˈe	3.364864351989916
r	r	3.3207883197710992
r	ɾ	3.07074454436071
a	ɞ	3.0663421429947517
a	ɜ	3.041137337621908
ˈɛ	ˈæ	2.9027103243510903
ˈo	ˈu	2.764161174891631
r_o	r	2.673967416814431
#>	w_#>	2.547681943634272
r	β_ɾ	2.28345713738607
e	w	2.243580905530021
ŋ	m	2.184344538603709
e	ɞ	2.172217230421075
n	ɲ	1.9327047352265971
#>	s_#>	1.838144438912548
o	ɜ	1.7325584111592638
o	e	1.6903529906861707
ŋ_#>	#>	1.5191436420290678
v	w	1.1287457770464664
e	ɾ_e	1.117880435877273
r	ɾ_ɜ	1.1171602539259615
ʧ	ʎ	0.9607642492999872
o_#>	#>	0.8432029303435631
ˈa	ˈe	0.7575185247376279
ˈo	ˈæ	0.5375913848542944
#>	ɜ_#>	-0.1384702564536158