Phone1	Phone2	PMI
ˈu	ˈu	6.379477727816274
ð	ʤ	6.070269598843146
i	i	5.686560659161927
m	m	5.605385294225815
f	f	5.530011159682354
d	d	5.495808217253435
ŋ	ŋ	5.468481858034084
b	b	5.333666327252121
ɡ	ɡ	5.2899609845507065
p	p	5.266195781086271
ɲ	ɲ	5.204654798830494
v	v	5.147467242515872
o	o	5.144449082160922
d	ð	5.128387764163104
ˈɔ	ˈɒ	5.078076782373489
ˈi	ˈi	4.9811605381136
ɡ_o	k	4.956700007117417
j	l	4.658775294755041
n	n	4.538904743401564
e	e	4.521794447853719
k	k	4.325660275428947
s	s	4.313197749785235
t	t	4.29559683409324
ˈo	ˈo	4.270124595941511
<#	<#_e	4.020298714153298
θ	s	4.00317161544382
ˈa	ˈa	3.9848635448658367
ˈe	ˈæ	3.929626805073702
l	ʎ	3.898084700983768
ˈɛ	ˈe	3.855388941975823
ˈo	ˈɒ	3.746380976014859
j_ˈe	ˈæ	3.732152881327992
v_e	w	3.7284239133051034
v	β	3.724239841161846
a	ɐ	3.695617106058623
t_o	t	3.664141012423472
a	a	3.608490397743736
ŋ	n	3.5084701336946105
a	ɞ	3.508150764224092
ˈe	ˈe	3.385784612102364
l	l	3.320039770582275
ɡ	ɣ	3.2844986482000467
r	r	3.250891578820092
z	z	3.1832637292454877
ˈi_ŋ	ˈi	3.115043241843972
a	ɜ	3.022401333026253
r	ɾ	2.9646496678307943
r_o	r	2.6057581179022384
ˈa_ŋ	ˈa	2.5813548762333727
j_ˈe	ˈe	2.5678884256426504
ˈɛ	ˈæ	2.50025972950977
o	ɜ	2.186242866111088
z_e	w	2.0454365422558487
w	w	1.99419090842491
#>	w_#>	1.9686204858847096
ŋ	ɲ	1.8364530543832895
e	w	1.8043813757481
o	e	1.7263257465262347
ˈo	ˈu	1.6756072715539403
r	ɾ_ɜ	1.6593829226552712
a	ʎ_ɜ	1.5792125927939356
<#_ʧ	<#	1.387327587800514
n	ɲ	1.3644836980824793
ˈɛ	ˈi	1.322422092485235
ŋ_#>	#>	1.3205316505030382
#>	s_#>	1.2940127628246174
e	ɞ	1.2290902630537195
ŋ	m	1.162937293164152
e_r	e	1.1608813503773785
v_o	w	1.0861046753197956
ˈo_ŋ	ˈo	1.0832340728253969
j	i	1.0497354691357252
ɡ	k	1.048406035040866
d_e	w	1.039727577936321
n	m	1.0170503481422997
t	t_ɾ	0.9803476726821064
i	e	0.9648668164177678
s	ʃ	0.9549492314692428
<#	<#_ɡ	0.9171126996911384
θ	t	0.8940225325135239
ˈo	ˈæ	0.8849903378440314
n_#>	#>	0.8585563498455693
r	β_ɾ	0.7498105765138406
ˈa	ˈe	0.6496219380609908
t	ð	0.59239860483435
e	ɜ	0.5907669001569171
ˈɔ	ˈi	0.5560596491579789
j	ʎ	0.4998683863917676
e_#>	#>	0.3533425875120516
#>	ʎ_#>	0.1193575872235891
#>	ɐ_#>	-0.2292548261297466
#>	ɜ_#>	-0.1754286504428933
o_#>	#>	-0.1287712379549449
l_#>	#>	-0.0466574124879483