Phone1	Phone2	PMI
ð	ʤ	5.905635211798629
d	d	5.6983495021171695
ɡ	ɣ	5.613389891651996
m	m	5.513045764749818
b	b	5.363436825675366
p	p	5.343110523116162
ˈu	ˈu	5.338890906770205
f	f	5.33744891901905
v	v	5.215449627677564
o	u	5.214450872961078
i	i	5.121716146018976
ˈi	ˈi	4.998081860969634
j_ˈe	ˈæ	4.814446673701989
ˈɔ	ˈɒ	4.7576073476637655
z	z	4.689276831154337
n	n	4.54678354897623
t	t	4.445379032343691
e	e	4.371575342523731
k	k	4.347356425498086
ŋ	ŋ	4.33990486650513
ɡ	ɡ	4.329676347630571
ˈo	ˈo	4.32667017112378
θ	s	4.113454432682287
s	s	4.099368597979531
d	ð	4.079453131924915
ˈɛ	ˈe	4.0017248477831995
ˈa	ˈa	3.9990473925862373
l	ʎ	3.892661105735469
ˈe	ˈæ	3.791694481418304
ɲ	ɲ	3.7516077017762557
ˈo	ˈɒ	3.733000157988453
ɡ_o	k	3.7296474152637606
j	l	3.6399785232430437
v	β	3.600309560016059
a	ɐ	3.5486273615797783
ŋ	n	3.5239157926971485
a	a	3.4807661648536534
r	r	3.377972842558004
l	l	3.3733694778236725
ˈe	ˈe	3.2314620200898143
<#	<#_e	3.1895210941244962
r	ɾ	3.16683530693921
a	ɜ	3.1582280295579426
ŋ_t	n	3.1046754896144924
a	ɞ	3.0992678461850427
w	w	3.086445310632849
ˈi_ŋ	ˈi	2.9918229948231354
t_o	t	2.765516316384819
ˈo	ˈu	2.727336513210476
s	ʃ	2.6964022087630237
r_o	r	2.6692980721393105
ˈɛ	ˈæ	2.5620277618060148
ˈo_ŋ	ˈo	2.51302432138682
o	e	2.269495679235437
n	ɲ	2.268565318651845
i	e	2.238865751007116
#>	w_#>	2.231463764567322
t	t_ɾ	2.1364052912946256
e	w	2.1108216246829246
e	ɞ	2.0843237747715917
ʧ	ʎ	2.038089254147134
j	ʎ	2.0115119674414346
n_#>	#>	1.7076132585820951
ˈa_ŋ	ˈa	1.698632095537824
o	ɜ	1.5576110864178507
j_ˈe	ˈe	1.4323843063392903
ŋ_#>	#>	1.412490294042774
j	ɡ_l	1.3893324340057955
ŋ	m	1.2260996950467247
v_e	w	1.1985756488270207
u	a	1.185720439696797
e	ɾ_e	1.1630020587755223
z_e	w	1.1027082908319
e_r	e	1.0894210013221501
s	j_ʃ	1.068000320724432
o	w	0.9673737844437517
#>	s_#>	0.9311707342035221
r	ɾ_ɜ	0.792197116954921
r	β_ɾ	0.792197116954921
ˈɛ	ˈi	0.6966686453641583
ˈo	ˈæ	0.6917459033002925
ˈa	ˈe	0.6247731864212861
ˈɔ	ˈi	0.5215862682112202
e	ɜ	0.4627784708737555
<#	<#_ɡ	0.4538066292910474
e_#>	#>	0.3485928669575299
o_#>	#>	0.017079540583436012
r_#>	#>	-0.3165931381314419
#>	ɐ_#>	-0.11937713361939513