Phone1	Phone2	PMI
ŋ	ŋ	7.03997491844159
e	e	5.347242514172788
p	p	5.246807271547361
ˈu	ˈu	5.241853324708397
m_i	m	5.1711240098283415
b	b	5.100426177059452
o	o	5.0894179227936815
d	d	5.027557338782742
r_u	r	4.991893178538067
ˈe	j_ˈɛ	4.969302935539611
f	f	4.946655332611335
ɡ	ɡ	4.773776666695956
m	m	4.683561943344227
t_u	t	4.664433090412321
t_i	t	4.656304693512852
z	s	4.652917942759898
b	v	4.650748651085573
ˈi	ˈi	4.639836347165014
ˈo	ˈɔ	4.347038691003862
ʧ	ʨ	4.324274466356703
n_u	n	4.309360165562149
ˈu	ˈo	4.236746306286969
ˈa	ˈa	4.2354448198995165
s	s	4.233826771080169
β	w	4.203269706945115
k	k	4.0969607177711325
t	t	4.045905218914287
k	ʨ	4.039354160004009
r_i	ˈe	3.925990324663975
n	n	3.880389821768031
i	e	3.878345471241558
l	l	3.853316538025335
r_i	r	3.816949608102257
n_i	n	3.76410985664708
ˈe	ˈe_j	3.739916190786281
ʒ_i	ʃ	3.722957478490872
r	r	3.669958784518474
ð	d	3.521805400209844
l_u	l	3.477719340938872
j	ˈɛ	3.455167166638301
ʒ	ʒ	3.452276386733024
a	a	3.364593561534289
i	ˈe	3.30826074245166
rː	r	3.227329521414927
#>	f_#>	3.164296469272432
ˈo	w	3.157790648805092
ˈo	ˈo	3.1456548082159035
ˈi	ˈe	3.129423543124908
s	ʃ	3.016136580288969
ŭ_#>	#>	2.9954048881616044
ˈe	ˈɛ	2.94664571356823
u	ˈɛ	2.818183597567824
a	l_a	2.771611135605468
<#_i	<#	2.593497339837153
u	j	2.425816496193245
e_#>	#>	2.2278793829678696
b	ɡ	2.193650919330961
p_u	p	2.119376844560671
ˈi_ʣ	ˈi	2.0845768851296453
i	i	1.9465794843090096
j_#>	#>	1.9415982588705567
t_r	t	1.895697904400225
ɖː_u	l	1.8003192456618198
ˈa	ˈɛ	1.7450308992190415
t_ˈa	t	1.7119527972916877
ɖː_u	ˈɛ	1.6515646746240091
ˈe	ˈe	1.4808680546352029
ɖː	l	1.4153489157505332
u	ˈɛ_k	1.3988874444971433
e	ˈe	1.2693769457654538
i_s	ʃ	1.2385628621532705
r	l	1.141455072242873
ð	t	1.0529528825128645
ˈu	ˈo_w	1.0497641686500874
ˈe_ɖː	ˈɛ	0.9547511695608748
ʒ	ʃ	0.9391001336659084
ɣ_u	ˈɛ	0.9212025858281978
#>	l_#>	0.9134081595174516
r	e_r	0.902346067508238
a	e	0.7418037897164906
b	ʒ	0.7168433375891518
#>	k_#>	0.663190838768546
#>	r_#>	0.3146078666690673
u_#>	#>	-1.127762420097715
i_#>	#>	-0.1852467049421101