Phone1	Phone2	PMI
ʎ	ʎː	7.19215513527142
ˈɑ̃	ˈa_n	7.17958467852888
ɡ	ɡ	6.908276675620533
d	d	6.536073559247985
t	s_t	6.531121614129232
f	f	5.630204770507895
ˈɔ̃	ˈo	5.572148364253349
ˈu	ˈu	5.558675187312775
l	lː_ə	5.473710827361267
j	j	5.338510221414435
ˈaː	ˈa_t	5.315180023948972
m	m	5.233266729638045
ð	ʤ	5.181497238678098
p	p	5.0900514253213895
ˈo	ˈu	5.007281499128974
ˈɛː	ˈe	4.9443006657257005
v	v	4.831727877603357
s	s	4.774514399105278
ˈɛ	ˈe	4.718463210277468
ˈoː	ˈɔ	4.635441445104398
w	ˈo	4.554300107180624
ʒ	j	4.387132372073705
l	l	4.386559896476696
ʃ	k	4.32404533990101
ˈa	ˈa	4.254732170735728
ˈi	ˈi	4.223377322948493
k	k	4.221716544039416
ʁ	r	4.214126790652686
b	b	4.205985597132076
ˈɔ	w_ˈɔ	4.1808060006263545
ˈɔ̃	ˈu_n	4.153866005450785
ˈe	j_ˈɛ	4.111503802609674
s	ʃ	4.110854259228703
n	n	3.8683950252884616
ʁ	ə_ɾ	3.732779674717438
s	ʃː	3.6938287788063424
a	a	3.668500736924038
t	t	3.6646180536966746
l	l_ə	3.650488227830568
ˈĩ	ˈi_n	3.50046064546214
ˈe	ˈɛ	3.492123798055616
ʁ	ɾ_ə	3.432399537599623
ð	ɾ	3.422806063590165
ˈoː	w_ˈɔ	3.391317529810098
z	ʃ	3.3877030559923376
b	v	3.350007874205399
ˈaː	ˈa	3.258301023295834
w	w	3.1484313738662264
ʁ	ɾ_t	3.138799665502232
ˈɛ̃	ˈɛ_n	3.104772287104804
ˈɛ	ˈɛ	2.996358848908302
ʁ	ɾ	2.876512565414273
w	ˈu	2.8358170357620365
ˈø	ˈu	2.7833019470604774
o	ə	2.741457076827808
t	tː	2.535312619408665
ˈe	ˈa	2.385335603238201
ˈɑː	ˈa	2.349036223069595
ʃ	ʃ_ə	2.341039082016245
ə	ə	2.330735150132773
ˈe	ˈi	2.1121941030759337
ˈɔ	ˈɔ	2.001383948464867
ˈø	ˈɔ	1.9229204639091144
a	ə	1.888601806743112
ˈi	ˈɛ	1.8481435309781205
b	b_w	1.6300689264945594
v	p	1.5055293379227557
ˈɛː	ˈa	1.4227403376983452
ˈa	ˈɔ	1.299263005117468
ˈɛ	ˈi	1.275326153901574
t	n_t	1.190286421735678
ˈɑ̃	ˈa	1.1434266535636284
#>	i_#>	1.1291316864817422
ˈɛ̃	ɲː	1.021897829516068
o	u	0.969290948349309
<#_e	<#	0.8951466861932795
ʃ	ʃ	0.8719052517036558
ʎ	j	0.7095718301379612
ˈoː	ˈu	0.7057687874530998
ˈe	ˈɔ	0.5082238134277106
ˈɛː	ˈi	0.4559870837939497
l	j	0.3597437685154995
ˈɛː	ə	0.1064752323064375
ˈe	ə	-0.0949591422279188