Phone1	Phone2	PMI
w	ˈɒ_w	7.94839689797064
ŋ	ŋ	7.290121004333904
ɲ	ɲ	7.132420560380535
j	j	6.859642111507955
i	i	6.590106283706975
ɣ	ɣ	6.568778542741748
β	β	6.114874254135194
ɡ	ɡ	5.917416479172739
w_ˈe	ˈɒ	5.815815719550865
ð	ð	5.7341878844767615
ˈu	ˈu	5.721295035884229
d	d	5.619770763801371
f	f	5.579114411305857
o	u	5.319027008000631
l_o	l	5.298985884726456
x_o	ʎ	5.298530272303744
ɾ_o	r	5.256755284913948
b	b	5.051722279378475
k_o	k	4.981088692556686
j_ˈe	ˈe	4.979800710615889
t_o	t	4.957781929649005
p	p	4.906358167210169
t_e	t	4.900425612597814
ˈo_n	ˈo	4.894034171371425
b_j	v	4.848003354175472
m	m	4.774365563097959
ˈi	ˈi	4.642183620314552
b	v	4.6223495957297205
ˈa_n	ˈa	4.616485055148587
x	ʎ	4.532339512462364
n	n	4.499014002261386
e	e	4.485020363545914
w	w	4.483044805588729
ˈo	ˈo	4.479801612906813
k	k	4.456167113813658
t	t	4.342436044378128
j_ˈe	ˈæ	4.294797909570133
x	ʤ	4.1920968128214025
r	r	4.164044676784517
s	s	4.107002320153209
l	ʎ	3.983948672501957
ˈa	ˈa	3.9683613904113018
ð_o	t	3.9429555557184353
l	l	3.858118066124164
ˈe	ˈæ	3.696388898931268
β	v	3.608910064829456
ˈe	ˈe	3.574058348510256
a	ɐ	3.568470408199357
a	a	3.555047569027649
ˈo	ˈɒ	3.466805936929404
θ	w	3.404587079385987
θ	s	3.3758787764466165
e	ɞ	3.3117166648760303
ɾ	ɾ	3.257277272216873
a	ɜ	3.247029946710103
ɾ	r	3.124240580325733
θ_ˈi	ˈi	3.1168724665713348
s_o	s	2.982267118093857
ɲ_o	ɲ	2.952739572687564
θ	ʃ	2.9488895998699567
<#_ɟ͡ʝ	<#	2.932355619554398
a	ɞ	2.9204303779155616
n_#>	#>	2.6434203472770124
ð	t	2.595949802650125
ɾ	w_ɾ	2.5261442377180523
<#	<#_f	2.5079044695441977
p_j	p	2.2240609707833867
m_b	m	2.1072837124431323
o	e	2.063903881083312
ɣ_o	k	1.989378507270452
ʧ	t	1.8330703419089625
ˈe	ˈæ_w	1.7165292552631053
ˈo	ˈu	1.6813621354993409
e_#>	#>	1.6592901853734137
s	z	1.5580864751061965
j	ˈi	1.549143172698318
ˈe	ˈi	1.5342914500456997
ɡ	k	1.381699197079041
e	ʤ_e	1.2812384953686282
β	w	1.268175847029191
f_w	f	1.2510665207338372
ˈi	ˈe	1.211007065824856
#>	ʎ_#>	1.171276214585991
ʝ	ʎ	1.1062245315850183
ɣ	k	1.088833374566803
ʧ_o	t	1.0884202230549824
p_w	p	1.0036586812736672
e	u	0.980016790361702
ˈo	ˈa_l	0.92895150567499
ˈe	e	0.8371644658764907
ˈa	l_ˈa	0.8317707396752925
<#	<#_ʤ	0.6339850002884625
ˈe	ˈɒ	0.3227405396376288
#>	ɜ_#>	0.0796285388407314
o_#>	#>	-0.8268674675819288