Phone1	Phone2	PMI
w	w	7.829472984630502
ɲ_u	ɲ	7.163126427576339
ŋ	ŋ	6.975852229528064
i	i	6.151246621953995
j	j	5.8486984003121565
ˈu	ˈy	5.762936474918387
ˈɛ_n	ˈe	5.657398734898165
ɟ	z	5.646376311295285
ɡ	ɡ	5.625467773007341
tː	ʧ	5.588070393632793
u	o	5.543018167473981
b	b	5.533793072575246
t_u	t	5.161766443738348
k_u	k	5.076937663442138
f	f	5.03500936554509
d	d	5.0026194809810445
ˈo	ˈo	4.999123328962039
m	m	4.878644402567736
lː_u	l	4.836489570201493
tː_u	t	4.796885517509397
p	p	4.72656581779129
ˈo	ˈu	4.594816216893589
n	n	4.582178862513584
ˈu	ˈø	4.544456096706009
ˈi_n	ˈi	4.53773101410984
ʧ_e	s	4.52260481873332
ˈa_n	ˈa	4.485034066964778
l_u	l	4.449282181947886
ˈi	ˈi	4.4349145106319
r_u	r	4.412701441807878
k	k	4.26846901756131
e	e	4.224043125330285
ʎ	j	4.2143829893847045
ˈɔ	ˈɔ	4.179255763520206
m_e	m	4.163366004345365
lː	l	4.138143660130105
ˈe	ˈɛ	4.077414094756252
t	t	3.964347042027993
ˈɛ	ˈɛ	3.8941259787425526
ˈa	ˈa	3.8797709233572535
l	l	3.8562916958346185
s	s	3.845812423333329
r	r	3.822610509493713
t_e	t	3.800950579092821
c	ʧ	3.780219066993568
i	e	3.74557906732612
ʧ	s	3.7433195563118895
ɲ	ɲ	3.743121362186183
ˈɔ	ˈu	3.63723028828543
a	a	3.586987111027661
l_e	l	3.575793440428476
ˈo_n	ˈu	3.567674096603114
ʃ	s	3.516297898637918
o	o	3.465815396586099
sː_u	s	3.4405450726917914
r_e	r	3.418977641129524
ˈe	ˈe	3.3924332514624336
v_e	f	3.3645091031707777
kː	k	3.3548053423902493
ˈɛ	ˈe	3.308474908656712
ˈɔ	ˈø	3.291092982030218
ˈɔ	ˈo	3.2702939176818955
ɟ	ʤ	3.23100087171596
v	ʋ	2.792888097435749
t	d	2.7830144853552805
c_u	ʧ	2.546613362953253
tː	t	2.524997335850913
<#_v	<#	2.438545331990852
k	ɡ	2.3848468848244977
i_#>	#>	2.377005802135696
ˈi	ˈe	2.37233003391722
e	ˈi	2.28620943778722
p_u	p	2.151697094722329
u	e	1.9628463717513795
ʦː	s	1.9368795686197624
d	t	1.5224260841738784
ŋ	n	1.3352771061245443
t_r	d	1.1416183960994826
v_ˈi	ˈe	1.1024343541044312
e	ˈi_f	1.0740399636385516
ɡ	k	0.9591634326879688
v	f	0.8919039806509634
ʦ	s	0.6418246415889737
ˈo	ˈø	0.6052846634553803
ˈɛ	ˈi	0.5233713223294978
a	e	0.5007786047996822
#>	r_#>	0.0865479002024605
u_#>	#>	-0.5858129128026045
e_#>	#>	-0.3796810505327742