Phone1	Phone2	PMI
o	u	7.1843514455374375
u	u	6.733259847094974
ɡ	ɡ	6.535144680825772
b	b	6.246309118110646
f	f	6.071867623381038
#>	i_#>	5.96326801723343
a	a	5.635346495851138
m	m	5.619530976899938
ŋ	n_ə	5.573485058983711
s	ʃ_ə	5.542417487486327
l	lː_ə	5.401197440451568
j_ˈɛ	ˈɛ	5.399338894360009
ŋ	ŋ	5.323939484640891
d	d	5.202601175221754
k	k_ə	5.155369552747152
v	v	5.153935427267268
ʧ	ʃ	5.129195129097024
ˈɔ	ˈɔ	5.060734699526583
ˈo	ˈo	5.011218392847714
p	p	5.011081972533963
w	w	4.993544426593305
l	l_ə	4.98819940812076
t	tː_ə	4.983225032949272
n	nː	4.887856055313782
ˈe	ˈe	4.885842430017343
s	s	4.815601957637785
j	j	4.801728178229914
t	t_ə	4.743667753711519
ɲ	ɲː	4.70252806164202
ʤ	ʤ	4.674948757880333
ˈɛ	ˈɛ	4.596950818089997
ˈu	ˈu	4.572153773055689
ˈoː	ˈu	4.497285329593105
ˈi	ˈi	4.490757983480303
l	kː_j	4.416277824041679
ˈuː	ˈu	4.409112206101796
r	r	4.327501816098616
s	ʃː	4.322407064736971
ˈaː	ˈa	4.229633074170378
i	i	4.216070356906688
j	ʎː	4.1596707974396905
c	k	4.133962173727198
n	n	4.117135296461931
l	l	4.093177906914019
ˈo	ˈu	4.050345413825133
ˈiː	ˈi	4.007490671655501
ˈa	ˈa	3.977189951574965
r	ɾ_ə	3.948288729793564
k	k	3.930402040916285
ʧ	ʦː_ə	3.9271876445809175
b	v	3.898305753870292
ˈe	ˈi	3.712833610405574
ˈeː	ˈe	3.621905946952081
r	ɾ	3.512249914581964
s	sː_ə	3.444414927715857
m	mː	3.34222011285948
d	t	3.190789493131048
t	t	2.984256273741545
t	tː	2.8373432861839936
s	ʃ	2.829907778748823
c	kː	2.6418715729043845
ɲ	ɲː_ə	2.4708579219812004
e	ə	2.414533016446313
ˈiː	ˈɛ	2.2581814783480083
r	ɾ_n	2.0839181031788496
ˈɛ	ˈɔ	2.0235537108542645
ɲ	n	2.005371739651629
i	ə	1.9538964675592605
ˈi	ˈɛ	1.8977102476193368
ˈa	ˈɔ	1.838882353822997
ˈɛ	j_ˈɛ	1.813666612305439
ˈo	ˈɔ	1.7068599807907368
w	ˈɔ	1.474719090780545
ˈuː	ˈɔ	1.3747409270870212
ˈɔ	ˈu	1.347577917699828
l	j	1.345000832928212
z	s	1.0981543408954368
e	a	1.04838794244946
v	p	0.9386194234336585
ˈiː	j	0.7014257206383447
<#_j	<#	0.6748791029562996
d	ɾ	0.4119452834909504
<#_v	<#	0.1334243211104194
a	ə	0.017010451352798