Phone1	Phone2	PMI
w	ˈɛ_f	7.877147075844793
ɲ	ɲ	6.926468750797132
u	o	6.554840298176559
ɡ	ɡ	6.147456052030775
ɣ	ɡ	6.048880535033107
ɾ	e_r	5.741738480288407
ˈu	ˈu	5.688464056305134
ʒ	ʒ	5.653512165703318
n	n_t	5.461791567180299
β	v	5.364655131315715
f	f	5.226470783797982
m	m	5.160677980357022
ʎ	d_l	5.113835444672012
p	p	5.109194968268135
ˈo	ˈo	4.982491976252337
b	b	4.939347485437945
ŋ	ŋ	4.8968804484688375
ˈɔ	ˈɔ	4.8816412530900495
d	d	4.865379118584331
ˈo	ˈo_n	4.8517813920610395
ˈi	ˈi	4.788665826387033
t	t	4.587452824702113
ˈa	ˈa	4.5679282590254635
ð	d	4.520303682005764
b	v	4.4715456801488935
k	k	4.404856275636867
s	s	4.332317296943906
ˈɛ	ˈe_j	4.30627853854073
k	ʨ	4.249710417169742
s	ʧ	4.209390881132166
ˈi	ˈi_n	4.054745397723542
r	r	4.0181889358814695
ˈu	w_ˈɛ	3.896005383904961
n	n	3.7771184116045475
ˈɔ	w	3.6831270007852885
l	l	3.6637351447197375
ŋ	ŋ_k	3.564827314194172
ʎ_ə	l	3.529214760139552
ɾ	r	3.488327487017127
ʎ	l	3.431731924696631
ə	a	3.2396759770600827
m_ə	m	3.222681081407854
m_b	m	3.165243831052215
ˈe	ˈɛ	3.1059558106139065
#>	ˈe_#>	3.0010160568146187
m_ˈa	m	2.9974457289468464
w	ʃ	2.990786996372378
i	i	2.8984353453916842
ˈɛ	ˈe	2.770181140786683
ˈɔ	w_ˈɛ	2.7411022454734466
ˈɛ_w	ˈe	2.660329604768239
ˈu	ˈo	2.6467352116638208
ə_s	ʃ	2.538642233269546
ə	e	2.5162171306333407
ʃ	s	2.4472777152306224
ˈɛ	j_ˈɛ	2.436144824127414
s	ʨ	2.3503197425538316
ɾ	ˈɛ_r	2.2426505953265132
<#_ə	<#	2.216865056855273
ˈe	ˈe	2.0269060571742816
#>	n_#>	2.0094673574683872
ˈɛ	ˈɛ	2.0011904853129248
ˈe	ˈe_j	1.9357523342399645
s	ʃ	1.9327675789759726
ˈa	ˈa_n	1.92627628983568
#>	e_#>	1.7817121666261135
r	ˈɛ_r	1.7637633667230597
#>	r_#>	1.7366484014079713
ʒ	j	1.714262358741818
w	ˈɛ_ʃ	1.55744055957753
l	w	1.3692703988944166
k	ˈɛ_k	1.1281799949931615
ˈi	j	1.0996230544539183
w_ɾ	j	1.0570420020774725
#>	j_#>	1.0531490518988478
ə	n_a	1.0523390390656495
β	b	0.9046972779242288
ˈe	ˈa	0.8294611887543076
ʃ	ʃ	0.8202348337893339
w_#>	#>	0.815312798331432
i	j	0.7922864014128226
ˈɔ	ˈo	0.7831459109605693
ə	d_a	0.7678023931455389
s	ʦ	0.6760938408088942
ɾ	j	0.2753290002583747