Phone1	Phone2	PMI
f	f	6.69168720204138
ˈoː	o̯ˈa	6.405980805718799
d	d	6.246713847705407
ɡ	ɡ	5.950611988302461
b	b	5.444030440955274
ˈuː	ˈu	5.364893859087976
ˈiː	ˈi	5.194101573212087
ɛ	i	5.168594964878846
w	v	5.146722639998236
s	s	4.759600149401567
ʊ_ɫ	ʎ	4.666051087012977
lʲ_i	ʎ	4.6322681180990015
m	m	4.622972829630029
ˈaː	ˈɔ	4.552383557312843
k_ʊ̃ː	k	4.456221388555544
p	p	4.303279332785637
ˈɪ	ˈe	4.27628436773362
r	r	4.246127833473928
ˈʊ	ˈu	4.116000894560438
k	k	3.913703920004767
ˈɔ	ˈo	3.866387734892257
t	t	3.855247028164215
ʊ̃ː	u	3.785762589523299
ɫ	l	3.674405858769488
ãː	ə	3.597626595549055
ˈɪ	e̯ˈa	3.498067350501266
ˈa	ˈa	3.4959478324964026
ɪ	i	3.466102227352731
t_ʊ̃ː	t	3.446776976939255
n	n	3.415993398201322
ˈɔ	w_ˈo	3.339032079982105
oː_#>	#>	3.283469327851789
ˈɛ	ˈe	3.214081485535228
ˈaː	ˈa	3.112083524935288
ŋ	ŋ	3.042227084411711
w	w	3.020992304385733
n_ʊ̃ː	n	3.0161659513365144
ɛ̃ː	i	2.97207612891424
s	ʃ	2.671295598343161
j	ʒ	2.6628706031556777
a	ə	2.621433870249142
ˈeː	e̯ˈa	2.5065977307099643
ˈa	ˈɔ	2.42113866797193
ˈɛ	ˈi	2.377336808981549
ɔ	u	2.2037685215175578
ˈɛ	ˈa	2.0565225442477773
p	kʲ	2.0378922758400373
n	j_n	1.982458328779348
oː	ˈo	1.9769337481070284
<#_h	<#	1.8800898032845512
d	z	1.8050009970416008
kʷ	ʦ	1.8008122968825808
l	l	1.7565694508547474
ˈɔ	ˈu	1.7030455936642528
k	ʦ	1.6337298816322
k	p	1.5776813506699283
<#	<#_w	1.5482996394030906
p_ʊ̃ː	p	1.5317407686682252
t	ʦ	1.4874122213275145
s_#>	#>	1.4450057080229013
#>	j_#>	1.349638569917892
eː	i	1.2656808544790548
d_i	z	1.1965710819070083
ˈu	ˈu	1.0887976592389963
ʊ	u	1.0764049894769467
ɫ	ʎ	0.966889468319216
sː_ʊ̃ː	s	0.9543572750450948
kʷ	p	0.9129123671997555
ʊ̃ː	ə	0.9117974182493668
ɛ̃ː	ʦ_ə	0.9063910502115988
lʲː_ʊ̃ː	l	0.8952660983398605
ˈɪ	ˈi	0.8213139173613269
s_ʊ̃ː	s	0.8205217677403637
lʲː	l	0.809997732633804
tː	t	0.809997732633804
ɫ	r	0.802019551850938
ˈu	ˈo	0.782497027883817
ɛ̃ː	ə	0.7763023111293675
ɛ̃ː	ʦ_i	0.7373582204750126
ɛ̃ː	e	0.684273229823255
ɡ	z	0.6377335643306881
ŋ	n	0.6219800460740189
ˈɔ	o̯ˈa	0.5876267764207229
ˈɛ	e̯ˈa	0.5746124237947934
kː_ʊ̃ː	k	0.4278641441478176
ˈɛ	j	0.4131414393832726
nː	n	0.3879950457855564
<#_f	<#	0.2694626826614552
ʊ̃ː_#>	#>	-1.820673331442711
ɛ̃ː_#>	#>	-0.37925286758396
<#_k	<#	-0.1305373173385448