Phone1	Phone2	PMI
f	f	7.301151976077786
ˈoː	o̯ˈa	7.0340674606335005
d	d	6.787248987464324
ɡ	ɡ	6.556492380739414
b	b	6.033588080281497
k_ʊ̃ː	k	5.983148329085433
ˈuː	ˈu	5.954451498414199
ʊ_ɫ	ʎ	5.880372617159554
ˈiː	ˈi	5.802507487314591
w	v	5.801489119996377
ɛ	i	5.684138275552253
s	s	5.358690155366263
m	m	5.274154928028719
ˈaː	ˈɔ	4.940421528158325
r	r	4.834142590351579
p	p	4.772606683813068
ˈʊ	ˈu	4.75003701815395
ˈɪ	ˈe	4.748849506915612
t_ʊ̃ː	t	4.720704286281019
ˈɔ	ˈo	4.447846418572868
t	t	4.436037410426948
n_ʊ̃ː	n	4.351301680233497
k	k	4.302736872867407
ʊ̃ː	u	4.27555884400044
ãː	ə	4.228913196455824
ɫ	l	4.141188459568432
ˈɔ	w_ˈo	4.079096724028136
n	n	4.034491127288967
ˈa	ˈa	4.0178596077372335
ˈɪ	e̯ˈa	3.886734157334181
ɪ	i	3.873558447312447
ɛ̃ː	i	3.591521884115908
w	w	3.5654690217861407
ˈaː	ˈa	3.5498154848977284
ʊ̃ː_#>	#>	3.359799929888631
ŋ	ŋ	3.195028465479428
ˈɛ	ˈi	3.098329961962284
s	ʃ	3.0139511977223443
lʲ_i	ʎ	2.9887310125241635
a	ə	2.944130774028933
ˈɛ	ˈe	2.9199343667931936
l	l	2.884478633124916
ˈa	ˈɔ	2.839900002560073
ˈɛ	ˈa	2.787662587762448
<#	<#_w	2.7787852511945323
ˈeː	e̯ˈa	2.7271426906272165
k	ʦ	2.703300837520035
s_#>	#>	2.6715791893433227
ɔ	u	2.4735624027295056
n	j_n	2.464756205476476
d	z	2.239850244264521
p	kʲ	2.2024723947184675
ˈɔ	ˈu	2.174091064365503
oː_#>	#>	2.1496797303511004
p_ʊ̃ː	p	2.143689525135463
kʷ	ʦ	2.027422087576267
t	ʦ	1.889069658736165
<#_h	<#	1.846348171107044
k	p	1.8240862073584168
ɫ	ʎ	1.694737154560403
eː	i	1.492305122473215
j	ʒ	1.4902710807379898
ɛ̃ː	ə	1.4210117512078442
#>	j_#>	1.3798588363910764
sː_ʊ̃ː	s	1.3122492863494697
oː	j	1.3095081464917369
ɫ	r	1.1964645186053695
ʊ	u	1.178437780769226
lʲː_ʊ̃ː	l	1.1515287289101706
i	u	1.148827430583559
s_ʊ̃ː	s	1.1384786161338485
oː	ˈo	1.1347495650052797
lʲ	ʎ	1.056286080449527
kʷ	p	1.0262939001856857
ˈɪ	ˈi	1.0193641433711238
lʲː	l	0.9233792656197342
tː	t	0.9233792656197342
ɛ̃ː_#>	#>	0.8963652189459166
ˈu	ˈo	0.8958785608697472
<#_k	<#	0.8643443942113811
ɛ̃ː	e	0.811807596182238
ʊ̃ː	ə	0.7895647205637897
ˈɛ	e̯ˈa	0.7310247720208112
ŋ	n	0.7082286154010485
ɡ	z	0.7075540311014844
kː_ʊ̃ː	k	0.6659646002569066
ˈu	ˈu	0.6562860804495273
kː	k	0.6528605743292836
ˈɔ	o̯ˈa	0.6423670903504564
nː	n	0.474243615112586
ˈɛ	j	0.4140322718765798