Phone1	Phone2	PMI
j	ʒ	7.6639908091578235
ˈoː	o̯ˈa	6.991000848928931
f	f	6.701154086265103
s_i	ʃ	6.128331793014221
ʊ_ɫ	ʎ	6.066710735552615
ɡ	ɡ	5.926995773737761
b	b	5.887931931289616
lʲ_i	ʎ	5.693662325065329
d	d	5.692842578161423
kʷ	ʦ	5.612932628786409
ˈuː	ˈu	5.3210654361095155
ˈaː	ˈɔ	5.291562115492202
ˈiː	ˈi	5.211847974021378
w	v	5.177110532867821
l	l	5.003749855440152
t_ʊ̃ː	t	4.9828678227279894
m	m	4.953930575584931
ɛ	i	4.908140661814694
ˈeː	e̯ˈa	4.90344812353115
s	s	4.835860058005107
ʊ̃ː	u	4.8105515009798285
p	p	4.685971990107396
d	z	4.677479458751257
p_ʊ̃ː	p	4.518796197985326
a	ə	4.456926303709168
oː_#>	#>	4.400608268157295
s	ʃ	4.301726076438233
ˈɪ	e̯ˈa	4.2707981175873355
ˈʊ	ˈu	4.267628456281961
r	r	4.157860784610111
s_ʊ̃ː	s	4.156993700133322
ˈɔ	ˈo	4.124123640185122
k_ʊ̃ː	k	4.1063342237032225
n_ʊ̃ː	n	4.069115476315476
ˈaː	ˈa	3.92329063724661
t	t	3.91906017239938
ɔ	u	3.8696330577453844
w	w	3.8646620480236065
ãː	ə	3.7710713293238465
n	j_n	3.7413537921097144
ɪ	i	3.7138707105197843
ˈɪ	ˈe	3.66569432755633
ɫ	l	3.5833024751965206
k	k	3.5721812806633926
ˈa	ˈa	3.3564002983091465
n	n	3.3081946626070042
k	ʦ	3.228548345265908
ˈu	ˈu	3.1124325606805723
ˈa	ˈɔ	3.1060093931653334
ˈɛ	ˈe	3.06936992543053
ɛ̃ː	i	2.914012969691243
ŋ	n	2.8490464105326088
#>	j_#>	2.67739478299973
t	ʦ	2.651757594912588
<#_h	<#	2.5800141908515246
ŋ	ŋ	2.483749930477484
ˈɛ	ˈi	2.443023481180095
ˈɔ	w_ˈo	2.3223644590285666
ˈɛ	ˈa	2.2945436989521366
t_r	t	2.29117753098634
<#	<#_w	2.231129673778439
eː	i	2.135629798830505
p	kʲ	2.111148560011917
oː	ˈo	2.106430616224295
kː	k	2.0671888121652477
ˈɔ	ˈu	2.0483360176983076
lʲː_ʊ̃ː	l	1.9356633117150914
ɛ̃ː	e	1.539710804777024
ɫ	ʎ	1.5285022285202667
ˈɪ	ˈi	1.243648167995265
k	p	1.2406302858440714
ˈɔ	o̯ˈa	1.176211764133103
kː_ʊ̃ː	k	1.1201962672193901
f_ˈiː	ˈi	1.0841328731492295
sː_ʊ̃ː	s	1.0707187212505462
h	j	0.9920930748205097
ɪ	ə	0.9434343048434127
lʲː	l	0.7940676081719137
ɡ	z	0.7927823543400272
ɛ̃ː	ə	0.7733498524739857
ɫ	r	0.7450121075902412
ɛ_#>	#>	0.7047123912114026
n_a	n	0.6865474396093445
ˈɛ	j	0.6132122545122606
ʊ̃ː	ˈo	0.4982424950630853
nː	n	0.44307455400001733
<#_ɡ	<#	0.35492474404494617
<#_f	<#	0.25852150424342824
ʊ̃ː_#>	#>	-1.2671185569194534
<#_k	<#	-0.35363695461470046