Phone1	Phone2	PMI
z	ɣ_e	7.524982096627144
ʧ	k_r	7.259174811811667
m	m_e	6.94972186768059
u	o	6.7600906044728655
t	t_u	6.322520111588002
t	t_e	6.158870198955822
ŋ	n_u	5.964851558065433
p	p	5.88348267053936
l	l_u	5.740216084211893
d	d	5.585019765793767
l	ɖː_u	5.555579203622059
ɡ	ɡ	5.552529575673805
i	i	5.415388709415647
ˈuː	ˈu	5.3908832815038314
f	f	5.3775647573680025
m	m	5.219452951684806
s	s	5.1600443200217
ˈa_j	ˈi	4.916060534939793
ˈæ	ˈe	4.830433514458796
r	r_e	4.820160939067337
ˈɛː	ˈe	4.778152253423359
d	ð	4.754689599799083
ŋ	n_e	4.712149276333025
ˈʌu̯	ˈu	4.628193002572216
ˈe	ˈi	4.581799515043296
ˈo	ˈu	4.533267286775319
ˈaː	ˈa	4.532646200998088
v	β	4.513628010071349
k	k	4.480450513460024
ˈɔ	ˈo	4.433075769100742
ɡ	ɣ	4.3976643513397775
b	b	4.389703072125745
r	r_u	4.371274907614847
ˈɔː	ˈo	4.36247869477979
ɡ	ˈo_ɣ	4.277493974724619
t	t	4.24524886509491
ð	ɡ	4.199141024965472
<#	<#_i	4.170576241704957
l	l	4.156577906247017
ˈa	ˈi	4.126630768643556
v	b	4.087780828518082
a	a	4.053720330267373
ˈiː	ˈe	4.0183663818133
n	n	3.947933539831333
θ	k	3.94551842539985
θ	k_e	3.8828375414808494
b	v	3.6767056267119496
ˈɛ	ˈa	3.6209691501647305
v	β_u	3.4786830127892823
ˈʌ	ˈu	3.4464199187688336
l	l_e	3.3060104114445115
ŋ	ˈa_n	3.296566844005591
s_ˈa	s	3.2284136367487006
ɲ	nː	3.18846859924793
ˈɛ	ˈe	3.132554402309225
ˈʌu̯	ˈo	3.092642334546564
#>	i_#>	3.085566288442865
e	e	2.99471316037772
ˈʌ	ˈo	2.952383559176273
w	b	2.8913786806651665
n_d	n	2.8602801638769133
ŋ	m	2.7316680075036985
#>	o_#>	2.53594000115385
r	r	2.4901013931221874
j	r	2.460314269925368
ˈo	ˈo	2.397216875858526
ŋ	n	2.243625266885067
ˈiː	ˈi	2.060823390776753
ˈɛ	ˈa_ð	2.049129757407174
ŋ	ˈe_n	1.9112731996332415
ð	ŋ_ɡ	1.8252250818517788
e	i	1.7207216922228645
ŋ_n	n	1.6621115855594517
j	ʣ	1.4755155729217855
r	rː	1.3710213182830318
j	ˈi	1.367468069656909
z	s	1.263991844847804
ˈɔ	ˈu	1.191256526154982
ˈa	ˈa	1.171029212388512
#>	ŭ_#>	1.1019550008653876
f_j	f	1.077263726060122
ŋ	ŋ	0.9297095378157731
r	e_r_e	0.8061856691615187
l	ʣ	0.7797476554858142
θ	t	0.5007251778328412
#>	u_#>	0.3585677700379092
#>	e_#>	-0.2292473712666746