Phone1	Phone2	PMI
z	ɣ_e	7.289995945668061
m	m_e	6.657417960393167
u	o	6.598649052784281
t	t_u	6.000757811829701
p	p	5.8646146869454805
ɡ	ɡ	5.845705638084763
t	t_e	5.837107899197521
l	l_u	5.703069612749935
ŋ	n_u	5.652002226768403
ˈuː	ˈu	5.596283965704923
i	i	5.402869975001177
d	d	5.372704162440537
ˈɛ_l	ˈe	5.31348846415169
f	f	5.0917488785689295
s	s	5.0872447187020455
m	m	4.926508427203987
b	b	4.879707986587789
ˈɔ	ˈo	4.859370950906359
r	r_e	4.802248890299669
r	r_u	4.7563798539040265
d	ð	4.755342587522804
θ	k	4.627763211040351
ŋ	n_e	4.5630158169799655
v	β	4.518129771698799
ˈaː	ˈa	4.509233774679881
ˈe	ˈi	4.50183826523296
ˈæ	ˈe	4.475937112853648
ˈʌu̯	ˈu	4.468863940893657
k	k	4.465812834728739
ˈɔː	ˈo	4.365544346940442
ŋ	ŋ	4.352427559602312
ˈo	ˈu	4.288604307574203
ð	ɡ	4.24077105256313
l	l	4.17065369646135
n	n	4.070370715759739
<#	<#_i	4.034961860682429
a	r_a	4.028863521689191
v	b	4.016854745111307
ˈiː	ˈe	3.9531935803145233
t	t	3.872507272854122
ˈɛː	ˈe	3.7814846128077177
a	a	3.779152957677797
ˈɛ	ˈa	3.73466353660274
v	β_u	3.604244929013863
ɡ	ɣ	3.5752591635594206
ˈʌ	ˈu	3.415273480687136
ˈa	ˈi	3.4064386098776414
j	r	3.405903050099377
l	l_e	3.253551886236925
#>	i_#>	3.1685737882986342
ˈo	ˈo	3.096217915740907
e	e	3.076248819808388
ˈʌ	ˈo	3.0726439652934103
ˈʌu̯	ˈo	2.975862042261975
ˈa	ˈa	2.88213746121073
w	b	2.834413192054397
ˈɛ	ˈe	2.630955057364006
r	r	2.6149308306244863
#>	o_#>	2.53594000115385
#>	ĕ_#>	2.53594000115385
ŋ	m	2.4167726056344776
ˈiː	ˈi	2.337804212936359
r	rː	2.309390053506516
#>	ŭ_#>	2.203910001730775
ŋ	n	2.2035369724207627
ˈɛ	ˈa_ð	2.127571010493285
ˈa_j	ˈi	2.031592224336998
ˈa	ˈe	1.951852768221373
e	i	1.8155977789731592
ŋ_n	n	1.5311800872714478
ɡ	ɣ_u	1.3514055013928443
j	ʣ	1.241747711075493
z	s	1.2374514283638116
a	ʣ_a	0.9310548923878414
l	ʣ	0.829762769670284
j	ˈi	0.6809952088065749
j_r	r	0.6726971985723271
r	e_r	0.5837710893385097
l	r	0.0906339235237446
#>	e_#>	-0.619883199916076
#>	u_#>	-0.4304727828490277
a	e	-0.1379356753090522