Phone1	Phone2	PMI
d	d	7.702236256471567
ŋ	ŋ	7.422726166066128
ɡ	ɡ	7.377115359427866
ʎ	ɟː	7.119691331953269
ɲ	ɲː	6.706071005129896
ʧ	tː_ʊ	6.574748698974875
b	b	6.296658972330042
ʒ	j	6.130690201537904
k	k_ʊ	5.872592353237616
f	f	5.8484625699082144
ʦ	ɕ_ɪ	5.643678333252364
w	w	5.527631669928469
l	l_ʊ	5.493170510914615
l	ɖː_ʊ	5.454641495326136
n	n_t	5.292584577446683
m	m	5.261266208753609
i	i	5.154308824884315
v	v	5.095704227973383
ˈɔ	ˈɔ	5.043546233359742
p	p	4.937145127115463
ɾ	ɽ	4.899839123443532
ˈɛ	ˈɛ	4.890209432903528
s	s	4.689819932034588
ð	t	4.588904981731654
ʦ	ʦː_ʊ	4.551390154295232
ˈu	ˈu	4.504282346468564
k	k	4.386004793360244
ˈy	ˈu	4.365305175306964
ˈa	ˈa_n	4.361113182665601
ˈi	ˈi	4.307390234754026
ˈe	ˈi	4.302192019987174
ɥ_ˈɔ	ˈɔ	4.25942848741962
u	u	4.253282786587634
t	t	4.21730666572436
w	v	4.184181780223787
j_ˈɛ	ˈɛ	4.128811084057712
t	tː	4.110645466134822
r	r	4.099450569965136
l	l	4.038922776532898
a	a	3.965597250393647
β	p	3.953056853462057
j	ʈ	3.9471819807877937
ɣ	ɡ	3.900605423076085
m	m_ɪ	3.87060034570873
e	i	3.8473344015390833
β	v	3.805954717826136
s	ɕ	3.7280038378179663
n	n	3.72369675154226
ɔ	a	3.696296004912329
s	ʃː	3.691464371619914
ˈa	ˈa	3.650410429568989
ʧ	tː	3.504201585140638
ɾ	ɾ	3.3976565620254
l	l_ɪ	3.3469016112311567
r	ɾ	3.334203580364846
ˈa	ˈa_ɾ	3.311386556214427
ˈu	ˈu_ɾ	3.249195476748788
l	ɖː	3.169969211707201
n	n_ʊ	3.0821447521882863
r	ʐ	3.057620864726176
ˈɛ_r	ˈɛ	3.0133999135076004
e_s	ʃ	2.9410616547858663
u	o	2.924934921107605
w	v_ɪ	2.9187938712845307
ˈe_j	ˈi	2.792287719198254
s	ʃ	2.738478297551189
ɾ	ɪ_ɾ	2.703462508446259
ˈa	ˈa_r	2.693844342680914
k	kː	2.6736242512125687
ʒ	ʤ	2.6184727784656787
ɾ	r	2.606904449115753
e	ɪ	2.2270762817458523
<#_e	<#	2.178286295984115
ˈi	ˈi_n	2.0900548836212867
ˈa	w_ˈa	2.0496154331917587
t	t_ɪ	2.0114193616157285
j	ʃː_ɪ	1.523974005395013
e	ʊ	1.4256257406244588
l	ɟː	1.28897287755839
ɥ_ˈɛ	ˈɔ	1.261490037924477
j	i	1.2362577379333286
k	k_w	1.1673362761440242
ˈu	ˈu_n	1.0195834647559416
j	ɪ	1.0043140581111598
ˈi	ɪ	0.9821376239660156
e	ˈɛ	0.7861036223399799
n	nː	0.7108599337048154
ˈɛ	ˈi	0.591657461463711
s_#>	#>	0.5494385037977068
#>	ɪ_#>	0.5109863306640907
e	a	0.0338781147330774
#>	ʊ_#>	-0.2405815589329541