Phone1	Phone2	PMI
f	f	7.078998579875592
b	b	6.924780723571812
d	d	6.157130241589074
v	v	6.055359172834442
z	z	5.414956986626486
ʤ	k_ʎ	5.389860551873575
m	m	5.356576763684629
t	p_t	5.199290274689377
l_u	l	5.1419223818368565
ˈu	ˈu	5.091777634813357
s_u	s	5.023830786719437
ˈi	ˈi	4.850669743686735
ˈeː	ˈe	4.685447040775997
p	p	4.593990283550781
p	kʲ	4.581150752648316
ˈa	ˈɔ_j	4.542920340988804
ˈøː	ˈo	4.521549061329641
u	u	4.467130238140601
ɡ	ɡ	4.42822784296953
i	i	4.3216583741098
ˈa	ˈɔ	4.290697537621218
s	s	4.283795435430046
ˈiː	ˈi	4.215187159891848
l	l	4.14285076265187
ˈaː	ˈa	4.114789670298062
ˈuː	ˈu	3.9345910048823214
ɡ_u	k	3.917721449995468
k	k	3.9078331850505528
a	ə	3.9072018739346728
j	r	3.857488137132673
w	u	3.7392989438542266
ˈaː	ˈa_l	3.7346240020623984
ˈy	ˈu	3.71075333982584
t_u	t	3.66939717799756
r	r	3.644037472818219
s	ʦ	3.635703128309448
ʤ	ʎ	3.588579952174475
ˈɛː	ˈa	3.48575541762898
e	i	3.466571891602704
ʤ	ɡ_ʎ	3.4566507914681392
ˈɔ	ˈo	3.438955111484179
ˈɛː	ˈa_t	3.3448592533023733
a	r_ə	3.3415545350856704
t	t	3.335952625034228
ˈe	ˈi	3.3329702944683417
ʒ	ʦ	3.3264613114090658
ˈe	ˈe	3.2766116948023654
ŋ	n_i	3.2456415733673096
n	n	3.0950580917593853
ŋ	n	2.999891081086919
ˈa	ˈa	2.8214460527713974
ˈe	e̯ˈa	2.8036148916712014
<#	<#_w	2.612915302211265
z	ʒ	2.5231862601645783
f_ˈi	ˈi	2.51575763330383
ŋ	ŋ	2.4551331343146687
t	ʦ	2.330724142073781
ɡ	k	2.165757556359193
ˈaː	ˈa_r	1.903194345485081
z	s	1.832981116291088
ˈeː	e̯ˈa	1.7666675593608
ˈuː	o̯ˈa	1.617070439657321
e	ə	1.490970045192849
k	ʦ	1.4123555583736964
ˈɔ	w_ˈo	1.3140324850523084
ˈeː	r_e̯ˈa	1.288175881663315
v	p	1.2758376915360854
ʤ	z	1.2736397620446354
#>	r_#>	1.0180645970652724
j	i	0.9178392770048752
ɡ	m	0.9106547533537438
p_u	p	0.8340803441112176
ˈø	ˈo	0.7976973072622855
l	ʎ	0.7570449964332326
<#_f	<#	0.7280085335575058
u	ə	0.7202830757875378
n_u	n	0.6056073048060772
a	i	0.4703565795958905
ŋ	m	0.2487346347449114
u	i	0.1935294061735434
#>	i_#>	-0.4587422645734457
u_#>	#>	-0.3529882333654783