Phone1	Phone2	PMI
v	v	6.22026910260831
b	b	5.683147684170851
d	d	5.372252524196484
m	m	5.20280268712859
ˈi	ˈi	4.999474769509009
ˈu	ˈu	4.899214324095802
ɡ	ɡ	4.719125244949912
ˈɔ	ˈo	4.710733401086985
p	p	4.605518940217267
s	s	4.484078374984803
l	l	4.415702122054089
t	p_t	4.258614184153646
a	ə	4.219329206343431
u	u	4.21618187636871
ˈa	ˈɔ	4.093647351620167
f	f	4.019588881236001
ˈuː	ˈu	3.9828558375208125
ˈaː	ˈa	3.91487343269954
r	r	3.905434983330485
ˈɛː	ˈa	3.788874014143317
t	t	3.7308078726969334
ˈeː	e̯ˈa	3.711623550090428
k	k	3.682984370671417
e	i	3.478077289036421
ˈeː	ˈe	3.469003859280779
ˈe	ˈe	3.3068622681444495
ʤ	k_ʎ	3.300924312875835
ˈe	ˈi	3.2364977392343097
n	n	3.11926776854292
ʤ	ʎ	3.050824434087587
t_u	t	2.9426992902300992
ŋ	n	2.894566909293269
j	r	2.8828041412056082
z	ʒ	2.8393476189604803
l_u	l	2.8136120503377695
s	ʦ	2.654443212369795
ˈa	ˈa	2.6071241781086387
i	i	2.5855549055069575
ˈøː	ˈo	2.5744756258724473
<#	<#_w	2.4959228020670334
ʤ	ɡ_ʎ	2.4071678618297776
a	r_ə	2.383703607914855
ŋ	ŋ	2.3798643846336
ʒ	ʦ	2.2883701185277863
ˈaː	ˈa_l	2.2420816351000368
ˈe	e̯ˈa	2.1867261064727757
ˈa	ˈɔ_j	2.1187952751917254
ˈaː	ˈa_r	2.0743097001685107
z	z	1.8586283991199803
ɡ_u	k	1.8575291315056166
s_u	s	1.6669110077124984
p_u	p	1.4949499147213443
ŋ	n_i	1.4643807809458689
e	ə	1.4151658541318188
u	ʎ_u	1.233191920690491
ɡ	k	1.1846508790541324
ˈɛː	ˈa_t	1.1606779048135494
t	ʦ	1.1465604596323873
z	s	1.137162336370058
n_u	n	1.057400659015433
v	p	1.0276907642931465
l	ʎ	1.017473727616703
k	ʦ	1.0047068228674774
ˈiː	ˈi	0.9736189805306761
ˈy	ˈu	0.8369379106475405
ˈuː	o̯ˈa	0.8350023996094714
ɡ	m	0.6993880185869439
f_ˈi	ˈi	0.6792715461243108
u	i	0.37720738310960206
<#_f	<#	0.3640042667787529
ŋ	m	0.2410168337789568
u	ə	0.1584744260917883
#>	i_#>	-0.644664398995166
a_#>	#>	-0.36802573264432215
u_#>	#>	-0.30850974909818873