Phone1	Phone2	PMI
f	f	7.146150039443077
b	b	7.139325301972538
d	d	6.149402598200257
v	v	5.767671242301746
ʤ	k_ʎ	5.63818109857848
ˈu	ˈu	5.533443983483916
z	z	5.298016905267932
l_u	l	5.26702898782862
m	m	5.146386290622907
t	p_t	5.0689085155173705
ˈaː	ˈa_l	4.9804597635680254
s_u	s	4.9092880413641415
w	u	4.801928065555
j	r	4.693550969294707
ɡ	ɡ	4.6654762854111285
t_u	t	4.665452073105029
p	p	4.665150931558616
ˈɔ	ˈo	4.649186264214405
ˈi	ˈi	4.581860228786801
ˈa	ˈɔ_j	4.511126630610903
ʒ	ʦ	4.47923469686189
u	u	4.466421281088993
i	i	4.372117737769907
ˈiː	ˈi	4.336921880487119
ˈeː	ˈe	4.280824671247418
l	l	4.273411020326621
ˈa	ˈɔ	4.236600876579235
s	s	4.203492780098132
ɡ_u	k	4.137010279091834
ˈuː	ˈu	4.081471115886399
ˈeː	e̯ˈa	4.019368407462825
k	k	3.9860516898760037
ˈaː	ˈa	3.973204829586863
a	ə	3.943742221776436
ʤ	ʎ	3.8844367915589237
ˈy	ˈu	3.8562338566949097
z	ʒ	3.8043490822974753
r	r	3.7647943103426096
ˈøː	ˈo	3.643701092762415
s	ʦ	3.612355375327851
ʤ	ɡ_ʎ	3.5695455383729113
<#	<#_w	3.436790195747977
p	kʲ	3.426471745038877
e	i	3.383145874117895
ˈɛː	ˈa	3.3477549585172333
ˈe	e̯ˈa	3.2511225453610932
t	t	3.246952810447108
ˈɛː	ˈa_t	3.222641137872267
ŋ	n	3.083119019184933
ˈe	ˈi	3.0539634023018976
n	n	3.0042119933093656
ˈe	ˈe	2.917122824445702
ˈa	ˈa	2.878864353063093
a	r_ə	2.602607401427796
ŋ	n_i	2.488922343279935
n_u	n	2.4863632900274086
ɡ	k	2.317161315927369
t	ʦ	2.0519001414468874
e	ə	1.9504936198856344
ˈaː	ˈa_r	1.9421050177600372
z	s	1.9354004609501865
p_u	p	1.7140214353321095
f_ˈi	ˈi	1.6009738684642723
#>	r_#>	1.5210223652336845
k	ʦ	1.3684898828451848
ˈɔ	w_ˈo	1.3130246230373568
ˈøː	w	1.1815177107904042
<#_f	<#	1.0859382699720346
ɡ	m	0.8904908956884061
v	w	0.8601120040383897
l	ʎ	0.8558687699699897
ˈø	ˈu	0.850134228879918
ˈuː	o̯ˈa	0.8288245875407876
ŋ	ŋ	0.8249972981564833
v_e	ə	0.8052428206586866
ʤ	z	0.7726738641679376
u	ə	0.6833210303841952
ŋ	m	0.6129440648425238
a	i	0.5732918931223524
v	p	0.4632351725988556
u	i	0.3369216213875308
u_#>	#>	-0.7609665314371656
#>	i_#>	-0.6041924680348991