Phone1	Phone2	PMI
b	b	7.79161814461213
f	f	7.044845013012861
v	v	6.037765086153087
d	d	5.880158925395601
ʤ	k_ʎ	5.752833366310869
p	kʲ	5.458148058637669
t	p_t	5.333149246948115
ˈu	ˈu	5.268013985958101
m	m	5.009354246095048
z	z	4.981058701321511
ɡ	ɡ	4.846444965440016
t_u	t	4.6374648781133905
ˈɛː	ˈa_t	4.563965424758906
u	u	4.48157995090516
ˈa	ˈɔ	4.439871219651521
i	i	4.3825500960302985
s	s	4.377873784673533
p	p	4.296023531459366
ˈøː	ˈo	4.256663283378709
ˈaː	ˈa	4.244097709024225
ˈeː	ˈe	4.186565640982242
l	l	4.173063439213592
ˈeː	e̯ˈa	4.131154246442109
k	k	4.130116910885763
ŋ	n_i	4.025277917321684
l_u	l	3.9931310945796628
ʤ	ʎ	3.971107121006426
ˈuː	ˈu	3.938983087183625
a	ə	3.9373662809850414
ɡ_u	k	3.8916876843793973
r	r	3.8725403710635486
s	ʦ	3.869615228454587
ˈi	ˈi	3.7888138922793027
ˈy	ˈu	3.7508687712316426
ˈaː	ˈa_l	3.7337869834373913
ʤ	ɡ_ʎ	3.684200215756563
j	r	3.6048430977248103
z	ʒ	3.4108526097690346
ˈiː	ˈi	3.327845109913266
ʒ	ʦ	3.2411681294852874
t	t	3.238845809386325
ˈɛː	ˈa	3.1997394243038424
ˈe	ˈe	3.1757812467166526
s_u	s	3.1706515237219812
e	i	3.110523207211141
ˈe	ˈi	3.021110051904347
ŋ	n	2.9869233249849145
n	n	2.9184031811437237
a	r_ə	2.8290286788975254
ˈa	ˈa	2.8141276986016783
ŋ	ŋ	2.545557506597924
z	s	2.501382065087661
ˈøː	o̯ˈa	2.4950939904397487
ˈe	e̯ˈa	2.4889274480323267
ɡ	k	2.4816535875610692
ˈa	ˈɔ_j	2.1593030470207086
ˈaː	ˈa_r	2.1529665105238216
k	ʦ	1.9636263410492485
<#	<#_w	1.9059486362944367
ˈɔ	ˈo	1.8888620386819468
n_u	n	1.8769410554018964
w	u	1.8394442089579626
e	w_ə	1.7593916601253945
e	ə	1.7392194175041003
p_u	p	1.6878149561276798
f_ˈi	ˈi	1.5817870851407019
#>	r_#>	1.539119547539836
t	ʦ	1.323847154675958
v	p	1.1492185834861373
ŋ	m	0.9837479070000454
a	i	0.8881279477022261
l	ʎ	0.8717014628459671
ˈø	ˈu	0.8656181668071709
ʤ	z	0.7620614520604787
u	i	0.6872592226377119
ˈuː	o̯ˈa	0.6871823491041791
ʒ	k	0.634991740086778
u	ə	0.46498566313741524
<#_f	<#	0.3680118174260619
u_#>	#>	-1.2550704450539771
#>	i_#>	-0.6014087054853492