Phone1	Phone2	PMI
b	b	8.288661845886148
f	f	7.65075281753164
ʤ	k_ʎ	7.058760173430093
t	p_t	6.4747677377481
t_u	t	6.449194145366293
d	d	6.377202626669619
v	v	6.356330582244425
p	kʲ	6.109069174283404
ˈu	ˈu	5.852518662742533
z	z	5.724880014630384
ɡ_u	k	5.574679169414905
m	m	5.525770255219584
ˈɛː	ˈa_t	5.46917521661213
ɡ	ɡ	5.404223944780262
l_u	l	5.3487296423059
ŋ	n_i	5.165349452076957
u	u	5.132729935467351
ˈa	ˈɔ	5.038544301659604
s	s	5.025437424154646
ʤ	ʎ	5.00128631006092
ˈeː	ˈe	4.987274403794433
i	i	4.9213111216666
p	p	4.901180909005924
ˈaː	ˈa	4.766247586715015
ˈøː	ˈo	4.720611165370502
k	k	4.715689004294471
l	l	4.650200005777426
a	ə	4.535593979154356
s	ʦ	4.530482991200289
ˈuː	ˈu	4.479009279700768
r	r	4.407589898284643
ˈaː	ˈa_l	4.353062779778727
ˈy	ˈu	4.202999626421594
s_u	s	4.1919902074759285
ˈi	ˈi	4.173124126316008
j	r	4.054040321861103
ʒ	ʦ	3.9262618377022003
t	t	3.82318508833893
ˈɛː	ˈa	3.8189746674286806
ˈe	ˈe	3.6887238294471705
ˈeː	e̯ˈa	3.6821987231897744
e	i	3.6344841165586868
ˈiː	ˈi	3.6314041033908593
ˈe	ˈi	3.6145268521234017
a	r_ə	3.5242317833779615
ŋ	n	3.5241278891241894
ˈɔ	ˈo	3.4492710639144004
n	n	3.4448878674061874
ˈa	ˈa	3.373521338049061
ˈe	e̯ˈa	3.113552534287699
z	s	3.083510764639502
ɡ	k	3.0640373721959717
n_u	n	3.0242664738684955
ŋ	ŋ	2.8571613609706126
ˈøː	o̯ˈa	2.683339848017192
ˈa	ˈɔ_j	2.619914255354085
ˈaː	ˈa_r	2.5717084906546757
z	ʒ	2.5363208669466077
u_#>	#>	2.4736304763204098
p_u	p	2.3913780199319574
e	ə	2.3485807172475877
e	w_ə	2.348440000116272
f_ˈi	ˈi	2.2562164071616495
w	u	2.07277724279837
#>	r_#>	2.037374039627087
k	ʦ	1.7649177087650938
<#	<#_w	1.640550843055515
t	ʦ	1.6308495210629146
ʤ	ɡ_ʎ	1.5876446765795047
a	i	1.5190770682480597
#>	i_#>	1.4477939344377722
ŋ	m	1.2897671066821488
v	p	1.1879803308134713
l	ʎ	1.1027862489590108
v	w	1.018469130147502
<#_f	<#	0.8676150169649954
ˈuː	o̯ˈa	0.7982409349167388
u	ə	0.6096791819136866
u	i	0.5865837384296995