Phone1	Phone2	PMI
ɡ	ɡ	6.813886422181679
ɣ_e	ʃ	5.794187968409631
f	f	5.272424680052887
ʣ	ʎ	5.249669549175051
m_i	m	5.210611536329713
o	u	5.20118187646741
p	p	5.115398551131031
b	b	5.02208406515922
i_#>	#>	5.013311933385453
m	m	4.901620866946062
ð	d	4.865783816112421
d	d	4.6356390826694645
ˈu	ˈu	4.612446101590693
b	v	4.610796800739804
ŭ_#>	#>	4.573835003173087
r_u	r	4.5227234859886725
β	v	4.427254972551019
ˈo	ˈɔː	4.421475565347698
ˈi	ˈiː	4.334358633413579
t_e	t	4.319153613564558
l	l	4.211683518526455
t	t	4.190182530555492
ˈi	ˈi	4.189757750528494
n_u	n	4.1457106920744655
z	s	4.122584655834185
ˈe	ˈa_j	4.101367955385761
r_e	r	4.07970528272052
k	ʧ	4.056867943599971
k	k	4.001558626250435
ˈa	ˈaː	3.9617259258828623
ˈe	ˈɛ	3.8987436217813753
s	s	3.886266349489864
n	n	3.746177172596522
n_e	n	3.711944886019965
ˈo	ˈuː	3.7066619934241247
k	ʨ	3.6751919008501694
ˈo	ˈɔ	3.5775024666862154
l_u	l	3.568379101318341
ˈo	ˈo	3.519300663792412
ˈo	ˈu	3.4923792484299985
ˈa	ˈa_w	3.437734973434666
ɖː	l	3.3474864128598187
a	ə	3.2565473604873985
ˈe	ˈiə̯	3.2404349761892326
e	ə	3.233604010440548
ˈe	ˈɛː	3.154000608703741
r	r	3.136849340847396
ˈi	ˈa_j	3.073714403563196
ˈi	ˈe	3.0400234724326496
t_u	t	3.0341011580726915
ˈe	ˈeː	3.0020634745704835
ˈa	ˈa	2.9800393737994773
u	i	2.958014962245535
nː	n	2.9284667777654967
ˈe_ɖː	ˈɛː	2.92638740141782
s	ʃ	2.8374156523799634
<#_i	<#	2.6353904536672563
f	f_j	2.561941285481676
t	ʨ	2.438328431147405
u	w	2.4146705927510617
ˈu	ˈi	2.351570903576503
ˈa	ˈɔ	2.297617162363264
i_s	ʃ	2.285432758111974
b	ɡ	2.2625507523235004
m_e	m	1.9863561848540687
ˈu	ˈiː	1.9555240339084308
ˈe	ˈe	1.8330181258536005
r	l	1.7627216099210732
ˈu	ˈuː	1.7059480412718435
#>	f_#>	1.4869175015865437
ð	t	1.3767809960377808
ŋ	ŋ	1.346488666517104
ɣ	ʥ	1.332553155773316
i	ə	1.2648336911511842
t_u	ʨ	1.1193217357298284
ŏ_#>	#>	1.1019550008653876
ˈi	ˈɛ	1.0295910654914455
m	ŋ	0.8392395957895307
rː	r	0.7163623794873031
ˈo	u	0.5886623456450977
e	r	0.4932730820611606
ˈi	ˈa	0.3253893137009838
#>	n_#>	0.1731837629104425
ˈe	ˈa	0.0847278073502518
e_#>	#>	-0.9619580178778429
u_#>	#>	-0.3044404214942783