Phone1	Phone2	PMI
b	b	6.574431881184982
d	d	6.461383816441857
f	f	6.348989571832758
θ	ʦ	5.694149522210225
v	v	5.336222818650583
ˈe	ˈi	5.308131987222855
ɡ	ɡ	4.756891039826703
j	e̯ˈa	4.597632534137741
k	k	4.592191603541049
m	i_m	4.557949274457785
ˈo	ˈu	4.470361293599991
s	s	4.380619221501419
ˈaː	ˈa	4.359742716631115
ˈa	ˈɔ	4.345651622258188
r	r_i	4.3435804274259375
ˈɔː_v	o̯ˈa	4.338763589647103
ˈæ	ˈi	4.303196392479724
ð	ʒ	4.196311398446382
ˈuː	ˈo	4.176724161352027
p	p	4.161676781682769
m	m	4.003703386240135
l	l	3.9506695613330334
ˈa	ˈɔ_j	3.8890135137509985
a	ə	3.843112515153942
s	ʃ	3.8271084387014933
ˈʌu̯	ˈu	3.791857372810102
ˈa	ˈe	3.7888448526935914
ð	z	3.753008286190957
ˈɔ	ˈo	3.730318176864222
#>	w_#>	3.665114674066902
#>	e_#>	3.665114674066902
r	r	3.5431966763907776
m	m_i	3.4650543035604238
ˈɔː	ˈo	3.459675499094578
ˈʌu̯	o̯ˈa	3.4063694136467566
ˈɔː	o̯ˈa	3.3632732388899753
j	l	3.298211456431055
ŋ	n_i	3.2110484232735823
t	p_t	3.205387663989306
n	n	3.1858095863314118
r	r_u	3.139771353327379
ɡ	k	3.1091132915801745
ˈɛ	ˈa	3.0975196935617118
ˈɔ	w_ˈo	3.016222344760796
t	t	2.9936801324495845
ˈa_j	ˈe	2.9727356052883427
p	kʲ	2.902856055943632
t	p_t_i	2.9028535046371773
ˈʌ	ˈo	2.7718722266519213
t	t_i	2.6495662855605606
ŋ	n	2.648269082096804
ŋ	ŋ	2.472685229708494
ˈɛ	ˈe	2.455872821893754
ˈiː	ˈe	2.376034360213027
ˈɛ	ˈa_t	2.3297415644508175
<#	<#_w	2.195793460346298
ˈiː	e̯ˈa	2.1692310078640347
l	r_i	2.0582794996287244
r_e	r	1.9739672814003097
ˈʌ	ˈu	1.9036601664923285
ˈɛ	ˈɔ	1.886565554117726
t	ʦ	1.839295391978996
v	p	1.8222674651227166
e_r	r	1.742740780533219
ˈiː	i	1.7133349221592429
i	i	1.6657454744200084
ŋ_n	n	1.6492960349021772
k_w	p	1.5753086229636024
z	k	1.5602584159565505
r_e_n	r_n	1.3757874161025616
#>	j_#>	1.221704891355634
θ	ʧ	1.0654975240458526
l	r	1.028881072133084
d	z	0.9600990376290875
ˈa	e̯ˈa	0.9103792774328431
z	ʦ	0.7240538738914217
v	w	0.6679390615686138
n_a	ə	0.6592251752253492
#>	u_#>	0.6585720125860534
ˈe	ˈu	0.6349781405853869
t_e	t	0.6281652133698129
l	ʎ	0.6138095435798802
e_n	n	0.561092389615629
a	i	0.5185827388583991
a	u	0.5024932159845188
ɡ	m	0.4161277284272815
ŋ	m	0.32354087710442553
<#_f	<#	0.237932243900715
#>	ə_#>	-0.2426807276218387
#>	i_#>	-0.019558527372418966