Phone1	Phone2	PMI
v	v	6.104116238803888
d	d	6.058219214245676
f	f	4.9355058214966085
k	k	4.63900952315734
s	s	4.5412505768296105
ˈo	ˈu	4.537471011667035
b	b	4.45318640686295
m	m	4.3927837529207245
ˈɔ	w_ˈo	4.32154918147827
ˈe	ˈi	4.150978419543543
l	l	4.114475811421656
p	p	4.043619609063418
ˈa	ˈɔ_j	3.961039766860107
ˈæ	ˈi	3.941957385121077
θ	ʦ	3.908848809896401
a	ə	3.814795276378709
ˈaː	ˈa	3.713221880630391
r	r	3.6618338979320497
ɡ	ɡ	3.6086596494874494
ˈɔː	o̯ˈa	3.478700150121211
ˈɛ	ˈa	3.383590178575191
n	n	3.1325902445442475
t	t	3.066469288525316
r	r_i	2.993462082122837
t	p_t	2.9911150068354586
ˈuː	ˈo	2.8271078930630877
ŋ	n	2.755470340608841
ð	z	2.59944885688556
p	p_l	2.485904044034004
s	ʃ	2.2278450483063126
p	kʲ	2.1921570529671923
ˈa	ˈɔ	2.1920122604956003
ˈʌu̯	ˈu	2.1832844352023697
r	r_u	2.0188912144221325
z	ʦ	1.7770407205285486
ˈɔ	ˈo	1.7455717672416935
ˈa	ˈe	1.7205099381816882
t	ʦ	1.6341466763308925
ɡ	k	1.5875749389362472
t	t_i	1.4712530854710684
ˈʌ	ˈu	1.4576886601938956
e_n	n	1.447833189376634
ˈaː	ˈi	1.38854342580385
d	t	1.3391647633399764
ŋ_n	n	1.267497970263498
θ	ʧ	1.2322921749813014
#>	e_#>	1.2279102704797586
ˈɛ	ˈe	1.1828718324239442
m	i_m	1.147680412271105
l	r	1.1071693371422209
ˈiː	e̯ˈa	1.080091875315771
ˈɛ	ˈa_t	1.078525211073904
ˈɛ	ˈɔ	1.072068267334318
ˈiː	ˈe	1.0147314083450618
t	p_t_i	0.941581746812029
ŋ	n_i	0.9067315011677004
ˈa_j	ˈe	0.8773617089445882
ŋ	ŋ	0.7986232538180025
k_w	p	0.7973269903498396
l	r_i	0.792799984755163
ˈɔː	ˈo	0.7410627916214555
e_r	r	0.7136644640874986
v	p	0.7099247079292968
v	j	0.7065307015594803
e	i	0.6855619682763636
ˈʌu̯	o̯ˈa	0.6599316337653052
#>	u_#>	0.6432031496699657
l	ʎ	0.6145594226350385
ˈʌ	ˈo	0.6061176639666846
ˈɛː	ˈa	0.5880155645932741
t_e	t	0.5821683876250466
j_ˈɔː	ˈi	0.5590729441410593
z	k	0.5263279856755623
ɡ	m	0.5061029433397559
<#_f	<#	0.361130123169071
ŋ	m	0.3094025096777618
a	i	0.293897056660244
#>	i_#>	0.0910003353024988
#>	ə_#>	-0.3151105313674747