Phone1	Phone2	PMI
f	f	7.899911708031322
b	b	7.293210606107744
ˈɔː	o̯ˈa	6.369909456479605
d	d	6.2859718979508585
ˈa	ˈɔ_j	6.172603746170713
ˈuː	ˈo	6.089576335052985
ˈe	ˈi	5.9504829083939725
v	v	5.825162850969958
r	r_i	5.769849329822945
ð	z	5.720805060699953
m	m_i	5.695617114603762
ɡ	ɡ	5.6805394001808045
θ	ʦ	5.505909023561034
t	p_t	5.500975722137042
k	k	5.323499741008653
s	s	5.26343660435349
ˈɔ	ˈo	5.250263474421235
θ	ʧ	4.960619330120318
m	m	4.941015575776042
ˈaː	ˈa	4.917258940047156
p	p	4.845387114873732
ˈæ	ˈi	4.82855481350661
ˈo	ˈu	4.812797388092364
ˈʌu̯	ˈu	4.809172570258774
ˈa	ˈɔ	4.754276496721768
ˈiː	ˈe	4.710068186078139
ð	ʒ	4.696960881277601
p	kʲ	4.533418820771011
l	l	4.520396891534708
ˈɔː_v	o̯ˈa	4.5057862065263
ŋ	n_i	4.320680370868012
a	ə	4.278037694468082
ˈa_j	ˈe	4.2111399678643116
z	ʃ	4.139086964524815
ˈɛ	ˈa_t	4.12224705065922
r	r	4.0189844122264
#>	j_#>	4.014654784430638
ɡ	k	3.896299150170124
l	r_i	3.889436667252141
r	r_u	3.8552249765392075
ˈiː	e̯ˈa	3.83384836458872
ŋ_n	n	3.734735480940169
n	n	3.7331800807495457
t	t_i	3.720789358977646
ˈɛ	ˈa	3.677294975050257
ˈɛː	ˈa	3.626289540347708
i	i	3.5589324858221567
s	ʃ	3.5420378519497824
t	t	3.50306344513929
ˈɔ	w_ˈo	3.3998640072687687
ˈa	ˈe	3.3724308610866127
ŋ	n	3.3558437671376202
ˈɛ	ˈe	3.235146732260184
#>	e_#>	3.220204165097725
z	ʦ	3.1220670576943728
ˈɛ	ˈɔ	3.0063902149321677
ŋ	ŋ	2.9644118013305407
e_n	n	2.8814275632962785
u	u	2.854751034935956
ˈʌ	ˈu	2.8208280914897674
t	p_t_i	2.7820111606514373
j	e̯ˈa	2.744110410952662
t	ʦ	2.723380564889631
j	ʎ	2.579001771689179
d	t	2.549059147118116
#>	i_#>	2.4562239516319475
k_w	p	2.382479924646001
a	ʎ_ə	2.3495709034989116
ˈa	e̯ˈa	2.051557639759979
t_e	t	2.0319680433491243
ˈʌ	ˈo	1.8964597308551792
l	r	1.8849110373018025
ˈo	ˈo	1.847082815429362
#>	u_#>	1.8445424798028496
r_e	r	1.721866215882628
<#	<#_w	1.6570972526318373
j	l	1.6515255008656111
v	p	1.612019508360377
v	j	1.4212560927940903
e_r	r	1.308226268251715
m	i_m	1.2351008788862496
ˈɔ_ʧ	ˈu	1.151954325546783
d	z	1.05936773964702
<#_f	<#	1.043677704307123
a	i	1.0065184215168235
ˈe	ˈu	0.9719966177501131
ˈɔː	ˈo	0.8417059137690293
ˈʌu̯	o̯ˈa	0.8366456260964572
z	k	0.7932594509957629
ˈiː	i	0.783760852724387
ˈa	i	0.5654138101518836
#>	ə_#>	0.5085296533043098
ɡ	m	0.4983517487902618
ŋ	m	0.48046987942720365