Phone1	Phone2	PMI
d	d	6.043826113146164
v	v	5.9103755074680455
f	f	5.032555244750505
ˈa	ˈɔ	5.027449119800318
ˈe	ˈi	5.0147767076008325
b	b	4.748461868746435
p	p	4.73979547996272
k	k	4.511356095470424
ɡ	ɡ	4.510848199099201
ˈo	ˈu	4.429803547385961
m	m	4.37636789155926
ˈɔ	ˈo	4.365754208033526
s	s	4.202557951537454
l	l	4.111550165280342
ˈaː	ˈa	3.988382607310293
ˈæ	ˈi	3.975856112569239
r	r	3.935222447122116
a	ə	3.9160049059270983
ˈɛ	ˈa	3.774411712484273
ˈɔː	o̯ˈa	3.5741042182790244
θ	ʦ	3.5463478380584004
r	r_u	3.433457556113194
t	t	3.377394376196147
n	n	3.308238855679967
ˈʌu̯	ˈu	2.9781785448871343
ˈuː	ˈo	2.780155938315055
ŋ	n	2.7574941454699533
ð	z	2.5747963578750586
ˈiː	e̯ˈa	2.2494507723994976
l	r_i	2.226636533817307
ˈiː	ˈe	2.145099230851243
z	ʦ	2.0856492066169015
ɡ	k	2.084651295559493
t	t_i	2.0519891796629093
ˈa_j	ˈe	2.0030990749242386
e_r	r	1.9129011368090505
t	p_t	1.8940356654315942
θ	ʧ	1.8695825955415413
ŋ	n_i	1.797106598238384
ˈa	ˈe	1.5540146485547948
<#	<#_w	1.5070264533237443
ð	ʒ	1.459333734262401
ˈɛ	ˈe	1.4294139719746022
j	ʎ	1.3362666447671934
z	ʃ	1.326805501811522
s	ʃ	1.302709638163789
ˈʌ	ˈo	1.2921283619270252
ˈɔ_ʧ	ˈu	1.2499637091619011
#>	e_#>	1.2237882145447014
#>	j_#>	1.2237882145447014
#>	w_#>	1.2237882145447014
ˈa	ˈɔ_j	1.1944651130105486
ˈɛ	ˈɔ	1.1792265556884218
m	m_i	1.1628513643203042
ˈɔ	w_ˈo	1.1628513643203042
d	z	1.1423412341181698
t	p_t_i	1.1126371340880563
p	kʲ	1.0883834964769306
r	r_i	1.0666818436254046
m	i_m	1.0389435972778382
j	l	1.0202082372626156
#>	u_#>	1.0122151009864975
t	ʦ	0.9478599297248956
a	e̯ˈa	0.9333912464594782
ˈaː	ʎ	0.9159608566404618
ŋ_n	n	0.8713709679860451
l	r	0.8660754252311956
t_e	t	0.7360508753887924
ŋ	ŋ	0.7354713380719187
a	i	0.7044795760699379
ˈaː	ˈi	0.6736227710206693
ˈʌu̯	o̯ˈa	0.6524644186692277
ˈɔː	ˈo	0.6396377707322067
ˈiː	i	0.6293689751852407
r_e	r	0.587435959123212
v	p	0.5526472942461863
e_n	n	0.5509205949975071
ˈʌ	ˈu	0.4897343529514112
ˈe	ˈu	0.4557493526629487
l	ʎ	0.43873981473605994
ˈa	ˈa	0.42338738215373173
<#_f	<#	0.24001556708978264
#>	i_#>	0.17594869789990866
#>	ə_#>	-0.5720999666975058