Phone1	Phone2	PMI
d	d	6.023383941746763
v	v	5.889933336068645
f	f	5.026344524654759
ˈa	ˈɔ	5.007006948400917
ˈe	ˈi	4.994334536201432
b	b	4.72957237737097
p	p	4.719353308563319
k	k	4.524080788006223
ɡ	ɡ	4.490406027699801
ˈo	ˈu	4.40936137598656
ˈɔ	ˈo	4.383841052222604
m	m	4.355925720159859
s	s	4.225406753167004
l	l	4.091107993880941
ˈaː	ˈa	3.967940435910892
ˈæ	ˈi	3.955413941169838
r	r	3.943926621382232
a	ə	3.9424514760052767
ˈɛ	ˈa	3.802922459456012
θ	ʦ	3.617754809284517
ˈɔː	o̯ˈa	3.556767406927497
t	t	3.520956471575499
r	r_u	3.434556390062689
n	n	3.287796684280566
ˈʌu̯	ˈu	2.9592890535116703
ˈuː	ˈo	2.7754978982432457
ŋ	n	2.737051974070553
ð	z	2.5716909978271856
ˈiː	e̯ˈa	2.2463454123516247
l	r_i	2.2219784937454974
ˈiː	ˈe	2.129315099523652
z	ʦ	2.103850075577773
ɡ	k	2.078440575463747
t	t_i	2.0488838196150363
ˈa_j	ˈe	1.9853119825548176
e_r	r	1.9099876462249004
θ	ʧ	1.8946329666502275
t	p_t	1.8909303053837208
ŋ	n_i	1.7822703048161057
ˈa	ˈe	1.5509092885069216
<#	<#_w	1.5070264533237443
ð	ʒ	1.4451022829587463
ˈɛ	ˈe	1.435847308708476
j	ʎ	1.3347139647432569
s	ʃ	1.333116393804172
z	ʃ	1.3252528217875854
ˈʌ	ˈo	1.3148732461879131
ˈɔ_ʧ	ˈu	1.2470502185777508
#>	e_#>	1.2237882145447014
#>	j_#>	1.2237882145447014
#>	w_#>	1.2237882145447014
ˈa	ˈɔ_j	1.1929124329866123
ˈɛ	ˈɔ	1.185659892422296
ˈɔ	w_ˈo	1.1612986842963675
m	m_i	1.1612986842963675
d	z	1.1281097828145152
t	p_t_i	1.1110844540641198
p	kʲ	1.086830816452994
r	r_i	1.0709584327333714
m	i_m	1.0373909172539018
j	l	1.018655557238679
#>	u_#>	1.0122151009864977
a	e̯ˈa	0.9351361909932556
ˈaː	ʎ	0.9144081766165254
ŋ_n	n	0.8684574774018946
l	r	0.8487386138796679
t_e	t	0.7345941300967173
ŋ	ŋ	0.7339186580479822
a	i	0.7256913125467843
ˈaː	ˈi	0.6720700909967328
ˈʌu̯	o̯ˈa	0.6509117386452912
ˈɔː	ˈo	0.6380850907082702
ˈiː	i	0.627816295161304
r_e	r	0.5859792138311369
e_n	n	0.5494638497054322
v	p	0.5384158429425316
t	ʦ	0.4783597710601809
ˈʌ	ˈu	0.4755029016477564
ˈe	ˈu	0.4415179013592939
l	ʎ	0.4371871347121234
ˈa	ˈa	0.4218347021297952
<#_f	<#	0.2400155670897826
#>	i_#>	0.1759486978999086
#>	ə_#>	-0.5720999666975058