Phone1	Phone2	PMI
j	ɣ_e	7.904023544520495
ˈɐ̃	ˈa_n	7.078514049936855
o	o	6.724365036786464
w	l_e	6.714552173285812
ˈẽ	ˈe_n	6.110506147437727
m	m	5.849181678020847
p	p	5.718634474605617
ʒ	ɡ	5.480808492288329
h	r_e	5.444418659853234
ˈu	ˈu	5.44188226205015
f	f	5.222576158323292
ʃ	z	5.12489752161823
l	ɖː	5.114862991546242
ˈe_j	ˈe	5.040182498034463
d	d	5.012564940039906
b	β	5.008807940204243
t	t	4.870892335290279
ɡ	ɡ	4.867518000519841
d	ð	4.699390976094794
j̃	n	4.673387488637516
ɡ	ɣ	4.649225046158274
w̃	n_e	4.6259540120300455
ˈi	ˈi	4.525064977516883
ɐ	n_a	4.507887561207729
v	b	4.4979280904309
e	i	4.4608043783856
s	s	4.4326863479686285
ˈĩ	ˈi	4.407715374594177
ʃ	s	4.399644414829358
ˈɛ	ˈe	4.39961170817164
b	b	4.381896478414808
ʧ	t	4.349306184144423
k	k	4.333876981172023
ʎ	ʣ	4.2697719482130765
ˈɔ	ˈo	4.265571687213807
ˈõ	ˈo_n	4.236367626244764
ˈõ	ˈo	4.21595867869513
ˈa	ˈa	4.1167530232102605
l	l	4.094108458258765
v	β	4.091748226320645
n	n	4.030788743970676
ˈo	ˈo	3.89642294507758
#>	ĕ_#>	3.885440058579839
ɐ	a	3.726942612170784
u	u	3.7113527370329615
ˈe	ˈi	3.5079251403965483
ˈɐ̃	ˈa	3.471875548088599
w	l	3.415152140408801
ɾ	e_r	3.413196502070751
a	a	3.385155419662929
ɾ	r	3.349508943802893
ˈo	ˈu	3.304523165715303
ʎ	k_r	3.164969530665961
ˈe	ˈe	3.020996955765212
i	e	2.9411784767884925
s	sː	2.8239648566455324
i	i	2.805664555261401
ɦ	r	2.691241392065208
ˈĩ	ˈi_n	2.6612795101256306
s	k	2.385601620846093
#>	ŭ_#>	2.341270872819253
z	ɣ	2.3404860106440024
h	r	2.3040378006633864
e	e	2.222741212808501
ʃ_#>	#>	2.077289389644598
a	ˈa	2.0023004406185687
u	u_z	1.944326073063252
w̃	n_u	1.7238858182034975
ʒ	j	1.690363597786848
ˈẽ	ˈe	1.5036724933506982
ˈũ	ˈu	1.2118611657524765
ˈe	e	1.090615896504161
j_t	t	1.05350598723799
ɐ	ʣ_a	0.9882714371809698
ɡ	b	0.9271868155639096
w	ˈa	0.79002139716642
ˈẽ	ˈi	0.6552683787572016
ˈi	i	0.561592359831903
#>	e_#>	-1.1919584145291826