Phone1	Phone2	PMI
ʧ	kː_j	8.819665711570403
ð	ʤ	6.500056940673152
w	w	6.219994191864564
s	sː_o	6.11580783316444
ˈu	ˈu	6.017105071710969
f	f	5.961180372077861
l	lː_o	5.93666728965788
ˈo	w_ˈɔ	5.695971151148583
ɡ	ɡ	5.673953502342967
b	b	5.672620744831588
d	d	5.556274949906089
ŋ	n_o	5.550225593203625
m	m	5.542863869401648
j	ʎː	5.530318451235983
i	i	5.523967418892593
θ	ʧ	5.514102222074718
t	tː_o	5.500037581299857
t	t_e	5.420560222808425
ˈi	ˈi	5.374330545947622
j	j	5.312914677880654
p	p	5.248197520192867
ŋ	n_e	5.0888352887308255
ˈɔ	ˈɔ	5.085544047255419
ˈɛ	ˈɛ	5.0460713369358965
v	v	5.044200868618158
s	s	5.001598882285595
ˈo	ˈo	4.927257834579383
ŋ	ŋ	4.895203219595664
l	l_e	4.779900468130055
ˈe	ˈe	4.742682875569557
θ	ʧː	4.733383833579282
r	r_e	4.687252394351899
l	l_o	4.48282294170676
k	k	4.363078684374461
e	i	4.270808439300645
ˈa	ˈa	4.2083296836411
l	l	4.206661540987429
n	n	4.035585841963901
t	tː	4.002151383531742
t	t	3.89260956063735
a	a	3.8351783203863032
z	ʤ	3.504042501628476
ɡ	k	3.392221574619501
o	o	3.3631281959319934
z	ʧ	3.356001789938816
k	kː	3.3121749835125898
ˈe	ˈɛ	3.25014828855112
d	t	3.188876192293656
ɲ	ɲː	3.101926156830557
e	e	3.006595416857681
r	r	2.9464092426223614
s	ʃː	2.915022966564526
b	b_w	2.754265480419177
v	p	2.588753906052099
ŋ	n	2.479715652075939
n	nː	1.900024051138578
<#	<#_a	1.7523287135763723
s	ʧ	1.6318531558662046
ˈo	ˈɔ	1.5621823804339112
r	r_o	1.3282822233588631
ŋ	m	1.280389521959704
t	tː_e	1.0677794916517986
r	e_r	0.5984478863909615
l	lː	0.5747047015983109
o	e	0.1128125230526325
#>	e_#>	-1.1890171939845102
#>	o_#>	-1.1672847939723985