Phone1	Phone2	PMI
ʧ	kː_j	9.399161556716471
ɲ	ɲː	8.99232515994582
ʧ	k_j	7.495344791551506
ð	ʤ	7.227873682830366
s	sː_o	7.072534097308225
j_ˈe	ˈɛ	6.983589093853001
l	lː_o	6.799012589991534
l	l_e	6.799012589991534
b	b	6.638108397614193
ŋ	n_o	6.635596448661223
ˈu	ˈu	6.633487202959647
ˈo	w_ˈɔ	6.566066959134412
f	f	6.550350193411334
w	w	6.548589169718
l	l_o	6.482020089847302
t	tː_e	6.4171987309707506
j	ʎː	6.380098857706243
t	tː_o	6.2544424927273425
t	t_e	6.223028000102653
θ	ʧː	6.208958497372865
ŋ	n_e	6.18352439435413
i	i	6.176570461092538
ɡ	ɡ	6.102633653517659
ˈi	ˈi	5.996709080360505
m	m	5.8524451428686515
θ	ʧ	5.851822321533017
j	j	5.835001638250145
d	d	5.764390309777378
z	ʤ	5.677874412368545
r	r_e	5.5861589455565825
ˈɔ	ˈɔ	5.566408513526426
p	p	5.520486509526295
v	v	5.504422623970106
n	nː	5.50375185485237
ˈo	ˈo	5.452299347593275
s	ʃː	5.42324696414164
s	s	5.42324696414164
z	ʧ	5.402995309412245
ŋ	ŋ	5.3957229662259945
ˈɛ	ˈɛ	5.363826149965981
ˈe	ˈe	5.209713386928298
k	k	4.9187668864220875
e	i	4.817163869955019
ˈa	ˈa	4.659821100200873
n	n	4.527485062279815
l	l	4.485595205971388
a	a	4.261485728574778
t	t	4.242419418812565
z	z	4.040457112127876
d	t	3.8947419417189866
t	tː	3.855829744531742
θ	ʦ	3.8461866878258397
ɡ	k	3.839235774145441
o	o	3.742442254218256
ˈe	ˈɛ	3.4217968743728933
e	e	3.405804520311422
r	r	3.404515507787775
b	b_w	3.3938425732313267
v	p	3.2536920490146106
t	t_o	3.23306713991699
k	kː	3.2169735044281773
ŋ	n	3.03084710158003
ˈo	ˈɔ	2.923874808412328
r	e_r	2.894702383242001
<#	<#_a	2.84135819018981
l_#>	#>	2.6843544877598715
ˈa	ˈa_d	2.5535781855874915
l	lː	2.4874367523136924
ˈo	ˈu	2.4344359298104568
m	mː	2.392620734960039
<#	<#_o	2.329494648874391
#>	o_#>	2.105553168343009
u	u	1.9895590885217591
n	n_o	1.9585927901758553
#>	e_#>	1.69512208858356
r	rː	1.6874367082224615
j	ɡ_j	1.6570391531301099
ˈe	ˈi	1.6534788394664177
ŋ	m	1.5147755016978202
<#	<#_ɡ	1.5104724232856088
t	d	1.4625717846589947
n	n_w	1.4183688825447085
ŋ	m_o	1.3046261742549428
s	ʧ_e	1.109944464383259
r	d_r	1.0528539853592005
o	e	1.0521273326670122
#>	j_#>	0.8863439653734015
r	r_o	0.8453390898672298
ˈu	ˈo	0.6748363670344496
a	e	-0.0629104068644343