Phone1	Phone2	PMI
ð	ʤ	7.056108198431473
ˈu	ˈu	6.561731945805149
ʧ	kː_j	6.443825689455292
l	lː_o	6.168065112494268
w	w	6.050779672632777
s	sː_o	6.0301179489630625
l	l_o	5.9866869933725635
f	f	5.891180667120024
ŋ	n_o	5.7872275622412905
z	ʧ	5.6973069501765
i	i	5.598946266307883
d	d	5.497961910649659
ɡ	ɡ	5.424446173522405
ŋ	n_e	5.376734078262464
ˈi	ˈi	5.368879028451878
v	v	5.362755803962292
j	j	5.3497463172158115
p	p	5.336751941203151
ˈo	w_ˈɔ	5.289862668435079
b	b	5.254720893009427
m	m	5.189125402509273
θ	ʧ	5.176370496807312
ˈɔ	ˈɔ	5.135759218555935
ŋ	ŋ	4.984114335186609
s	s	4.910012221764149
ˈɛ	ˈɛ	4.89966140594361
ˈo	ˈo	4.837498205887208
ˈe	ˈe	4.680165868073307
r	r_e	4.6309324333342445
ɲ	ɲː	4.595531488501487
k	k	4.50865860579165
θ	ʧː	4.468782994123036
ˈa	ˈa	4.3582567121455185
l	l	4.3451506606286365
m	mː	4.318018703220263
t	tː_o	4.295164738087217
t	t_e	4.2724297431300275
e	i	4.2315281508547145
n	n	4.197882620176637
b	b_w	4.196962711775663
t	tː	4.141269997643676
t	t	3.9740912086392712
a	a	3.666857276088787
ɡ	k	3.5921889186839793
o	o	3.30478369625584
d	t	3.1871107964175827
e	e	2.970612132603571
ˈe	ˈɛ	2.961024987168901
r	r	2.9497417258940004
ʧ	k_j	2.8991980990169046
ŋ	m_o	2.8511428250512094
v	p	2.821747754434188
ˈo	ˈɔ	2.796335795335635
ŋ	n	2.452586631848711
l	l_e	2.4205839251377284
z	ʤ	2.4033405727597463
j	ʎː	2.318215458661523
t	t_o	2.237823445224551
t	tː_e	2.1961728212042684
k	kː	2.1923311320419874
l	lː	2.0004665567024142
<#	<#_o	1.9886174215803092
n	nː	1.8773069074698825
s	ʃː	1.8726492594735973
o_l	o	1.835156132097415
<#	<#_a	1.7546324212918463
u	u	1.6949038999284252
j	ɡ_j	1.5875020943318894
z	z	1.2597144026962432
s	ʧ_e	1.1367017176339018
θ	ʦ	1.1356105787454516
ˈa	ˈa_d	1.0469617656568933
s	ʧ	0.8985763155569165
r	r_o	0.7896094381055698
r	rː	0.7319022010082172
ˈo	ˈu	0.7229354252532321
ŋ	m	0.5554164539325114
<#	<#_ɡ	0.5263387102132294
r	e_r	0.5001117965444701
ˈe	ˈi	0.24991455740395346
o	e	0.1603183335776984
l_#>	#>	0.010536063335235492
#>	e_#>	-2.051000047734976
#>	o_#>	-1.3446286549217423
a	e	-0.12130608968508316