Phone1	Phone2	PMI
ʧ	kː_j	8.613734982342143
ɲ	ɲː	8.350237552295718
ð	ʤ	6.50962171839208
w	w	6.258079848672052
s	sː_o	6.130798112582044
f	f	5.970745149796789
ˈu	ˈu	5.921456087096379
l	lː_o	5.805455213874005
l	l_e	5.805455213874005
θ	ʧː	5.798084070612505
ɡ	ɡ	5.683518280061895
b	b	5.682185522550515
l	l_o	5.605455213874006
z	ʤ	5.580964477273093
d	d	5.565839727625017
ŋ	n_o	5.560990729441735
j	ʎː	5.539883228954911
i	i	5.533532196611522
ˈo	w_ˈɔ	5.517302566087745
t	tː_o	5.444064178165719
m	m	5.441343551509271
u	u	5.415030249339516
ˈi	ˈi	5.399495826066804
t	tː_e	5.39145729699896
θ	ʧ	5.3681454840609355
t	t_e	5.364586819674288
j	j	5.293601473732547
z	ʧ	5.2421617874767605
p	p	5.23236772666024
ˈɔ	ˈɔ	5.112886510844628
ŋ	n_e	5.099600424968934
v	v	5.062562344654433
s	s	5.0180068030721054
ˈɛ	ˈɛ	4.988767065491808
ŋ	ŋ	4.90738599720268
n	nː	4.869101009233848
ˈo	ˈo	4.855286612532761
ˈe	ˈe	4.745686424271836
r	r_e	4.631108117851426
m	mː	4.47512754254908
k	k	4.3726434620933885
e	i	4.278418181733993
ˈa	ˈa	4.194447362848163
l	l	4.025085036069045
s	ʃː	4.012986843464338
<#	<#_o	3.9726274277296705
n	n	3.8830544267025693
a	a	3.8351188926935795
t	t	3.7655397829951776
t	tː	3.4119812407439833
ɡ	k	3.401786352338429
o	o	3.348109977222541
k	kː	3.321739761231518
<#	<#_a	3.270672426864282
j_ˈe	ˈɛ	3.2037311019379917
d	t	3.1984409700125838
ʧ	k_j	3.160422346645031
e	e	3.0194976477443
ˈe	ˈɛ	3.013220489718959
r	rː	2.995575937847522
r	r	2.897146510038506
#>	j_#>	2.786313713864835
b	b_w	2.76225619580377
v	p	2.6105987927038554
ŋ	n	2.497847898361766
l	lː	2.490628223559959
n	n_w	2.4190844293738625
θ	ʦ	2.3553707574067646
s	ʧ_e	2.250269910655221
ˈo	ˈɔ	1.9732438246281576
t	t_o	1.962044249566973
ŋ	m_o	1.9267596518675587
r	e_r	1.6745559132057337
n	n_o	1.5652120379389107
r	r_o	1.3080041143858157
z	z	1.1954693333180941
t	d	1.1644927270204248
<#	<#_ɡ	1.050373712710985
ˈa	ˈa_d	1.0415465435119162
ˈu	ˈo	0.9874226046798468
s	ʧ_i	0.9347439269970437
ˈo	ˈu	0.9167087837615264
ŋ	m	0.9070174245411888
ˈe	ˈi	0.8895689696428994
r	d_r	0.8335312901666778
o	e	0.11095322288460131
l_#>	#>	0.03753683790999415
#>	e_#>	-1.5708224619750122
#>	o_#>	-1.4509440918443175