Phone1	Phone2	PMI
ʧ	kː_j	8.496487272002607
w	w	6.4841214152206605
s	sː_o	6.025949069325227
l	lː_o	6.017473186623141
z	ʧ	5.950460426908918
f	f	5.900742498563491
ˈu	ˈu	5.886930570866634
l	l_o	5.851458186911604
ŋ	n_o	5.747659735915311
ˈo	w_ˈɔ	5.657691570325797
ɡ	ɡ	5.591296163634381
ŋ	n_e	5.589773133103244
i	i	5.5352026434617185
b	b	5.524292523418224
m	m	5.512961346565826
t	t_e	5.490309333827374
j	j	5.352707934669733
d	d	5.337818325216544
ˈi	ˈi	5.158891686351746
ˈɔ	ˈɔ	5.15874285391852
ð	ʤ	5.131409052783303
θ	ʧ	5.130133736699356
p	p	5.118029782464126
ˈɛ	ˈɛ	5.110607978563144
v	v	5.083263163775041
ˈo	ˈo	5.042541238297376
s	s	4.911298805402644
ˈe	ˈe	4.588312841109252
r	r_e	4.587345624428572
t	tː	4.448173085781731
k	k	4.347243208372321
θ	ʧː	4.318789929449503
l	l	4.289003530944681
ˈa	ˈa	4.263047524096942
e	i	4.146828659435047
ŋ	ŋ	4.088605531857542
t	t	4.079465634108882
n	n	3.9890326328994763
a	a	3.7208235801502716
ɡ	k	3.6940655633824693
j	ʎː	3.5108393518487793
m	mː	3.4810896976996077
o	o	3.440196872391094
t	tː_o	3.30811808641165
ˈa	ˈa_d	3.2729425692299303
d	t	3.1959999053554764
u	u	3.1722235280585696
<#	<#_a	3.1628764377903145
ˈe	ˈɛ	3.040990174970336
<#	<#_o	2.98636795409995
v	p	2.914867317345596
r	r	2.8789882283913943
ʧ	k_j	2.8248847224505576
e	e	2.7948480837783176
b	b_w	2.7187450716179455
ŋ	n	2.430189432583757
t	tː_e	2.285112425827016
θ	ʦ	2.258309854731068
t	t_o	2.055323157523964
k	kː	2.035221714267808
l	lː	1.9224254345505454
ˈo	ˈɔ	1.7696504222612426
s	ʃː	1.7105622054306742
j	ɡ_j	1.6519112551612145
ɲ	ɲː	1.4497014050835986
ˈu	ˈo	1.3639274505919161
r	r_o	1.3482698675784273
z	z	1.2604640494107069
l	l_e	1.1940800821924227
ŋ	m_o	1.180341474746323
s	ʧ_e	1.0907825737711592
<#	<#_ɡ	1.0549719682461167
n	nː	0.9259051008564596
z	ʤ	0.9152169477699479
s	ʧ	0.8909410915961502
n	n_o	0.8035188898979551
ŋ	m	0.767085725941692
r	e_r	0.5701059471690048
ˈo	ˈu	0.5556680509757572
t	d	0.4053805455821752
e	ˈe	0.3799889416028378
ˈe	ˈi	0.22970842121831123
o	e	0.22362505809605723
l_#>	#>	0.023366674490128834
#>	e_#>	-2.1210419631476296
#>	o_#>	-1.276801214214783
a	e	-0.23583983001417944