Phone1	Phone2	PMI
ɲ	ɲː	8.498977938966904
ʧ	kː_j	8.384484754598063
ð	ʤ	6.734526461851452
ʧ	k_j	6.681415992681274
ˈu	ˈu	6.2370346951735485
b	b	6.175696622183954
w	w	6.153612568005022
f	f	6.091988108932556
s	sː_o	6.057857295189814
l	lː_o	5.801624922695218
l	l_e	5.801624922695218
j	ʎː	5.720736637015792
θ	ʧː	5.71561127639395
i	i	5.652022235313115
ɡ	ɡ	5.632381876022732
ŋ	n_o	5.630701566639003
ˈo	w_ˈɔ	5.603201619949129
ˈi	ˈi	5.503361859381592
l	l_o	5.4846324225509875
t	tː_e	5.434357442174001
j_ˈe	ˈɛ	5.359300522323918
θ	ʧ	5.358475100554103
j	j	5.3557322828495115
m	m	5.347781216216465
t	tː_o	5.271601203930594
d	d	5.271043088798463
t	t_e	5.240186711305904
z	ʤ	5.1845271913896305
ŋ	n_e	5.178629512331909
p	p	5.073831546637471
v	v	5.05881499075451
ˈo	ˈo	5.0411642082364985
n	nː	5.010404633873455
ˈɔ	ˈɔ	4.987101122157395
s	ʃː	4.929899743162726
s	s	4.929899743162726
ŋ	ŋ	4.91215766534327
z	ʧ	4.909648088433332
ˈɛ	ˈɛ	4.8743006935766084
ˈe	ˈe	4.685252655409747
r	r_e	4.590497247388208
k	k	4.425419665443173
e	i	4.318861283840286
ˈa	ˈa	4.2129189376097855
n	n	4.0341378413009
l	l	4.018731061942318
a	a	3.7914490762274085
t	t	3.7645991372140073
z	z	3.743221266394235
θ	ʦ	3.5491445517784075
d	t	3.418179217449091
t	tː	3.3943180368744894
ɡ	k	3.3458885531665272
<#	<#_a	3.293527748621699
o	o	3.2533430979513014
b	b_w	3.0245562895803895
<#	<#_o	2.9966120621153145
e	e	2.934138052127988
ˈe	ˈɛ	2.8927816886549396
r	r	2.880006299803569
k	kː	2.821151605428681
v	p	2.707383555055864
t	t_o	2.6555018361622347
r	e_r	2.5496760953738518
ŋ	n	2.5472818006973057
ˈo	ˈɔ	2.5014229633822773
m	mː	2.196509359714766
ˈa	ˈa_d	2.148532401465425
l	lː	2.092268602536848
ŋ	m_o	2.0377067889816223
u	u	1.8913800173196893
ˈɔ	w_ˈɔ	1.7866289492624174
<#	<#_ɡ	1.59270206038454
n	n_o	1.5480652278995504
r	rː	1.4870630915425727
j	ɡ_j	1.4562911498819318
#>	j_#>	1.3988706873717718
r	r_o	1.2720732188117971
ˈe	ˈi	1.2223959577916677
n	n_w	1.2176208792965304
t	d	1.0994328578900199
ˈo	ˈu	1.0348810145384244
s	ʧ_e	0.9083589465462591
ŋ	m	0.8802135957588908
r	d_r	0.8600146234719347
ˈu	ˈo	0.5769040629912461
o	e	0.5566980588936283
l_#>	#>	0.045294119750558186
#>	o_#>	-1.566811273280666
#>	e_#>	-1.5618841012421447