Phone1	Phone2	PMI
ʧ	kː_j	9.098379473499277
ð	ʤ	6.530766655295871
w	w	6.280290706608804
s	sː_o	6.077110095456497
f	f	6.011906408524563
ˈo	w_ˈɔ	5.95844931328538
b	b	5.917334571782691
ˈu	ˈu	5.899684317578333
l	lː_o	5.7429570255471
t	tː_o	5.7182118040473355
ŋ	n_o	5.66502106407992
t	t_e	5.6387344455559045
ɡ	ɡ	5.614898533705072
i	i	5.582614971355563
l	l_o	5.569707303324866
j	ʎː	5.562987354676433
ˈi	ˈi	5.545589057964226
m	m	5.484922990081534
d	d	5.437250596176723
θ	ʧ	5.399427782705347
ŋ	n_e	5.320623259751351
ˈɔ	ˈɔ	5.210854825089619
v	v	5.204660046256118
j	j	5.177800745976493
p	p	5.164721441331838
ˈɛ	ˈɛ	5.095954294557014
ŋ	ŋ	4.944577437354485
s	s	4.927906574122557
ˈo	ˈo	4.827593786966891
r	r_e	4.747504821984124
θ	ʧː	4.713137080964896
ˈe	ˈe	4.655152962530022
k	k	4.535877445948342
l	l_e	4.351921049923605
ˈa	ˈa	4.246138256084317
t	tː	4.2288942751118075
e	i	4.195767959078796
t	t	4.111659451433742
n	n	4.086498415622145
l	l	3.9852851195397094
#>	i_#>	3.8827767848063184
a	a	3.829441667975522
k	kː	3.5005046317058715
o	o	3.5004295585564402
z	ʤ	3.3871480802936924
z	ʧ	3.307597757461941
ɡ	k	3.251103991477715
ˈe	ˈɛ	3.139332574506623
ɲ	ɲː	3.08472646111473
d	t	3.020296224147604
e	e	2.9409554162353393
s	ʃː	2.921218166519924
r	r	2.914808745379831
v	p	2.805441112442656
ŋ	n	2.63831855281107
s	ʧ	2.294582860628518
r	r_o	1.964603269814662
n	nː	1.918619573828746
<#	<#_a	1.8353362134321412
ŋ	m	1.7438620421566193
t	tː_e	1.1185035832749697
ˈo	ˈɔ	0.7777260693205071
r	e_r	0.6022766200713148
l	lː	0.5119808593120871
#>	o_#>	-0.7726020718275842
#>	e_#>	-0.6837452330408829
<#	<#_k	-0.10521376233351751