Phone1	Phone2	PMI
ŋ	ŋ	7.074055381176528
ɲː	ɲ	6.949913379559108
ɡ	ɡ	6.687482862620835
ʤ	ʒ	6.24245472969314
w_ˈɔ	ˈɔ	6.030349682314341
d	d	6.029577230185228
u	u	5.835021805780787
ʎː	ʎ	5.764460037371622
ɾ_ə	r	5.651170917254468
w	w	5.618850569539515
tː_ə	ʧ	5.564615361572328
t_ə	t	5.360081732341624
v	v	5.253703882453491
j_ˈɛ	ˈɛ	5.229374629535769
a	a	5.196595525024197
f	f	5.146923222617376
j	ʒ	5.105243931094232
ˈo	ˈu	5.081757985202918
k_ə	k	5.078504345231964
ʃː	j_s	5.071500368274966
ˈɔ	ˈɔ	5.002133199268513
ˈe	ˈe	4.972290594851091
n_t	n	4.913848524129778
t	ð	4.860833148126976
m	m	4.784784590177323
tː_ə	t	4.768536315751274
lː_ə	l	4.68758586833177
ˈa_n	ˈa	4.634568781639888
p	p	4.626187962824099
ˈɔ	ˈa_w	4.621767069271085
l_ə	l	4.574186368876783
r	r	4.505634721440326
ˈu	ˈy	4.479469699415151
k	k	4.4199998139311285
ˈɛ	ˈɛ	4.399312690226346
ˈi	ˈi	4.365686584387052
ʦː_ə	ʦ	4.3454019260033
ˈi_n	ˈi	4.289602810055475
n	n	4.270638060987956
i	e	4.138381184296905
ˈa	ˈa	4.115819635455424
ˈu	ˈu	4.067014243323941
s	s	3.997344974689815
b_w	b	3.984582868333438
ɾ	ɾ	3.9392041329919913
l	l	3.899425644273925
mː	m	3.829629417534999
ʃ	s	3.798691208467962
t	t	3.757168086588803
ˈu_ɾ	ˈy	3.6703229318112554
kː	k	3.609298630143928
i_#>	#>	3.4499216564381063
ə	ɔ	3.3793667215097214
r	ɾ	3.362749257374235
j	j	3.3281910895259643
ɾ	r	3.2392009739166703
ˈi	ˈe	3.157043398754817
v	β	3.151760594153397
v	b	2.8829509560428144
p	β	2.75722958742494
ə	e	2.6367217215534478
ʃ	e_s	2.517468117792835
b	b	2.493079078218623
j	l	2.3248189138548625
<#	<#_e	2.270568182463698
#>	s_#>	2.1282854594116603
ʃ	ʦ	1.9792493079817135
ˈa_ɾ	ˈa	1.8306714193079632
tː	ʧ	1.6232099572513647
ʃ_ə	ʦ	1.5097604005399987
t	j	1.3772744510465336
v_ə	w	1.3201886393319788
ˈe	ˈe_j	1.15695784115977
w	ɥ	1.1441151709530346
ʃː	j	1.0869762417155762
ʃː	s	0.8846107944640191
e	e	0.8804799789477835
ə	w	0.7828369906953159
ʎː	l	0.5290892787313087
ˈe	ˈɛ	0.4590631668796039
ə	a	0.0686309732090167