Phone1	Phone2	PMI
ɔ̃	ˈu_n	7.725566395384142
o	ˈɛː	6.6694047415029365
ɛ̃	ˈi_n	6.436363901057657
ɲ	ɲ	6.323825731093379
n	n_ə	6.080140897827139
e	ˈaː_r	5.855064715877835
ɑ̃	ˈɛ_n	5.777573703820156
b	b	5.730332483585213
ɡ	ɡ	5.685061853666627
y	ˈiː	5.68380128023424
ʒ	ʥ	5.512415997930923
p	p	5.4874637972347164
d	d	5.337120171920132
j	ʎ_ə	5.288846619167583
z	ʃ	5.259232946780859
k	k	5.2489996642658
t	s_t	5.182183139301334
l	l_ə	5.16126417541555
a	ˈa_j	5.126219818302366
m	m	5.096843121461564
u	ˈu	5.049651548948878
ɔ	ˈɔː	5.010952439408266
ɛ̃	n_ʨ	4.982226618203843
œ	ˈuː	4.9324161601302885
s	s_ə	4.873217784914048
i	ˈiː	4.861916350903801
ʃ	ʨ	4.791860271485783
f	f	4.7828425585415175
j	ʎ	4.775826381336718
v	v	4.616767347141385
#>	ʧ_#>	4.575511056753666
i	ˈi	4.417332363341281
t	t	4.3551094257290766
l	l	4.162243633278307
s	ʧ	3.8465574363412007
ʁ	r_ə	3.8205947352849448
s	s	3.709730773703266
ɔ	u	3.690158921598552
m	m_ə	3.6722102914278527
#>	ʃ_#>	3.5363338685453773
v_w	v	3.5126547548252582
ə	ə	3.454693675497818
ɔ	o	3.3157177841525534
œ	ˈɔ	3.2799793824991768
ɛ	ˈa	3.269680324866211
ø	ˈɛ_w	3.229525831046911
ʁ	ə_r	3.060943831564976
ʒ	ʃ	3.0571503563323805
<#_e	<#	2.978700791267168
ʁ	r	2.9604571920833034
n	n	2.904665417657009
ɛ	ˈe	2.876281731612082
ɑ̃	ŋ	2.6133276072688223
a	ə	2.548721422352486
ɛ	ˈɛː	2.546444298410523
f	f_j	2.347388450214873
ɔ	ˈɔ	2.295149799540888
#>	t_#>	2.287919413032384
t	t_ə	2.240729706701883
#>	s_#>	2.2089680839692263
ʃ	ʨ_ə	2.1277964967366265
j	j	2.1207063284817416
w	ˈu	2.08239874421223
ʁ_w	r	1.8333722995717527
ɛ	ˈɛ	1.829451798266292
ɛ	ˈaː	1.808950471088086
ɑ̃	ˈɔ	1.757004859558268
a	ˈa	1.7271302659222951
ɛ̃	n	1.7266372911402454
ʁ	r_t	1.7139047529302385
#>	ʨ_#>	1.704513749340718
ɛ̃	ɲ	1.6909185174934689
k	ʨ	1.665829276565778
o	ˈɔ_s	1.5143742150134722
w	ˈeː	1.4926625856344118
a	ˈe	1.205919640076741
a	ˈaː	1.1274561555209888
n	w_n	1.1074066885818403
ø	w	1.1004004172645154
ø	ˈɛ	1.0811211179365032
#>	w_#>	0.9929002637557228
ɑ̃	ˈɛ	0.9700780864710824
u	u	0.892292058491946
j	ˈɛ	0.7381062111585482
#>	ʎ_#>	0.6759077636114916
ɑ̃	n	0.6675564092176398
e	ˈa	0.5531460524652911
i	ˈɛ	0.4636542570710468
#>	l_#>	0.3088926276882807
#>	n_#>	0.3027930276556766
e_#>	#>	0.2151065262334715
#>	ə_#>	-0.6512231749962927