Phone1	Phone2	Surprisal	OOV_Smoothed
b	b	-0.0	4.780922421547414
d	d	-0.0	4.780922421547414
e	i	0.2691913241333525	4.780922421547414
e	ə	3.0249417715772697	4.780922421547414
e	e	4.4002501403978	4.780922421547414
e̯ˈa	e̯ˈa	0.22045822462943399	4.780922421547414
e̯ˈa	e̯ˈa_w	2.819014876784315	4.780922421547414
f	f	-0.0	4.780922421547414
i	i	-0.0	4.780922421547414
j	j	0.7280257509436625	4.780922421547414
j	-	2.1063643254848605	4.780922421547414
j	ʎ	3.040587452036496	4.780922421547414
j	ɲ	4.556169545000141	4.780922421547414
k	k	0.1492200802737469	4.780922421547414
k	k_ʎ	3.3472197902365077	4.780922421547414
kʲ	k_ʎ	-0.0	4.780922421547414
l	l	-0.0	4.780922421547414
m	m	-0.0	4.780922421547414
n	n	0.02405684574589989	4.780922421547414
o̯ˈa	o̯ˈa	-0.0	4.780922421547414
p	p	0.12111037437097187	4.780922421547414
p	kʲ	3.6345036071936896	4.780922421547414
r	r	-0.0	4.780922421547414
s	s	-0.0	4.780922421547414
t	t	-0.0	4.780922421547414
u	u	-0.0	4.780922421547414
v	v	-0.0	4.780922421547414
w	w	-0.0	4.780922421547414
z	z	-0.0	4.780922421547414
ŋ	ŋ	-0.0	4.780922421547414
ə	ə	0.1843476321497012	4.780922421547414
ə	a	4.299979653955244	4.780922421547414
ə	-	4.325406759081837	4.780922421547414
ɡ	ɡ	-0.0	4.780922421547414
ʃ	ʃ	-0.0	4.780922421547414
ʒ	ʒ	-0.0	4.780922421547414
ʤ	z	-0.0	4.780922421547414
ʦ	ʦ	-0.0	4.780922421547414
ʧ	ʦ	0.11138850496795241	4.780922421547414
ʧ	ʧ	3.7504300407592424	4.780922421547414
ˈa	ˈa	-0.0	4.780922421547414
ˈe	ˈe	0.38762513529228054	4.780922421547414
ˈe	ˈa	2.935756974869576	4.780922421547414
ˈe	e̯ˈa	3.8956041896242697	4.780922421547414
ˈe	ˈi	4.7281108577681845	4.780922421547414
ˈi	ˈi	-0.0	4.780922421547414
ˈo	ˈo	-0.0	4.780922421547414
ˈu	ˈu	-0.0	4.780922421547414
ˈɨ	ˈɔ	-0.0	4.780922421547414