Phone1	Phone2	PMI
ɲ	ɲ	7.558515539704745
ɡ	ɡ	6.921730002860101
d	d	6.527759859630556
ʎ	ʎ	5.606252785440165
b	b	5.424517302429144
ˈi	ˈi	5.272460424177127
s_t	t	5.236921827077195
m	m	5.2216645196248495
ɟ	ð	5.14725700930058
ˈu	ˈu	4.978918426756643
f	f	4.920744813126156
i	ə	4.91578348828186
t	t	4.818240276214376
u	o	4.799629574214485
n	n	4.767039376386491
s	s	4.719174627683729
p	p	4.716111754972507
v	v	4.617410211746048
lː_u	l	4.58220860808531
k	k	4.5121767147354905
ˈo	ˈoː	4.2401286036817245
j	l	4.106419723064226
ˈa	ˈaː	4.050466142901
l	l	4.046725288579168
lː	l	4.026416082451978
ˈɔ	ˈɔ	4.026274001859216
e	ə	4.005113800943269
ˈe	j	4.001251700258972
ˈa	ˈɑː	3.989730864834772
ˈɛ_n	ˈɛ̃	3.984152102145867
ˈa	ˈa	3.972204983446498
ˈɛ	ˈɛː	3.9662555370002304
tː	t	3.922503418268164
o	o	3.885190512460325
k	ʃ	3.8536080386405582
ʧ	z	3.6578865000368417
ˈɔ	ˈoː	3.551197262361185
ˈo	ˈo	3.471941475597365
ˈu	w	3.458953304797316
ˈɔ	ˈu	3.456674620548226
ˈa	ˈɑ̃	3.4164811426125365
ˈɛ	ˈɛ	3.3493603139716464
ʧ	s	3.3410982739534187
a	a	3.330690510333464
r_e	ʁ	3.306119685232356
r	ʁ	3.221067231468925
e_r	ʁ	3.073651368101356
ˈɔ_n	ˈɔ̃	3.0594248704280007
r_t	ʁ	3.0364012806782714
ˈu	ˈo	2.996617756203384
ˈi_n	ˈĩ	2.9636585323287363
ˈɔ	w	2.947418214036807
ˈe	ˈe	2.7744167049603496
ˈa_n	ˈɑ̃	2.7731709003996845
u	ˈø	2.765684427256005
#>	ʃ_#>	2.7418480943249945
ɲ_u	ˈɛ̃	2.672391670567335
ˈi	ˈe	2.645759634917487
ˈe	ˈɛ	2.6238216003628256
ɟ	ʒ	2.599081284528007
ˈɔ	ˈo	2.561301808643011
r	ð	2.474607824702768
a	ə	2.4003345391018853
p	v	2.375115235705076
ˈo	w	1.987386334733889
n	ˈɔ̃	1.8656062873232184
ˈɔ	ˈø	1.838466425245904
ˈɛ	ˈe	1.8170759181000504
l_u	l	1.8168646479661823
ʧː	s	1.6830979378972406
r_u	ʁ	1.667639815856444
u	ˈɛ̃	1.5699220806387228
u	ˈe	1.5098759157809003
ˈa_t	ˈaː	1.3597589797441758
ˈa_ŋ	ˈɑ̃	1.3030973771835348
n_t	t	1.3030973771835348
ˈa	ˈe	1.2361353645139888
j	ˈo	1.200051006777795
e	ˈe_ʃ	1.1942187007154763
ˈe	ˈi	1.136127457113436
e	ˈe	1.126360912879981
tː	w	1.071099279018616
ˈɔ_ʧ	w	0.9924587262007516
ʧ_e	ˈe	0.9666557908279678
v	f	0.8307297712856256
#>	ʁ_#>	0.8170123149015073
e	ˈi	0.6481828525543263
ˈɛ	ˈɛ̃	0.5607017900928665
<#_s	<#	0.2851057084431236
ˈa	ˈɛː	0.2203584537619725
e_#>	#>	0.0931122643108614
u_#>	#>	-0.6878494766160376