Phone1	Phone2	PMI
z	z	7.4723548573499645
ð	ʒ	6.846709877256337
ˈɔ	ˈo_j	6.462246674072247
ˈu	ˈu	6.365727022547862
j_ˈe	ˈɛ	6.25549642393853
ŋ	w̃	6.078857498800437
w	w	5.87103154317443
b	b	5.848786753886836
l	l_u	5.842486689517719
f	f	5.819620641186298
p	p	5.624340763109994
n	n	5.557114136557594
ɡ	ɣ	5.544143054562679
ɡ	ɡ	5.4269413476901045
ˈɛ	ˈɛ	5.400913420688735
d	d	5.392488869585732
m	m	5.1088413792052245
θ	s	5.0773601806910245
ˈi	ˈi	5.065814896939098
ʧ	j_ʎ	5.052293833071777
v	v	4.880163015594118
d	ð	4.7067721080321725
l	ɫ	4.698001190623742
k	k	4.596452398198332
ˈe	ˈe	4.5549750402371885
l	l	4.414430687646563
t	t_ɨ	4.379737563219615
<#	<#_i	4.33580648614245
v	β	4.315979541094385
ˈa	ˈa	4.282512689323981
t	t	4.18711839010872
j	ʎ	4.019237855520604
e	ɨ	4.000490200795367
ŋ	ɲ	3.9693496853571335
e_r	ɾ	3.903194209995704
ˈo	ˈɔ	3.900278897703207
ˈa	ˈɐ̃	3.809675433010117
ˈo	ˈo	3.7931628566794338
ˈɔ	ˈo	3.7775979358649225
s	s	3.704182593694272
ˈa_ŋ	ˈɐ̃	3.6460655989257433
ˈo	ˈõ	3.639102888965583
a	ɐ	3.559228286913008
s	ʃ	3.553185055134679
r	ʁ	3.545840579173212
e	ˈe	3.5249303997376287
o_l	u	3.46374253961637
o	u	3.3645655533026524
r	ɾ	3.307184125750775
o	w	3.2885098504215824
ŋ	ˈẽ	3.15349692210202
ˈi_ŋ	ˈĩ	3.1123382085511797
ˈa	ˈɐ	3.066221049922901
ˈɛ	ˈɐ	3.0035662367676466
ˈe	ˈɐ	2.980155509341474
#>	ʃ_#>	2.573456065448745
ˈo	ˈu	2.439629379438787
ˈɔ	ˈɔ	2.3898821310569978
ˈi	ˈe	2.2367113316940888
s	s_u	2.118411118044391
s	j_ʃ	1.9458450098570568
j	ʃ	1.8951998489371
t	ð	1.7693080590660055
n	ɲ	1.5879430444260845
o	ɨ	1.3598877706111256
ŋ_t	t	1.171580975913526
n	ˈẽ	0.991096578237766
ŋ_k	k	0.9469654064363866
t	t_u	0.939331123607716
ˈe	ˈẽ	0.8858987775711935
n_a	ɐ	0.7627864076313651
#>	ɨ_#>	0.7537963884838174
e	j	0.6821050621533178
r	ɾ_u	0.574482383285605
e_#>	#>	0.4558447287866248
#>	u_#>	-0.3709816612032904