Phone1	Phone2	PMI
z	z	6.888074751177564
ð	ʒ	6.564059151818
ˈɔ	ˈo_j	6.56044256855098
ŋ	w̃	6.430488825241637
ʧ	ʎ	6.3254052944100145
j_ˈe	ˈɛ	6.239913620701226
f	f	6.137600143173277
w	w	6.1192876304433295
b	b	6.117743756306508
ˈu	ˈu	6.083611123969192
l	l_u	5.899259236466633
ɡ	ɣ	5.523643364700851
n	n	5.518746819937523
p	p	5.518407232736279
ˈi	ˈi	5.408431873865012
ɡ	ɡ	5.384455488845619
ˈɛ	ˈɛ	5.37989620335766
d	d	5.373024665517159
t	t_ɨ	5.314368890206344
j	ʎ	5.116764185259666
ˈa_ŋ	ˈɐ̃	5.108859839903986
m	m	5.100433669521442
θ	s	5.053337890322439
v	v	4.905402893702128
k	k	4.781055703471383
l	ɫ	4.772546612148119
ˈe	ˈe	4.604104965995537
d	ð	4.5923487101548846
v	β	4.4433131741017995
l	l	4.382432192747733
t	t	4.343124521359043
ˈa	ˈa	4.304886775963442
e	ɨ	4.2744732387796915
o_l	u	4.213427850694045
ˈo	ˈo	4.032788577995013
e_r	ɾ	3.9905820786378308
s	s	3.9524760173046123
ˈo	ˈɔ	3.9423041788993527
ˈɔ	ˈo	3.72190454658181
r	ʁ	3.6174520168473028
ˈa	ˈɐ̃	3.6159078949022185
<#	<#_i	3.5956690036681698
a	ɐ	3.5605670874913664
s	ʃ	3.473558528540055
#>	ʃ_#>	3.4247776927836164
o	u	3.386458166761082
ŋ	ˈẽ	3.384424040188124
ˈɔ	ˈɔ	3.3574615336072293
ˈi_ŋ	ˈĩ	3.257340206468294
r	ɾ	3.2456105157499424
p_j	ʃ	3.0477162366607193
o	w	2.954473594256805
ˈa	ˈɐ	2.927147594559922
e	ˈe	2.719353265489086
ˈo	ˈu	2.6329737191464075
ˈe	ˈɐ_j	2.58257140071559
ˈi	ˈe	2.2670501646274257
<#	<#_ɐ	2.1796594581501747
ˈɛ	ˈɐ	2.169745610199263
t	j_t	2.1213580057627213
ŋ	ɲ	2.042414444142269
a	j_ɐ	1.9454475293033435
t	ð	1.817707955457502
n	ɲ	1.6481909328116262
j	ʃ	1.5833246210019771
ˈe	ˈɐ	1.4926392294964883
o	ɨ	1.351377292792268
#>	ɨ_#>	1.226310404360759
s	s_u	1.0936832655238455
s	i_ʃ	1.0686589358434775
n	ˈẽ	1.0126391211927406
s	ʃ_u	1.0096676594692477
t	t_u	0.9926898799519452
ˈe	ˈẽ	0.9099305394142772
ˈɛ	ˈɐ_j	0.9010873196332323
j	j	0.8775642378228469
n_a	ɐ	0.7939944470625339
ŋ	ˈɐ̃	0.7741711540042517
r	ˈe_ɾ	0.6858039401733256
r	ɾ_u	0.5487660281051917
<#_p	<#	0.21591025981935194
#>	u_#>	-0.1679602827252488