Phone1	Phone2	PMI
tː	p_t	8.355063725437722
ɡ	ɡ	6.860905208582048
ɟ	n_ʤ	6.3705848470304725
v	v	6.3573796045125865
b	b	6.042087691367152
i	i	5.986323577469739
u	u	5.74766984108367
lː_u	l	5.577617344979065
f	f	5.5771780782441684
d	d	5.424883786623495
ʧ	ʧ	5.418899895988986
k_u	k	5.342840691300413
ˈe	j_ˈe	5.328938674965138
m	m	4.912021404564454
l	l	4.875717266937494
s	s	4.81848569584964
j	l	4.790516160966293
t_u	t	4.7745919671221255
c_u	kʲ	4.720938277066219
p	p	4.705020691836181
k	k	4.6854537389961175
ˈu	ˈu	4.684480543507793
ɟ	ʤ	4.6403006677126815
ˈi	ˈi	4.638870820001048
ˈa	ˈa_r	4.474816280126461
n_u	n	4.387909511208457
ˈo	ˈo	4.368028439115532
kː	k	4.367688782414128
a	a	4.3131190985644645
ˈe	ˈe	4.156676652827227
t	t	4.113235189906746
<#_a	<#	4.070068444148271
ˈɛ	e̯ˈa	3.9103906491306395
ˈɔ	o̯ˈa	3.8864177860040363
v	w	3.792879431446507
a	ə	3.7809527727913763
ˈo	ˈu	3.768457319552572
ˈɔ	ˈo	3.7662135679693334
c	k	3.7349890359575526
n	n	3.6629302120087055
ˈa	ˈa	3.6595981228863823
l_u	r	3.6218081287538353
e	e_r	3.5772622076375606
ˈɛ	ˈe	3.5599359653593456
s	ʃ	3.5593758642081466
ˈɔ	ˈu	3.513940166673965
ɲ	j	3.3844221282816194
r	r	3.357946442644901
j	w	3.3275504383727257
ˈa	ˈɨ	3.2256932020256692
p_u	p	3.0054688945326262
e	e	2.9736663632834537
e	r_e	2.9242071501842912
m_u	m	2.9046000001022314
c	kʲ	2.8261888533348616
ˈɛ	j_ˈe	2.822996480316777
ˈɛ	ˈi	2.774813609712738
t_r	t	2.7562432422241434
ɟ	ʒ	2.7529666566745696
ʃ	s	2.7223418469438156
d	z	2.374030313330349
ˈu	ˈo	2.191091905738246
n	j_n	2.185978875626785
ɲ	m	2.1131737809406532
i	ə	2.0826439274851154
ˈi	w	1.4594522552293236
r_ˈa	r	1.44818025022103
ˈo	o̯ˈa	1.371825087179492
i	e	1.3703624622857995
e	ˈi_n	1.2915782548065398
ŋ	ˈɨ	1.2767957944887471
tː_u	p	1.1697999522321978
#>	r_#>	1.1387533144976967
o	u	1.1212742787560368
n	e_n	1.0894535258827507
sː	s	1.0568886597785643
k_a	k	1.0494704220963074
t	ˈa_t	0.9606266204420016
l	r	0.9506642397158137
n	ˈɨ_n	0.9193320320355088
r_u	r	0.8258465318699703
ˈɛ	j	0.7027259728704147
r	ˈa_r	0.689200817697716
nː	n	0.6217689520765094
#>	t_#>	0.5448053076917416
ˈe	ˈa	0.4802179251862809
m	ˈa	0.3194328590901272
<#_k	<#	0.08636915739307957
#>	ə_#>	0.059810818376826745