Phone1	Phone2	PMI
tː	p_t	8.792606612719744
v	v	7.136179281645398
ɟ	ʤ	6.875099471861927
k_u	k	6.64661832782726
ɡ	ɡ	6.444411132714568
b	b	6.397541652997904
d	d	6.254781556646115
i	i	6.094499518424498
n_u	n	5.930354621193958
f	f	5.787072165520971
e	e_r	5.620966731508477
<#	<#_j	5.579141830305498
m	m	5.577562939733462
ˈu	ˈu	5.474348974877757
lː_u	l	5.448706040712123
ˈi	ˈi	5.307991602884852
ˈa	ˈa_r	5.301809676738712
l	l	5.278748842817197
l_u	r	5.270980655608598
ˈe	ˈe	5.265079147907335
s	s	5.24243234841897
t_u	t	5.069424752352428
u	u	5.069205670515824
p_u	p	5.031558582267157
ʧ	ʧ	4.9842352186452965
p	p	4.907998904134824
ʦː_u	ʦ	4.795690382420225
ˈo	ˈo	4.771071034642807
k	k	4.754757489795396
ˈo	ˈu	4.649908911472032
ˈɛ	j_ˈe	4.491196287262113
ˈa	ˈɨ	4.472310110906252
t	t	4.466096770572479
ˈɔ	o̯ˈa	4.387393342889926
a	a	4.312831603231285
n	n	4.262246877985255
ˈa	ˈa	4.239604241541036
ˈɔ	ˈo	4.218478429239365
a	ə	4.173041476273574
j	l	4.14473497343537
j	w	3.97432874957444
ɟ	ʒ	3.893417959386282
ˈɛ	ˈe	3.8825478893425367
ˈɛ	e̯ˈa	3.865208552289892
ˈɔ	ˈu	3.7580515841348183
r	r	3.7276432700810966
e	e	3.5029765723015087
e	r_e	3.401923350174689
lː	l	3.2905394173300517
ˈɛ	ˈi	3.0280278128377778
p	p_j	2.972314104802458
ˈu	ˈo	2.809383761589657
u_#>	#>	2.7444037166379074
d_u	d	2.690524619586042
i	e	2.593144619113844
kː	k	2.557879363117145
ʃ	s	2.548012695554021
t	ʦ	2.5258925194637105
k_a	k	2.505806760042805
u	e	2.484908665136259
ɲ	j	2.4032560218607
t_r	t	2.383543599827479
ˈi_ʎ	ˈi	2.2674768055234
u	o	2.243623009107289
o	u	2.2435899648144177
ˈi_v	ˈi	2.215624087304925
d	z	2.095406780513813
nː	n	2.0719939990370784
s	ʃ	2.022537307875862
c_u	kʲ	1.8584301907129472
c	k	1.8308389431686376
u	w	1.6590577981492698
ŋ	n	1.6543618984581006
ʃː	ʃ_t	1.6251350740140027
ˈe	ˈi	1.4616825647680176
m	m_ˈi	1.3806565897467131
<#_a	<#	1.339941638104798
ˈe	j_ˈe	1.3240880123639185
ˈɛ	ˈɨ	1.246828066781408
i_k	k	1.203826491831664
n	j_n	1.2015381258677935
ˈa	ˈɨ_j	1.1987990273458862
t_ˈe	t	1.155721448854274
w	p	1.1098562895188913
sː	s	1.0794556708298813
l	r	1.0224758123644515
ˈo	o̯ˈa	1.0114070943839155
e	n_ə	0.9911500737255402
tː	t	0.9408116375066292
ɲ	n	0.9138666030496534
z	s	0.907524831104186
e	ə	0.8165519707248867
ˈi	ˈe	0.7033719939804157
i	ə	0.6122536973273442
u	ə	0.6076767899310401
a	e	0.5722626551467886
a	ˈa	0.5451754443511642
k	ʧ	0.5179483471018619
ˈɛ	ˈa	0.2400976524001397
ˈɛ	e	0.0995198343332262