Phone1	Phone2	PMI
ʧ	cː	6.886259131071037
j	ɟː	6.483089376784342
m	m	6.220509777393845
d	d	6.168924107151178
f	f	5.76114272740987
j_ˈe	ˈɛ	5.71359707180015
b	b	5.651882884615449
ɡ	ɡ	5.637230238119517
θ	ɕ	5.492832433790948
s	s	5.488472327260687
s	ʃː	5.488472327260686
ŋ	n_ʊ	5.429141949146508
ˈu	ˈu	5.217419768967095
p	p	5.17159303408125
ˈɔ	ˈɔ	5.053637732302181
k	kː	4.817923889580791
ˈi	ˈi	4.718430045932516
w	w	4.700560349287974
r	ɾ_ɪ	4.695312694772296
ˈɛ	ˈɛ	4.678852717410218
z	ɕ	4.531761837511821
l	l_ʊ	4.510459240614427
n	nː	4.495009579594473
s	ʃ	4.48873400318876
v	v	4.488306173309497
t	t	4.461751113303615
k	k	4.4046031203151275
l	l	4.392826860443321
t	tː	4.311943428010258
ð	ʤ	4.273236544398995
e	i	4.174211376170409
o	u	4.162935895058904
r	r_ɪ	4.089989438274907
ŋ	n_ɪ	4.07290534423936
ˈa	ˈa	4.063900114626628
ˈo	ˈu	4.053407620543883
ɲ	ɲː	4.014717524643716
ˈe	ˈi	3.9627595451623616
s	sː_ʊ	3.801642957143217
ɡ	k	3.7542270655762437
a	a	3.7376417899653895
ŋ	ŋ	3.722765202587344
m	mː	3.717631905525853
n	n	3.63003111264148
ˈo	ˈɔ	3.605505407911011
ð	j	3.471363035504684
t	t_ɪ	3.4661673301547062
r	r	3.389456173691558
j	j	3.324704709810568
l	ɖː_ʊ	3.2282734675756215
n	n_ʊ	3.2198291917111734
d	t	3.1396225170967806
o	ʊ	2.989381536465863
e	ɪ	2.9890602890309905
ˈo	ˈo	2.87627152060962
<#	<#_a	2.8754947109284976
r	ɾ	2.743287733632002
v	p	2.6798234222634543
θ	ʧː	2.4219034960733214
t	tː_ɪ	2.3867895895377425
t	tː_ʊ	2.31558633476695
ŋ	n	2.2967172607941393
ŋ	ɲː	2.231904087935749
r	w_ɾ	2.085237199489756
ˈɛ_l	ˈɛ	1.9563383412150972
ˈɛ_r	ˈɛ	1.935275755721646
ˈe	ˈɛ	1.809414704952647
w_e	ʊ	1.7858299956589532
i	ɪ	1.7224218470904327
b	v	1.6903686325901002
l	ɖː	1.681434764998973
<#_j	<#	1.6550014094999743
d	ɾ	1.6330853353786048
r	ʐ	1.5942097003402673
o_l	ʊ	1.5397567706867976
f_j	ç	1.4597421760375409
r	ɽ	1.3578270673389132
s	ɕ_ɪ	1.191382366477427
ˈa	ɾ_ˈa	1.144791665214762
ˈa	ˈa_ʈ	0.9994386055364295
ˈe_l	ˈi	0.975759064860837
r	ʈ_ɽ	0.9735386049253165
o	o	0.9231594245449397
s	ʦː	0.8827458239276943
ˈe_d	ˈi	0.8482730807377786
i	i	0.787715538093924
a	ɟː_a	0.7701043027608849
ˈɛ	ˈu	0.44242855275911674
o	a	0.2867399739356945
<#_p	<#	0.1156824473310868
e	ʊ	0.10320351726903365
#>	ɪ_#>	-1.5138172305883806