Phone1	Phone2	PMI
ʧ	cː	7.46652353933251
d	d	6.38680054127089
b	b	6.276728961752545
w	w	6.131509944481439
j	j	6.1206046377305015
θ	ɕ	5.861457766709182
f	f	5.786927464933961
z	ɕ	5.718076902440589
s	ʃ	5.712960728085587
s	s	5.712960728085587
m	m	5.666057750221981
ŋ	n_ʊ	5.661243363667607
ɡ	ɡ	5.654147706253509
l	ɖː_ʊ	5.364261431864775
k	kː	5.178219084602844
t	t_ɪ	5.111371931369861
j_ˈe	ˈɛ	5.085193175758998
ŋ	ŋ	5.060561307915899
ˈɔ	ˈɔ	5.051652671099278
ŋ	n_ɪ	5.047165498089328
p	p	5.031956621729228
t	tː_ʊ	4.952200074725906
ˈu	ˈu	4.84590992150745
k	k	4.722714034247695
ˈi	ˈi	4.675045741380671
ˈɛ	ˈɛ	4.4921331907811615
v	v	4.475771280698572
n	nː	4.462593422676275
r	ɾ_ɪ	4.45285196365846
e	i	4.309910602354473
ˈo	ˈu	4.262104765110989
t	tː_ɪ	4.233662438044176
ˈa	ˈa	4.215048097807912
ɲ	ɲː	4.1544081152436085
o	u	4.119277966902412
l	l_ʊ	4.096743413808438
l	l	4.071904545033151
s	sː_ʊ	3.953604723966818
ˈe	ˈi	3.9046239544079175
n	n	3.887729840422903
ɡ	k	3.879612730199388
t	t	3.857299111741623
ð	j	3.836554796649255
r	r_ɪ	3.835250462970308
j	ɟː	3.816384434105823
ˈo	ˈɔ	3.7465417522473743
a	a	3.720401108963124
ˈɛ_r	ˈɛ	3.672653921191086
m	mː	3.428422542710777
s	ʃː	3.286278352209733
d	t	3.241474064127404
e	ɪ	3.144095742802811
o	ʊ	3.1440703357059374
r	r	3.1426789056930176
l	ɖː	2.984912670043788
r	ʈ_ɽ	2.8715648720980838
r	ɾ	2.812532937646554
ð	ʤ	2.7808930487427364
ŋ	n	2.5861843761577137
<#	<#_a	2.4936449579465347
t	tː	2.4920468919774925
v	p	2.461995242411063
r	ʐ	2.3495521294736155
d	ɾ	1.7851373321829591
ˈe	ˈɛ	1.7144010315133027
r	ɽ	1.5727438716477726
ˈo	ˈo	0.9500378334450084
o_l	ʊ	0.7585121636490463
b	v	0.5397046493110522
<#_p	<#	0.4241146878201058
o	a	0.156641971798486
#>	ɪ_#>	-1.047072008688713