Phone1	Phone2	PMI
ʧ	cː	7.338432994012418
ð	ʤ	7.003248062103389
j	ɟː	6.565400411451275
ð	j	6.166897974735568
b	b	6.12650494867693
d	d	5.975857886301528
ɲ	ɲː	5.858265727148677
z	ɕ	5.778622514094367
f	f	5.749172910016129
ɡ	ɡ	5.688676279932101
j	j	5.6542371804389475
m	mː	5.618346650473363
θ	ɕ	5.588601042008165
m	m	5.544358212163091
l	ɖː_ʊ	5.443829651103383
ŋ	n_ʊ	5.422339820076191
j_ˈe	ˈɛ	5.4059268864176335
s	ʃː	5.267646271334883
s	ʃ	5.267646271334883
s	s	5.267646271334883
t	tː_ɪ	5.222828681553873
k	kː	5.204351577560278
l	l_ʊ	5.159536897415728
t	tː_ʊ	5.128042443887391
θ	ʧː	5.099229019566702
t	t_ɪ	5.091758315831362
w	w	5.053986112973927
p	p	5.04965019303358
s	sː_ʊ	5.043459854538315
ŋ	n_ɪ	5.040961700954488
ˈi	ˈi	4.87811509189085
ˈɔ	ˈɔ	4.849346366695276
ˈo	ˈo	4.836202366227069
ŋ	ŋ	4.789154788827242
k	k	4.759757672529913
n	nː	4.63498952785137
ˈɛ	ˈɛ	4.629904242574342
ˈu	ˈu	4.627161136643544
ŋ	m_ʊ	4.594969481066594
v	v	4.53920196114963
r	ɾ_ɪ	4.49110546363286
e	i	4.402970234838103
o	u	4.227394178657174
ˈe	ˈi	4.105277999150216
ˈa	ˈa	4.072392862134137
ˈo	ˈu	3.9989701776608375
l	l	3.96395903110474
ɡ	k	3.9602962718119996
r	w_ɾ	3.9471308543643877
d	t	3.939532773780736
r	ʐ	3.9064886838564616
n	n	3.877680291787169
r	r_ɪ	3.8659842072047725
ˈɛ_r	ˈɛ	3.842039054936174
t	t	3.826225877854821
a	a	3.700803702965788
ˈo	ˈɔ	3.527480786575315
<#_j	<#	3.3256349681164643
l	l_ɪ	3.2659614617818677
i	i	3.2075324665024407
o_l	ʊ	3.1697689122295825
<#	<#_a	3.129019897612605
o	ʊ	3.1116480692552457
ˈa	ˈa_ʈ	3.110069925801347
r	r	3.109510062334503
n	n_ʊ	3.0786995434534288
e	ɪ	3.0339140465176175
l	ɖː	2.952058828755008
b	v	2.8969685631228344
ŋ	ɲː	2.8753887940586007
o	o	2.728732843002757
r	ɾ	2.6772855383688006
v	p	2.6030540182595487
ŋ	n	2.4172589242984657
t	tː	2.2230829756698074
d	ɾ	2.051372543206015
r	ɽ	2.038018515073662
w_e	ʊ	2.031230834651751
r	ʈ_ɽ	1.9818703308115269
s	ʦː	1.8204351995563615
ˈe	ˈɛ	1.7298273231791101
f_j	ç	1.720878340994981
i	ɪ	1.1169332134033014
ˈa	l_ˈa	0.8195855478372625
<#_p	<#	0.1234985218893449
o	ˈu	0.11922325259751734
o	a	0.04605445448765822
#>	ɪ_#>	-1.0884456383146452