Phone1	Phone2	PMI
ʧ	cː	7.620714283108106
m	m	6.303176776576068
ɡ	ɡ	6.287060888165781
d	d	5.998531068500001
f	f	5.861620663201161
z	ɕ	5.826991597623817
j_ˈe	ˈɛ	5.820817846294574
ɲ	ɲː	5.794251038547753
θ	ɕ	5.779550340092597
b	b	5.628517393152243
ŋ	n_ʊ	5.479577107077501
l	l_ʊ	5.466655442336777
s	ʃː	5.423631500007947
s	ʃ	5.423631500007947
s	s	5.423631500007947
j	ɟː	5.098361496698694
ˈu	ˈu	5.036810374849028
p	p	5.033779162783646
w	w	4.852415115239264
n	nː	4.808678605135349
ˈɔ	ˈɔ	4.785078308315915
ð	ʤ	4.742141041953038
ˈi	ˈi	4.708555586760893
k	kː	4.635598214659563
ˈɛ	ˈɛ	4.613047650874253
r	ɾ_ɪ	4.589890173844757
v	v	4.522413827454621
e	i	4.453187518355006
l	ɖː_ʊ	4.437357191849256
k	k	4.299831661992368
t	t_ɪ	4.25439537944779
ˈa	ˈa	4.202591840308603
ˈo	ˈu	4.0953881650456525
l	l	4.081539242431596
t	t	4.079655172324338
ŋ	n_ɪ	4.058752848954041
ˈe	ˈi	3.95049410354034
n	n	3.860177849593822
ŋ	ŋ	3.856012311111174
r	r_ɪ	3.8190425375107098
d	t	3.7952756134172776
m	mː	3.7208855277336816
a	a	3.664815688091485
ð	j	3.6492439027627
j	j	3.6167744098319794
ˈo	ˈɔ	3.567587142290003
t	tː_ɪ	3.4025156081768038
o	u	3.216793765901313
t	tː_ʊ	3.210910446407698
r	r	3.168384342588317
o	ʊ	3.1584476494817
r	w_ɾ	3.109091518776415
ˈɛ_r	ˈɛ	2.8961341499171507
e	ɪ	2.892758561757278
t	tː	2.889237430570689
ˈo	ˈo	2.867051709358993
ɡ	k	2.828080463914961
v	p	2.6516010906216936
n	n_ʊ	2.558422720169275
l	ɖː	2.511082429824908
r	ɾ	2.506743467334685
ŋ	n	2.480462916124092
s	sː_ʊ	2.4800490920428
<#	<#_a	2.368839917628544
r	ʐ	2.321436068633046
d	ɾ	2.0694953139784973
ˈe	ˈɛ	1.768758224387387
s	ʦː	1.7229676507952034
b	v	1.6069160158772011
f_j	ç	1.5341907909509656
ŋ	ɲː	1.4417041282099086
θ	ʧː	1.283374198958959
ˈɔ	ˈa_w	1.2676828547825352
w_e	ʊ	1.2030855495561394
l	l_ɪ	1.0893542904006188
i	i	1.0828989040666896
ˈa	ɾ_ˈa	1.0376450107403143
ŋ	m_ʊ	1.027819828179365
ˈa	ˈa_ʈ	0.9834097965121136
r	ʈ_ɽ	0.9797729958814584
ˈɛ_l	ˈɛ	0.9403410932309226
ˈe_l	ˈi	0.8982276960429909
o	o	0.8631615702994575
<#_j	<#	0.8314087420291161
r	ɽ	0.6854359559929126
o_l	ʊ	0.6832606494584729
i	ɪ	0.6667246448677193
o	a	0.2992632673767122
<#_p	<#	0.2065060217451137
a	ˈa	0.1213120348370761
e	ʊ	0.0938772557659039
#>	ɪ_#>	-1.745217649125414
o	ɪ	-0.0425274869263297