Phone1	Phone2	PMI
ʧ	cː	7.5091730795626255
ɲ	ɲː	7.281288728302274
s	sː_ʊ	6.519404747905418
d	d	6.450833122284308
j	ɟː	6.445966982578711
w	w	6.208144485000018
b	b	6.068782353748687
f	f	5.8120844369140094
ð	ʤ	5.761428091293581
z	ɕ	5.7607264426707046
j	j	5.758295267876019
m	m	5.587241227702174
ɡ	ɡ	5.552401784182955
ŋ	n_ʊ	5.544264200374149
θ	ɕ	5.5111141519122215
s	ʃː	5.505682421499607
s	s	5.505682421499607
s	ʃ	5.505682421499606
l	ɖː_ʊ	5.405873377170715
k	kː	5.246520759800847
t	tː_ɪ	5.238850279030125
l	l_ʊ	5.2148954484589565
t	t_ɪ	5.140479659764189
j_ˈe	ˈɛ	5.12748481989654
f_j	ç	5.115729117644294
p	p	5.074606161959344
ˈɔ	ˈɔ	5.023574820406454
t	tː_ʊ	4.9813078031202345
θ	ʧː	4.957218454692054
ŋ	ŋ	4.944619739546618
ŋ	n_ɪ	4.93018633479587
ð	j	4.921048213806309
ˈu	ˈu	4.831601807468374
ˈɛ_r	ˈɛ	4.799105161384709
k	k	4.761992367873735
ˈi	ˈi	4.613159975073957
m	mː	4.576473601901318
ˈɛ	ˈɛ	4.508533824355627
v	v	4.4943619741851455
n	nː	4.483801042619124
r	ɾ_ɪ	4.437437011233351
e	i	4.277392644793508
ˈo	ˈu	4.192324268602868
ˈa	ˈa	4.138258575050784
o	u	4.106527105467546
r	w_ɾ	3.9899333389022735
i	i	3.945337879402228
l	l	3.944077053206712
ˈe	ˈi	3.930754077422329
d	t	3.915328532940781
ɡ	k	3.906007818658465
t	t	3.887444435060127
r	r_ɪ	3.83109361099778
<#_j	<#	3.814547459821541
n	n	3.794386611582094
a	a	3.739780585597528
ˈo	ˈɔ	3.648687259609243
o_l	ʊ	3.2389390669591607
l	l_ɪ	3.19200745319245
ˈa	ˈa_ʈ	3.1842866546997937
r	r	3.148012311352648
e	ɪ	3.144646524061975
ŋ	ɲː	3.112431810014627
n	n_ʊ	3.0816779883435848
o	ʊ	3.057968560561316
<#	<#_a	2.979311822324996
l	ɖː	2.9696608868349075
s	ʦː	2.9231309608094183
ˈo	ˈo	2.8756351730567173
t	tː	2.806180451614694
r	ɾ	2.66600382489824
v	p	2.50464478264118
ŋ	n	2.470242807788432
r	ʐ	2.3473365673307125
ŋ	m_ʊ	2.2917922160845032
r	ɽ	2.2669343753643245
b	v	2.144991047515918
i	ɪ	2.1406610274485613
r	ʈ_ɽ	2.0015709065704668
ˈe	ˈɛ	1.7570505717434186
d	ɾ	1.7459952131078025
o	o	1.729355752210716
w_e	ʊ	1.3817839451859657
ˈa	ɾ_ˈa	0.9566075309916118
ˈa	l_ˈa	0.8373661976593769
<#_p	<#	0.4241146878201058
ˈi	ɪ	0.2297634386365708
o	a	0.1365822300985449
#>	ɪ_#>	-1.0915504929560027
a	ˈa	-0.1322096524329354