Phone1	Phone2	PMI
ʧ	cː	8.120478438622634
j_ˈe	ˈɛ	7.466003278383551
ɡ	ɡ	6.9134901481368205
m	m	6.841469947679076
ŋ	n_ʊ	6.554398550734501
l	l_ʊ	6.549378888995262
d	d	6.489416400142838
f	f	6.340001777932386
z	ɕ	6.326755753138344
θ	ɕ	6.317843511195604
ɲ	ɲː	6.194817751474353
b	b	6.12828154866677
s	ʃː	5.923395655522475
s	ʃ	5.923395655522475
s	s	5.923395655522475
r	ɾ_ɪ	5.641046856510736
ˈu	ˈu	5.569559394440345
p	p	5.5335433182981735
j	ɟː	5.521205114463836
ˈɔ	ˈɔ	5.323351441292023
l	ɖː_ʊ	5.301851750536899
w	w	5.29651470199908
n	nː	5.2809420558998905
ˈi	ˈi	5.22092170178058
k	kː	5.13536237017409
ˈɛ	ˈɛ	5.11281180638878
t	t_ɪ	5.09842786182
ð	ʤ	5.040681040713481
v	v	5.017464288741468
e	i	4.952951673869533
ŋ	n_ɪ	4.923730493661417
<#	<#_a	4.889213149395636
k	k	4.799595817506895
ˈa	ˈa	4.712849479801959
r	r_ɪ	4.676495187203329
ˈo	ˈu	4.635988175793762
l	l	4.614826366097146
t	t	4.579419327838866
#>	ɪ_#>	4.565074433841826
ˈe	ˈi	4.429176981892852
n	n	4.342223220454552
d	t	4.286160945060114
ŋ	ŋ	4.271242320709612
a	a	4.2034250912979365
ˈo	ˈɔ	4.154180562249841
t	tː_ɪ	4.033437698712789
m	mː	4.021262789976369
ð	j	3.951504826149544
j	j	3.914368798158349
ˈɛ_r	ˈɛ	3.878085982756894
t	tː_ʊ	3.846765031879803
r	w_ɾ	3.752851777085848
o	u	3.6886987463233454
o	ʊ	3.685424114911433
r	r	3.676054170940173
e	ɪ	3.399437444786367
t	tː	3.291641406979534
ɡ	k	3.2759031863082466
ˈo	ˈo	3.202879806975353
v	p	3.163143983946935
n	n_ʊ	3.161844105955273
r	ɾ	3.0253028524910155
ŋ	n	2.987594425274694
l	ɖː	2.9342144424248304
s	sː_ʊ	2.9064558769137467
r	ʐ	2.6181367433486566
d	ɾ	2.516255254894173
ˈe	ˈɛ	2.241442154680331
s	ʦː	1.923201860015889
b	v	1.907339675781801
f_j	ç	1.8605819242760415
w_e	ʊ	1.8539177422730009
ŋ	ɲː	1.65669992858766
<#_p	<#	1.6230230349174144
ˈɔ	ˈa_w	1.53598065731723
θ	ʧː	1.3807343780646415
l	l_ɪ	1.3026506834353395
r	ʈ_ɽ	1.288915056545396
ˈɛ_l	ˈɛ	1.2771835591550798
ˈa	ɾ_ˈa	1.2454269092919543
ŋ	m_ʊ	1.2356017267310049
ˈe_l	ˈi	1.235070161967148
ˈa	ˈa_ʈ	1.1932535954617376
i	i	1.183935670699449
o_l	ʊ	1.02010311538263
o	o	0.9703036695013296
r	ɽ	0.7864727226256718
i	ɪ	0.765922087455646
<#_j	<#	0.7622779110045703
o	a	0.5175077178576751
e	ʊ	0.1949140223986632
a	ˈa	0.1364206709559316
o	ɪ	0.0585092797064296