Phone1	Phone2	PMI
ʧ	cː	6.768001403942318
b	b	6.543452844614559
w	w	6.2325072224666975
f	f	6.029604031313107
s	ʃ	5.908539775316221
s	s	5.908539775316221
d	d	5.9046769698173796
m	m	5.882185484850021
θ	ɕ	5.807170025589295
z	ɕ	5.750212847488049
ɡ	ɡ	5.608622114491491
ŋ	n_ʊ	5.587399242380181
j	j	5.49648101867206
t	t_ɪ	5.395110836989671
l	ɖː_ʊ	5.324678489736383
k	kː	5.293830727481841
l	l_ʊ	5.246606584623745
t	tː_ʊ	5.235938980345717
ŋ	ŋ	5.212348639384598
ŋ	n_ɪ	5.203721995490913
j_ˈe	ˈɛ	5.147229008293727
ˈu	ˈu	4.996696164219488
r	r_ɪ	4.961687422526317
ˈɔ	ˈɔ	4.882786137907166
p	p	4.873485126675729
k	k	4.75526846966407
ð	j	4.621308866921421
ˈɛ	ˈɛ	4.574652821336854
ˈi	ˈi	4.564008510635567
r	ɾ_ɪ	4.532832276242229
v	v	4.530119388428968
t	tː_ɪ	4.464958526148586
n	nː	4.447631421641086
ˈo	ˈu	4.37183443721048
ˈa	ˈa	4.3435613641543105
ɲ	ɲː	4.1978719489764895
e	i	4.188615262548084
s	sː_ʊ	4.1060592003904395
t	t	4.066692611211078
o	u	4.041480397762783
l	l	3.9046324161728294
a	a	3.8408393830695915
j	ɟː	3.8337342272105546
ɡ	k	3.8083515272962782
ˈe	ˈi	3.8027623784733824
ˈɛ_r	ˈɛ	3.7206941702538794
n	n	3.7009209419239624
ˈo	ˈɔ	3.639386919422472
<#	<#_a	3.4283343218923013
s	ʃː	3.40108547829123
m	mː	3.328621712006846
r	r	3.3276533208163652
p_j	c	3.3184272250976257
o	ʊ	3.1517019580001806
e	ɪ	3.1344261085525713
r	ʈ_ɽ	2.9829133328468522
r	ɾ	2.8621782963957916
d	t	2.851440178813205
l	ɖː	2.7469744048266587
v	p	2.6999533166181275
t	tː	2.6958063303793325
ŋ	n	2.6654563281212713
ð	ʤ	2.5140978600502346
r	ʐ	2.4546728072038135
n	n_ʊ	2.392483928352693
ˈa_r	ˈa	1.9847663505471007
d	ɾ	1.7670829545057778
o_l	ʊ	1.5993578973152318
ˈe	ˈɛ	1.4524534673154896
j	c	1.416651530179669
<#_o	<#	1.236644364811154
ˈo	ˈo	0.9405765197180637
<#_r	<#	0.836644364811154
b	v	0.6029930527685052
<#_p	<#	0.3104122918319935
#>	ɪ_#>	-0.3717968329067653