Phone1	Phone2	PMI
ʒ_i	z	6.69403296589303
o	u	6.551449665610945
w	w	6.239635063079105
ʧ	θ	5.726400561944349
m_i	m	5.577036451265107
ɡ	ɡ	5.570506995966064
n_u	ŋ	5.523857396673637
k_u	k	5.486731579835685
t_u	t	5.3295587955345205
p	p	5.309606661050801
n_i	ŋ	5.193073274431272
e	e	5.118614922566755
m	m	5.072915929966105
f	f	5.025754671420885
ɖː_u	l	5.007876496248132
d	d	4.97490016419277
i	e	4.968644175634295
#>	n_#>	4.965102305785541
b	b	4.965037273965892
l_u	l	4.890883996103901
ˈi	ˈa_j	4.873642504173169
s	s	4.752384953467915
β	v	4.718449763459711
k	k	4.664379598848561
ð	d	4.636306347848792
t	t	4.569914641972545
ɣ	ɡ	4.525702035808662
<#_i	<#	4.523019889400002
ŋ	ŋ	4.446720749998561
ˈo	ˈɔ	4.437055178960447
ˈi	ˈe	4.4069910478334755
b	v	4.386920407230283
ˈo	ˈɔː	4.3299017336657375
r_u	r	4.303005806754467
ˈu	ˈʌu̯	4.257812562679103
ˈu	ˈo	4.244389723507395
r_i	r	4.16739142573194
ˈa	ˈaː	4.041964002921938
l	l	4.033743603010533
ʤ	ð	3.970430358749781
ɣ_u	ɡ	3.9340629714970103
ˈe	ˈɛː	3.928971619754253
n	n	3.9195664178349103
j	ʧ	3.877167426754151
<#_a	<#	3.839269844859203
ˈe	ˈæ	3.812641977749391
r_ˈa	r	3.77951418927102
a	a	3.7594766575222884
n	ˈa_ŋ	3.7418792423544676
ʣ	j	3.7207791164630546
ˈu	ˈuː	3.6968171949766107
ˈa	ˈɛ	3.614083030337318
ˈe	ˈiː	3.583338710124165
ˈo	ˈʌu̯	3.495491329259109
ˈe	ˈɛ	3.448155005536233
ˈu	ˈʌ	3.406934880968116
r_e	r	3.4041473462884273
e_r	r	3.3368224921677863
r	r	3.1960949924104014
#>	v_#>	3.1861009928198722
β_u	v	3.158688157834402
t_i	t	3.094321409399236
n	ŋ_n	3.026494925507349
ˈi	ˈa	2.9553211071242234
ˈo	ˈʌ	2.8280684295187015
ʃː	s	2.8259833368426968
nː	ɲ	2.6316202219495404
j	v	2.549768069326911
rː	r	2.4888183138689612
k	θ	2.478123699928643
ˈi	ˈiː	2.2733471866106836
f_r	f	2.19876505457751
ŭ_#>	#>	2.177177398339491
p_r	p	2.155154855458631
s_ˈe	s	2.087198662731197
e_#>	#>	2.0781848041989974
n	ŋ	2.03229545814182
ˈo	ˈo	1.9137211177906068
ɣ	ˈuː_ɡ	1.775507261317453
<#_ˈa	<#	1.6794523836444022
j_u	ʧ	1.346368040288866
#>	l_#>	1.2680178133480497
s_ˈa	s	1.1114432561425602
v	b	1.083511498251472
u	e	1.0238083791226094
r	ˈiː_r	0.9785768770322252
#>	k_#>	0.8546036988812832
r	j	0.8348440487871005
s	z	0.6843438813582379
ˈe	ˈa	0.5340809454889088
ˈa	ˈa	0.47109930462502153
ˈi	j	0.4429450487336708
i_#>	#>	0.12112528467122419
<#_b	<#	0.029542293073201727
u_#>	#>	-0.7735334537150281
#>	r_#>	-0.22666068876968654