Phone1	Phone2	PMI
ˈɛ_n	ˈẽ	7.910223216367009
ˈi_n	ˈĩ	7.857290715068927
ʒ	ʒ	6.822183886406676
o	u	6.695569735075292
w_ˈɛ	ˈøː	6.390309980119689
ˈo_w	ˈuː	6.333334872310206
ɲ	ɲ	6.130514369064319
ˈi	ˈi	5.809450507311872
ˈu	ˈyː	5.804968665179719
ɡ	ɡ	5.784406504062964
ˈi	ˈiː	5.613034888911324
ˈe_j	ˈeː	5.468389478601746
v	v	5.449481860484584
ˈo	ˈu	5.269147205442482
e	e	5.235193696816674
m	m	5.218942821037547
ˈɔ	ˈɔ	5.174536263208953
d	d	5.155823642479804
b	b	5.108824563345049
ʒ	z	5.080336126493371
f	f	4.905760864513611
n	n	4.888353499265486
ʥ	ʤ	4.681142059438558
p	p	4.584052320892695
t	t	4.306106516413789
ˈo_n	ˈũ	4.238626213283573
ʨ	k	4.168399976223535
e	i	4.049134622509127
k	k	3.949925016684941
ˈa	ˈa	3.9307866989925344
l	l	3.92910187975684
ˈɛ	ˈɛ	3.900092667591172
s	s	3.862108756217629
r	r	3.718813940757712
ˈe	ˈe	3.716375401760285
ˈa	ˈɑː	3.681371354990002
ʦ	s	3.6774225718437976
a	a	3.658074123178249
ʃ	s	3.605065980810304
ˈo	ˈuː	3.591388286139364
ʧ	ʧ	3.4543553271956493
ˈe	ˈa	3.437342818839095
ˈɛ	ˈɑː	3.2397056788963208
ˈe	ˈɛ	3.2381193097846857
j_ˈɛ	ˈeː	3.23745135536199
j	j	3.2102921830495106
t	l_t	3.1884492872678
ˈɔ	ˈu	2.911630322119022
j	ɛ	2.778063001399155
ˈa_ŋ	ˈã	2.7682105338407554
ɡ	ɡ_w	2.724785443951664
l	j	2.7065392922668208
ˈe_j	ˈiː	2.6910607254143675
ˈa_n	ˈã	2.5720180750394537
e_#>	#>	2.355123137707351
ˈu	ˈy	2.332350304634881
u	u	2.1446977893771653
ˈe	ˈi	2.1037873555956703
ˈa	ˈã	2.0929979661503344
i	e	1.9694496026498785
ˈe_j	ˈɛ	1.9096951154946145
j_ˈɛ	ˈɛ	1.6792351097943672
ŋ_k	k	1.5660391651067855
d	ʧ	1.5454851038432644
w	ˈoː	1.4842432148415938
ʨ	ʧ	1.4807572974038012
ˈɔ	ˈøː	1.4610132711047372
i	ĩ	1.4527713046402109
ŋ	ˈã	1.4414440700753972
ˈɛ	ˈe	1.356673263605185
ˈɛ	ˈa	1.3516054613250867
o	y	1.2694491827289116
ˈa_w	ˈɔ	1.2037493882095889
ˈɔ_n	ˈũ	1.1388359789224034
ˈa_w	ˈa	1.0456973080290823
ˈɛ_r	ˈɑː	1.0150660938828626
e	d_e_r	1.0115806971558272
s_#>	#>	1.002349755764664
k	k_w	0.9975692550271654
ˈe	ˈɑː	0.9550689798573456
j_#>	#>	0.8855212345563798
w_r	r	0.8842322800411203
p_j	p	0.859775173607362
ˈo_w	ˈu	0.8317849198192411
e	e_r	0.7675405370632357
ʃ_e	s	0.6026947298349123
t	ʧ	0.5212558119135916
<#	<#_v	0.462356901545903
d	t	0.3667886825599221
<#_k	<#	0.2926449438687998
n_#>	#>	0.2485880705540215
#>	r_#>	0.0972999723670936
#>	s_#>	-0.065883414745112
#>	l_#>	-0.043250003398565
l	r	-0.0123593920332573