Phone1	Phone2	PMI
ʦ	ʦ	6.887135975362954
ɡ	ɡ	6.779948705393193
ˈa_n	ˈãː	6.564157911479733
ˈɛ_n	ˈẽː	6.421108899071398
w_ˈɛ	ˈøː	6.419123677014901
ˈu	ˈy	6.133171093358337
ɲ	ɲ	6.111978704816267
ˈɔ	ˈɔ	5.8135421262385405
ʒ	ʤ	5.76506496633503
e	e	5.744968329747414
ˈi	ˈi	5.700995898800778
o	u	5.519147468015173
v	ʋ	5.363887057218021
ˈo	ˈu	5.35617189697284
j	j	5.342243420428519
b	b	5.250437553270157
d	d	5.10760992140941
f	f	5.022824211034226
m	m	5.021562320035024
p	p	4.9682108045324425
n	n	4.853317161660567
ʃ	s	4.49956973958024
s	s	4.497721039558359
d_l	ʧ	4.46666721658616
t	t	4.318246698504883
ˈa	ˈa	4.30654655860794
k	k	4.184125460472832
l	l	4.004153201646467
ʨ	k	3.970471995131449
ˈɛ	ˈɛ	3.9115232057954437
a	a	3.6349213872246615
ˈe_j	ˈe	3.6035901755917465
ʒ	z	3.598078474307772
r	r	3.547591140082964
ˈe	ˈe	3.5385479865614617
ˈu	ˈyː	3.4101059225870136
ˈa_ŋ	ˈãː	3.3809254378621656
w_ˈɛ	ˈø	3.290574942549824
ˈi_n	ˈĩː	3.2716547203712834
t	l_t	3.0299875147377033
j_ˈɛ	ˈe	2.8060614161255875
i	ĩ	2.766466135199743
ˈe	ˈa	2.7046653847880617
ˈo_n	ˈũː	2.586576752199219
t	ʧ	2.4064141783750346
l	j	2.0984807174949114
ˈo_w	ˈu	2.079147043145587
e	i	2.023555143648388
ˈɛ	ˈa	2.017750785955942
ˈo	ˈũː	1.981560820267218
ʧ	ʧ	1.9042871889777033
ˈe	ˈeː	1.9041355028451343
e_#>	#>	1.8339850002884623
j_ˈɛ	ˈɛ	1.7905988464869504
ˈɛ	ˈaː	1.7215910925947067
r_e	r	1.7190919866820389
w_ʃ	s	1.6183199078100143
ˈe	ˈaː	1.6037337299091137
ʨ	ʧ	1.5991824462000752
ˈe_j	ˈɛ	1.5943430440214712
ˈɛ	ˈe	1.5900019468890894
w_ˈɛ	ˈɔ	1.5491623959947511
d_a	a	1.4547404478721608
n	ɲ	1.4209962870682222
ʨ_#>	#>	1.383772647454919
ʥ	ʤ	1.2576023739846671
ʧ	ʃ	1.2151550433874634
ŋ	ˈãː	1.1766879158171146
#>	u_#>	1.1497876471664565
ˈa_w	ˈɔ	1.0783008923397381
n_t	t	1.0338224080724485
k	k_w	1.0203128570060995
ˈi	ˈĩː	0.9966036152034927
ˈo_w	ˈyː	0.9812155269056898
o	j	0.9766879158171147
j_#>	#>	0.9497876471664564
ˈɛ	ˈɛ̃ː	0.8950816142690503
ˈe	ˈɔ	0.8558365974088231
a	ã	0.842523854583404
ˈa_w	ˈa	0.8299840112406842
ˈo	ˈyː	0.8113294554538049
w	l	0.8013451519066637
ˈɔ	ˈu	0.7535177645677121
ˈɛ	ˈø	0.7435019784698876
w_r	r	0.6977806630541026
ʃ_e	s	0.6535423952133501
n	ˈũː	0.4589305777222591
ˈe	ˈɛ	0.44223925457450086
n_#>	#>	0.3413677136621215
<#	<#_ʋ	0.29757502190956625
<#_k	<#	0.14878751095478313
l_#>	#>	-0.07581397945880468