Phone1	Phone2	PMI
tː	p_t	8.132895416065946
kː_j	kʲ	7.880961708690531
ɡ	ɡ	7.0213752999502885
a	a	6.896112546148507
u	u	6.290805677560986
f	f	5.621478335668557
s	s	5.576715063586495
w_ˈɔ	ˈo	5.549551810622188
j	ʒ	5.343764996287701
m	m	5.290826980679998
v	v	5.2175531436020846
ˈɔ	o̯ˈa	5.175232284436443
ˈe	ˈe	5.036988836237309
k_ə	k	5.026704759035875
i	i	5.004474919535312
ˈo	o̯ˈa	4.963690967282318
b	b	4.957649076011409
ʃ	ʧ	4.85441456164343
d	d	4.837776474183952
t_ə	t	4.766052607797773
l	l	4.555022252684253
ˈi	ˈi	4.487415584854499
v	b	4.46331688170126
p	p	4.414697124107528
ˈɛ	ˈe	4.374787631178463
j	j	4.359038133806002
ˈa	ˈa_r	4.300844211839048
k	k	4.194372045675283
ˈa	ˈɨ	4.19061332637247
t	t	4.129299573632531
mː	m	4.101923065717862
ˈu	ˈu	4.081217981550566
kː	k	3.906797366266172
n	n	3.804709197750676
ˈa	ˈa	3.7211258888259073
p_ə	p	3.6369118472417847
ʤ	ʤ	3.6266735937736834
ˈo	ˈu	3.60036632517319
ʃ	s	3.5988795902759017
r	r	3.4827577292543226
nː	n	3.469464276002545
l_ə	r	3.0774340898009296
ɾ	r	3.0276957571706644
ˈu	ˈo	2.9640434582998334
ə	ə	2.754153109299025
d	z	2.6463241324718254
lː	l	2.42996962832851
ˈɛ	ˈi	2.34337219497356
ə	e	2.320260397949357
i	e	2.313588281377262
<#_w	<#	2.19191210561164
ə	w	2.003420744612681
ɾ	d	1.98901385589749
ˈi	ˈe	1.9775149248921144
w_ˈɔ	ˈu	1.867236405569888
ɲː	n	1.8582264380207447
ˈɔ	ˈo	1.5716602609968198
l	r	1.5230962440356224
ˈe	ˈi	1.439576393525025
v	w	1.3582374218251123
ˈɛ	ˈa	1.3057128096719794
ə	ʤ_e	1.2694274032558153
a	ə	1.2440804636641285
b_w	b	1.2276224871382289
ˈi	ˈi_r	1.070730710802223
j_ˈɛ	ˈe	1.056703461071133
j	l	1.0193430682856923
s	ʃ	1.0117203667382988
ˈi	e̯ˈa	0.9696069695503672
n_ə	n	0.898055358357033
ə	u	0.7311673008635765
ˈɔ	ˈu	0.6151137094117318
k	p	0.5648999796172975