Phone1	Phone2	PMI
k_ʎ	cː	7.801760577476517
b	b	6.18537692893643
d	d	6.037388465946516
ʦ	ɕ	5.945899849833998
p_t	tː	5.800231682316117
s	ʃ	5.57649724667663
f	f	5.3788663415934295
s	s	5.256316437758595
l	l	5.133047750155011
m	m	5.035620040593583
j	v	5.016524597317173
ʣ	j	4.948531682216212
w	v	4.71636487816208
t	t	4.64839572754533
ʎ	ɟː	4.5980739362271805
p	p	4.537327978287948
v	v	4.481354284861261
o̯ˈa	ˈu	4.363650046810685
ˈo	ˈɔ	4.314234562899291
ɲ	m	4.260817403032373
ˈa	ˈa	4.256722185970024
b	v	4.215749371363694
a	a	4.196189560208152
k	k	4.17220072966361
u	u	4.170791139389507
ˈe	ˈɛ	4.155865675639582
ˈɨ	ˈa	4.133492298480147
k	k_ʊ	4.0738430660456855
ˈu	ˈu	4.061182602134247
n	n_ʊ	4.029546585430356
ˈi	ˈi	3.994800344687304
n	nː	3.8953649447666177
t	ʈ	3.745678688996402
r	l_ʊ	3.6983013153794593
e̯ˈa	ˈi	3.693863983163078
r	r	3.603555267028919
ə	a	3.580005546442844
n	n	3.483958755759342
ʃ	s	3.4447263616951047
r	ɾ	3.343787290761644
ʃ_t	ʃː	3.232087868715239
ˈi	ˈɛ	3.1473552567379333
ç	f	3.12361964011178
i	ɪ	3.112396490626301
e	ɪ	3.04453855833599
ˈu	ˈo	2.8651600788347045
ˈe	ˈi	2.8298896176884227
u	ʊ	2.8281896617361126
ˈu	ˈɔ	2.7548149778704007
i	i	2.7492479491162363
r	ɽ	2.552465873462716
<#_a	<#	2.5182239615498
e̯ˈa	ˈɛ	2.473402198708894
o̯ˈa	ˈɔ	2.2157561129403454
ˈo	ˈu	1.9515077583574336
k	p	1.7779229204409928
ˈa	ˈɛ	1.7228417717495392
d	ɾ	1.1949289626762705
r	l	1.108553698702244
t	tː	0.986524924516196
j	ˈɛ	0.9259338798986988
ə	ɪ	0.9110458461308538
m	mː	0.8799223536108816
k	kː	0.8368481442880862
ʦ	t	0.6106347041800496
ə	ʊ	0.5259344187053583
i	ʊ	0.3846316848595901