Phone1	Phone2	PMI
z	z	7.890135596311999
ɲ	ɲ	7.7493994616876405
ø	øʏ̯	6.6715367633033456
ɡ	ɡ	6.292751608798773
œ	aœ̯	6.268383337798183
ɔ̃	ɒ̃ʊ̯̃	6.2497060104122255
ɥ	ɥ	6.2094728779368635
y	y	6.167580964902492
ɑ̃	ã	5.9731430961677665
o	oʊ̯	5.954064675661377
b	b	5.877356722289611
ɔ	ɑɔ̯	5.793850310861752
o	o	5.689679056683905
ʃ	ʃ	5.60507252935577
ɔ	ɔ	5.5825336051884795
ʒ	ʒ	5.503431118729042
d	ʣ	5.495744617444609
ɛ̃	ẽɪ̯̃	5.483392065395274
ə	œ	5.424628613364304
u	u	5.406901952037451
u	ʊ	5.406901952037451
d	d	5.395244549338773
f	f	5.317836993030935
k	k	5.170201895074344
v	v	5.08593833871592
j	j	5.07693881150377
p	p	4.961312437031331
n	n	4.948824299095495
m	m	4.93627638681912
œ	œ	4.895292863165013
t	t	4.8735793012304045
w	w	4.735082521869851
y	ʏ	4.715319737249575
t	ʦ	4.687327053294829
e	e	4.546355675397801
ɛ	æɛ̯	4.466946627035438
i	ɪ	4.24657419499031
i	i	4.187830314336341
s	s	3.978503081389907
l	l	3.9760119035571573
a	ɑ	3.9259694868748927
a	a	3.710495413887774
ʁ	ʁ	3.4250502739856215
a	ɛ	3.3101734795572857
ɛ	ɛ	2.822389714336388
s_#>	#>	2.1678158876601303
#>	s_#>	1.7508542100992581
ɛ	ɛɪ̯	0.936706206979375