Phone1	Phone2	PMI
ɲ	ɲ	8.76387860514489
z	z	8.226085295901704
ɥ	ɥ	7.39018945662864
ø	øʏ̯	7.119304720311951
ɡ	ɡ	7.0664320501538365
y	y	6.984647630962089
œ	aœ̯	6.8779680886260355
ɔ̃	ɒ̃ʊ̯̃	6.665665553325129
b	b	6.588102502868997
o	oʊ̯	6.490050263390366
o	o	6.490050263390365
ɑ̃	ã	6.4349524251131
ə	œ	6.201844617611958
ɛ̃	ẽɪ̯̃	6.192313783437421
u	ʊ	6.18346011972375
u	u	6.18346011972375
ʒ	ʒ	6.1776141965559965
d	ʣ	6.159550821546499
d	d	6.139643686836316
ʃ	ʃ	6.121307495097236
ɔ	ɑɔ̯	6.097317616142624
ɔ	ɔ	6.097317616142624
j	j	5.995319436299374
k	k	5.914262849964999
p	p	5.7454892916
t	t	5.738382788968593
t	ʦ	5.738382788968593
f	f	5.7084144622763695
m	m	5.672212523802587
œ	œ	5.636510982836787
y	ʏ	5.604185670585215
v	v	5.588361929342317
w	w	5.493932158960912
n	n	5.467218502823475
e	e	5.389834943696582
i	ɪ	5.143424717889596
i	i	5.143424717889596
s	s	4.944047552912472
ɛ	ɛɪ̯	4.930185232244541
l	l	4.842063752227668
ɛ	æɛ̯	4.81741761401087
a	a	4.6175519604975515
a	ɛ	4.1141853301081195
ʁ	ʁ	3.8707403089454235
a	ɑ	3.6462166149835884
ɛ	ɛ	3.0849329015814395
e_#>	#>	0.8026507610301792
a	æɛ̯	0.3048662858108194