Phone1	Phone2	PMI
ɲ	ɲ	7.162001359375656
ɥ	ɥ	6.80920842052401
z	z	6.7504087804236415
y	y	6.373062897611932
ɡ	ɡ	6.143229837696596
ø	øʏ̯	6.14293365881913
œ	aœ̯	6.025047484286127
u	u	5.831133364971055
b	b	5.799431279990948
o	oʊ̯	5.787760750424184
ɔ̃	ɒ̃ʊ̯̃	5.704427433459999
ɔ	ɔ	5.677065856706646
ɔ	ɑɔ̯	5.677065856706646
ɛ̃	ẽɪ̯̃	5.589056869699094
k	k	5.563568792855519
ɑ̃	ã	5.553483683277773
ə	œ	5.495387065324943
d	d	5.469327227475475
ʃ	ʃ	5.433241840497388
t	t	5.399026699233272
ʒ	ʒ	5.168146822170923
f	f	5.122986021597838
p	p	5.0520178798893545
v	v	5.017636876560467
n	n	4.99153341668238
e	e	4.965799275015947
j	j	4.950573698496948
m	m	4.887394019578564
œ	œ	4.884959540657908
w	w	4.7135045963698605
u	ʊ	4.67437844431849
o	o	4.496354852008647
i	i	4.416438605092505
i	ɪ	4.352052986115034
t	ʦ	4.305494886406836
s	s	4.24635467693455
d	ʣ	4.161408904711944
ɛ	æɛ̯	4.084460530705007
l	l	4.081201211820808
a	ɑ	3.91497644870381
a	a	3.9008985831255294
y	ʏ	3.4181941128645192
ʁ	ʁ	3.3811368043352674
a	ɛ	3.358138301821167
ɛ	ɛ	2.4596515049176952
i	ɪ_s	0.8693639041370892
ɛ	ɛɪ̯	0.8282017118004829
j	æɛ̯_j	0.7534640520510704
a	æɛ̯	-0.0022975845144853