Phone1	Phone2	PMI
ɲ	ɲ	8.069282139746486
z	z	7.5314888305033
ɥ	ɥ	6.695592991230236
ø	øʏ̯	6.424708254913547
ɡ	ɡ	6.3718355847554315
y	y	6.2900511655636855
œ	aœ̯	6.1833716232276315
ɔ̃	ɒ̃ʊ̯̃	5.971069087926725
b	b	5.893506037470593
o	o	5.795453797991962
o	oʊ̯	5.795453797991962
ɑ̃	ã	5.740355959714697
ə	œ	5.507248152213555
ɛ̃	ẽɪ̯̃	5.497717318039018
u	ʊ	5.488863654325347
u	u	5.488863654325347
ʒ	ʒ	5.4830177311575925
d	ʣ	5.4649543561480955
d	d	5.445047221437912
ʃ	ʃ	5.426711029698832
ɔ	ɑɔ̯	5.40272115074422
ɔ	ɔ	5.40272115074422
j	j	5.220285437540405
k	k	5.219666384566596
p	p	5.050892826201597
y	ʏ	5.0470250324783335
t	t	5.04378632357019
t	ʦ	5.04378632357019
f	f	5.0138179968779655
m	m	4.977616058404183
œ	œ	4.941914517438383
v	v	4.893765463943914
w	w	4.799335693562509
n	n	4.772622037425071
e	e	4.695238478298178
i	i	4.448828252491193
i	ɪ	4.448828252491193
s	s	4.2494510875140685
ɛ	ɛɪ̯	4.235588766846137
l	l	4.147467286829265
ɛ	æɛ̯	4.122821148612466
a	a	3.9526920421298355
a	ɛ	3.4493254117404035
ʁ	ʁ	3.17614384354702
a	ɑ	3.1225375484064797
j	æɛ̯_j	2.535271559076822
ɛ	ɛ	2.390336436183036
e_#>	#>	-0.1751749822005323
a	æɛ̯	-0.011736179402434755