Phone1	Phone2	PMI
ɲ	ɲ	8.367937922083332
z	z	8.227574105176373
ɥ	ɥ	7.319465071176431
ø	øʏ̯	7.126718199284173
y	y	6.960912406300978
œ	aœ̯	6.877967079613073
ɡ	ɡ	6.859139778150362
ɔ̃	ɒ̃ʊ̯̃	6.857009030056594
o	oʊ̯	6.673455986916816
d	d	6.346492552228206
b	b	6.31460307089771
ɑ̃	ã	6.284661737384655
ɔ	ɔ	6.201293911114446
ɔ	ɑɔ̯	6.201293911114446
ʃ	ʃ	6.188769807225437
u	u	6.187915509487841
ʒ	ʒ	6.170871254093404
ə	œ	6.064878140099149
n	n	5.977294529235349
k	k	5.904445220505371
t	t	5.873840062617498
j	j	5.824074944614428
ɛ̃	ẽɪ̯̃	5.782041071241856
f	f	5.760658029188488
p	p	5.711918082995417
v	v	5.711773200669087
e	e	5.649274485356806
w	w	5.612309944527721
œ	œ	5.6044142419291285
m	m	5.445855518522167
i	ɪ	5.053369879701648
i	i	5.053369879701648
s	s	5.012094442455205
o	o	4.991201600826596
d	ʣ	4.882268520568645
ɛ	æɛ̯	4.826935400208446
a	ɑ	4.734810840518434
a	a	4.7048955693083325
t	ʦ	4.607796690645825
l	l	4.565571872533742
a	ɛ	4.085156629886024
ʁ	ʁ	4.026196355306453
ɛ	ɛɪ̯	3.8865843087839274
u	ʊ	3.703781657409788
ɛ	ɛ	3.2697888491386973
s_#>	#>	1.4778987272829285
y	ʏ	1.4512238161274689
a	æɛ̯	0.5009793994768835