Phone1	Phone2	PMI
ɲ	ɲ	7.676455875075289
z	z	7.53609205816833
ɥ	ɥ	6.539026055633809
ø	øʏ̯	6.43523615227613
y	y	6.216823478126177
œ	aœ̯	6.186485032605031
ɡ	ɡ	6.167657731142319
ɔ̃	ɒ̃ʊ̯̃	6.165526983048552
o	oʊ̯	5.981973939908774
d	d	5.655010505220163
b	b	5.623121023889668
ɑ̃	ã	5.593179690376613
ɔ	ɔ	5.529718998816586
ɔ	ɑɔ̯	5.529718998816586
ʃ	ʃ	5.497287760217395
u	u	5.496433462479798
ʒ	ʒ	5.429176854251818
ə	œ	5.373396093091107
n	n	5.217842481650383
k	k	5.21296317349733
t	t	5.182358015609457
j	j	5.1325928976063855
ɛ̃	ẽɪ̯̃	5.090559024233814
f	f	5.069175982180445
p	p	5.020436035987375
v	v	5.020291153661044
e	e	4.957792438348764
w	w	4.920827897519677
œ	œ	4.912932194921086
m	m	4.754373471514124
o	o	4.434104161052195
i	i	4.361887832693606
i	ɪ	4.361887832693605
d	ʣ	4.328986089471984
s	s	4.327737177393306
ɛ	æɛ̯	4.135453353200403
t	ʦ	4.057663897809483
a	ɑ	4.036204011564247
a	a	3.990688237953891
l	l	3.874089825525701
a	ɛ	3.3865498009318364
ʁ	ʁ	3.334714308298411
ɛ	ɛɪ̯	3.3311652868667854
u	ʊ	3.2827472427262907
ɛ	ɛ	2.5783068021306548
y	ʏ	1.315160791036567
s_#>	#>	0.2406363634741226
a	æɛ̯	0.2214305293938028