Phone1	Phone2	PMI
z	z	7.612644230100177
ɲ	ɲ	7.471908095475818
ø	øʏ̯	6.932709332853839
ɥ	ɥ	6.596750926102945
ɡ	ɡ	6.218307455298841
y	y	6.141734504128966
œ	aœ̯	6.0842542013869405
ɔ̃	ɒ̃ʊ̯̃	5.972214644200404
o	o	5.72346636017696
o	oʊ̯	5.72346636017696
ɔ	ɑɔ̯	5.704078835717103
ɔ	ɔ	5.704078835717102
ɑ̃	ã	5.695651729955945
ə	œ	5.688778752496322
b	b	5.59986535607779
d	ʣ	5.515061822526926
d	d	5.491966379042939
ʃ	ʃ	5.462539252767792
ʒ	ʒ	5.438875108450951
ɛ̃	ẽɪ̯̃	5.378851406416303
u	ʊ	5.3216279601520045
u	u	5.3216279601520045
f	f	5.196590249645367
k	k	5.155553353315773
p	p	5.082556946082926
v	v	5.040276688384456
j	j	5.040167982719806
t	ʦ	5.0249104199253285
t	t	5.024910419925328
œ	œ	4.952790511470683
m	m	4.915681099245348
y	ʏ	4.893409891400515
n	n	4.876177047128854
e	e	4.745968369671882
w	w	4.73989362516941
i	ɪ	4.323710752561773
i	i	4.323710752561773
ɛ	æɛ̯	4.2912381504787485
s	s	4.254032624875463
l	l	4.0379530981894645
a	a	3.851876624722504
a	ɑ	3.851876624722504
ʁ	ʁ	3.307501344821387
a	ɛ	3.2898500245947795
ɛ	ɛ	2.773816757962072
ɛ	ɛɪ̯	0.8965238112903272