Phone1	Phone2	PMI
ɡ	ɡ	6.926947141900828
v	v	6.738210314577592
w	w	6.527457169779234
f	f	6.504291273600922
ʃ	ʃ	6.463726577208335
o̯ˈa	o̯ˈa	6.445789163990468
a	a	6.3857793650251375
ˈɨ	ˈɨ	6.144673597278738
k_ʎ	kʲ	6.112726570650146
d	d	5.965513382785848
b	b	5.958446855563025
ʣ	z	5.881008964019629
u	u	5.714676487630233
ʣ	ʤ	5.540458988253971
ˈo	ˈo	5.339509457282988
ʦ	ʦ	5.327538350454823
k	p_j	5.26107577353522
s	s	5.109915360805845
ʦ	ʧ	5.075099664575938
m	m	5.047434582921214
ˈu	ˈu	4.995049005199381
l	l	4.920690887635531
ˈi	ˈi	4.6272518342730935
p	p	4.61333411007133
j	v	4.563111070409949
ŋ	ŋ	4.485393785184166
t	t	4.465335819063937
ʤ	ʤ	4.395648591897403
k	k	4.393668294386995
ˈe	ˈe	4.388217246826721
e̯ˈa	e̯ˈa	4.2706889019144745
ˈa	ˈa	4.142945478168025
ə	ə	4.093789665469977
ʤ	ʒ	4.079274936862227
j	j	4.057897308076432
t_u	t	4.050951436739038
ʎ	j	3.9790421105548632
e̯ˈa	ˈe	3.9299865171124737
n	n	3.86353389109177
ɲ	m	3.829355156299291
e	e	3.4987484119024868
ç	f	3.420648140508103
r	r	3.3613743123607507
ɲ	m_j	3.326797525815056
ˈe	j_ˈe	3.179648893458448
i	i	3.1655323802456503
i	e	3.1311465248816663
ʧ	ʧ	3.077215635246344
ˈɨ	ˈɨ_j	2.908346592078037
ɡ	b	2.6454829370286674
ˈə	ˈi	2.471988677316914
k_ʎ	k	2.46430475024289
ɡ_ʎ	ɡ	2.3992115818664725
j	j_e	2.3745590943292827
<#_a	<#	2.226154851393183
z	z	2.20449617642552
e̯ˈa	ˈa	2.130155685575043
#>	u_#>	1.7447073437676617
e̯ˈa_w	e̯ˈa	1.5067567901463237
n_u	n	1.4702173245291417
ɨ	ɨ	1.4091070081526045
<#	<#_j	1.1833023186679326
u_#>	#>	1.1802624981015035
n	j_n	1.0093437710515591
a	ˈa	0.9473170533867484
ˈa	ˈe	0.8336870602354612
ʎ_i	e	0.8137285894920849
ˈi	ˈə	0.6524148036097974
ˈi	ˈe	0.4569957827490424
u	e	0.4445573342489413
ˈi	ˈɨ	0.3694073037540285
m	n	0.2251004566434896
k	p	0.1295779265665523
i	ə	0.0386585206030711
ˈi	e	-0.1868646389509033