Phone1	Phone2	PMI
k_ʎ	kʲ	8.723707275214025
ŋ	ŋ	8.59135326685013
ɲ	m_j	8.235377862945466
ʤ	ʒ	7.286193744751727
v	v	6.72124839875952
ɡ	ɡ	6.708020337536303
w	w	6.658518600219717
a	a	6.617325308931672
ʃ	ʃ	6.581226414443094
o̯ˈa	o̯ˈa	6.273208323122127
f	f	6.241138470814875
ˈɨ	ˈɨ	6.031727162111418
ç	f	6.011627033132103
b	b	5.965003555280546
ʣ	z	5.950537400919302
d	d	5.875700260772899
e̯ˈa_w	e̯ˈa	5.800647543651625
ʣ	ʤ	5.736459535341022
u	u	5.7146686449182145
ʧ	ʧ	5.625104190533911
ˈɨ	ˈɨ_j	5.592450128620732
ʤ	ʤ	5.529266775640224
ˈo	ˈo	5.4720799323146
s	s	5.181881753678469
ʦ	ʧ	5.107955678751823
t_u	t	5.091270975720907
j	v	5.0879160828497305
e̯ˈa	e̯ˈa	5.060094997518287
ʎ	j	4.995084665425123
ɨ	ɨ	4.923657786313288
k	p_j	4.922896390154309
ˈe	ˈe	4.857817403254895
ˈu	ˈu	4.80069501055614
m	m	4.784454222730391
l	l	4.732878609154975
p	p	4.593729883861974
j	j	4.58260290546687
u	o	4.499818494566769
ˈi	ˈi	4.394110013663684
t	t	4.280588366033476
ˈa	ˈa	4.208775118838741
ʦ	ʦ	4.187287778839104
n_u	n	4.185831880296533
k	k	4.121931989768746
ɲ	m	4.109150233483493
ə	ə	3.9619539408820867
ɡ	b	3.9579365114923815
e̯ˈa	ˈe	3.9242620149073963
ˈə	ˈi	3.8040153507289842
n	n	3.7652523635340347
k_ʎ	k	3.5816574400911736
e	e	3.462910663396506
r	r	3.4531198224236004
i	e	3.1622515034745473
ˈi_ʎ	ˈi	3.046265377703909
i	i	3.0217028424203765
j	j_e	2.4752759817955665
s_i	s	2.3305664181516432
e̯ˈa	ˈa	2.296954963874449
<#_a	<#	2.283264222703063
ˈi	ˈə	2.1781140237149694
a	ˈa	2.0259168384835418
u_#>	#>	1.6612213436488887
<#	<#_j	1.5686077845013504
ɡ_ʎ	ɡ	1.4842074748141116
ʎ	ʦ	1.4589309240000432
z	z	1.3320062930646899
ˈi	ˈɨ	1.2078263906350872
ˈe	j_ˈe	1.1603074143922325
ˈi	ˈe	1.0300622405649493
e̯ˈa	j_ˈe	0.9979559713087344
n	j_n	0.9783665999748058
a_r	r	0.8777846316957897
ˈa	ˈe	0.8398006131849646
ʎ_i	e	0.8073887562305991
#>	w_#>	0.590839262077375
ʎ	e	0.3872366342482382
ˈa	ˈo	0.3426581176876485
k	p	0.11494334696979384
m	n	0.06846770597368043
u	e	0.05908972072356157
i	ə	-0.08201721125113208