Phone1	Phone2	PMI
ɲ	m_j	8.249788275720771
e̯ˈa_w	e̯ˈa	7.352141326533149
k_ʎ	kʲ	6.6018796939785
ŋ	ŋ	6.585971048093083
a	a	6.5712423117791
ɡ	ɡ	6.56424973311285
o̯ˈa	o̯ˈa	6.502103057881925
ʃ	ʃ	6.43605054731411
w	w	6.426216024775849
v	v	6.414528752496791
ç	f	6.382715845018555
f	f	6.209832754368112
b	b	6.024012855922472
ˈɨ	ˈɨ	5.915842448496853
d	d	5.818380254982852
ʤ	ʤ	5.803998043221423
ʣ	z	5.694981957147998
ʤ	ʒ	5.614866631383167
ʦ	ʦ	5.604325704746041
u	u	5.469091317084384
ʣ	ʤ	5.434180719769978
ˈo	ˈo	5.428311187624376
ʦ	ʧ	5.373814130851596
ˈɨ	ˈɨ_j	5.3519152713882905
s	s	5.127750755138545
k	p_j	5.102017659202295
t_u	t	5.050442529752591
ˈu	ˈu	5.041291688608076
j	j_e	4.971000382788665
e̯ˈa	e̯ˈa	4.9380850265676175
l	l	4.877409588508517
ɨ	ɨ	4.815461517133123
m	m	4.686715262352819
ˈi	ˈi	4.606654707668215
j	v	4.576722873981312
ˈe	ˈe	4.512486114771186
p	p	4.454197590047083
t	t	4.452147426187199
ɡ_ʎ	ɡ	4.434432958541966
j	j	4.381664351971566
#>	u_#>	4.339137384919585
n_u	n	4.198355935446593
k	k	4.191516900036416
ʎ	j	4.176386369746301
ˈa	ˈa	4.101431413710479
ə	ə	4.054756707842132
ɡ	b	3.998305186095638
ɲ	m	3.9358186351979514
e̯ˈa	ˈe	3.8556154750043454
n	n	3.7420389510103167
k_ʎ	k	3.609017312166673
r	r	3.427105218725756
ˈi	ˈə	3.3525905998659318
ʧ	ʧ	3.335095305055347
i	e	3.126192587910197
e	e	3.1191111968686744
i	i	3.063140889537636
ˈe	j_ˈe	2.8307604910714503
<#_a	<#	2.822928043661584
ˈə	ˈi	2.6408714675564005
z	z	2.530046135554524
a	ˈa	2.3077209259365423
e̯ˈa	ˈa	2.3076549666247503
u	o	2.147163914607259
ˈi_ʎ	ˈi	2.106367413669025
u_#>	#>	1.69746051364923
ˈi	ˈɨ	1.242710323246588
s_i	s	1.1891319382051484
<#	<#_j	1.057257428723874
n	j_n	1.012513212238234
ʎ_i	e	0.908951315948508
ˈa	ˈe	0.7849757848229578
ʎ	e	0.7205479354642846
ˈi	ˈe	0.6741787166469316
#>	w_#>	0.5965987149388621
u	e	0.4637415279605796
ˈa	ˈo	0.1856745722264062
m	n	0.1038251100279905
k	p	0.0204059504528189
i	ə	-0.0667789952593165