Phone1	Phone2	PMI
ɡ	ɡ	7.111607359169154
w	w	6.76179491302144
ʃ	ʃ	6.482251595218217
v	v	6.470527097642618
o̯ˈa	o̯ˈa	6.441998083889759
a	a	6.25554232888092
f	f	6.218400803100409
ˈɨ	ˈɨ	5.981310468288509
ʤ	ʒ	5.94099073865332
ʣ	ʤ	5.866958928502377
u	u	5.852008260589959
b	b	5.849647100437225
d	d	5.821731768374479
ˈo	ˈo	5.529595110155888
e̯ˈa	e̯ˈa	5.387092448918051
ʦ	ʧ	5.36821529064142
s	s	5.187646964581788
t_u	t	5.144066468818762
ɲ	m_j	4.995289178137568
ˈu	ˈu	4.891665722383779
l	l	4.858865116094206
ˈi	ˈi	4.792717700424763
m	m	4.724323913541146
ˈe	ˈe	4.581191752381391
ʣ	z	4.543258531221074
p	p	4.5090604405435935
ç	f	4.457251223478099
k	k	4.439393853833438
j	j	4.370650272661598
ʦ	ʦ	4.36995921134158
t	t	4.31216946112055
ˈa	ˈa	4.113896307065021
ə	ə	3.9258825769295114
e̯ˈa	ˈe	3.80454451465701
n	n	3.7905175707447416
ɲ	m	3.753037565700091
j	v	3.69419660095104
k_ʎ	kʲ	3.5017838924849998
ʤ	ʤ	3.3775030486426605
r	r	3.3555427127927104
i	e	3.209566342472509
k	p_j	3.186048825554626
i	i	3.1560506515329525
ˈe	j_ˈe	3.0945465644545496
ʎ	j	2.8826936384690507
ˈɨ	ˈɨ_j	2.7146672154455
#>	u_#>	2.6034824309517512
j	j_e	2.402116268245356
e	e	2.3910576950577282
ˈi_ʎ	ˈi	2.0994627052700627
k_ʎ	k	2.0309976642608687
ʧ	ʧ	1.9469238989638955
a	ˈa	1.9365586910047494
e̯ˈa	ˈa	1.916086236705131
<#_a	<#	1.6321585978546245
a_r	r	1.565280330456234
n_u	n	1.4772935225845694
e̯ˈa_w	e̯ˈa	1.3943510426745802
ɡ	b	1.348981239038269
ŋ	ŋ	1.317658781710064
z	z	1.1176587817100638
ˈi	ˈɨ	1.0384480564670957
u	e	0.9093980705213114
ˈi	ˈə	0.8964998489055447
u_#>	#>	0.8885816897775393
<#	<#_j	0.528628714361937
ʎ	e	0.4945633382260768
<#_j	<#	0.4128260674839431
ˈa	ˈe	0.40613724500326576
ˈi	ˈe	0.29631259203209487
k	p	0.19782011658653215
m	n	0.19762164670918733
i	ə	0.1855419990400868