Phone1	Phone2	PMI
f	f	8.298110383466021
ɖː	ʝ	6.618132842249359
ð	ð	6.163404484034652
ʣ	x	6.138381761833822
d	d	6.002749159600174
ɣ	ɣ	6.002328983998986
ɣ_e	θ	5.640549902178094
ˈe	j_ˈe	5.559302364781877
p	p	5.49341421879053
ɣ	ˈe_θ	5.415467955586118
ˈu	ˈu	5.371438537740859
l_e	l	5.304923245741624
m	m	5.24856187959472
s_k	s	5.130806424654304
ˈo	w_ˈe	5.031358618916148
z	s	5.02528308360254
b	b	5.017504654527686
n_e	n	4.919904564941467
t	ʧ	4.914024906869029
t	t	4.761432746329199
s	s	4.68728012103645
β	β	4.676295270623914
b_ˈi	b	4.586302594600612
l	l	4.584218822444802
e	β_e	4.539901586950083
a	θ_a	4.510135387093868
j	x	4.501099136987644
r_e	ɾ	4.3931822150515885
k	k	4.363887129292058
β	ˈe_β	4.343252498056849
ˈa	ˈa	4.313171991490976
k_r	x	4.248707974660597
i	e	4.221250112810934
n	n	4.133488154417878
ˈe	ˈe_j	4.115511547437027
e	e	3.984649674425575
ˈi	ˈi	3.9762670213554303
m	ŋ	3.9389068119717185
<#_a	<#	3.9056771869163973
ˈo	ˈo	3.8904951010561075
r	r	3.804226849043764
ˈu	ˈo	3.6315624620732514
a	a	3.615032451681505
u	o	3.5674191694030584
e_r	ɾ	3.5285636683296167
o	o	3.4919023908554037
k	θ	3.1433466440952453
r	ɾ	3.080081643287891
#>	l_#>	3.024932749706195
r	ˈe_ɾ	3.0241229924431208
ɡ	ɡ	2.7513405944472806
<#_f	<#	2.7447580443031154
ɲː	ɲ	2.675067940470663
nː	ɲ	2.6297530071536714
b	ɡ	2.572146017029056
ˈo	w	2.5389138360001478
a	ɾ_a	2.3969174385251555
ˈe	ˈe	2.3476295658965998
ŏ_#>	#>	2.3124663748530976
ŭ_#>	#>	2.3124663748530976
ˈe	j	2.2757581886151
ˈi	ˈe	2.274844172370126
f_ˈi	ˈi	2.2478089171769633
m	m_b	2.1838557463152046
<#_i	<#	2.123827160174982
i_n	e	1.946233648444623
<#_ˈa	<#	1.9402783107652184
ˈa	l_ˈa	1.8313370279910077
r	ˈi_ɾ	1.8297679177668837
u_z	o	1.8122516436022442
r	o_ɾ	1.724554155433366
j	j	1.7212236831073904
m_b	ŋ	1.5889823290625722
r	ɟ͡ʝ	1.2229986548242822
p_u	p	1.2093274824974403
e_r_e	ɾ	0.9177163552996526
p	ɟ͡ʝ	0.9053491030570784
u	k_o	0.7050159453086079
i	ˈi	0.4886787394377971
#>	e_#>	0.363219662826287
e	ɾ	0.19448703591738806
<#_b	<#	-0.1489927965828105