Phone1	Phone2	PMI
f	f	8.15630310732282
ɖː	ʝ	6.372317962479409
ð	ð	6.048224276379567
d	d	5.982834236687584
ʣ	x	5.968407960748634
ɣ_e	θ	5.827084325672276
ɣ	ɣ	5.565890074235703
p	p	5.55152184589328
k_r	x	5.526985413144013
ˈu	ˈu	5.420569535504959
ˈe	j_ˈe	5.345630962247387
m	m	5.27538892151202
l_e	l	5.155732889345109
β	β	5.002047851231995
z	s	4.922458508756837
n_e	n	4.913117487048665
ˈo	w_ˈe	4.9019724252203645
b	b	4.788045051411894
b	b_j	4.741680201299214
s	s	4.699339570808645
t	ʧ	4.566659126987975
r_e	ɾ	4.554843542268833
l	l	4.515400606110141
t	t	4.466396512408892
ˈa	ˈa	4.452917227419456
k	k	4.385607209982081
i	e	4.352838351463701
n	n	4.134125789169654
ˈi	ˈi	4.115472985273663
e	e	3.95614590208402
r	r	3.866450842409472
ĕ_#>	#>	3.8422333116306056
ˈu	ˈo	3.7153557731714417
a	a	3.67138687661648
ˈo	ˈo	3.575579986807219
u	o	3.479622789626378
o	o	3.462020903669934
r	ɾ	3.459136388349746
ŭ_#>	#>	3.427195812351762
ˈe	ˈe_j	3.0807719675514016
m	ŋ	3.0474093455726323
k	θ	2.964856372112956
e_r	ɾ	2.918802989682256
ˈe	ˈe	2.717363930741399
ɡ	ɡ	2.7156165357554354
ɣ	θ	2.59796481490472
β	ˈe_β	2.5553360465865977
ɲː	ɲ	2.5194133963227223
nː	ɲ	2.4465596040173847
<#_f	<#	2.3596567895479423
ˈi	ˈe	2.2754259859185018
m	m_b	2.2577452955467416
f_ˈi	ˈi	2.198333783299104
u_z	o	1.7068945300796563
r	ɟ͡ʝ	1.5571294985372022
b	ɡ	1.5109543618491847
e	ˈe	1.3479214781983893
ɣ	ˈe_ɣ	1.3414053587476649
j	x	1.1879047806639151
k	θ_j	1.1450569503086503
e	β_e	1.138857536381529
m_i	m	1.1376769551550896
i_n	e	1.0188601073857984
z_ŏ	s	0.9714522679256284
ˈo	w	0.949403595215746
ˈe	j	0.8867225443112371
r_a	a	0.8456814564150712
b	k	0.3473905093403607
ˈa	ˈo	0.1852725081602792
e	o	0.1222363517570132
e	ɾ	0.0771142368289519
ˈa	a	0.020052671955472
e_#>	#>	-2.370255581825782
ˈo	o	-0.1797340834038478