Phone1	Phone2	PMI
ɡ_o	ɡ	8.492066927832333
ɡ_w	ɡ	7.942254481684619
w	w	7.817886656122378
e_m	m	7.6821494310437055
e_r	e	7.629182643754249
ʧ	ʧ	7.373408171855089
ˈa_r	ˈe	7.155981114549158
e	ə	7.117670399491219
i	i	6.590504399807684
ˈe	ˈe_j	6.559204681066414
b	b	6.489816431563063
ɡ	ɡ	6.475522632596237
z	z	6.391750276988395
t_o	t	6.325484164145027
ˈu	ˈy	6.2056472768326945
p	p	6.123924518287862
r_o	r	6.110082698132614
m	m	6.086915249161382
o	u	6.069188297863436
ð	ʤ	5.975122874800474
d	d	5.796038981262699
ˈi	ˈi	5.755699523733943
f	f	5.754508405475595
ˈɔ	ˈɔ	5.471021261266545
e	e	5.319521962829923
j	j	5.211521368896533
l	l	5.195027648842029
j_ˈe	ˈe	5.095664603133749
v	v	5.074631317771955
ð	z	5.06178520895002
ˈa	ˈa	4.983610443603451
ˈɛ	ˈɛ	4.9326469889350975
ˈo	ˈu	4.92700203588711
k	k	4.874824166388087
n	n	4.736692749798748
θ	s	4.608423067319072
s	s	4.607225183675512
t	t	4.590017912168395
ˈo	ˈø	4.509696891487852
ŋ	ŋ	4.458465196633929
r	r	4.412707014694
o_#>	#>	4.334823678883862
ɲ	ɲ	4.2667639009762865
θ	ʧ	4.241838245721749
a	a	4.212941550898002
ˈɔ	ˈø	4.0579572696239445
v_o	v	4.051994739404789
ˈe	ˈɛ	3.986261121892803
t	j_t	3.815893057441967
a	j_a	3.8063197276221525
j_ˈe	ˈɛ	3.702193032068183
e_#>	#>	3.592143752660676
r_#>	#>	3.4130877886859055
n	ŋ	3.3732615248430857
ˈe	ˈe	3.3272824714324267
ŋ	n	3.1793237408961215
ˈi_r	e	3.1697748796709813
ɡ	k	2.8880578460889006
ʧ_o	j	2.807870267483237
ˈe	ˈi	2.5936367318626776
ʧ	j	2.560288181245705
ˈo	ˈɔ	2.5236545575192255
s	z	2.372180723331542
ɲ	ŋ	2.3663964639958275
i_#>	#>	2.2873933376518325
ˈu	ˈu	2.2292183787771633
ˈe	ˈə	2.157830321521235
j	ʤ	1.847137957587907
ŋ	m	1.7879104003740398
l_#>	#>	1.7405800004329175
<#_j	<#	1.7194629153012304
ˈo_ɡ	ˈø	1.5236936586773007
z_e	z	1.5048639647372337
t	d	1.3836244134553128
v_e	v	1.338797600557398
#>	j_#>	1.2811579283082664
<#	<#_a	1.2704331917244773
o	ˈɔ	1.192028152734994
ˈɛ	ˈe	1.1716188576428659
#>	r_#>	1.1666870834435963
r	j	1.0670652137768355
l	j	0.9339061728327731
ˈɔ	ˈu	0.9215187336566257
e	u	0.8308162925894009
n	ɲ	0.8199046488365879
o	ˈø	0.6988582551051863
o	ˈu	0.613244107930496
#>	e_#>	0.5802807559230525
#>	ˈe_#>	0.3035108215207677
o	r	0.2618614809970903