Phone1	Phone2	PMI
ɡ_o	ɡ	6.9999444155375015
ɲ	ɲ	6.644403681753843
ˈu	ˈy	6.572717380953882
b	b	6.52618050128883
i	i	6.401832745811006
ɡ	ɡ	6.286030098933011
e_r	e	5.794233594840891
e_m	m	5.674770543250798
o	u	5.560868976552859
z	z	5.489670504446937
d	d	5.475765049318956
ˈa_r	ˈe	5.453626503389086
ð	ʤ	5.390995236103811
f	f	5.384520917745854
e	ə	5.276874749533127
p	p	5.274904414709131
ˈi	ˈi	5.261528511014384
m	m	5.250943482519546
ˈe	ˈe_j	4.9010052697165
<#_j	<#	4.768184324776927
ˈɔ	ˈɔ	4.766288385233483
l	l	4.552402965965721
j	j	4.519973816778124
ʧ	ʧ	4.48580270288639
ˈo	ˈu	4.442575809159215
k	k	4.437195651605646
ˈa	ˈa	4.349833131695976
t	t	4.330554147404763
ˈɛ	ˈɛ	4.263781751582981
v	v	4.153051668040867
n	n	4.150014132635853
r_o	r	4.120453926713952
s	s	4.041717860370745
θ	s	4.014022353754334
ˈo	ˈø	3.993425544649997
ŋ	ŋ	3.7606550508043455
a	a	3.7265919972191
e	e	3.71411851128972
r	j_r	3.701551837536785
r	r	3.622005911306351
v_o	v	3.602764447019008
ˈe	ˈə	3.584995892228438
ɡ_w	ɡ	3.5228208166186974
ð	z	3.322797354711265
ˈɔ	ˈø	3.2270646747401788
a	j_a	3.207662026584876
t	j_t	3.203626753055888
ˈe	ˈɛ	3.1395706193248785
t_o	t	2.877185904939345
n	ŋ	2.83725563151713
s	z	2.7406131099915645
θ	ʧ	2.703010668950097
j_ˈe	ˈe	2.6816494726948035
e_#>	#>	2.680840627123465
ŋ	n	2.6794921970184347
ˈe	ˈe	2.5902830746844514
ɲ	ŋ	2.58870108070671
j_ˈe	ˈɛ	2.4524205220774724
o	ˈɔ	2.207411663057716
ʧ_o	j	2.0171944334927834
v_e	v	2.013924805751857
ˈo	ˈɔ	1.942997591703896
ˈe	ˈi	1.8973765766184187
t	d	1.5138092536315852
w	w	1.3560701818532754
#>	r_#>	1.114500007280605
e	ˈe	1.0063779352524684
ʧ	j	0.9492175000999892
r	ə_r	0.928878024610141
e	u	0.745981391670403
ŋ	m	0.6123636603845134
#>	j_#>	0.5783822924089184
o_#>	#>	0.2900367763081327
#>	ˈe_#>	0.2306948961323435
r	j	0.2153399207619878
ˈɛ	ˈe	0.2132476657950429
r_#>	#>	-1.3206039139399806