Phone1	Phone2	PMI
ˈu	ˈy	6.84387699885151
i	i	6.3012140541769845
b	b	6.299774167127859
ɡ	ɡ	6.297930344837531
e	ə	5.913977899053059
e_r	e	5.775902498354512
o	u	5.708084112337817
ɡ_o	ɡ	5.6929310718411745
e_m	m	5.6322485153272535
z	z	5.609031742245324
d	d	5.5511822999042755
ð	ʤ	5.534789069425289
p	p	5.452716141278
ˈa_r	ˈe	5.401846623338499
ɲ	ɲ	5.36569760708158
m	m	5.337419489078484
f	f	5.328410151632979
ˈi	ˈi	5.294404329180451
ˈɔ	ˈɔ	4.896112030967546
ˈe	ˈe_j	4.863094083077222
ɡ_w	ɡ	4.681032134483554
ˈo	ˈu	4.564735160889696
l	l	4.510903607740723
ˈe	ˈə	4.501530816833809
w	w	4.445633004466167
j	j	4.444081394977778
j_ˈe	ˈe	4.429650875799517
k	k	4.40657729837626
ˈa	ˈa	4.3741647505739865
n	n	4.229028404291675
v	v	4.1872519015292395
r_o	r	4.1865772813588205
ˈɛ	ˈɛ	4.113099768706547
t	t	4.082044440210288
s	s	3.997015842774262
ŋ	ŋ	3.9141697187807303
θ	s	3.8714530415464727
ˈo	ˈø	3.8513962300471314
a	a	3.7713507285415377
t_o	t	3.735715987828398
v_o	v	3.7275507929374854
r	r	3.6557088511402602
ð	z	3.4121768324612627
e_#>	#>	3.1462939892366153
a	j_a	3.127229104633276
ˈe	ˈɛ	2.995875394470323
t	j_t	2.9494836003779827
ɲ	ŋ	2.9147385714795817
j_ˈe	ˈɛ	2.8926342974306922
r	j_r	2.8843932074158785
n	ŋ	2.8555014189261083
ˈɔ	ˈø	2.7820572770160834
ŋ	n	2.722248013941577
e	e	2.669874897056493
ʧ	j	2.648194055503351
ʧ	ʧ	2.593405272330341
θ	ʧ	2.5832338224159477
<#_j	<#	2.4785585218958692
ˈe	ˈe	2.426076314072538
s	z	2.278378670811837
ˈo	ˈɔ	2.1718505702160087
ʧ_o	j	1.9579740918021806
ˈe	ˈi	1.9550973317011324
v_e	v	1.8844607257532031
t	d	1.4792187419168576
e	e_r	1.4521475923560652
j	ʤ	1.3974875318729851
ˈi_r	e	1.219946272262353
ˈo_ɡ	ˈø	1.2179510867280157
o	ˈɔ	1.1802717664304574
p_j	p	1.1031456206747765
e	u	0.7704574396794464
o	ˈø	0.7112763015477089
ŋ	m	0.7087079769592922
#>	r_#>	0.6935960211747132
#>	j_#>	0.46403088619438604
ˈɛ	ˈe	0.45549925950296816
o_#>	#>	0.27314799482274466
r	j	0.23606913783510683
r_#>	#>	-0.40860797150206213