Phone1	Phone2	PMI
ɡ	ɡ	6.520096437249108
ˈu	ˈy	6.44303840607215
ð	ʤ	6.3900215398652325
b	b	6.264710174966223
o	u	6.020707659690673
p	p	5.606555536938179
d	d	5.55802572659265
ˈa_r	ˈe	5.4416137423507
ˈi	ˈi	5.406787696087171
f	f	5.361765765870424
m	m	5.2438011104695885
ˈɔ	ˈɔ	5.051145256711155
ˈe	ˈe_j	4.997312420264592
i	i	4.962379096954507
l	l	4.599304274582654
j	j	4.445834071812634
r_o	r	4.397590128276577
ˈɛ	ˈɛ	4.395440320974749
e_r	e	4.392017256722596
ˈo	ˈu	4.312020601694897
v	v	4.3081108673793365
ˈa	ˈa	4.281983606258466
n	n	4.247769963731094
t	t	4.196092524618337
e	e	4.172346971044868
k	k	4.111067972576653
e_m	m	4.104303552999096
z	z	3.9929373169624394
θ	s	3.9032998507373824
ŋ	ŋ	3.8852520158013757
s	s	3.8206898820401154
ɡ_o	ɡ	3.810297881150964
ˈo	ˈø	3.7716343278345787
r	r	3.7669335278119083
a	a	3.7548775583775758
ˈe	ˈɛ	3.3524968281557577
n	ŋ	2.8883097122523576
ʧ	ʧ	2.8083302169334035
w	w	2.7891570039384357
ŋ	n	2.763031032696698
ˈe	ˈe	2.5917747382525222
t_o	t	2.586663413823591
s	z	2.476412060643361
p_j	p	2.348880118451321
ˈi_r	e	2.0636263414539653
j_ˈe	ˈe	2.0270835560759686
ˈe	ˈi	1.8568717636313596
ˈo	ˈɔ	1.8080211955440826
r	j_r	1.7842176066679452
v_o	v	1.7841098409395184
e_#>	#>	1.780872733515896
a	j_a	1.677125841715029
ˈɔ	ˈø	1.5910976643999941
j	ʤ	1.5888527232083542
ɲ	ɲ	1.4804575897109147
o	ˈø	1.390008340191513
ˈo_ɡ	ˈø	1.0728454526993936
ɡ_w	ɡ	1.0728454526993936
#>	j_#>	1.0503123956717926
t	d	1.0494829574003013
r	ə_r	0.9611812129560502
v_e	v	0.9314018025449627
ŋ	m	0.9248039512889396
θ	ʧ	0.9241856470059824
z_e	z	0.9100859081203756
ʧ_o	j	0.8623038483625747
<#_j	<#	0.8275007047499872
ɲ	ŋ	0.8134232302559326
ˈe	ˈə	0.7939137723779642
ð	z	0.6848628509769142
ʧ	j	0.6446634079599921
ˈɛ	ˈe	0.3179864690877203
#>	r_#>	0.19351570446152452
r	j	0.1741437876952318
o_#>	#>	0.09149938655694463
r_#>	#>	-0.3574263875904077