Phone1	Phone2	PMI
ˈu	ˈy	6.557678809054792
b	b	6.511141929389741
ɡ	ɡ	6.213911083261472
e_r	e	5.854186768169347
o	u	5.777723450613224
e_m	m	5.6653980094761165
d	d	5.517094654703304
ˈa_r	ˈe	5.419147793197633
z	z	5.395347568325548
f	f	5.369482345846763
p	p	5.259865842810041
ˈi	ˈi	5.244360490275392
m	m	5.235904910620455
ˈɔ	ˈɔ	4.967742245372787
i	i	4.908789638640525
l	l	4.607706049906394
j	j	4.504935244879034
t	t	4.489107518813898
ˈo	ˈu	4.471251379336933
k	k	4.443540120489859
ð	ʤ	4.419257221521099
ˈa	ˈa	4.324849022453229
ˈɛ	ˈɛ	4.279143798372901
v	v	4.172425245299037
n	n	4.139642061502888
θ	s	4.1167700624400645
r_o	r	4.104597097400796
ɡ_o	ɡ	4.098990976190744
s	s	4.092287264289606
ˈo	ˈø	4.022101114827714
e	ə	3.934998263350869
e	e	3.885003040407317
ŋ	ŋ	3.867819566970732
a	a	3.76989669521657
r	r	3.702110276793409
ˈe	ˈɛ	3.4108267367229304
ˈe	ˈe_j	3.0122354906680298
ˈe	ˈe	2.9563254297489854
n	ŋ	2.8228138313058047
ŋ	n	2.773233874013113
e_#>	#>	2.733447508290224
ð	z	2.6394268518530644
r	j_r	1.9202230051115607
s	z	1.826848555658414
ˈo	ˈɔ	1.3716068844380374
j_ˈe	ˈe	0.9910824122970068
o_#>	#>	0.9800511211368246
ʧ_o	j	0.9312802835392868
#>	r_#>	0.9236193805686272
ˈe	ˈi	0.893726000030392
t_o	t	0.8909289376360613
ʧ	j	0.8770517573929137
ˈɔ	ˈø	0.7112741406714645
#>	j_#>	0.3476873962765748
t	d	0.2676760694973007
r_#>	#>	-0.1471282826437649