Phone1	Phone2	PMI
ˈu	ˈy	6.663319309485466
b	b	6.610953160688512
ɡ	ɡ	6.367850087798344
e_m	m	5.835158694769799
o	u	5.621363560330276
e_r	e	5.620106756953216
f	f	5.557027465016092
m	m	5.422078352261896
d	d	5.324410001624788
z	z	5.308066850063261
ˈa_r	ˈe	5.297515265948196
ˈi	ˈi	5.265061043478669
p	p	5.2139468785954985
i	i	4.977851747563913
#>	i_#>	4.946577459244616
ˈɔ	ˈɔ	4.804342156320538
t	t	4.619498059357094
l	l	4.616976750319119
k	k	4.545492634926355
ˈo	ˈu	4.511774796846671
ˈɛ	ˈɛ	4.47877950165762
ð	ʤ	4.352033533232954
r_o	r	4.3117376166010155
ˈa	ˈa	4.268779053532512
v	v	4.232572261091475
n	n	4.183644513392505
j	j	4.148044654056704
θ	s	4.044648087605434
ŋ	ŋ	4.039361724137668
s	s	4.023006303771327
e	ə	3.8411143125742035
e	e	3.824247880731166
ˈo	ˈø	3.7511663008194325
r	r	3.7427280912492216
a	a	3.7250967559840666
ˈe	ˈɛ	3.6475113740992686
ʧ_o	j	3.5819773536581136
ˈe	ˈe_j	3.1650217081097765
j_ˈe	ˈe	3.1289863092160117
e_#>	#>	3.087084373245609
n	ŋ	3.007242987504168
s	z	2.9973229065464952
ŋ	n	2.9773139314733235
ˈɔ	ˈø	2.854817358288516
ɡ_o	ɡ	2.754566393023304
ˈe	ˈe	2.7210636182889916
ð	z	2.5827867374716704
#>	j_#>	2.560709203172415
ˈo_ɡ	ˈø	2.0301666701938146
v_e	v	2.0165057592594775
r	j_r	1.9876409459656155
#>	r_#>	1.2314925074248362
o_#>	#>	1.0517419153193197
ˈo	ˈɔ	0.9995264290912268
j_ˈe	ˈɛ	0.9907859831471143
t_o	t	0.9411415876504844
a	j_a	0.8453981698156353
t	d	0.8123531834043258
j	ˈe	0.5982296698264078
ˈe	ˈi	0.5143440057073648
r_#>	#>	-0.1471282826437649