Phone1	Phone2	PMI
e_r	e	7.57412494924173
ˈa_r	ˈe	7.280554805679333
ɡ	ɡ	7.268127828146384
ˈu	ˈy	6.717900754685911
ð	ʤ	6.676271046846594
i	i	6.636866762466386
z	z	6.523228615029199
t_o	t	6.313333960089832
o	u	6.243693328402768
d	d	6.050703370562743
b	b	5.990041487966554
p	p	5.960088276591336
r_o	r	5.956715566539353
m	m	5.875998755104719
w	w	5.832035260897129
ˈi	ˈi	5.757721001128601
e_m	m	5.751349825081278
f	f	5.74019777545671
ˈɔ	ˈɔ	5.670463473971885
l	l	5.392036774086212
v	v	5.322409361605167
j	j	5.078755979380697
ˈɛ	ˈɛ	4.969263934629821
k	k	4.961975350383596
ˈo	ˈu	4.835209255854307
ˈa	ˈa	4.811710120564565
t	t	4.783619063351432
n	n	4.65720549087661
s	s	4.573519909187219
e	e	4.562891355902152
ŋ	ŋ	4.562249941547353
θ	s	4.449833011515438
o_#>	#>	4.4027757401655325
j_ˈe	ˈe	4.33613254444706
ˈe	ˈɛ	4.2643883593406455
ˈo	ˈø	4.254532893888031
a	a	4.2534639466271065
r	r	4.241879826737528
ˈɔ	ˈø	3.711295600039171
e_#>	#>	3.5741085317743613
ˈe	ˈe	3.545757342579241
ŋ	n	3.4421611559144787
n	ŋ	3.357596348527644
ɡ_o	ɡ	3.291815534939907
#>	j_#>	3.0166570620702413
e	ə	2.949186908889914
ˈi_r	e	2.8393026896913955
s	z	2.5974549177373025
ˈe	ˈe_j	2.5562495803793213
r_#>	#>	2.534604487236882
ʧ_o	j	2.476098862212419
r	j_r	2.454290252201438
ˈe	ˈi	2.170207900759728
ˈo	ˈɔ	2.085777274945296
ˈe	ˈə	2.082915000603869
θ	ʧ	2.0703595699017128
a	j_a	2.0665859968738647
ɲ	ŋ	1.996803683630477
ð	z	1.8616807115962897
j	ʤ	1.82245056126528
<#_j	<#	1.696668384578063
e	e_r	1.525360476656107
z_e	z	1.5126616484717663
ɲ	ɲ	1.5111344493198284
ʧ	ʧ	1.4461714239153238
v_o	v	1.2925867412305547
t	j_t	1.2255922154485417
ʧ	j	1.140258975283233
n	ɲ	0.9162642355925584
r	j	0.9008045593823368
o	r	0.8252916683266214
l	j	0.782378593914374
o	ˈɔ	0.7539796062385455
ŋ	m	0.7501507645250622
ɡ	k	0.5888475069033591
ˈɛ	ˈe	0.5875389377300048
ˈu	ˈu	0.5716322766643233
d	t	0.4053736864270784
t	d	0.2870749591373919
a	ˈa	0.0983655595189057