Phone1	Phone2	PMI
tː	p_t	8.208907405917202
i	i	6.864781095797016
kː_j	kʲ	6.81574229030212
ɡ	ɡ	6.700001542401582
ʤ	ʤ	6.607748587102331
b	b	6.3831441242682
ʃː	ʃ_t	6.339470987350741
v	v	5.971830671315722
w_ˈɔ	ˈo	5.888641923931587
o	u	5.823331679086501
lː_o	l	5.800448956466197
ˈɛ	j_ˈe	5.764396469793632
k_o	k	5.49615677313188
ʧ	ʧ	5.456341420808444
d	d	5.339290133792339
f	f	5.233630050135784
t_o	t	5.205672570726985
m	m	5.042418133307627
s	s	4.867313421945166
ɡ_o	k	4.855328629775836
ˈi	ˈi	4.794007527862524
p	p	4.788292907650693
l	l	4.772358604084437
ˈe	e̯ˈa	4.73895470546276
n_o	n	4.721168052384527
k	k	4.718201001357905
ˈu	ˈu	4.598864530913872
v	w	4.511823214378291
kː	k	4.399764685842029
r_o	r	4.364260189726031
ˈo	ˈu	4.329091922333303
ɲː	m	4.309462590791025
p_o	p	4.266388019720537
s	ʃ	4.247873350919776
a	a	4.216729230646948
ˈe	ˈe	4.198921002069657
ˈɔ	o̯ˈa	4.188739080014952
ˈa	ˈɨ	4.1822501646909895
ˈa	ˈa	4.146538013357669
t	t	4.068545849331096
j	j	3.9922952912648957
ˈɔ	ˈo	3.958126082319256
a	ə	3.87483367571499
l_o	r	3.8278063745498465
n	n	3.7521995148296794
ˈo	o̯ˈa	3.628786805498783
j	l	3.374748640894513
e	e	3.291985409884625
d	z	3.2879397046124184
r	r	3.2725683959997105
ˈɛ	ˈe	3.148522783227936
ˈɔ	ˈu	3.0200740600608738
ʎː	j	2.9983427051791596
ˈu	ˈo	2.8516545569800837
ˈɛ	ˈi	2.833943000711066
j	e̯ˈa	2.8185729992841817
ˈi_o	w	2.7145139852713354
ˈa	t_ˈa	2.7069911944869083
b_w	b	2.516996908545713
ʤ	ʒ	2.392850962010021
ʧ_i	ʧ	2.3572835643192
sː_o	s	2.3033348918444894
n	j_n	2.1689943287261797
nː	n	2.0279463295989184
t	ʦ	1.972456909222182
ˈe	ˈə	1.8013922092256014
ˈu	w	1.7839666511799392
#>	r_#>	1.7708507070595618
<#_b	<#	1.683390369507213
#>	n_#>	1.5601956498141971
<#_a	<#	1.4898055412479798
l	r	1.4503360412375976
<#	<#_ɨ	1.3109177703355275
ʧː	ʦ	1.2119303290391028
ˈo	ˈo_j	1.093297041387558
sː	s	1.015235980051556
tː	t	1.0118878345012678
j_a	e	0.8945340722907742
ˈɛ	j	0.858830338197809
v	z	0.8308364824518106
j	e	0.5159107626256848
ɡ	k	0.5142481919172903
e	u	0.48384743988037826
<#_p	<#	0.0017103725729610934
o_#>	#>	-0.34333994692388725
#>	ə_#>	-0.01714728658164655