Phone1	Phone2	PMI
<#_v	<#_ʋ	9.802629151404268
<#_ɡ	<#_ɡ	9.718692495347089
<#_k	<#_k	9.33074965239981
<#_z	<#_z	9.324976015645568
k_#>	k_#>	9.284023766383722
<#_m	<#_m	9.18248803817551
<#_d	<#_d	9.126046703606251
<#_s	<#_s	9.126046703606251
a_#>	â_#>	8.33410087395445
<#_l	<#_l	7.566627316837582
<#_b	<#_b	7.07959476966471
<#_x	<#_x	7.07959476966471
ˈu_k	ôː_k	7.07959476966471
w_ˈɔ	l_âː	7.075316920726778
<#_ʐ	<#_ʒ	7.042992404157887
<#_n	<#_n	6.884607269424324
x	x	6.838230935456566
p_#>	p_#>	6.746261436331376
s_t	s_t	6.4593179518751285
ɔ_#>	o_#>	6.220490764433561
j_ˈɛ	êː	5.920698801778649
<#_ɕ	<#_s	5.83051576395279
<#_ʥ	<#_d	5.810476462312174
ʑ	z_e	5.770009929541863
a_#>	a_#>	5.621390345302333
n	n	5.310696993327883
d	d	5.036959914917703
b	b	4.9505977376271035
l	l	4.81108931868876
t	t	4.7935905270362955
ɲ	n	4.776402190421743
m_j	m	4.76874762684212
ʨ	t_#>	4.766219381564683
k	k	4.699339494227027
v	ʋ	4.68204275208323
r	r	4.674413229696277
w̃_z	z	4.604744676223707
ɛ_ɲ	e	4.507973211823577
w	l	4.1240568222543885
ˈu	ûː	4.082137515127338
k_i_#>	a_k	3.9310817586708917
ʐ_ɛ	r_e	3.742665611424083
ʦ_ɛ_#>	ʦ_e	3.736094258430507
l_ˈa	l_î	3.551955960121628
v_a	ʋ_â	3.551955960121628
ɲ_#>	ɲ_#>	3.5276388095430815
ˈa_t	î_t	3.49103644403626
ɛ	e	3.439472065812314
w_ɨ_#>	l_#>	3.375568157614397
ɛ_#>	e_#>	3.3326513093026957
ɕ	s	3.2764751038456246
ʨ_#>	t_i	3.0193572776099784
n_ɨ_#>	n_#>	3.0116144421918385
ʨ_#>	t_#>	2.7737020795545764
ˈɛ	ê	2.72999207442831
ɔ	o_#>	2.4625079906464813
ʨ	t_i	2.443806583331867
a	a_#>	2.4257803513963405
ˈɔ	ô	2.3988787488144063
j_ˈa	î	2.3523720001254103
<#_ʥ	d	2.3326883719941365
ˈɔ	ôː	2.293666891694338
<#_ɕ	s	2.218050444465988
ʦ	ʦ	2.2095612927168244
k_i	k	2.19056305773533
ɲ_#>	n	2.188402446385165
w_ɨ	l	2.185830841532143
w_ˈɔ	l	2.11024736183949
j_ɛ	a	2.0971937513377514
s_#>	s_#>	11.627272880848407
<#_r	<#_r	10.697571808347945
<#_ˈɔ	<#_ô	10.502584308107561
<#_t	<#_t	10.488927047755459
<#_j	<#_j	10.457347879406093
<#_p	<#_p	10.321144136032956
ɛ_m	a_n	10.04231038012725
w	l_â	1.9371023800097928
ˈi	î	1.9199953836826917
ɡ	ɡ	1.8810611492818632
ʑ	z	1.83505741733975
s	s	1.813243455084514
ʐ	r	1.7087278458737638
ˈɔ	o	1.6483980229113009
a	â	1.6324965582660032
ɔ	ô	1.458765572172063
ˈɛ	îː	1.339915141616336
ʨ	t	0.9141839475695844