Phone1	Phone2	Surprisal	OOV_Smoothed
a	a	0.05055833205171774	4.731831471512847
b	b	-0.0	4.731831471512847
d	d	-0.0	4.731831471512847
e	e	0.24244480264785231	4.731831471512847
e	ɾ_e	4.030065699016096	4.731831471512847
e	i	4.289413962627989	4.731831471512847
e	a	4.561911758408508	4.731831471512847
f	f	-0.0	4.731831471512847
i	i	0.2043948129828303	4.731831471512847
i	e	2.920326917253639	4.731831471512847
j	j	0.07257381823695022	4.731831471512847
j	-	4.349308184528397	4.731831471512847
k	k	0.05067754863833517	4.731831471512847
l	l	-0.0	4.731831471512847
m	m	0.09358099618777427	4.731831471512847
m	m_b	3.992944559421646	4.731831471512847
n	n	0.03269246674934037	4.731831471512847
o	o	0.14849469068025017	4.731831471512847
o	u	3.9291166770658545	4.731831471512847
p	p	-0.0	4.731831471512847
r	r	-0.0	4.731831471512847
s	s	-0.0	4.731831471512847
t	t	-0.0	4.731831471512847
u	o	0.14282534237795558	4.731831471512847
u	-	4.355178444867212	4.731831471512847
w	w	-0.0	4.731831471512847
ð	ð	0.03359230158794299	4.731831471512847
ŋ	n	0.9722557907881887	4.731831471512847
ŋ	ŋ	1.02828823221935	4.731831471512847
ɡ	ɡ	-0.0	4.731831471512847
ɣ	ɣ	-0.0	4.731831471512847
ɲ	ɲ	0.4346635615021605	4.731831471512847
ɲ	n	1.9426746308211604	4.731831471512847
ɾ	ɾ	0.04446651574918275	4.731831471512847
ʃ	ʧ	0.17488596844722404	4.731831471512847
ʃ	ʃ	3.8091914008537113	4.731831471512847
ʃ	-	4.545410953773828	4.731831471512847
ʎ	l	0.3564930504949607	4.731831471512847
ʎ	ʎ	2.1913984809530924	4.731831471512847
ʝ	ʎ	-0.0	4.731831471512847
ʧ	j_t	0.33173632916181106	4.731831471512847
ʧ	j	2.2833486787000714	4.731831471512847
ˈa	ˈa	-0.0	4.731831471512847
ˈe	ˈe	0.08438578170310042	4.731831471512847
ˈe	ˈi	4.611516045074903	4.731831471512847
ˈi	ˈi	0.02581504299438636	4.731831471512847
ˈo	ˈo	0.7530733265911722	4.731831471512847
ˈo	w_ˈe	1.6768551615782783	4.731831471512847
ˈo	ˈa	4.325109672005883	4.731831471512847
ˈo	ˈu	4.506082696505524	4.731831471512847
ˈu	ˈu	-0.0	4.731831471512847
β	β	0.1305933108140565	4.731831471512847
β	p	4.15650352158462	4.731831471512847
θ	θ	0.21067510180648236	4.731831471512847
θ	s	4.008905002991501	4.731831471512847
θ	j_ʃ	4.572449329931801	4.731831471512847