Phone1	Phone2	PMI
b	b	6.311370868386875
f	f	6.075841809575667
o	u	5.462294128584453
ˈy	ˈu	5.031675567754988
ˈø	ˈo	4.987294826081246
ˈi	ˈi	4.923906066100879
ɡ	ɡ	4.829082603137856
j	l	4.5927326379494975
m	m	4.542170902976876
ˈe	ˈi_n	4.518814073346448
p	p	4.495495260488644
z	z	4.240695872438019
ˈu	o̯ˈa	4.193701246439842
s	s	4.124853814654729
ˈo	ˈu	4.11534671310712
k	k	4.015088291977942
e	i	4.004266087148201
ˈu	ˈu	3.8383985112756633
ˈa	ˈa	3.82976273145907
e_r	r	3.769920374262858
l	l	3.7643317801196847
r	r_i	3.7617529572202
a	ə	3.73201840066008
ˈɔ	ˈo	3.668548372543925
t	t	3.541952617608402
d	d	3.504883605467884
n	n	3.3888444551715904
l	ʎ	3.319826196626437
t	p_t	3.256705549369542
ˈɛ	e̯ˈa	3.212315513988686
<#	<#_v	3.177689136843472
s	ʦ	3.166282744182232
p	kʲ	3.1580748757542723
r	r	3.070008358386313
z	ʒ	3.012719297227475
ˈɛ	ˈe	3.004187117089217
ˈa	ˈɔ	2.938106781055674
ˈɔ	ˈu	2.8085736955558915
ˈe	ˈe	2.6915483119263923
<#	<#_w	2.648493612421528
ɡ	k	2.6129190976161905
s	ʦ_i	2.5828895918216146
d	t	2.5546763041979568
ˈi	e̯ˈa	2.5110086381882124
m	m_i	2.4061123571790164
i	i	2.390551261073945
t	t_i	2.3875702103116665
s	ʃ	2.3854592313025917
ˈe	ˈi	2.2340919032961075
ʤ	ʎ	2.2131521757767936
ˈa	ˈɔ_j	2.1740299267734127
ˈe	e̯ˈa	1.94616077655127
ˈø	ˈu	1.904231687060429
l	r_i	1.8925655826078944
ˈo	ˈa	1.8635574800500323
#>	u_#>	1.8002210194525432
t	t_ə	1.7671103357906452
t	d	1.7547822084768112
ˈɛ	ˈa	1.724427247010129
#>	n_#>	1.6484936124215284
f	w	1.5406676011537093
ˈɛ	ˈi	1.3544846432440147
ˈɔ	w_ˈo	1.2865553580635345
#>	e_#>	1.2438337040924323
#>	w_#>	1.2438337040924323
f	w_ə	1.1907217907238228
ˈa	ˈɔ_n	0.9633089780542458
ˈɛ	j	0.7496805769072431
ˈo	ˈo	0.6022195781039982
k	ʦ	0.5210660603862898
e_n	n	0.4969743223995198
l_#>	#>	0.4772173978355372
l	r	0.3773130542400441
a	ˈa	0.273247329148585
ˈe	ˈa	0.2071409272627891
a	i	0.160992561931163
#>	i_#>	-0.2047796616058235