Phone1	Phone2	PMI
b	b	6.204575493395793
ɡ	ɡ	4.8402936022266845
p	p	4.646792719565902
m	m	4.575096840042223
d	d	4.455748460741833
ˈø	ˈo	4.424036808427746
j	l	4.369940746176562
t	t	4.154370061188772
s	s	4.09002166750784
k	k	4.018951979487853
ˈu	ˈu	4.008607729705788
l	l	3.888415127141229
ˈa	ˈa	3.815248165578215
ˈo	ˈu	3.802287192181351
a	ə	3.77188268028427
f	f	3.4879596847392214
t	p_t	3.47775085616708
n	n	3.410860251120791
ˈɔ	ˈo	3.2821569258566403
r	r	3.1956984726505917
e	i	3.190248975677594
ˈɛ	ˈe	3.152567498398811
ˈi	ˈi	3.027989120841801
f	w	2.983152984323456
r	r_i	2.9562051885492515
z	ʒ	2.859936933808908
ˈe	ˈi_n	2.7605000620198847
ˈy	ˈu	2.6983475600230493
d	t	2.640907841941969
<#	<#_v	2.6177399255662013
s	ʦ	2.617269421424929
ˈe	e̯ˈa	2.528441979429632
z	z	2.4373951753270173
ˈi	e̯ˈa	2.338064922360518
#>	n_#>	2.217039952685167
o	u	2.0547612436272846
ɡ	k	2.034588735081705
ˈe	ˈe	2.0126472016019656
ˈa	ˈɔ	1.8368072282097117
ˈu	o̯ˈa	1.8367865201052327
ʧ	ʦ	1.8074217055068056
ˈɛ	e̯ˈa	1.7740489827217472
s	ʦ_i	1.7461099948548644
ˈɛ	ˈa	1.7185086824610345
ˈø	o̯ˈa	1.7123904716505427
<#	<#_w	1.6915274761983523
i	i	1.554332445160178
l	ʎ	1.3250581748423351
m	m_i	1.3218589487535544
ˈɛ	ˈi	1.2992358390772398
#>	u_#>	1.2471149512428543
ˈe	ˈi	1.2226894243513224
s	ʃ	1.2180200777096557
ˈɔ	w_ˈo	1.1635246515022863
p	kʲ	0.9982304196162948
ˈa	ˈɔ_j	0.9405096020044011
r	r_u	0.931347147737018
e_r	r	0.9185051391694689
t	t_ə	0.8742578529080355
l	r	0.7516121475118771
ˈa	ˈɔ_n	0.7346569450501729
ˈɔ	ˈu	0.6361144491283641
r_e	r	0.5595912448110709
ˈe	ˈa	0.5459319714112172
<#_f	<#	0.4339850002884625
ˈø	ˈu	0.4330875220899998
l_#>	#>	0.2
a	ˈa	0.1885512096331048
#>	i_#>	-0.2084569301781621