Phone1	Phone2	PMI
b	b	5.870601476016716
f	f	4.879340167543706
ˈø	ˈo	4.656337451579737
p	p	4.435831123704191
m	m	4.411447683075034
o	u	4.319149794691473
d	d	4.284978635544311
e	i	4.048032291312544
ɡ	ɡ	3.969646699716594
s	s	3.9199602073742854
ˈe	ˈi_n	3.898573835523949
l	l	3.864446319281666
k	k	3.793066549118378
t	t	3.7660092056964
n	n	3.6699531332760382
a	ə	3.654966712871549
l	ʎ	3.527546684427252
ˈɛ	e̯ˈa	3.502571501342815
ˈa	ˈa	3.444535024464939
ˈe	ˈe	3.317939660156884
r	r	3.258273802550592
t	p_t	3.1624509849293876
r	r_i	3.1061151289032187
ˈu	o̯ˈa	2.9057615951484688
ˈa	ˈɔ	2.7405385704490333
ˈi	ˈi	2.686050403380242
s	ʦ	2.6470760048720603
d	t	2.5554546285892457
m	m_i	2.32436054328834
ɡ	k	2.2911885486234054
ˈo	ˈo	2.2152619660008326
s	ʃ	2.1067441851281856
ˈu	ˈu	2.0740945609693235
<#	<#_v	1.9374398143504918
ˈɛ	ˈe	1.8608252441772257
t	t_i	1.7030730687866533
ˈɛ	ˈa	1.6874846280123206
s	ʦ_i	1.6737967312774247
ˈɔ	ˈu	1.668054784190776
ˈe	ˈi	1.6155963401539497
e_r	r	1.5130027144701086
ˈɔ	w_ˈo	1.498391605599991
z	ʒ	1.4872543127380593
#>	n_#>	1.331501112277297
ˈo	ˈa	1.26014344261404
r_e	r	1.252993594823622
#>	e_#>	1.2438337040924323
#>	w_#>	1.2438337040924323
p	kʲ	1.2272739550265863
j	ʎ	1.1531052479238482
ˈy	ˈu	1.0985015490425651
ˈi	ˈi_n	1.0953539171171052
ʧ	ʦ	1.0830384869526295
ˈa	ˈɔ_j	1.0768704843928025
ˈɛ	ˈi	1.0198039089303965
ˈi	e̯ˈa	1.0037153113760824
r	r_u	0.999601297739259
j	l	0.9696517131388658
ˈa	ˈɔ_n	0.9327082980829046
ˈɔ	ˈo	0.8518787603212432
ˈø	u	0.8494790494752588
ˈe	e̯ˈa	0.7598174612148008
i	i	0.7119243882142724
ˈo	ˈu	0.7058761936163555
#>	u_#>	0.6295461114119095
l	r_i	0.5565179888118996
ˈø	ˈu	0.5150480142575826
l_#>	#>	0.4791474318422811
l	r	0.4718833931790804
k	ʦ	0.42998561857532086
a	i	0.40261064038966543
<#_f	<#	0.31506246613748734
a	ˈa	0.3095453900841316
#>	i_#>	-0.4093236769058402