Phone1	Phone2	PMI
b	b	7.028782662787599
f	f	6.864548509719162
j	l	6.371697458160791
o	u	6.169370508223642
ˈɔ	ˈo	5.873219714498074
ˈy	ˈu	5.8486400506452005
ɡ	ɡ	5.512563637485233
z	z	5.465790257515579
m	m	5.4455048317993215
t	p_t	5.339998743343334
ˈø	ˈo	5.337105545788482
ˈi	ˈi	5.3181494977805785
ˈu	ˈu	5.06714173197659
r	r_i	4.864381329065619
p	p	4.840828254013098
ˈo	ˈu	4.768661283365153
p	kʲ	4.711992164274456
ˈa	ˈɔ	4.643662741046611
k	k	4.606887872185114
e	i	4.523032419469093
d	d	4.508743016356964
ˈe	ˈi_n	4.421224042731347
e_r	r	4.420370875312678
a	ə	4.415032200388729
d	t	4.391580650960914
t	t_i	4.385659798428385
l	l	4.340742559729588
ˈa	ˈa	4.32285170470326
s	s	4.305659136251603
n	n	4.183046551761405
s	ʃ	4.146367080060742
<#	<#_v	4.0714211678656795
ˈe	ˈe	4.068551162172575
ˈi	e̯ˈa	4.0530562880777845
t	t	4.0170829308275895
s	ʦ_i	3.933767926603301
ˈu	o̯ˈa	3.8243932442939874
l_#>	#>	3.7521817372694874
#>	u_#>	3.729363811856163
l	ʎ	3.7093513824463664
r	r	3.575761401076
ʧ	ʦ	3.448090042131212
ɡ	k	3.357013945490777
ˈɛ	ˈe	3.341072660597917
t	d	3.300348927177826
ˈɛ	e̯ˈa	3.274417355106736
#>	e_#>	3.2232251857597314
s	ʦ	3.1699245556821687
z	ʒ	3.0784105326689
m	m_i	2.7951014127828957
ŋ	n	2.7589108119913432
i	i	2.75111429817571
#>	i_#>	2.73243340472285
<#	<#_w	2.443352894327356
ˈe	ˈi	2.419864916557067
ˈe	e̯ˈa	2.380088845043815
#>	n_#>	2.336192981810991
ˈɛ	ˈa	2.1500219371639333
ˈa	ˈɔ_n	2.0266249842180057
ˈø	o̯ˈa	2.021823883757423
ˈo	ˈa	1.9995316055886585
ˈø	ˈu	1.9372103935660252
ˈɛ	ˈi	1.8820309632734398
<#_f	<#	1.6296515454269433
ˈɔ	w_ˈo	1.5928069243115601
#>	w_#>	1.5413330216636845
ˈi	ˈi_n	1.3436624585523278
j_ˈø	ˈi	1.2869768757570836
ʤ	ʎ	1.2480659508047345
k	ʦ	1.1701192845350246
r	r_u	1.169146143844895
l	r	1.1596881370877625
f	w	0.994388399318346
ˈo	ˈo	0.9386817684852661
l	r_i	0.8133315657896913
ˈɔ	ˈu	0.6593478108758669
ˈɛ	j	0.6571501747026166
e	ə	0.6234948957392012
a	i	0.6158744351571641
a	ˈa	0.6132991937849679
ˈe	ˈa	0.2586092086558922