Phone1	Phone2	PMI
b	b	5.879278629533539
f	f	4.831789367387773
ˈø	ˈo	4.665014605096561
p	p	4.444508277221015
m	m	4.420124836591857
o	u	4.328279913777269
d	d	4.294108754630106
e	i	4.02869506865977
ɡ	ɡ	3.9787768188023898
s	s	3.9444046767494254
ˈe	ˈi_n	3.940133859875105
l	l	3.852945590860859
k	k	3.801743702635201
t	t	3.774686359213224
n	n	3.689825379037051
a	ə	3.652247905579
l	ʎ	3.5160459560064448
ˈɛ	e̯ˈa	3.5112486548596378
ˈa	ˈa	3.470085996546158
ˈe	ˈe	3.35704954357761
r	r	3.2560613992629404
t	p_t	3.1610920882224707
r	r_i	3.117695388919444
ˈu	o̯ˈa	2.904402698441551
ˈa	ˈɔ	2.763167744386346
ˈi	ˈi	2.6761806014195835
s	ʦ	2.6688199766445093
d	t	2.5645847476750414
ˈɔ	ˈu	2.362544565137951
m	m_i	2.323454612150395
ɡ	k	2.300318667709201
ˈo	ˈo	2.214356034862888
s	ʃ	2.125787659297944
ˈu	ˈu	2.049692645335629
<#	<#_v	1.937439814350492
ˈɛ	ˈe	1.859466347470308
t	t_i	1.7021671376487086
ˈɔ	ˈo	1.697799007270084
ˈɛ	ˈa	1.6966147470981163
s	ʦ_i	1.6925898487749214
ˈe	ˈi	1.6367222666982302
e_r	r	1.5115896431969842
z	ʒ	1.4754846414958132
#>	n_#>	1.331501112277297
ˈo	ˈa	1.270179492837781
r_e	r	1.2519132612481565
#>	e_#>	1.2438337040924323
#>	w_#>	1.2438337040924323
p	kʲ	1.226820989457614
j	ʎ	1.162434202451065
ˈy	ˈu	1.0980485834735925
ʧ	ʦ	1.0935275027453426
ˈi	ˈi_n	1.088416656009657
ˈa	ˈɔ_j	1.0797922825367094
ˈɛ	ˈi	1.0293869935851647
r	r_u	0.9991483321702864
ˈi	e̯ˈa	0.9967780502686348
j	l	0.9789806676660826
<#	<#_w	0.9608262042366637
ˈa	ˈɔ_n	0.9490222185189262
ˈø	u	0.8490260839062861
ˈe	e̯ˈa	0.7668594367295609
ˈo	ˈu	0.7054232280473831
i	i	0.683970717895313
#>	u_#>	0.6295461114119095
l	r_i	0.552029446855401
ˈø	ˈu	0.5145950486886102
l_#>	#>	0.4791474318422811
l	r	0.4584701918667952
k	ʦ	0.4295326530063484
a	i	0.3882384781339653
<#_f	<#	0.3150624661374873
a	ˈa	0.2973553400090056
#>	i_#>	-0.4093236769058402