Phone1	Phone2	PMI
b	b	6.395816396596057
d	d	6.294840291156949
z	ʒ	5.889172190737991
f	f	5.800365054168673
o	u	5.6647460308735464
ˈy	ˈu	5.158593340681208
ɡ	ɡ	5.017456639848668
p	p	4.720849611992591
m	m	4.657744871003866
ˈø	ˈo	4.647948724069336
ˈu	o̯ˈa	4.628484950687161
ˈe	ˈi_n	4.2283435604507185
ˈɔ	ˈo	4.183148205552824
e	i	4.165713478255233
t	p_t	4.097840233311214
ˈi	ˈi	4.031072688341145
s	s	4.029245816558769
k	k	4.004866705031761
t	t	3.8763763928756068
a	ə	3.8330183101264925
r	r_i	3.8317624875277536
ˈa	ˈa	3.7895628783767594
e_r	r	3.7832956245048717
l	l	3.728118361159711
#>	e_#>	3.7256720193773707
ˈa	ˈɔ	3.693110968758448
ˈu	ˈu	3.522452460041731
n	n	3.4979906651361694
j	l	3.243489015321242
p	kʲ	3.2112702824671575
ˈɛ	ˈe	3.192488359077805
r	r	3.146347555884309
l	r_i	3.078122610807071
l	ʎ	2.9993471232047657
ˈi	e̯ˈa	2.99520598148046
s	ʃ	2.9668254607960063
s	ʦ	2.9466754009691165
<#	<#_v	2.896745219965205
ˈo	ˈu	2.893685816151899
ˈɛ	e̯ˈa	2.7967757628247965
ˈe	ˈe	2.7788943424110446
ɡ	k	2.6020153850374794
#>	w_#>	2.4837813462515803
i	i	2.4445107344921446
ˈi	ˈi_n	2.4377576016131615
m	m_i	2.4126553260092143
ˈe	ˈi	2.406230984561762
ˈɔ	w_ˈo	2.342862296091221
z	z	2.231250020735068
s	ʦ_i	2.22526033122695
ˈa	ˈɔ_j	2.2177980159337882
ʤ	ʎ	2.120498375365409
ˈɔ	ˈu	2.099283177007463
#>	u_#>	2.020906483308341
ʧ	ʦ	1.9292800080107444
ˈa	ˈɔ_n	1.923757863989564
<#	<#_w	1.9177663465400425
ˈo	ˈa	1.864434597042163
ˈe	e̯ˈa	1.8363558362977628
ˈɛ	ˈa	1.766467167420948
t	t_i	1.696996987179395
#>	n_#>	1.6426645195216012
f	w	1.4843076068696028
j	ˈi_ʎ	1.462922111598076
k	ʦ	1.4156361024631081
t	d	1.312616121951671
ˈɛ	ˈi	1.2246195607132642
<#_f	<#	1.1393583055125351
ˈø	ˈu	1.13801248386393
t	t_ə	1.134302454039753
ŋ	n	1.1192131215335221
f	w_ə	1.0823669294402243
d	z	1.0140313120111928
j	ʎ	0.954832610182755
ˈa	ˈa_t	0.7948955735450853
e_n	n	0.6595299619672773
d	t	0.652560327599672
ˈo	ˈo	0.6031417552067175
a	ˈa	0.5372490807170577
l_#>	#>	0.47383861305247604
a	i	0.28333511889205293
ˈe	ˈu	0.25875359773631473
l	r	0.23449681764716548
#>	i_#>	0.08624088990625749
#>	ə_#>	-0.2367445097439711