Phone1	Phone2	PMI
b	b	6.6560017983784965
<#	<#_v	6.604459505434504
#>	i_#>	5.79844739482859
ɡ	ɡ	5.374727407065157
p	p	5.305717194022759
ˈø	ˈo	5.257855106467833
m	m	5.162672352907118
d	d	5.156397992060375
j	l	4.844733674106112
#>	n_#>	4.797526311670937
t	t	4.764079041809191
k	k	4.626581519231795
s	s	4.532428910945046
e	i	4.515689059120395
l	l	4.480978132956472
ˈo	ˈu	4.477979657825951
a	ə	4.367048136229324
ˈa	ˈa	4.279276430066078
t	p_t	4.06258894694607
n	n	3.9904542592550807
#>	u_#>	3.864952899402428
r	r_i	3.771021731334287
ˈu	ˈu	3.6665483571407465
f	f	3.663080625770644
r	r	3.6485773683649465
ˈɔ	ˈo	3.556906968898023
f	w	3.4732660492751384
ˈi	ˈi	3.39004616773049
ˈe	ˈi_n	3.362475010844308
z	ʒ	3.2778435095321803
ˈy	ˈu	3.043170386713672
s	ʦ	2.933520720135838
m	m_i	2.876773651596412
ˈe	e̯ˈa	2.8020029775363358
<#	<#_w	2.63195147518266
ˈi	e̯ˈa	2.5159302292365187
ˈɛ	ˈe	2.506404987269066
ˈe	ˈe	2.429449217309865
d	t	2.426818232633396
ɡ	k	2.425065187378129
o	u	2.40468722779084
s	ʃ	2.385380309973654
e_r	r	2.342528228055543
ˈu	o̯ˈa	2.335700219460302
ˈɛ	ˈa	2.252776582496249
ˈa	ˈɔ	2.164164152417852
ˈɛ	e̯ˈa	2.1600583681727983
s	ʦ_i	2.063940187249478
ʧ	ʦ	1.9747935284039788
ˈø	o̯ˈa	1.936088954435065
i	i	1.7225485605652329
ˈɛ	ˈi	1.7103514009450629
l	ʎ	1.5515188324168434
z	z	1.436065625497326
ˈe	ˈi	1.42805543597731
t	t_ə	1.280206207122821
ˈa	ˈɔ_j	1.17256833719347
r	r_u	1.1698795780677542
ˈɔ	ˈu	1.1317407025497217
l	r	1.1121918244104152
p	kʲ	1.1104781776919763
ˈa	ˈɔ_n	0.96589637045359
r_e	r	0.8932652200263178
<#_f	<#	0.7826369850064159
l_#>	#>	0.7329237955226207
ˈe	ˈa	0.6581797294868987
ˈø	ˈu	0.5324005639591529
a	ˈa	0.2384137249552859