Phone1	Phone2	PMI
ˈu_n	ˈũ	7.448286829683452
b	b	6.81118636684531
u	u	6.5526103122054415
ˈi_r	ˈi	6.345189672818579
ɡ	ɡ	5.889757517851886
p	p	5.640902517873891
i	e	5.461954888323869
f	f	5.445838112617022
d	d	5.319270601863994
ʦ	ʧ	5.310952428088845
ɲ	ɲ	5.271263000487986
m	m	5.242276187970928
ˈi	ˈiː	5.233489753043787
n	n	5.142788309467504
ˈo	ˈɔ	4.87426590982683
p_t	t	4.754629904645198
ˈu	ˈyː	4.670073580222814
ˈe	ˈɛ	4.6465930329717775
l	j	4.604665794642544
k	k	4.603625300379748
j	v	4.596423550201881
<#_a	<#	4.499722125234694
i_#>	#>	4.4677676138316045
ˈu	ˈu	4.444611077971825
ˈa	ˈɑː	4.269527982385213
ˈa_r	ˈa	4.268484799828785
l	l	4.259639027880773
ˈa	ˈa	4.221981388891027
e̯ˈa	ˈɛ	4.046238678825204
t	t	3.970099415189373
s	s	3.944894882316849
ə	a	3.918868051258248
ˈo	ˈøː	3.895004925639696
ˈi_n	ˈẽ	3.852556582065536
r	r	3.7820513754328977
ˈɨ_n	ˈã	3.616377874270501
ˈɨ	ˈɑː	3.594983877736244
ʃ	s	3.547674104695396
i	i	3.420810095478259
u_#>	#>	3.3527087938738336
e̯ˈa	ˈeː	3.3387981000416254
r_u	r	3.2328990516476965
o̯ˈa	ˈøː	3.216693738666477
ˈu	ˈuː	3.1366069634921496
ʣ	d	3.128309097905289
#>	s_#>	3.077006855717815
ç	f	3.0736118567816986
ˈo	ˈu	2.934145235394694
ɲ	m	2.834185876144297
ˈe	ˈeː	2.7753580898363523
t	d	2.728761849675914
o̯ˈa	ˈɔ	2.715166658341925
t	t_e	2.683521225528591
t_i	t	2.678470001703433
t_u	t	2.568329889090978
e̯ˈa_r	ˈɛ	2.4865983986029017
ʦ	t	2.4600539852864705
ʃ_t	s	2.3338809900010418
v	v	2.06657872351494
ˈa	ˈɛ	2.038417455179604
ˈi	ˈi	1.971122680054588
r	e_r	1.9135150558456355
r	l	1.902490060896069
o̯ˈa	ˈuː	1.8903519038819567
w	f	1.8407880794377385
e_#>	#>	1.709788228396247
ˈi	ˈẽ	1.6817380893873373
k	ɡ	1.6075114202107783
ˈo_k	ˈœ	1.5397139261661577
k_ʎ	ʧ	1.4952354418988685
ˈo_w	ˈøː	1.4078873948719184
ʎ	ʧ	1.3691864948151675
r_i	l	1.3649211393716034
p	w	1.3336788577047305
#>	f_#>	1.3314513681411275
n_t	t	1.3093133074771477
w_ə	f	1.2216625386043696
ˈu	ˈɔ	1.2139921771864866
ʦ_i	s	1.2046009162657452
o̯ˈa	ˈu	1.036593492270682
ˈi	ˈĩ	1.01396164113915
u	y	1.0100529847734592
ˈu	ˈi	0.9855625444388316
#>	r_#>	0.9389799392695524
n_#>	#>	0.9148186422557794
<#_k	<#	0.8293868176473869
i	a	0.8065171917807248
k_#>	#>	0.7665972193784332
ʦ	s	0.6954302626369187
ˈa	ˈɔ	0.6910225835773913
u	e	0.5760679844849967
ˈa	ˈeː	0.5015178178851702
k	p	0.3708203190518099
d	t	0.3342579787977513
ˈa	a	0.2613094473268015