Phone1	Phone2	PMI
b	b	6.827665092217361
ˈɨ_n	ˈãː	6.7487975683922645
t_u	t	5.528762842370993
u	u	5.436443672532598
ʦ	ʦ	5.427448539941497
f	f	5.399210172440593
p	p	5.387272360671639
ˈu	ˈu	5.259732661499227
ˈi	ˈi	5.231341364390676
i	e	5.1212646993893784
ˈu	ˈy	5.073391997298499
ˈa_r	ˈa	4.9572459714437755
j	ʋ	4.956736050268996
d	d	4.925199583715045
ˈi_r	ˈi	4.804965942331739
m	m	4.792010631701842
v	ʋ	4.757439072416536
ˈo	ˈɔ	4.622095457826809
ɲ	ɲ	4.537437691651636
k	k	4.506888818567685
n	n	4.416458178223088
s	s	4.344541074334088
ʣ	d	4.229109593638312
l	l	4.202423419251229
ʣ	ʤ	4.150530060448004
t_i	t	4.069086999643465
ʃ_t	s	4.055659900632252
e̯ˈa	ˈe	4.040617955434088
t	t	3.9445813014343494
ˈa	ˈaː	3.9067243552623943
ˈa	ˈa	3.875532476344023
ə	a	3.842444026093812
ˈo	ˈø	3.8021433212530966
ç	f	3.7046359666871065
#>	f_#>	3.6138079294223364
a	ˈa	3.5847996286356825
ɲ	m	3.554093620596607
r	r	3.5390684175271816
o̯ˈa	ˈu	3.5081957008847344
ʃ	s	3.4853284004839344
ˈe	ˈe	3.4359860362688273
ˈe	ˈɛ	3.333264975796448
t	d	3.2610984944298353
ʦ	ʧ	3.2027816353048815
<#	<#_a	3.1416085151400512
e̯ˈa	ˈɛ	2.9803377627551857
<#_a	<#	2.920754800298283
ˈo	ˈu	2.8388853057622914
#>	l_#>	2.7912760468132647
#>	r_#>	2.540661935008466
ʎ_u	ʧ	2.402104516752201
ɡ_ʎ	ʤ	2.3708350186876843
e̯ˈa	ˈe_j	2.2999835818983936
ˈi	ˈẽː	2.252460166210311
#>	s_#>	2.229599641817329
ʎ	ʧ	2.153621602291233
r	ˈɛ_r	2.123836230831302
i	i	2.118147920063783
n_ˈu	n	2.1105281480493763
t_i	ʧ	2.071756876221642
ˈo	ˈøː	2.05966266640156
w	f	2.035400684992803
m_i	m	2.017170444022733
#>	t_#>	2.0011497553294384
<#_ˈa	<#	1.941608515140051
r	j_r	1.8304763766473733
<#_ʦ	<#	1.8207060132650448
t	ʧ	1.8167623933951762
a	j	1.637669530059588
n_#>	#>	1.5315292389697195
#>	ˈa_#>	1.38005097808367
p_l	p	1.1592031373514815
k_ʎ	ʧ	1.1359972554708364
o̯ˈa	ʋ	1.057602167625279
r_i	e	1.0515518103045722
ˈe_r	ˈe	0.9740032536402369
r_i	ˈɛ	0.9041586914713309
ʦ_ˈi	k	0.8529897556150676
u	e	0.7447127290845298
<#_p	<#	0.7416085151400509
u_#>	#>	0.7324934234717929
#>	k_#>	0.579232837803092
l	j	0.5362855958276778
ʦ	k	0.41929309568344664
i_#>	#>	0.3805935077713965
<#_k	<#	0.336728263556161
#>	a_#>	0.18015058429750916
ə_#>	#>	-0.1820843001594747