Phone1	Phone2	PMI
w	w	8.305566079575186
ˈu	ˈʌ_ŋ	7.23022395799995
o	u	6.902345187777439
ɲ	ɲ	6.716767079084086
ˈy	ˈuː	6.651367586170934
ˈu	ˈʌu̯	6.313717524344298
ˈe	ˈæ_ŋ	6.125776702390559
z	ð	5.966781944265963
ʧ	ʧ	5.914237922424111
ɡ	ɡ	5.560573373116163
b	b	5.553850429595488
p	p	5.313543177543596
f	f	5.070512975011348
e	e	4.96825463184408
m	m	4.953941986471063
ˈɔ	ˈɔ	4.903716843752036
d	d	4.854160635667491
j	j	4.853613957343175
z	z	4.801726578254989
ʤ	ʤ	4.745802279023231
ˈi	ˈa_j	4.677306144163647
n	n	4.592059394200899
ˈo	ˈɔː	4.589230831543104
t	t	4.459952018519195
l	l	4.289459564264086
k	k	4.244228291201591
ŋ	ŋ	4.067748906829275
e	i	4.043825708436793
ˈo	ˈʌ	4.0049774916280025
i	i	3.999279309011365
s	s	3.995602961048012
ˈø	ˈuː	3.941307910351547
ˈi	ˈiː	3.935196091001028
s	θ	3.870874367270969
ˈø	ˈo	3.844342744464406
ˈø	ˈɔː	3.73383453985865
ˈɔ	ˈo	3.729932294670137
a	a	3.72560101236246
ˈi	ˈe_ŋ	3.677856771170402
ˈi	ˈe	3.596295469250935
ˈa	ˈaː	3.502535916132613
r	r	3.4099767513755186
ˈe	ˈe	3.400727055364079
s	z	3.349337851826721
ˈe	ˈiː	3.346505514090184
ˈa	ˈɛ_r	3.3411598633098225
ˈɔ	ˈɔː	3.1749456057970917
ˈe	ˈɛː	3.0997851118782034
ˈɛ	ˈɛ	3.0609773075578497
ˈɛ	ˈa	2.9653556815123383
ʋ	v	2.9338566109167545
n	ŋ	2.8948519282946936
e_#>	#>	2.8521593967197814
f	v	2.700746663404596
ˈe	v_ˈe	2.635256697550369
ˈø	ˈɔ	2.4986432846861386
k	ɡ	2.431734009687298
ˈi	ˈiː_r	2.376853586797745
ˈa	ˈɛ	2.3503659073175243
ˈe	ˈa_j	2.144610249098194
ˈo	ˈo	2.1190023132596187
u	u	2.100308192113125
ʤ	ð	2.081180116449296
ˈa	ˈa_ŋ	2.041140985992028
ˈa	ˈa	1.974270063783476
ʧ	t	1.968684339114782
p_j	p	1.9564853358697056
a	a_v	1.8705260098762648
ˈɛ	ˈaː	1.8468189739552965
ˈi	e_r	1.8433721135934524
<#	<#_v	1.7759873692074828
#>	ŋ_#>	1.4298433294003978
e	v_i	1.3270506213685132
j	j_l	1.2819861689019625
ˈɛ	v_ˈɛ	1.2384973049956345
ˈi	e	1.2312440312692776
ˈu	ˈʌu̯_v	1.1942244451820827
ˈo	ˈɛ	1.1722232598689644
t	d	1.131424006751058
ˈy	ˈo	1.0018857514641917
ʤ	ʧ	1.0018857514641917
f	v_e	0.9679889561370828
ˈi	ˈi	0.9514148394245088
s	s_e	0.8244504623150721
ˈu	ˈɔː	0.8166941327907535
i_m	m	0.8073956475141204
ˈa_t	ˈɛ	0.7136731980380923
ˈe	ˈa	0.6078587457103987
ˈɛ	ˈæ	0.5586515239296281
ˈɛ	ˈe	0.5179464707877515
s	ð	0.3752324452914984
e	a	0.2205076323424875
#>	r_#>	-0.7064565697733701
t_#>	#>	-0.043121315813806