Phone1	Phone2	PMI
w	w	8.852769281251456
ˈu	ˈʌ_ŋ	8.425886436760257
o	u	7.483533389742172
ɲ	ɲ	7.3809627809045875
ˈe	ˈæ_ŋ	7.369332368089944
ˈy	ˈuː	7.1985707878472045
ˈu	ˈʌu̯	6.894905726309031
ʧ	ʧ	6.51404800526714
z	ð	6.486484441192247
ɡ	ɡ	6.158372723026408
b	b	6.050841278438215
p	p	5.899275394808345
<#	<#_v	5.772823086959423
ˈi	ˈa_j	5.760818650511937
f	f	5.6371008107875
e	e	5.565765586919544
j	j	5.517997083014487
m	m	5.501145188147334
ˈɔ	ˈɔ	5.450920045428307
d	d	5.4227468781270645
z	z	5.348929779931261
ˈo	ˈɔː	5.348897238690517
ʤ	ʤ	5.193083530739369
n	n	5.182218443322485
t	t	5.060470686793055
l	l	4.849011812636786
k	k	4.8424508101596935
ŋ	ŋ	4.680385057156248
ˈo	ˈʌ	4.596538253757003
#>	r_#>	4.592247002839714
s	s	4.563816550105527
ˈi	ˈiː	4.520085567491898
ˈø	ˈuː	4.488511112027818
e	i	4.4679165380947055
s	θ	4.439087956328484
i	i	4.40671833299706
ˈø	ˈo	4.391545946140677
ˈø	ˈɔː	4.308538446284908
a	a	4.302819188363892
ˈa	ˈɛ_r	4.286052800866863
ˈɔ	ˈo	4.277135496346407
ˈi	ˈe_ŋ	4.237365587207597
ˈa	ˈaː	4.067068988899074
ˈe	ˈe	3.9966842663611706
r	r	3.963866497026832
s	z	3.9175514408842353
ˈe	ˈiː	3.864749667503745
ˈɔ	ˈɔː	3.749649512223349
ˈɛ	ˈɛ	3.641678053618728
ˈɛ	ˈa	3.5248389921214374
ˈi	e_r	3.517231916127562
ˈi	ˈe	3.479144236893927
ˈe	ˈɛː	3.459621998356938
n	ŋ	3.438558444344177
f	v	3.281065771314135
#>	ŋ_#>	3.278365558455242
ʋ	v	3.2754620681619344
k	ɡ	3.053051972129387
ˈe	v_ˈe	3.0176335230742004
ˈø	ˈɔ	2.9350092508721595
ˈa	ˈɛ	2.929086161446174
e_#>	#>	2.856609287602077
ˈa	ˈa_ŋ	2.750630534145416
p_j	p	2.6637251974098293
ˈe	ˈa_j	2.5858912968810506
ˈa	ˈa	2.542662439264822
ˈo	ˈo	2.476521703632409
ˈɛ	ˈaː	2.46392868688796
ʧ	t	2.4214010167216102
a	a_v	2.3441971589926225
ʤ	ð	2.323200742970431
u	u	2.3197597081947814
t_#>	#>	1.6409001189100267
ˈɛ	v_ˈɛ	1.4981618607799123
ˈu	ˈʌu̯_v	1.4296856930672524
ˈi	e	1.4167053426550138
ˈi	ˈiː_r	1.3740329227215782
f	v_e	1.2034502040222523
i_m	m	1.1611686743584793
t	d	1.14852811138931
ˈy	ˈo	1.106865759512461
ʤ	ʧ	1.106865759512461
ˈa_t	ˈɛ	1.077770729235855
s	s_e	1.0404751897343845
ˈi	ˈi	0.9780486580267456
ˈu	ˈɔː	0.9233140727707172
ˈo	ˈɛ	0.8439380546680743
ˈe	ˈa	0.7186959812006488
ˈɛ	ˈæ	0.6705859659857228
ˈɛ	ˈe	0.6416097737619447
s	ð	0.556954731506755
e	a	0.3089952083523625