Phone1	Phone2	PMI
w	w	8.255993108276993
ˈy	ˈuː	6.8276512182617335
o	u	6.684028639886644
ɲ	ɲ	6.44627309914003
ʧ	ʧ	6.235878992544044
ˈu	ˈʌu̯	6.136585774200822
ˈe	ˈæ_ŋ	5.999357052376364
z	ð	5.799528905176223
ɡ	ɡ	5.5261356436903615
b	b	5.518013640175106
p	p	5.347492494833936
ˈɔ	ˈɔ	5.179084296784452
ˈo	ˈɔː	5.019802671458197
f	f	5.018441626627161
d	d	4.977553675472152
j	j	4.903535149942533
e	e	4.900851805591818
m	m	4.896721951268616
n	n	4.732792654876448
ˈi	ˈiː	4.7082408744428195
t	t	4.533595807935734
ŋ	ŋ	4.426885031650962
ˈe	ˈɛː	4.410757805789001
k	k	4.380897812267548
l	l	4.227485015393488
ˈu	ˈʌ_ŋ	4.213077404201151
ˈa	ˈɛ_r	4.19194997070331
ˈɔ	ˈo	4.139149827817179
ˈi	ˈe	4.113439916149408
s	s	4.059955932843814
ˈø	ˈo	3.9650994176998187
s	θ	3.956064620007002
ˈe	ˈe	3.917803593028045
ˈø	ˈɔː	3.8810120845965783
ʤ	ð	3.801972042556964
a	a	3.6990619322502316
z	z	3.6865769463380342
ˈa	ˈaː	3.6331592236329056
ˈi	ˈa_j	3.509257427540819
ˈø	ˈuː	3.4709301982525647
r	r	3.342460140859291
ˈo	ˈʌ	3.193524684428783
ˈɛ	ˈɛ	3.075577670005641
e_#>	#>	3.0741426663368463
ˈɛ	ˈa	3.0734203997754515
s	s_e	3.0560290977967
ʋ	v	2.8778055516644265
s	z	2.810107323206714
i	i	2.665358578241055
e	i	2.655047487430018
ʤ	ʤ	2.6058380003063784
n	ŋ	2.5015653811038048
ˈu	ˈʌu̯_v	2.4925969916915576
ˈe	ˈiː	2.4237936385521492
k	ɡ	2.4110828308440015
ˈi	ˈe_ŋ	2.408248533352042
ˈe	v_ˈe	2.321676588564304
f	v_e	2.2132909168975416
ˈa	ˈɛ	2.1380403761218942
ˈa	ˈa_ŋ	2.12720758477481
ˈe	ˈa_j	2.116854162774401
ˈa	ˈa	2.027114403212592
ʧ	t	1.9713664767592616
f	v	1.940828122243003
ʤ	ʧ	1.9273745157506263
<#	<#_v	1.9165067216009466
#>	ŋ_#>	1.857951244751934
ˈi	e_r	1.7668403928707594
ˈo	ˈo	1.7606071142200548
ˈɔ	ˈɔː	1.667225369651873
t	d	1.5193796920739182
ˈɛ	ˈæ	1.3682385450179848
ˈø	ˈɔ	1.3562347526945149
ˈɛ	ˈaː	1.3559136716696347
ˈo	ˈɛ	1.2399220238405873
ˈi	e	1.1983887179999488
ˈɛ	v_ˈɛ	1.1455865889263657
e	v_i	1.143575855993581
ˈi	ˈi	1.0882218266212655
u	u	1.0768325924008444
ˈi	ˈiː_r	0.9469825177532302
a	a_v	0.8888966089489022
ˈa_t	ˈɛ	0.8418173250743394
i_m	m	0.7897118150296956
ˈa	ˈɛː	0.6873260763796715
<#_ˈɛ	<#	0.6329813853351375
ˈɛ	ˈe	0.5350604787223896
ˈu	ˈɔː	0.49226616450533633
ˈe	ˈa	0.41805366926074533
ˈi	ˈa	0.38874855913474043
e	a	0.15224355149035124
#>	r_#>	-0.7268131202975996
#>	l_#>	-0.13794723106049978
t_#>	#>	-0.024561090574752323