Phone1	Phone2	PMI
w	w	8.033924502275074
i	i	6.992855959825215
ɲ	ɲ	6.894419381247488
o	u	6.7483511370281315
ˈy	ˈuː	6.34992617635327
ʧ	ʧ	6.270697836045444
ˈi	ˈe_ŋ	6.054567407154573
b	b	6.049754147205214
z	ð	5.877171170466228
ˈu	ˈʌu̯	5.872308370445323
ˈɔ	ˈɔ	5.835220221757362
ˈe	ˈæ_ŋ	5.8030299684098186
ˈi	ˈiː_r	5.5961312568559105
ɡ	ɡ	5.480840600872122
ˈu	ˈʌ_ŋ	5.42498869186763
p	p	5.343628518572334
ʤ	ʤ	5.2521513443604695
e	e	5.083419267990378
ʋ	v	5.063866120281907
j	j	5.060856351688005
z	z	5.050300693141557
f	f	5.040181447122225
m	m	4.898590975399674
e	i	4.816305944845449
d	d	4.682879446379148
n	n	4.572365455495844
u	u	4.559730193773345
ˈɔ	ˈo	4.48187763424531
ˈo	ˈɔː	4.464880559886915
ˈi	ˈa_j	4.434193706158161
k	k	4.390517552944829
l	l	4.269736623728164
ˈø	ˈo	4.241937489652833
ˈi	ˈi	4.22558862262565
ˈø	ˈuː	4.136723727319316
ˈe	ˈiː	4.107931949750378
t	t	4.098354379823877
p_j	p	4.0747553617970125
ˈø	ˈɔː	4.054073330242022
ˈa	ˈɛ_r	4.044757160877898
ŋ	ŋ	4.022637888966816
ˈe	ˈa_j	4.01705493476508
f	v_e	3.9940291127610204
ˈi	ˈiː	3.959469388495131
s	s	3.93955343575339
ʤ	ð	3.887269196349327
s	θ	3.8342349215551614
ˈe	ˈɛː	3.76674552587889
ˈo	ˈʌ	3.75909581653554
a	a	3.6813744078372794
ˈe	ˈe	3.6325908146566372
ˈi	ˈe	3.62467822916705
e_#>	#>	3.580930634674726
r	r	3.4767186095536675
ˈa	ˈaː	3.4582082303013197
ˈɔ	ˈɔː	3.3896933868897534
ˈo	ˈo	3.309895615764501
s	z	3.1686122631344475
ʤ	ʧ	3.1364828853311533
ˈa_t	ˈɛ	3.0937299053287846
ˈɛ	ˈɛ	3.057637193062471
ˈø	ˈɔ	2.9890062898593235
ˈɛ	ˈa	2.918151938188193
i_m	m	2.8171628477137847
n	ŋ	2.8005499230216997
k	ɡ	2.6958800670257843
ˈy	ˈo_ŋ	2.6095865116265617
f	v	2.609507986609737
ˈu	ˈʌu̯_v	2.598132105048222
ˈe	v_ˈe	2.334742254272403
<#	<#_v	2.318181446334135
ˈa	ˈɛ	2.1306017505509782
ˈa	ˈa	2.0607011563607616
ʧ	t	1.9927969641959007
ˈa	ˈa_ŋ	1.9197962347719197
ˈi	e	1.88524035926374
t_e	t	1.8625581756515026
ˈɛ	ˈæ	1.7030972024624942
ˈu	ˈɔː	1.702234252083565
ˈo	ˈɛ	1.656295081607428
#>	ŋ_#>	1.6039867260114047
ˈɛ	ˈe	1.352844897900923
ˈɛ	ˈaː	1.2596250816973
t	d	1.219948181884226
ø	u	1.1838318865883566
ˈɛ	v_ˈɛ	1.1829963088479822
ˈe	ˈa	1.170324012694909
ˈu	ˈaː	1.09472348692676
s	ð_e	0.8137597143818173
#>	n_#>	0.8019968177145245
s	ð	0.5641846904072442
ˈi	ˈa	0.3542903909226717
e	a	0.15694430720205382
#>	r_#>	-0.4400307766092557
t_#>	#>	-0.021560657906903005