Phone1	Phone2	PMI
w	w	8.610668886542816
i	i	7.569600344092957
ɲ	ɲ	7.47116376551523
o	u	7.325095521295873
ˈi	ˈe_ŋ	7.049852931545446
ˈe	ˈæ_ŋ	7.016581124897886
ˈy	ˈuː	6.9266705606210115
ʧ	ʧ	6.8474422203131855
b	b	6.626498531472956
ˈi	ˈiː_r	6.591416781246784
ˈi	ˈa_j	6.591416781246783
ˈu	ˈʌu̯	6.55515569805282
ˈu	ˈʌ_ŋ	6.481312353428434
z	ð	6.426414849983984
ˈɔ	ˈɔ	6.411964606025103
ɡ	ɡ	6.057584985139864
p	p	5.920372902840077
ʤ	ʤ	5.781833709267151
f	f	5.654858075290682
z	z	5.627045077409298
ʋ	v	5.6086223219757105
e	e	5.606736298028816
j	j	5.599926055771365
p_j	p	5.546179148103241
m	m	5.475335359667416
e	i	5.355223477284142
d	d	5.290708916996329
ˈa	ˈɛ_r	5.252589618445546
n	n	5.15923505437758
ˈo	ˈɔː	5.063007984937959
ˈɔ	ˈo	5.058622018513052
u	u	5.0250269397025535
k	k	4.981300657830458
l	l	4.832894551576731
ˈø	ˈo	4.818681873920575
ˈe	ˈa_j	4.7996822519795845
ˈø	ˈuː	4.713468111587058
t	t	4.675098764091619
ˈø	ˈɔː	4.652200755293066
ŋ	ŋ	4.651989154401317
ˈe	ˈiː	4.636315474089082
ˈi	ˈi	4.5728369784431235
ˈa_t	ˈɛ	4.5500049952844455
s	s	4.440164356933249
ˈi	ˈiː	4.416980399569884
s	θ	4.368287341820824
ʤ	ð	4.316817225186688
ˈe	ˈɛː	4.239819018514675
a	a	4.232187718743361
ˈe	ˈe	4.225359957972815
ˈo	ˈʌ	4.2213011096115505
ˈa	ˈaː	4.05426297759148
r	r	4.038909168874881
ˈi	ˈe	3.999181740386034
ˈɔ	ˈɔː	3.987820811940798
i_m	m	3.9024502344746863
ˈo	ˈo	3.886640000032243
s	z	3.70266468340011
ˈɛ	ˈɛ	3.6571044720107624
e_#>	#>	3.5218261531192767
ʤ	ʧ	3.4885372338627545
ˈø	ˈɔ	3.454303035788532
ˈɛ	ˈa	3.4410336287111467
n	ŋ	3.377294307289442
k	ɡ	3.286874015185815
f	v	3.2565820511817276
ˈi	e	3.120488428543112
ˈu	ˈʌu̯_v	3.0905888757980775
ˈy	ˈo_ŋ	3.0901084927410003
<#	<#_v	3.035395842612127
ˈe	v_ˈe	2.8633819288739266
ˈa	ˈɛ	2.711018822159697
ˈa	ˈa_ŋ	2.6368006510971123
ˈa	ˈa	2.6216130833165923
t_e	t	2.595205271255173
f	v_e	2.4629739367867844
ʧ	t	2.4550022572719112
ˈo	ˈɛ	2.22640609308813
s	s_e	2.1078433716865566
ˈɛ	ˈæ	2.0766010645636555
ˈu	ˈɔː	2.0573800534683637
#>	r_#>	2.03336643437769
ˈɛ	ˈe	1.8364997045464948
t	d	1.8055713900236585
ˈe	ˈa	1.7521602293099057
ˈɛ	ˈaː	1.7505608230409497
#>	ŋ_#>	1.7481034890200335
ˈɛ	v_ˈɛ	1.4087413301596623
ø	u	1.2952795249268896
s	ð	1.2052747216406798
s	ð_e	1.0470474154737235
t_#>	#>	0.8040614965806677
#>	n_#>	0.6742804519466631
ˈu	ˈaː	0.6059593188806767
e	ˈa	0.5345728827058503
e	a	0.2735806365562157