Phone1	Phone2	PMI
ʧ	ʎ_ʊ	8.83368496089197
i	i	6.797434633119313
ɡ	ɣ_ʊ	6.508759349736748
ð	ʃ	6.4344374048658075
ɲ	ɲ	6.347984277444603
j	ʎ	6.090878273271556
k	k_ʊ	6.046517190440751
d	d	6.029555054430191
f	f	5.827721374750549
u	o	5.804098003076428
ɡ	ɡ	5.55327163428741
ˈe	ˈi	5.503685313727097
ˈo	ˈu	5.48425205107378
p	p	5.301467157816032
t	t_ɪ	5.258444713027754
θ	θ	5.203875365558425
ˈuː	ˈu	5.160134307541904
z	θ	5.089872761245083
t	t_ʊ	5.071237324774147
ɡ	ɣ	4.9705771852906695
ŋ	ŋ	4.969892148782177
m	m	4.920220858172587
w	w	4.896528969353761
m	m_ɪ	4.882812918450781
ˈɔː	ˈo_w	4.879028766811519
l	l_ʊ	4.857354556371445
ˈa_j	ˈe	4.811697725712173
k	k	4.788600890510743
d	ð	4.7409539236819755
ˈɔː	ˈɔ	4.728990855250092
b	b	4.704853176223223
s	s_ʊ	4.6744441349535935
l	l	4.6485432700585445
ˈʌ	ˈo	4.635635018833726
ˈɔ	ˈɔ	4.623410484685785
n	n	4.6104609867878406
#>	s_#>	4.560981294699581
ˈaː	ˈa	4.471417731505646
ˈʌu̯	ˈo	4.458625126354746
ˈa	ˈɑ	4.424042718841643
v	b	4.403126623271324
v	β	4.30812867430962
s	s	4.273044208368413
ˈɛː	ˈɛ	4.207318705927699
e	ɪ	3.9641686196761396
ˈiː	ˈe	3.81206330967219
ˈɛ	ˈɛ	3.811405817133499
a	ɐ	3.805148837928544
ˈɛ	ˈa	3.8025530125627975
ˈe_ŋ	ˈi	3.6781829344744428
n_a	ɐ	3.6750565314413546
ŋ	n	3.6573000489836685
ˈæ	ˈe	3.643352990132464
ˈiː	ˈi	3.460424361847516
e_r	ɾ	3.3972650829675612
t	t	3.3104366824569347
r	ɾ	3.271047335803428
ˈa	ˈe	3.2635753493834474
t	j_t	3.214873484380319
ˈuː	ˈɔ	3.19953797411194
r	ɾ_ʊ	3.1364419343525105
ˈɔ	ˈo	3.1258714991248215
a	a	3.09687435426888
<#	<#_e	2.96137736752523
p_j	ʧ	2.9073756787411673
t_e	t	2.8984116314638895
e_n	n	2.8964671904306587
r	ˈe_ɾ	2.8280770100237556
t	ð	2.8210788103508753
r	r	2.8006090162870048
b	β	2.7854605142011786
s	ʃ	2.655828611212087
r	e_ɾ	2.642108991067569
j	ʧ	2.4930488287790875
ˈa	ˈa	2.4703128896459203
ˈʌu̯	ˈɔ	2.2857735539657944
ˈɔː	ˈo	2.2363289296303672
ˈo	ˈo	1.8611338586518815
e	e	1.737600107768602
j_l	l	1.7282788642729887
ŋ	ɲ	1.388351629450239
#>	ɪ_#>	1.371669353182704
n	n_ʊ	1.2776370798431074
s	e_s	1.232267355893224
v	β_ʊ	1.1785035154914105
t	j_t_ʊ	1.15128765567806
<#_r	<#	1.075702324650746
ˈɛ	a	0.9809578898612143
ˈa	ˈɛ	0.9278889010325498
r_e	ɾ	0.7579260583531934
ˈuː	ˈo	0.7500074488854878
e	ˈe	0.7304264327172936
<#_f	<#	0.6785657399974779
l_#>	#>	0.22229505737248792
<#_p	<#	0.1415406855093728
#>	ʊ_#>	0.0535249245917849