Phone1	Phone2	PMI
i	i	7.014537782702612
j	ʧ	6.553937283186139
ð	ʃ	6.521828237280706
ɡ	ɣ_ʊ	6.389849055271529
ɲ	ɲ	6.3657904491754405
u	o	6.196740758308055
j	ʎ	5.955222537018026
d	d	5.900375252732438
l	l_ʊ	5.899563685766574
f	f	5.833159663580909
k	k_ʊ	5.749600039745673
ˈo	ˈu	5.64295802040559
ɡ	ɡ	5.442747297081732
ˈe	ˈi	5.383758787286955
p	p	5.323447877163177
θ	θ	5.3174934287090325
w	w	5.219631526296182
t	t_ɪ	5.051087503909353
ˈa_j	ˈe	5.049907915736887
m	m	5.040352790548793
z	θ	5.003384630044613
ˈɔ	ˈɔ	4.926393823171559
ˈuː	ˈu	4.9015878890697815
t	t_ʊ	4.8896165194978325
d	ð	4.8058951059997375
ˈa	ˈɑ	4.788671071951805
ˈʌ	ˈo	4.777216470632624
ɡ	ɣ	4.74355345612135
ŋ	ŋ	4.738603490207095
b	b	4.702121985818564
k	k	4.5808657090273766
l	l	4.553427292224482
ˈɔː	ˈɔ	4.4919939280985135
ˈʌu̯	ˈo	4.411355088539042
n	n	4.410918966698366
s	s_ʊ	4.405064130965616
ˈɛː	ˈɛ	4.338717011359102
ˈaː	ˈa	4.320512310068238
n_a	ɐ	4.313915622820508
e_r	ɾ	4.303678370414206
v	β	4.266270278541617
s	s	4.208714796085094
v	b	4.148893420218334
ˈiː	ˈe	4.112441930440555
#>	s_#>	4.051223517066048
ˈɛ	ˈɛ	3.7881480702622135
r	r	3.767348479764153
ˈɛ	ˈa	3.705765806901143
<#	<#_e	3.697880929553996
m	m_ɪ	3.680256863971831
a	ɐ	3.669672434655202
ˈæ	ˈe	3.5616882390751834
ˈɔː	ˈo_w	3.5446708536054747
r	ɾ	3.464290257731601
ŋ	ɲ	3.449013952219301
ŋ	n	3.3259919530844724
s	ʃ	3.297890187271807
a	a	3.2404141849535337
t	t	3.197362860171403
r	ɾ_ʊ	3.1343179935550545
ˈɔ	ˈo	3.1259355661990678
t	j_t	3.113066669214376
ˈa	ˈe	2.9905953426131004
ˈuː	ˈɔ	2.9489283170228817
b	β	2.9094873143988464
ˈɔː	ˈo	2.8078572209436232
e	ˈe	2.7745516345383208
ˈa	ˈa	2.652689888083789
t	ð	2.5590776460407563
ˈiː	ˈi	2.521782216556113
n	n_ʊ	2.3600854125031296
v	β_ʊ	2.2817686201993697
ˈʌu̯	ˈɔ	2.1340301351229143
ˈo	ˈo	2.0451386277393384
e	ɪ	1.8629014564525048
e_n	n	1.8455209141019049
r_e	ɾ	1.5370465958734538
ˈuː	ˈo	1.3494949473686169
#>	ɪ_#>	1.2991847785596196
ˈɛ	ˈe	1.2631181464890615
z	s	1.14481774002036
e_n	ɪ	0.999996733009039
e	e	0.9047115262642794
a	ʎ_ɐ	0.8023416341335613
s	θ	0.7313075900936138
ˈa	ˈɛ	0.49817625145247
#>	ʊ_#>	-0.3555208295756684