Phone1	Phone2	PMI
d	d	6.31480078853948
k_a	ʃ	6.02893118619187
ˈu	y	5.142450182720802
b	b	5.125637313848498
p	p	5.096961777150668
n	n	4.989350118694476
n_a	n	4.987133124279193
t	t	4.862735513590732
m	m	4.756067096767829
b	v	4.619793324089666
a	a	4.466533648172228
f	f	4.350892270210814
ˈi	ɪ	4.30716609473174
ɣ_u	øʏ̯	4.159985380948599
s	s	4.152993330631964
k	k	4.11411177830046
ˈo	ɑɔ̯	3.973861262569146
ˈa	æɛ̯	3.956639541162436
ˈu	u	3.8720856538106623
ˈa_n	ẽɪ̯̃	3.8388892775173673
e	œ	3.8117601243129497
l	l	3.652785007136887
i_s	e	3.58487391800722
ˈi	w_ɛ	3.394111284084598
j	ʒ	3.3789752138871822
ˈo	ɔ	3.2754906433032107
ˈe	j	3.274750388347257
ˈa	a	3.228987106502135
k	ʃ	3.1127746262613574
ˈe	w	3.094478258990464
r_e	e	3.0262219690980445
t_a	t	3.0049989714954486
ˈu	ʊ	2.844367973829391
r_u	ʁ	2.685676682908005
ɣ	ɡ	2.6041539070134654
e	i	2.5181787447169084
r	ʁ	2.493608382678011
r_ˈa	l	2.491111714696571
rː	æɛ̯	2.4842294089486447
u	oʊ̯	2.4263807831187654
ˈo	aœ̯	2.420745304748624
ˈo	ɥ	2.381679087635526
ɡ	ɡ	2.366431005636788
r_e	ʁ	2.310283407056519
ˈi	ɛ	2.276097032025508
ˈo	u	2.161989766920491
t_e	t	2.115969696901792
o	ɔ	2.1057832877475304
s_t	t	2.0242592789437723
u	j	1.825628971081929
e	e	1.6822889348320624
l_e	l	1.6773758023855234
ˈa	oʊ̯	1.6222362041939402
ˈo	o	1.6183828603969743
l_u	l	1.5216169522810468
a	e	1.5103872363344546
ˈe	i	1.4337099376329656
ˈo	œ	1.359520393995965
r_a	ʁ	1.300077042287067
e_r_e	ʁ	1.2814078410494836
u	øʏ̯	1.2312718601736483
i	ã	1.211272702178304
ˈi_e	i	1.1869352402743578
ˈi	i	1.1835796009478303
ˈe	j_ɛ	1.163840485663401
ð	w	1.0550007594733724
#>	ɛ_#>	0.9945999447341872
t	ɥ	0.9039399590915524
ɣ	w	0.8911319890354179
ɡ	ʒ	0.8891731836126455
u	u	0.8788724821312789
b	ɡ	0.7642883771913345
ˈe	æɛ̯	0.7289874530330112
ˈe	w_ɛ	0.7003823535678526
e_r	ʁ	0.62705785147832
e	ɛ	0.5566929212802242
ˈe	ɛ	0.4786796996338183
r	l	0.2613523085118875
e_#>	#>	-1.3927097817690302
u_#>	#>	-0.8278726256637944
<#_b	<#	-0.3949725305987778
a_#>	#>	-0.3296808150795005