Phone1	Phone2	PMI
f	f	7.130050460660042
ʃ	ʒ	7.114350002041877
ŋ	j_n	7.06791539193653
o	u	6.465399015095416
ʝ	k_ʎ	6.328477595716566
ʧ	p_t	5.75687794198223
d	d	5.717608763510008
b	v	5.634242416125131
θ	ʦ	5.608624460718338
w_ˈe	ˈo	5.396206815445529
b	b	5.159363313168832
ʎ_u	l	5.079153774663288
ð	t	5.046743404646321
ɡ_w	w	5.027486713898086
β	b	4.983458718373988
s_u	s	4.848757114349273
b_j	v	4.798392597115422
p	kʲ	4.700711634749473
m	m	4.694799466948497
s	s	4.666803892129828
ˈu	ˈu	4.653278233260339
t	t	4.4199142981728965
p	p	4.418752081316796
ˈi	ˈi	4.409900887986724
ʎ	l	4.357414484615176
ˈa	ˈɔ	4.340388506664425
u	u	4.231439976406114
ˈo	ˈu	4.163164511048807
a	ə	4.058449963457654
k	k	3.998592417960666
e	i	3.9648392592900175
ɾ	r	3.9423878454764174
f_w	f	3.903153741653078
ˈe	e̯ˈa	3.857656377675024
ˈo	ˈo	3.826155737904737
ɣ	k	3.818520449185858
ɡ	ɡ	3.748051480025
ˈe	ˈe	3.630155672925037
ɲ	n	3.591408033218836
ɟ͡ʝ	j	3.577985194047128
ˈa	ˈa	3.534643506406722
n	n	3.429601729653218
β_j	j	3.3646497957159585
ʃ	ʃ	3.363446300224424
β	p	3.3212712561801108
n_u	n	3.261025860353691
t_ɾ	t	3.257297614961957
s	ʃ	3.2161759489262147
<#_e	<#	3.1888703214689547
ɣ_u	k	3.087083051381236
t_u	t	3.054830246826237
k	ʦ	2.991357695449969
β_u	p	2.7821697979916418
a	a	2.7593965568078875
l	r	2.6477825161683546
l	a	2.5905727871914417
j	j	2.576105862724432
<#_f	<#	2.4384403416830334
j_ˈe	ˈi	2.4317687636434746
j_ˈe	ˈe	2.3668653213898527
ŋ	n	2.289453032353448
r	r	2.2465498695271484
w_ˈe	o̯ˈa	2.239256339359454
l	l	2.1557368762075835
θ	ʧ	2.065205494751005
ɾ	i_r	1.9761251942405773
l	r_i	1.846516889859117
d	z	1.801551588967585
j	i	1.7979966823084488
θ	ʃ	1.770419257084522
ˈe	ˈi	1.7024904322568528
l_u	r	1.6261016432823574
ˈe	ˈo	1.3776487816284044
ˈe	ˈa	1.263665167356711
#>	e_#>	1.217492568250068
#>	j_#>	1.217492568250068
u	ʎ_u	1.2038590711236534
e_s	s	1.1970506555445586
j_ˈe	ˈa	1.1532448035195155
ˈi	ˈi_ʎ	1.0693852097130718
u	ə	0.986805079687632
ɡ	m	0.7991384730134313
ɾ	r_i	0.7947280794594717
θ	s	0.6759039527013009
s	j	0.5942630431347421
e	ə	0.5510695687194187
<#	<#_p	0.2887213302951229
a	ˈa	0.1662514733642333
<#	<#_n	0.137316680993631
ˈe	ˈu	0.1349166350920537
u_#>	#>	-0.5875467461089354
#>	i_#>	-0.5487504106171661