Phone1	Phone2	PMI
ʝ	k_ʎ	7.405383089291109
o	u	6.5407257437666475
ɡ	ɡ	6.2119512945305475
b	v	5.726787914323763
ʧ	p_t	5.724175770391906
d	d	5.6991771895550105
f	f	5.621509923436333
θ	ʦ	5.321365046435715
ʃ	ʃ	5.272250916147382
b_j	v	5.085836233627246
w_ˈe	ˈo	4.996774745385328
s	s	4.805552996430764
ˈu	ˈu	4.729913531104924
ŋ	j_n	4.53759227653668
ʎ	l	4.51746111584286
k	k	4.511167925720277
w_ˈe	o̯ˈa	4.496803566559817
p	p	4.4461570401832
ˈa	ˈɔ	4.409657408572285
ˈi	ˈi	4.392642715258192
m	m	4.325602946308177
ˈo	ˈu	4.298040664678221
ð	t	4.279715874523057
l	a	4.238110545060692
θ	ʧ	4.20210686675184
u	u	4.164997481678865
t	t	4.150206635911173
s_u	s	4.097968620844797
a	ə	4.061734342753165
b	b	4.014163433849686
ɾ	i_r	3.900515613930785
ˈo	ˈo	3.8141130589225662
ˈe	e̯ˈa	3.800797159805453
<#_e	<#	3.781660767147676
e	i	3.753465175755501
ɾ	r	3.704968737960087
ˈa	ˈa	3.6640701432559815
ˈe	ˈe	3.5784954967620553
j_ˈe	ˈi	3.4979017637019107
β_j	j	3.496744344918831
n	n	3.4891944111343913
θ	ʃ	3.4851143666076076
n_u	n	3.368932197999867
p	kʲ	3.243825026778116
ɾ	r_i	3.1983407044665393
t_u	t	3.167926639614051
j	i	3.151728030182256
β	b	3.0713155923088706
ʎ_u	l	3.0150235611666494
ɟ͡ʝ	j	2.9831602045568695
l	r_i	2.9709003960330485
ʃ	ʒ	2.8962526185200366
r	r	2.8143226075310745
ɲ	n	2.7673382929683403
ɣ	k	2.543183720145108
l_u	r	2.5179040038350715
<#_f	<#	2.4255169569224004
t_ɾ	t	2.327913984510157
e_s	s	2.3248669129691595
s	ʃ	2.2472936266510803
j_ˈe	ˈe	2.1386655671755577
s	j	2.104318125937727
β	p	2.077200604602251
k	ʦ	2.056061290366461
l	l	2.0029006171606527
j_ˈe	ˈa	1.9981750165514993
w	ˈo	1.8170199153755109
l	r	1.7698087148830233
d	z	1.7612011863865051
w	ˈo_w	1.7066139345662843
ʝ	ʎ	1.665166029244235
β_u	p	1.6222006801599393
ˈe	ˈa	1.4003083789373592
ŋ	n_i	1.3688257650932016
ˈe	ˈi	1.3366190971843581
f_w	f	1.2711442088031688
ˈi	ˈi_ʎ	1.2493903307769172
#>	j_#>	1.221704891355634
#>	e_#>	1.221704891355634
ɡ_w	w	1.1909756449805018
β	w	1.049524115328492
ˈe	w	1.0149546433615362
u	ə	0.9964183786812665
θ	s	0.8993510449736929
<#	<#_p	0.8788009602020668
ŋ	n	0.878703195177936
ɡ	w	0.871850340223706
e	ə	0.8714107114266088
ʧ	t	0.8349497653808307
ˈi	ˈu	0.8188221668139912
a	a	0.6746350143136038
ɣ_u	k	0.6067585898256962
ˈe	ˈo	0.6022527208882419
j	j	0.550779628273289
u	i	0.5013339249296045
a	ˈa	0.09864417434666363
ˈe	ˈu	0.08678254120608295
#>	i_#>	-0.7828272684293907