Phone1	Phone2	PMI
w_ˈe	ˈo	7.46260774336689
ʝ	k_ʎ	6.248784648337
b	v	6.06409173257026
p	p	5.636184923039638
b_j	v	5.559192294152655
s	s	5.452324713836223
u	u	5.418082324563292
m	m	5.106999969781742
t_u	t	5.088832506718806
ˈi	ˈi	5.083842502363515
ð	t	5.036777186678972
ʎ	l	5.035361701345191
ˈo	ˈu	4.99675344305844
n_u	n	4.900172326733946
ˈu	ˈu	4.792613412435256
k	k	4.769562439732792
t	t	4.725819376251059
ˈa	ˈɔ	4.581853214173822
a	ə	4.577568198912748
ˈe	e̯ˈa	4.565004189033159
ŋ	j_n	4.546773839451931
w_ˈe	o̯ˈa	4.461772294993692
d	d	4.441883869094822
ˈe	ˈe	4.429389808010631
e	i	4.324319934871882
ɾ	r_i	4.19387414554114
ɾ	r	4.187972439775281
#>	i_#>	4.0481237009461175
n	n	3.972588989349048
o	u	3.832581112194593
ˈa	ˈa	3.8250959239899824
ʝ	ʎ	3.738308741329612
ɡ	ɡ	3.7300690073435008
θ	ʦ	3.271489773548254
r	r	3.193252533313983
β	p	3.0693214918879583
f	f	2.9798426749132374
s	ʃ	2.7958967616776684
β	b	2.6515771114207105
u_#>	#>	2.601227669168698
ˈo	ˈo	2.592702887005016
ˈe	ˈa	2.3402768982723936
θ	ʧ	2.307843439686062
b	b	2.2959430810776142
ˈe	ˈi	2.131658695522647
j_ˈe	ˈa	2.058983432296781
l	l	1.9941019483912776
ɣ	k	1.849182583087495
<#_e	<#	1.8181465781976849
θ	ʃ	1.7908509395418308
<#_f	<#	1.7657672279819432
l	r	1.7192028364888046
ŋ	n	1.7156897607115804
ɲ	n	1.631557462100142
ʃ	ʒ	1.5629147207659062
f_w	f	1.5127552603959455
ʧ	p_t	1.474962735027891
j	i	1.421334627529678
ˈi	ˈi_ʎ	1.417703506939673
ˈe	w	1.3773188762559505
s	j	1.3449655806449206
j_ˈe	ˈe	1.3326623951061285
ɾ	i_r	1.3257515479879416
ˈi	ˈu	1.312232306474606
t_ɾ	t	1.2823546417069356
s_u	s	1.2625213465463985
j	ʦ	1.2601885348704538
#>	k_#>	1.2397313439971258
j_ˈe	ˈi	1.16543598111235
ʃ	ʃ	1.1235760430169592
a	ʎ_ə	1.1145799607839035
ʎ_u	l	1.0987757056851737
β_u	p	1.094370444419174
ˈe	ˈa_p	1.0589724920385408
w	ˈo	0.9760907446398412
β_j	j	0.9629282332792848
l_u	r	0.96040016475764
ʧ	t	0.8985291017884338
d	z	0.8867503639777201
e	ə	0.8667723308105304
ɣ_u	k	0.8483696414184732
k	ʦ	0.712437288439049