Phone1	Phone2	PMI
ʝ	k_ʎ	8.526414506883121
w_ˈe	ˈo	7.000921328623121
o	u	6.995106450238605
ɡ	ɡ	6.761118238668988
b_j	v	6.471162226844886
b	v	6.434525928934702
f	f	6.242007665892849
w_ˈe	o̯ˈa	6.101803273115879
d	d	6.070550396171201
θ	ʦ	5.829637887906319
ʃ	ʃ	5.649426352583273
ˈu	ˈu	5.318432712526291
s	s	5.316730245222925
s_u	s	5.312572630373447
j_ˈe	ˈi	5.2816049017300655
p	p	5.2350104888000955
ŋ	j_n	5.151097521529153
ʎ	l	5.077113783258445
n_u	n	5.036201839626303
k	k	4.980348748480991
ˈa	ˈɔ	4.878115980622523
ð	t	4.875636023993599
ˈi	ˈi	4.858051732568643
ˈo	ˈu	4.8200657515957825
m	m	4.799890787490318
<#_f	<#	4.796675369949043
t	t	4.736285985781562
ɾ	i_r	4.732647884167952
l	a	4.729660041627806
u	u	4.685385072906343
a	ə	4.613056253273122
θ	ʧ	4.5648851253640075
ˈo	ˈo	4.431975482738831
<#_e	<#	4.429145087513211
ˈe	e̯ˈa	4.4049313836259785
e	i	4.364652707900754
ɾ	r	4.186453812925813
ˈe	ˈe	4.176145425044105
ˈa	ˈa	4.1592047708306685
n	n	4.149773729534901
t_u	t	4.123805799595592
ɾ	r_i	3.9986664045920772
ʎ_u	l	3.995511905701815
θ	ʃ	3.9004995063865353
j	i	3.758582230111074
l	r_i	3.6058565212004803
β	b	3.5963548682008417
ɟ͡ʝ	j	3.4660471632613197
l_u	r	3.429497847529664
b	b	3.4087293744641185
ʧ	p_t	3.2822698904986307
r	r	3.266478104415278
j_ˈe	ˈe	3.2355781008295645
ɲ	n	3.196651573809683
ɡ_w	w	3.1177474497240185
ʃ	ʒ	3.063588237828838
e_s	s	2.9440162085721973
ɣ	k	2.8101348278429126
j_ˈe	ˈa	2.531705756529172
β	p	2.5110771181205487
s	j	2.4965054870494887
β_u	p	2.3817900078459275
k	ʦ	2.363965734611279
β_j	j	2.357103219596272
l	l	2.318060832137928
t_ɾ	t	2.2777669136565124
l	r	2.169357330600468
ŋ	n	1.9807060589733454
d	z	1.9659811314220355
ʧ	t	1.9422260514934042
ˈe	ˈa	1.9355091989214042
ʝ	ʎ	1.8875499617983456
ˈe	ˈi	1.840777018656363
s	ʃ	1.73162214378543
ˈe	ˈo	1.7141977314826655
ˈi	ˈi_ʎ	1.4552837679005628
#>	i_#>	1.2966950713842116
p	kʲ	1.2778836577151353
β	w	1.1453512662428562
u	ə	1.1271696671350961
ˈi	ˈu	0.9961014070995345
θ	s	0.9678580493494963
ɣ_u	k	0.9334586749343885
<#_ɡ	<#	0.9086260933224641
<#	<#_p	0.8914901375092252
j	j	0.88166416015602
#>	j_#>	0.8117959156105219
e	ə	0.8057335907421812
a	a	0.78358780843477
u	i	0.783568334167387
a	ˈa	0.2017874358585106
ˈe	ˈu	0.20148043254986056