Phone1	Phone2	PMI
ʝ	k_ʎ	5.91089771246142
b_j	v	5.476922747584389
b	v	5.367291348007965
m	m	5.2008702435157925
w_ˈe	ˈo	4.95348668652975
s	s	4.816277105860867
ˈi	ˈi	4.639233795310838
p	p	4.588268284010632
ˈo	ˈu	4.375131350072653
ˈu	ˈu	4.342889828528026
ʎ	l	4.297996620390309
t	t	4.183181843567713
d	d	4.107154470696608
ˈe	e̯ˈa	4.017503715108445
ˈa	ˈɔ	4.002646852129607
k	k	3.970521342298065
θ	ʦ	3.957396264784009
ˈe	ˈe	3.9344962152526763
e	i	3.8723282119211975
a	ə	3.7439568557676135
ɾ	r	3.72195634317496
u	u	3.6632439502251533
o	u	3.644866239974354
ð	t	3.5145046318998547
n	n	3.4073609656596613
ˈa	ˈa	3.3093332921458223
n_u	n	3.2476800987402994
ɣ	k	3.245912678161301
f	f	3.038929564091699
t_u	t	2.756547616375732
ŋ	n	2.5686602138619574
ˈo	ˈo	2.5457413207747503
β	b	2.3928731499568094
ɡ	ɡ	2.263729383732939
j	i	2.0889358585854048
l	l	2.0700448424875484
b	b	2.0375783509480203
j_ˈe	ˈa	1.9185711725700645
ˈe	ˈi	1.8774556385066852
ɾ	r_i	1.857188402573613
a	ʎ_ə	1.7957329656198682
l	r	1.7457471671382943
β	p	1.7393031322477348
<#_e	<#	1.6114276608787084
β_u	p	1.4641138953682287
ʃ	ʒ	1.3512452860743533
ɲ	n	1.3207623494919483
r	r	1.3191638247102633
ʃ	ʃ	1.2667203595594096
#>	j_#>	1.217492568250068
#>	e_#>	1.217492568250068
ʧ	p_t	1.1599023253748881
f_w	f	1.1306476946347208
j	ʦ	1.1086110326851997
k	ʦ	1.0076470533821293
ˈe	ˈa	0.9587629834334023
p	kʲ	0.9486574749328536
ɾ	i_r	0.9179867082203348
s_u	s	0.9084480411565525
ˈe	ˈa_p	0.8183813354303598
s	ʃ	0.8083246114113614
θ	ʃ	0.7902073331401829
θ	ʧ	0.7902073331401829
e	ə	0.7084704511204025
ɟ͡ʝ	j	0.6707134126743093
s	j	0.6454660584280385
ˈi	ˈu	0.638981762889563
l_u	r	0.6351881987013307
j_ˈe	ˈe	0.6216205214618752
j_ˈe	ˈi	0.5297341977344157
u	ə	0.29930807378465063
u_#>	#>	-0.9854172972690337
#>	i_#>	-0.834829318626919