Phone1	Phone2	PMI
ɡ	ɡ	5.608253358244693
b	v	5.502743607706975
d	d	5.447660895345695
θ	ʦ	5.329379888648783
f	f	5.2638231873486205
ˈi	ˈi	5.235827917299867
s	s	5.18897282907545
p	p	4.903823344396778
ˈu	ˈu	4.718180279798353
m	m	4.698794995986416
ʊ	u	4.6248181087173394
t_ʊ	t	4.496264937561464
ʎ	k_ʎ	4.480616568364615
<#	<#_w	4.476863836922621
ˈɑ	ˈɔ	4.384316455507434
l	l	4.070068802834382
β	b	4.0613476033765235
ˈa	ˈa	4.060107470411332
t	t	4.044664032708541
ˈe	e̯ˈa	4.017475069107658
k	k	3.939074791128936
ˈɔ	ˈo	3.9285705791688468
j	p	3.843905165841667
ɐ	ə	3.7485363010707577
ð	t	3.7391791121249356
ˈo	ˈu	3.7306761792441483
ɾ	r	3.7050741215640244
n	n	3.621352394200858
ˈɛ	ˈe	3.456207743641205
ˈe	ˈe	3.451288371082112
ɪ	i	3.400929203385874
ˈo	ˈo	3.0384232239448976
ɣ_ʊ	k	2.8457981071466576
ŋ	n	2.6503645814429437
ʎ	ʎ	2.518772892211839
s_ʊ	s	2.3531531316829923
ˈa	ˈɔ	2.270316973961076
j_ʃ	ʃ	2.2626783797592633
w	j	2.2145375995263534
m_ɪ	m	2.1227525129939826
ɐ	w_ə	2.0382158223340054
ˈe	ˈi	2.0308625068919
β	p	2.001041236792498
e	i	1.9943343555258046
ˈɛ	ˈa	1.833827051106261
d	z	1.7764066653545858
ˈɔ	o̯ˈa	1.7733071514755205
s_#>	#>	1.6639485347113556
ɲ	n	1.6131081017955764
b	b	1.4457514556883453
ɾ	r_i	1.4108668019983668
i	i	1.4105617080708859
<#	<#_j	1.406406058801466
t_ɾ	t	1.3745542200541112
ŋ	n_i	1.1665058064271439
o	u	1.157497197358635
<#_e	<#	1.1149817672114466
θ	ʧ	1.10719941731143
ɣ	k	1.0873530365792976
<#_f	<#	1.0180645970652724
a	ˈa	1.0036905103169567
l	ʎ	1.0023315195828806
p	kʲ	0.9273707151403983
ɐ	n_ə	0.8969594923453286
ˈo	o̯ˈa	0.8309743499622757
s	ʃ	0.8014605610965478
l	r	0.7982255745674777
β	w	0.7923971199851508
ʊ	i	0.7816352984751637
r	r	0.7539815237028762
n_ʊ	n	0.7189269868790895
k	ʦ	0.510051391571715
#>	i_#>	-1.5369173542944163
ʊ_#>	#>	-1.0466019893212886
ɪ_#>	#>	-0.45113641710842395