Phone1	Phone2	PMI
ɡ	ɡ	5.602364798882234
b	v	5.496855048344515
d	d	5.441772335983236
θ	ʦ	5.408380226872836
f	f	5.259112339858653
ˈi	ˈi	5.229939357937408
s	s	5.159237527758623
p	p	4.897934785034318
ˈu	ˈu	4.712291720435894
m	m	4.692906436623957
ʊ	u	4.61892954935488
t_ʊ	t	4.490627830034367
<#	<#_w	4.476863836922621
ʎ	k_ʎ	4.475905720874648
ˈɑ	ˈɔ	4.379605608017466
ˈa	ˈa	4.074118468486577
l	l	4.064180243471923
β	b	4.056636755886556
t	t	4.038775473346082
ˈe	e̯ˈa	4.012764221617691
k	k	3.962332577425993
ˈɔ	ˈo	3.922682019806387
j	p	3.8391943183517
ɐ	ə	3.7426477417082986
ð	t	3.734468264634968
ɾ	r	3.724948658266647
ˈo	ˈu	3.724787619881688
n	n	3.6154638348384
ˈɛ	ˈe	3.450319184278745
ˈe	ˈe	3.4465775235921443
ɪ	i	3.3950406440234144
ˈo	ˈo	3.032534664582438
ɣ_ʊ	k	2.841288421124981
ŋ	n	2.645653733952976
ʎ	ʎ	2.514062044721872
s_ʊ	s	2.3497708671667348
ˈa	ˈɔ	2.278723572806223
j_ʃ	ʃ	2.260423536748425
w	j	2.2121821757813693
m_ɪ	m	2.1193702484777246
ɐ	w_ə	2.035860398589022
ˈe	ˈi	2.027329371274424
e	i	2.009206420537576
β	p	1.9975081011750224
ˈɛ	ˈa	1.8291162036162936
d	z	1.774051241609602
ˈɔ	o̯ˈa	1.7709517277305364
s_#>	#>	1.6639485347113556
ɲ	n	1.6107526780505923
b	b	1.4433960319433616
ɾ	r_i	1.4188166166794158
i	i	1.408206284325902
<#	<#_j	1.406406058801466
t_ɾ	t	1.3722993770432728
ŋ	n_i	1.1653280945546518
o	u	1.1563194854861432
θ	ʧ	1.1229994849562408
<#_e	<#	1.1149817672114466
ɣ	k	1.0861753247068058
<#_f	<#	1.0180645970652724
a	ˈa	1.0025127984444648
l	ʎ	0.9999760958378968
p	kʲ	0.9261930032679064
ɐ	n_ə	0.8957817804728367
ˈo	o̯ˈa	0.8297966380897839
s	ʃ	0.7955135008331824
l	r	0.7946924389500021
β	w	0.791219408112659
ʊ	i	0.7792798747301799
r	r	0.7528038118303843
n_ʊ	n	0.7177995653736705
k	ʦ	0.5147029488311264
#>	i_#>	-1.5369173542944163
ʊ_#>	#>	-1.0466019893212886
ɪ_#>	#>	-0.4511364171084239