Phone1	Phone2	PMI
f	f	7.695735238992653
o	u	6.814871097931859
ɟ	k_ʎ	6.8120635106188505
θ	ʦ	6.400392666145398
d	d	6.351736909100593
t_ʊ	t	6.318449945103942
ɡ	ɡ	6.277113358114357
ˈi	ˈi	6.241430016229786
b	v	5.904794019012094
s	s	5.458946785257337
ɾ	r_i	5.457112230221454
ɣ_ʊ	k	5.443267546062421
m	m	5.412366549579878
ˈe	e̯ˈa	5.25947931636921
p	p	5.253611809849734
ʊ	u	5.211290171041229
b	b	5.16194491547887
ˈɑ	ˈɔ	5.131555141773408
ˈa	ˈa	5.0027177379876635
ˈu	ˈu	4.974088498327543
ð	t	4.938753305822491
r	r	4.776732294454789
s_ʊ	s	4.748196127463614
k	k	4.699793311267445
i	i	4.662793266555185
β	p	4.645029404015903
ˈɑ	ˈɔ_j	4.5985132499403285
ˈa	ˈɔ	4.527481532252889
l	l	4.514510239288188
ˈɔ	o̯ˈa	4.427160442443874
ˈe	ˈe	4.397898210765111
n_ʊ	n	4.397078855673788
ˈo	ˈu_n	4.390056628316111
ˈɔ	ˈo	4.336918220077408
ɾ	r	4.315487418476404
t	t	4.312985802596254
ɐ	ə	4.298857453542366
β	b	4.266406677682776
ŋ	n_i	4.237250011209824
θ	ʧ	4.120571099431923
ʊ_#>	#>	4.108162486946952
ˈɛ	ˈe	3.9799777292623855
ɪ	i	3.9636886198731545
n	n	3.933799711585367
p	kʲ	3.8154861585813413
<#_e	<#	3.801426935652793
w	j	3.7985490660321783
ˈo	ˈu	3.716467658861513
ɟ	ʎ	3.6544612759583783
ˈe	ˈi	3.6446510238187084
ɐ	w_ə	3.622875067064765
j	p	3.622120665200839
ˈo	o̯ˈa	3.209250609090668
ŋ	n	3.1792927608441826
ˈo	ˈo	3.1635183955432082
<#	<#_w	3.1477132006050303
ˈɛ	ˈa	3.143449917813375
e	i	3.136392989080647
j_ʃ	ʃ	3.010808263808482
s	ʃ	3.001921523247867
ɲ	n	2.943689866461391
ŋ_#>	#>	2.9430818847401836
l	r_i	2.8420906608154537
<#_f	<#	2.8063395432797216
j	ʃ	2.427202359664883
m_ɪ	m	2.2617759594767612
ʧ	l	2.226401057620065
t_ɾ	t	2.1750957873225634
t	ʦ	2.094322503580702
<#	<#_j	1.857089938167336
d	z	1.8233814238926553
ɐ	n_ə	1.7954213151187945
ʃ	ʒ	1.6969412909063266
ɪ_#>	#>	1.6567302385715061
ɣ	k	1.6522844074983436
s_#>	#>	1.637837304939042
l	ʎ	1.4679269832431627
k	ʦ	1.4416122176371062
j	w	1.397900455297987
t	p_t	1.1589399137077416
a	ˈa	1.121277002223977
ˈo	n_ˈu	1.1076821699944697
n	n_ˈu	1.0500849791391935
β	w	1.0359703746006426
ˈu_β	ˈo	1.0323563490631142
<#	<#_n	0.8844792626549827
#>	i_#>	0.780779943219271
ˈu	ˈo	0.6893203809146287
l	r	0.674210963897491
ˈe	ˈa	0.6186328368346049
#>	r_#>	0.5966373813392793
ˈɔ	ˈu	0.37016687066590614