Phone1	Phone2	PMI
i_#>	#>	6.609794353701092
w_ˈɔ	ˈø	6.442284455494823
ɡ	ɡ	6.242987480554115
b	b	6.225611439827786
o	u	6.195031999252799
e_r	e	6.073980225746537
ɲː_o	ɲ	6.044105235618425
ˈu	ˈy	5.95842364950484
w	w	5.726053340609934
ʧ_e	z	5.651752904214798
ʤ	ʤ	5.645352567633473
d	d	5.500060875022909
m	m	5.48458496795032
ɲː	ɲ	5.436789049575264
n_o	ŋ	5.425211275411871
r_e	ˈe	5.291361195297244
f	f	5.286150943621661
i	i	5.144577812955089
lː_o	l	4.973828779049908
ˈo	ˈu	4.866058087424108
t_o	t	4.848482154227242
t_e	t	4.798766428474789
ˈi	ˈi	4.760434350300882
n_e	ŋ	4.7597265614612105
r_o	r	4.750612542970915
j	j	4.740602118895307
p	p	4.66527060285497
e	e	4.555060722473068
tː_o	t	4.517164381997814
ŋ	ŋ	4.509218093325156
ˈa	ˈa	4.475103735516857
k	k	4.475027496542992
v	v	4.468148221775174
ˈɔ	ˈɔ	4.423350205671831
ʎː	j	4.367748626866352
s	s	4.347685703572618
t	t	4.304695549737171
l	l	4.29193539687412
ˈɛ	ˈɛ	4.256773141968642
ʤ	z	4.154283895182138
ɡ_o	ɡ	4.14362508820591
n	n	4.005491653288533
ˈɔ	ˈø	3.856367715922208
r	r	3.8069502107740223
kː	k	3.796095092400591
sː_o	s	3.782389466215212
ˈe	ˈe	3.673903127046181
i	e	3.610917814551948
a	a	3.604893299816564
ʧ	z	3.434860250480821
n_e	n	3.417093871384119
ˈe	ˈɛ	3.322435148999949
e	ə	3.2768514877257315
n	ŋ	3.27502743588125
j_ˈɛ	ˈe	3.2633551105815424
tː	t	3.254532513894256
l_o	l	3.1601548568034845
ʧ	s	2.873482993291547
ʎː_o	j	2.797765516120551
ʧː	s	2.7123292853202177
n_o	n	2.6347667609693786
ʦː	s	2.5900879804917105
m_e	m	2.5662593590135585
ˈu	ˈu	2.5213504239754587
ˈe	ˈi	2.3697745714432967
r_e	e	2.32824510080621
p	v	2.2903698185503027
t	d	2.2477530552840297
p_o	p	2.094378798952353
kː_j	j	2.0486645642828374
ʃː	s	2.0199250462512244
l_e	l	1.942063063206483
tː_e	t	1.916247280474089
ˈɛ	ˈe	1.885820560440848
ˈo	ˈɔ	1.76520392143259
e	j	1.6238821486907304
lː	l	1.5942165862132192
bː	b	1.0323303540524995
o	i	0.977171930867308
r_e	r	0.621279567764675
j	ˈe	0.5676212314066605
#>	s_#>	0.3931876327852734
o	a	0.2766718627614713
o_#>	#>	-0.8202161850760085
e_#>	#>	-0.4849933193304386