Phone1	Phone2	PMI
z	z	8.188120392456751
w̃	w̃	7.376341654646037
ˈõ	ˈõ	7.040913432482209
ˈɔ_j	ˈɔ	6.66943489719965
ˈẽ	ˈẽ	6.636392465051835
ʒ	ʒ	6.513076495823437
f	f	6.126379405860544
ˈu	ˈu	6.091625153700444
ʎ	ʎ	6.0743534263828645
ˈɛ	ˈɛ	6.042211493992395
w	ɫ	5.989971398041949
ˈɔ	ˈɔ	5.920573563931431
n	n	5.751563139753883
w	w	5.642043452349043
ɡ	ɣ	5.581735352322452
ɡ	ɡ	5.581735352322452
ʎ	j_ʎ	5.548202668122707
ˈɐ̃	ˈɐ̃	5.521576192477151
ˈĩ	ˈĩ	5.50949318754332
j̃	ɲ	5.49619550528612
b	β	5.429604768491914
b	b	5.429604768491914
e	i	5.363569081026544
ˈũ	ˈũ	5.338093176821782
m	m	5.319013444618819
l	l	5.24150672275296
j	j	5.204656929394032
p	p	5.156159501448364
ˈi	ˈi	5.151881556937028
d	d	5.150615712404012
v	v	5.146871863579659
d	ð	5.123577039791464
s	s	5.007494907770601
ˈĩ	ˈi	4.985796104531165
h	ʁ	4.961360506887077
ˈũ	ˈu	4.937338085364077
ˈe	ˈe	4.92564201087491
ʃ	ʃ	4.9235651162641325
ˈo	ˈo	4.867713038999959
t	t	4.85004319347266
k	k	4.789864314293309
ʧ	t	4.729559199620377
ˈe	ˈɐ	4.624321111926672
i	ɨ	4.604857781498124
ˈa	ˈa	4.517293167665153
j̃	j̃	4.391531657535157
ʤ	d	4.340598938871504
ʤ	ð	4.176646668897203
e	ɨ	4.136832718467038
o	ɔ	3.7873658772393135
ɦ	ɾ	3.672475917414209
ɐ	ɐ	3.5589960261154348
ˈɐ̃	ˈɐ	3.547763467133505
a	ɐ	3.546057395050292
u	u	3.543601367817064
ɾ	ɾ	3.530326389277876
ˈi	ˈɨ	3.292750159138146
ẽ	ẽ	3.262790686408936
ĩ	ĩ	3.126703850011562
o	u	3.116843618338447
i	i	2.995051042171597
ẽ	ɐ̃	2.9313082658198537
h	ɾ	2.682420270759456
j̃	j_ɲ	2.4903555748453754
ˈẽ	ˈɐ̃	2.106506047434568
ˈõ	ˈo	1.888003801998056
ɐ̃	ɐ̃	1.5400832791427348
ʧ	ɾ_t	1.4985674678127383
ˈẽ	ˈe	1.3435117258178673
ˈɔ_h	ˈɔ	1.3037265147193804
ˈẽ	ˈɐ	1.2675045701919043
o	o	1.2423641831099987
ˈe_h	ˈe	1.2089402770528976
k	ɾ_k	1.1294480136783906
j_ʃ	ʃ	1.0947089368136729
ˈo_h	ˈo	1.0947089368136729
ˈi_w	ˈi	1.0765052208367316
ˈa_h	ˈa	1.06768651766424
e	j	0.9766154832960278
ˈẽ	ˈɐ_j	0.8224031110245524
#>	ɾ_#>	0.3661351992584447
s	ʃ	0.2850720660664936
u	w	0.2496972371278641