Phone1	Phone2	PMI
ɐ̃	ɐ̃	8.162968257108098
z	z	7.5568985888823805
ẽ	ɐ̃	7.528143822665979
ʎ	j_ʎ	7.41867303961481
w̃	w̃	6.953760026961158
ˈõ	ˈõ	6.854656944293826
ˈĩ	ˈĩ	6.840975151541195
ʒ	ʒ	6.804353109070836
ˈẽ	ˈẽ	6.600852181687324
ˈɔ_j	ˈɔ	6.445199430370182
o	ɔ	6.438722604362352
ˈɛ	ˈɛ	6.041590989252915
j̃	j̃	5.936340784909796
ʎ	ʎ	5.934360429211417
ˈɔ	ˈɔ	5.921003387559368
ˈu	ˈu	5.919246350055792
f	f	5.895217414839594
j̃	ɲ	5.81591026675231
ˈũ	ˈũ	5.802108877120311
w	ɫ	5.715695579108478
ˈɐ̃	ˈɐ̃	5.652699165350443
n	n	5.629444235619956
b	β	5.604818400903032
b	b	5.6048184009030315
ɡ	ɣ	5.561628763041097
ɡ	ɡ	5.561628763041097
w	w	5.459795053204947
ˈi	ˈi	5.356680816701379
l	l	5.340654140797851
e	i	5.266661453644659
m	m	5.262306292488798
p	p	5.235889381544821
j	j	5.2050488257167435
ʤ	d	5.141940786639335
ˈũ	ˈu	5.135794437481546
v	v	5.09292548727407
o	o	5.069306714877056
d	ð	5.037598806043747
d	d	4.983145356562245
ʤ	ð	4.896756705223429
h	ʁ	4.892830342414037
ʧ	t	4.872807799044439
t	t	4.866924937627353
ʃ	ʃ	4.835187526282406
k	k	4.831171920464779
ˈo	ˈo	4.8301644736668
ẽ	ẽ	4.796287726381907
ˈĩ	ˈi	4.73934577080713
i	ɨ	4.705015317854657
ˈe	ˈe	4.6803127089228695
ˈa	ˈa	4.6442744184354945
s	s	4.590757840275003
ˈe	ˈɐ	4.441704365236094
e	ɨ	4.186824409515496
j̃	j_ɲ	3.977745972622895
i	i	3.9149948594762796
ˈɐ̃	ˈɐ	3.6628016110547237
ɦ	ɾ	3.5986370808255836
ɾ	ɾ	3.5883985496343094
ɐ	ɐ	3.571970193287813
ĩ	ĩ	3.5621057997991956
u	u	3.519077874323626
ˈi	ˈɨ	3.4872673440808684
a	ɐ	3.4819071645368096
ˈẽ	ˈe	3.090414429775894
ˈõ	ˈo	3.0734542549332087
o	u	2.946321392277316
h	ɾ	2.6602461026512847
ˈu_j	ˈu	2.476676370849722
ˈẽ	ˈɐ	1.8075279364719452
ʧ	ɾ_t	1.5247692031644693
e	j	1.3028747921658914
ˈẽ	ˈɐ̃	1.2221201148983822
ˈɔ_h	ˈɔ	1.2203603541404182
ˈi_h	ˈi	1.181831338551939
ˈe_h	ˈe	1.1401140141896557
ˈi_w	ˈi	1.1303526694082204
k	ɾ_k	1.1205656469106526
j_ʃ	ʃ	1.0862218791910103
ˈa_h	ˈa	1.0287243892793436
ˈo_h	ˈo	1.0135708877557508
ˈẽ	ˈɐ_j	0.79280965643572
#>	ɾ_#>	0.5070903805011349
u	w	0.41274604111142665
w	u	0.09117076201239742
s	ʃ	0.08984304623488586