Phone1	Phone2	PMI
z	z	7.372670693960502
ˈõ	ˈõ	7.323768393940104
ʒ	ʒ	7.041585175361742
w̃	w̃	6.794876956438251
ˈẽ	ˈẽ	6.708189674417381
ˈu	ˈu	6.214018511299963
ˈɔ	ˈɔ	6.140781586979131
f	f	6.059729100935698
w	ɫ	6.014407905300183
ʎ	ʎ	5.940204953213527
ˈɛ	ˈɛ	5.935450605325235
ˈũ	ˈũ	5.907681882350868
ɡ	ɡ	5.844112943829738
ɡ	ɣ	5.8055839282412585
ʎ	j_ʎ	5.774798884087768
j̃	j̃	5.670907349217617
j̃	ɲ	5.670907349217617
w	w	5.660242096093685
ˈɐ̃	ˈɐ̃	5.585850333321364
n	n	5.560247657724479
ˈɔ_j	ˈɔ	5.478800588954165
p	p	5.392591566394692
b	β	5.389361131348439
b	b	5.389361131348439
ˈi	ˈi	5.381957973438152
h	ʁ	5.345596742037833
l	l	5.260187508030743
m	m	5.251448737031908
ˈĩ	ˈĩ	5.221015217178813
ʃ	ʃ	5.122963726732767
d	ð	5.084929412926007
v	v	5.065974748491973
d	d	5.024433859877767
ˈĩ	ˈi	4.991284459251075
j	j	4.980036770706257
e	i	4.979677896713282
t	t	4.953173845964077
k	k	4.879404230838663
s	s	4.857908553256786
ˈo	ˈo	4.761018127964563
ɐ̃	ɐ̃	4.723960672681844
o	ɔ	4.714618108286573
ˈa	ˈa	4.713831495676799
ˈe	ˈɐ	4.563685301308321
ˈe	ˈe	4.551205827269269
ʧ	t	4.472328702458976
i	ɨ	4.429910411487697
ʤ	ð	4.164498617003277
e	ɨ	4.004570023410906
ˈũ	ˈu	3.9718725180646
i	i	3.7668681548576
a	ɐ	3.639820594896324
ɐ	ɐ	3.6119005679126346
ɦ	ɾ	3.582493709406552
ɾ	ɾ	3.549479299384421
u	u	3.517218298864321
ˈɐ̃	ˈɐ	3.4569681401609844
ẽ	ɐ̃	3.37760145878051
ʤ	d	3.0694909450595764
o	u	2.8643072784391754
ˈõ	ˈo	2.752336987110684
ˈɔ_h	ˈɔ	2.60535457831046
ˈi	ˈɨ	2.3559349413217485
ˈe_h	ˈe	2.3543079281997192
ˈẽ	ˈɐ̃	2.3025886818530914
k	ɾ_k	2.2836735929479364
ˈo_h	ˈo	2.271643252229851
j_ʃ	ʃ	2.2502585038916574
h	ɾ	2.1388915472803487
ˈa_h	ˈa	2.023976459188757
ˈẽ	ˈe	1.8070564721188995
ĩ	ĩ	1.5465344371409904
e	j	1.391220744460324
ʧ	ɾ_t	1.3733322881374617
ˈu_j	ˈu	1.3359370787825853
o	o	1.164034623321992
ˈi_h	ˈi	1.1107671837647937
ˈẽ	ˈɐ_j	1.001223049810245
#>	ɾ_#>	0.8083514918703665
s	ʃ	0.6288205776507001
u	w	0.1606387246575269
w	u	0.0054463573010986