Phone1	Phone2	PMI
ĩ	ĩ	9.178716487484733
ɐ̃	ɐ̃	8.634907750250944
ẽ	ẽ	8.155345170722004
z	z	7.536091311306779
ẽ	ɐ̃	7.260558933055522
ˈũ	ˈũ	7.191714519815541
w̃	w̃	6.999421896018038
ˈĩ	ˈĩ	6.893013638145685
ˈõ	ˈõ	6.876125056483081
ʒ	ʒ	6.5374308053737815
o	ɔ	6.532535535914077
o	o	6.532535535914077
ˈẽ	ˈẽ	6.485111367672374
ʎ	ʎ	6.381130886612585
ˈɔ	ˈɔ	6.142758362823027
f	f	6.003818209585229
ˈu	ˈu	5.9603958366199405
w	ɫ	5.896992129172474
j̃	ɲ	5.892606409298214
j̃	j̃	5.892606409298214
ˈi	ˈɨ	5.780262756300595
ˈɛ	ˈɛ	5.779023263586185
ˈɐ̃	ˈɐ̃	5.689038691098723
ɡ	ɣ	5.680192588103576
ɡ	ɡ	5.680192588103576
õ	õ	5.655670962058654
n	n	5.641288888681509
w	w	5.616258958103013
m	m	5.520836270022533
b	b	5.498072878414191
b	β	5.498072878414191
ˈi	ˈi	5.3406550236470745
p	p	5.196353761268023
l	l	5.1922402634352665
e	i	5.161141832679751
j	j	5.112700348040397
k	k	5.023371435681566
ˈũ	ˈu	5.004478955300188
d	d	4.971294818501821
d	ð	4.970164894270827
v	v	4.949205682129284
ˈĩ	ˈi	4.94902244079749
ʤ	ð	4.899558127400645
ʧ	t	4.898945431792822
ˈo	ˈo	4.893062759624075
ʤ	d	4.890492491280909
t	t	4.8529552123960285
ʃ	ʃ	4.783486126628295
s	s	4.73911894844255
ˈa	ˈa	4.706606318943217
h	ʁ	4.609814425391646
i	ɨ	4.573450333272296
ˈe	ˈe	4.509016958121907
ˈe	ˈɐ	4.1391951311346205
e	ɨ	3.9838223813791562
ũ	ũ	3.9230455254260788
ˈɐ̃	ˈɐ	3.645417207847333
ɾ	ɾ	3.6311590548766386
ɦ	ɾ	3.6118084712633753
i	i	3.5666894067626647
ɐ	ɐ	3.549260846007502
u	u	3.5375655079606743
a	ɐ	3.433669103047238
h	ɾ	3.344900286725197
ˈõ	ˈo	3.20419954414872
ˈẽ	ˈɐ̃	2.9655555919833856
ˈẽ	ˈe	2.8989592809119333
o	u	2.6326507544280666
õ	u	2.562135907953658
ˈẽ	ˈɐ	2.5045974816855856
o	w	2.0742758881676737
ˈõ	ˈɔ	1.989783146378171
ẽ	ɨ	1.9226663710696603
e	j	1.8099608988190836
ˈo	ˈɔ	0.8860285671397568
u	w	0.5146465207547491
s	ʃ	0.18131291484934217
i	j	-0.11237334308422191
w	u	-0.07681212156927132