Phone1	Phone2	PMI
ʎ	j_ʎ	7.6137028223576095
z	z	7.531318129801634
ˈũ	ˈũ	7.139958305691124
ˈõ	ˈõ	7.134763240801727
ĩ	ĩ	7.087840871489039
w̃	w̃	6.864807822838618
ˈẽ	ˈẽ	6.8303847869146095
o	ɔ	6.747630112467938
ˈɔ_j	ˈɔ	6.645797239229039
ˈĩ	ˈĩ	6.617011694595483
ʒ	ʒ	6.600050834775997
ẽ	ɐ̃	6.295297022093825
f	f	6.201806505951476
ʎ	ʎ	6.111973911592523
ˈɔ	ˈɔ	6.061256076657653
ˈu	ˈu	5.922052343342084
j̃	j̃	5.893029513306969
ˈɛ	ˈɛ	5.88466436500648
j̃	ɲ	5.8124365799113145
w	ɫ	5.803932855551704
n	n	5.774637698871256
w	w	5.577609726642737
ˈɐ̃	ˈɐ̃	5.569654172190369
b	b	5.490580744738638
b	β	5.490580744738638
ɡ	ɡ	5.461483971311951
ɡ	ɣ	5.444991539273556
ˈi	ˈi	5.433453570217333
p	p	5.356501592385919
ẽ	ẽ	5.277613192166589
j	j	5.2653197105972325
m	m	5.223200627508565
d	d	5.156905607922686
ʤ	ð	5.130753861688111
l	l	5.122591537226174
v	v	5.116608362584072
d	ð	5.113152602756293
ɐ̃	ɐ̃	5.083367097740842
ˈũ	ˈu	4.978254265602011
e	i	4.942887995576076
k	k	4.939084380946602
ʤ	d	4.921010804681505
ˈo	ˈo	4.8356306606361645
t	t	4.750784828502145
ʃ	ʃ	4.727711104748591
ˈe	ˈe	4.720933459024103
ʧ	t	4.705931017967727
ˈĩ	ˈi	4.697021537918681
h	ʁ	4.68281696151178
ˈa	ˈa	4.668385918051329
s	s	4.563236725755228
i	ɨ	4.502507605410605
ˈe	ˈɐ	4.280458685410933
o	o	3.952180767700903
e	ɨ	3.844617800787762
ɾ	ɾ	3.7621159196717153
ˈɐ̃	ˈɐ	3.6744474549954838
ɦ	ɾ	3.6680983301885743
i	i	3.634768060226158
u	u	3.548495352498176
ɐ	ɐ	3.5375779718905647
a	ɐ	3.49002019934157
h	ɾ	3.42118172327986
ˈõ	ˈo	3.3649332463603083
ˈẽ	ˈe	3.1672611116907423
o	u	2.8965559225193602
j̃	j_ɲ	2.6656589716919243
ˈu_j	ˈu	2.591828743366393
e	j	1.5326725263633585
ˈẽ	ˈɐ̃	1.3720414672660495
ˈi	ˈɨ	1.1435677315586685
ˈẽ	ˈɐ	1.0701713546749405
w	u	0.19879492035738794
u	w	0.15242627115839522
s	ʃ	0.11099050896961497