Phone1	Phone2	PMI
z	z	7.906357179448634
ˈõ	ˈõ	7.857454879428234
ʒ	ʒ	7.575271660849873
w̃	w̃	7.3285634419263825
ˈẽ	ˈẽ	7.241876159905511
ˈɔ_j	ˈɔ	6.799722502840191
ˈu	ˈu	6.747704996788094
ˈɔ	ˈɔ	6.674468072467262
ʎ	j_ʎ	6.670979842037574
f	f	6.593415586423829
w	ɫ	6.5480943907883145
ʎ	ʎ	6.473891438701658
ˈɛ	ˈɛ	6.469137090813366
ɡ	ɡ	6.377799429317869
ɡ	ɣ	6.339270413729389
ˈũ	ˈũ	6.334961268948192
j̃	ɲ	6.204593834705748
j̃	j̃	6.204593834705748
w	w	6.193928581581815
ˈɐ̃	ˈɐ̃	6.119536818809495
n	n	6.0635335245236
p	p	5.926278051882822
b	b	5.92304761683657
b	β	5.92304761683657
ˈi	ˈi	5.915644458926283
l	l	5.793873993518874
m	m	5.785135222520039
ʃ	ʃ	5.656650212220898
ˈĩ	ˈĩ	5.644568908750044
v	v	5.599661233980104
d	d	5.558120345365897
d	ð	5.554230279436665
ˈĩ	ˈi	5.524970944739206
j	j	5.513723256194388
e	i	5.513364382201413
t	t	5.486860331452208
k	k	5.453716820161957
s	s	5.391595038744917
ˈo	ˈo	5.294704613452694
ˈe	ˈe	5.282107837510926
ˈa	ˈa	5.24751798116493
o	ɔ	5.141897494883897
ʧ	t	5.141629568969635
ɐ̃	ɐ̃	5.041107265362268
h	ʁ	5.038956455292034
i	ɨ	4.963596896975828
ˈe	ˈɐ	4.899786353256567
ʤ	ð	4.59232984032548
e	ɨ	4.538256508899038
ˈũ	ˈu	4.39542620963583
i	i	4.300554640345731
a	ɐ	4.173507080384455
ɐ	ɐ	4.1455870534007655
ɾ	ɾ	4.083165784872552
u	u	4.050904784352452
ˈɐ̃	ˈɐ	3.9906546256491153
h	ɾ	3.824687205923492
ẽ	ɐ̃	3.5941413515882177
o	u	3.3979937639273063
ʤ	d	3.386958683095097
ɦ	ɾ	3.2606279427127034
ˈõ	ˈo	3.1799375190631047
ˈẽ	ˈɐ̃	2.624333951639583
ˈi	ˈɨ	2.5684279937482657
ˈẽ	ˈe	2.128249905180513
e	j	1.712644868891719
ˈu_j	ˈu	1.6741033358340114
ĩ	ĩ	1.6526203906767003
ˈɛ_ɦ	ˈɛ	1.6344525647941004
j_ʃ	ʃ	1.451705407989381
d	ɾ_ð	1.394945325109458
n	ɾ_n	1.394223074398982
o	o	1.2692400003007764
ˈẽ	ˈɐ_j	1.2232949585238184
o_ɦ	u	1.0883739767455567
s	ʃ	0.9465190070560018
u	w	0.267045823548334
w	u	0.1115323108368087