Phone1	Phone2	PMI
b	b	7.198506580278028
ˈa_r	ˈaː	6.2344619002048525
ʣ	z	6.21597512594802
f	f	5.854734361102173
d	d	5.504631980571141
ɡ	ɡ	5.391001326363812
ˈi	ˈi	5.364486225856861
j	v	5.327164420933718
ˈo	ˈɔː	5.179127437017076
v	v	5.178036442446433
l	l	4.960167029933654
i_r	e	4.866336020123251
ˈo	ˈøː	4.821357883641204
ˈɨ	ˈa	4.797914135902759
p_t	t	4.714694179051039
ˈe	ˈeː	4.7048415205754734
m	m	4.632961854434199
ˈu	ˈy	4.610423760166404
p	p	4.44339561034273
t	t	4.3893992877074055
ˈu	ˈu	4.363184115994108
e̯ˈa	ˈe	4.362772500445459
ˈi_r	ˈiː	4.255639335880887
ʎ	ʤ	4.175498744976379
r	r	4.155364213251988
ˈu	ˈuː	4.1543526969471
ˈa	ˈɛː	4.056583591638556
ç	f	4.030999051178156
ʦ	s	4.011002485735668
s	s	3.999312542819693
ˈi	ˈe	3.910528131546423
i	i	3.8395141221648874
n	n	3.835322779898931
ˈa	ˈaː	3.786109749948256
l	l_u	3.671273145367792
k_ʎ	ʤ	3.6671713276582434
k	k	3.659300016136998
e_#>	#>	3.623557475621428
ə	a	3.574822034257219
ˈa	ˈa	3.5543252484712875
i	e	3.545125848761338
r	j	3.5132807213015225
u	u	3.4543907453243072
k	ɡ_u	3.3796687593116075
n	ŋ	3.3452730759065057
ˈe	ˈe	3.2148148983215643
ɲ	m	3.158978717470649
o̯ˈa	ˈuː	2.4805910959497584
k	ɡ	2.426472024979989
e̯ˈa	ˈeː	2.3887809123999846
ʦ	ʒ	2.155961100618564
ˈo	ˈø	1.9917445608435131
ˈo	ˈɔ	1.9015834296399
a	a	1.8960329962317488
k	p	1.7654234530318025
t	t_u	1.6627755965666209
ʃ_t	ʃ	1.647520075056338
ˈi	ˈiː	1.558929078694716
ʎ	l	1.26204424948885
ʦ	k	1.1703391654599504
ʤ	z	1.101873174348447
u	ʤ_u	1.0222871966101332
n_i	ŋ	0.955203990945499
ə	e	0.9355128942118044
m	ŋ	0.8444599426655244
ə	v_e	0.7237729803514404
ʦ	t	0.6363034906259497
n	ɲ	0.589550199883267
u	w	0.5887937316534323
i	u	0.5756268719996801
i	a	0.5394518081994994
<#_a	<#	0.3754286504428933
ə	u	0.1090250256379795
i_#>	#>	-0.4734301702793788
#>	u_#>	-0.3775592042860719