Phone1	Phone2	PMI
b	b	6.772315877140597
f	f	6.294241630000061
ˈa_r	ˈaː	5.949308354011873
ˈo	ˈøː	5.832239652589056
d	d	5.644175540686794
ʣ	z	5.546723669347313
k_ʎ	ʤ	5.425626435990673
p_t	t	5.336107950363155
l	l	5.206566677214859
i_r	e	5.197860876572306
ˈo	ˈɔː	5.1714384152110355
ˈi	ˈi	5.0812542679756465
m	m	5.0673266981536464
ɡ	ɡ	4.948984685455814
v	v	4.931707827279642
ˈɨ	ˈa	4.885437028381687
p	p	4.7931264965707365
ˈe	ˈeː	4.674788927770558
ˈu	ˈu	4.661839216329655
ɲ	ɲ	4.638960829478868
t	t	4.626138660324942
ç	f	4.53577597759562
k	ɡ_u	4.533201561951961
ˈu	ˈy	4.507723366262435
ɲ	m	4.404946518984239
s	s	4.327875707399836
j	w_ˈiː	4.189369414730267
n_i	ŋ	4.1652867515510374
ˈu	ˈuː	4.136479883590451
j	v	4.113650990916052
r	r	4.099598551267648
e̯ˈa	ˈe	4.0667951795512325
n_e	ŋ	4.028341466349418
n	n	4.02802069448411
k	k	4.017461306344672
a	ˈaː	3.9710906362297878
i	e	3.931085831398714
ʦ	s	3.9229579513550505
w_ə	e	3.8590634104953696
ʦ	ʒ	3.847024589598436
ˈa	ˈɛː	3.8399558248512533
ˈa_t	ˈɛː	3.790414836279397
ˈi	ˈe	3.7819794790533994
ˈa	ˈa	3.766765604255407
ə	a	3.7268823208786674
ˈe	ˈe	3.7220863780150046
o̯ˈa	ˈuː	3.713409017560792
e̯ˈa	ˈeː	3.6556322165620494
u	u	3.627953173554641
ˈa	ˈaː	3.595667992825197
i	i	3.5513758054916456
ʎ	l	3.384906793267419
ʣ	d	3.317239477707812
n	ŋ	3.201543099907764
<#_a	<#	3.171394663021284
e̯ˈa	ˈɛː	3.0377848412629573
ʎ	ʤ	2.954750846328598
k	ɡ	2.8477933745346733
j	i	2.7919745793071407
ˈi_r	ˈiː	2.6618623925335436
r	j	2.5752796814244343
ˈu_p	ˈuː	2.408628443479186
t	ŋ_t	2.1933847178389403
r_#>	#>	2.141399387099833
ˈo	ˈø	2.047392711114085
k	p	1.9878262918345058
ˈo	ˈɔ	1.8385798115903873
<#	<#_a	1.7287712379549451
p	ʧ	1.6427965773323698
ʃ_t	ʃ	1.551598820301517
ˈi	ˈiː	1.5401266334402297
w	ˈøː	1.328129406281346
ʤ	z	1.2097872797393139
a_r	ˈaː	1.1622296805684704
l	l_u	1.159160974215291
ʦ	k	1.1181100574433374
n_ə	n	1.0792358856554185
<#_ʃ	<#	1.0526068811667588
ʃ	s	0.9402026190552526
ə	e	0.8971683689283492
t	t_u	0.8691283697353986
ŋ	ŋ	0.8124232470667632
#>	ˈeː_#>	0.7754286504428933
ˈi	i	0.7673479911117094
<#_ʣ	<#	0.63040061868901
ʦ	t	0.5865188258311526
u	w	0.5637229959271648
#>	u_#>	0.5505186788405027
<#_p	<#	0.16959938131099
#>	e_#>	-0.07935715894452425
#>	a_#>	-0.017903738976116492
<#_k	<#	-0.0035843815994524913