Phone1	Phone2	PMI
<#_z	<#_z	9.889625911697443
<#_v	<#_ʋ	9.784658969032979
<#_m	<#_m	9.585639256601805
<#_s	<#_s	9.433636163156756
<#_ɡ	<#_ɡ	9.425520104104523
<#_d	<#_d	9.219017433231848
k_#>	k_#>	9.043861495254163
<#_k	<#_k	8.841100303602238
t_#>	t_#>	8.683233173011088
ʦ_#>	t_#>	8.396625725693841
a_#>	a_#>	8.371855363541387
a_#>	â_#>	7.843534529967668
<#_x	<#_x	7.4875420367986605
s_#>	s_#>	7.334397222234585
v_a	ʋ_â	7.09756703631789
ʧ_i	a_k	7.057705556048689
<#_b	<#_b	7.0085229623955305
ˈu_k	ôː_k	7.0085229623955305
<#_n	<#_n	6.707592035837119
m_ə	a_n	6.707592035837119
ɔ_#>	o_#>	6.599573717788189
<#_ʦ	<#_t	6.45311182564301
ʦ	ʦ	6.423105380347312
ʦ_#>	i_#>	6.350086640120177
ˈõ	ûː	6.3090649658945095
u̯ɛ_#>	o_#>	6.203624747974998
s_t	s_t	6.177905263618972
ʃ	ʃ_#>	6.140410804424012
l	l_î	5.939449334851206
ˈɞ_w	ûː	5.330302207374841
n	n	5.103881359042983
s	s	5.041006982795673
u̯ˈɛ	ô	4.682444929158832
k	k	4.520031894420756
ˈɔ_n	e	4.482413086815572
ʐ	r	4.39225568123692
r	r	4.36509091799555
w	l	4.267510944942481
m	m	3.8794930049928484
ˈə	î	3.7696648425904398
ʧ_i_#>	a_k	3.6966926566938234
m_ə_#>	a_n	3.6571606798288134
ˈə_s	îː_s	3.5733748149855242
d_a	d_â	3.5241922213323655
d	d	3.5164913363065997
ˈɔ	ôː	3.4449243229874758
x	x_#>	3.200554652572855
ɲ	n	3.1967053311390483
<#_t	<#_t	3.1327321166897364
j_ˈa_ŋ	êː	2.944856872964239
ɔ	o_#>	2.931436345220321
v	ʋ	2.930758782023043
<#_ʣ	<#_d	2.9217405806464978
ˈa	îː	2.910564891454876
t	t	2.9096163477826464
u̯ˈɛ	ôː	2.754058787569619
i_#>	#>	2.722059529589899
ˈa_ŋ	êː	2.7194328925956888
ʦ	t_i	2.6204744105064997
b	b	2.4405859679757986
x	x	2.4330126091424376
u̯ˈɛ	o	2.38714577978582
ˈə	îː	2.2973274035266704
l_#>	l	2.1852458756852298
v_j	ʋ	2.0977427526243915
p	p	2.06373007632243
<#_p	<#_p	11.116192580287194
<#_ʒ	<#_ʒ	10.776885277621439
<#_l	<#_l	10.652196704880595
<#_j	<#_j	10.525256110233617
<#_u̯ˈɛ	<#_ô	10.46861444308618
p_#>	p_#>	10.386910277140668
<#_r	<#_r	10.135281109752846
ɛ_#>	e_#>	10.110218610954773
ˈe	îː	1.99236991084665
i_#>	k_#>	1.91291556850779
z	z	1.8812286662715862
<#_t	t	1.8673316720653474
r	r̩̂	1.7762501815024123
a	e	1.7565356865857602
ʣ	d	1.673755075841659
l	l	1.6716129861218485
ˈa	î	1.4537240073998714
ˈɛ	ê	1.402093562169153
ˈɛ	e	1.0687602288358198
j	î	0.9911191992262807
ˈa	â	0.9479922792230596