Phone1	Phone2	PMI
m	m	6.215221888895806
d	d	5.876692772133516
ˈo	w_ˈɔ	5.647527098217706
ʎ	ʎː	5.323030371964107
ˈu	ˈu	5.194644905978311
s	s	5.019066614734653
l	l	4.683711894531656
t	t	4.634859034368252
ˈi	ˈi	4.623885112654941
ˈe	ˈe	4.253200823988186
b	v	4.157765527042035
p	p	4.137583016692971
p	p_ə	4.101534782582917
ʦ	ʃ	3.795424188294141
o̯ˈa	ˈo	3.621009411786927
n	n	3.6176044463855397
k	k_ə	3.5200179094271964
r	ɾ	3.5124003642025152
k	k	3.489831002614369
v	v	3.416591507636529
ˈa	ˈa	3.3886281955427706
e̯ˈa	ˈi	3.3837969772598293
i	i	2.7219709601065363
ˈɔ	ˈa	2.6945978034414466
s	ʃ	2.6043261398211235
n	ŋ	2.3266556753052083
ˈu	ˈo	2.293403228116962
f	f	2.270601714758966
ə	ə	2.180313089113419
e̯ˈa	ˈe	2.1303759599814187
z	d	2.0494409256291464
i	ə	1.8883710489782917
t	tː	1.8828908268751883
u	ə	1.8608834835121784
j	j	1.813961192597699
w	v	1.7418351988622682
ˈa_l	ˈa	1.6651389864498989
r	l	1.6428510993739074
ʎ	j	1.6199092621332989
o̯ˈa	ˈɔ	1.6142538141735605
ˈo	ˈu	1.4914108032177718
n	n_ə	1.4784805070393991
ɡ	ɡ	1.4032543586786774
ˈe	j_ˈɛ	1.3985315693331941
p_t	tː	1.3707112863793705
k	kː	1.3604637312814913
w	ˈɔ	1.351037924453276
m	mː	1.276226179951979
ˈi	ˈɛ	1.193870149201179
ˈa	ɾ_ˈa	1.0399263912805607
ˈɔ_j	ˈa	1.0250078386078014
ˈa	ˈɛ	1.0225521061040603
m	ɡ	0.9409088232947658
l	w	0.9094607532682201
r	r	0.781579126469719
n	nː	0.7783903875457091
ə	ɾ_ə	0.743349983200504
ˈe	ˈɛ	0.7034618052086525
ˈe	ˈi	0.6086137443783772
j_n	n	0.5788730413898453
<#	<#_f	0.4299494239009364
p	k	0.3220130457064468