Phone1	Phone2	PMI
ˈo	w_ˈɔ	7.119163622063619
ʎ	ʎː	6.899381965446064
m	m	6.593177316383309
d	d	6.141495362633996
ʦ	ʃ	5.95551898797716
ɡ	ɡ	5.70795920228752
p	p	5.619513027511519
ˈe	ˈe	5.5769193769750265
ˈi	ˈi	5.510359138773505
ˈu	ˈu	5.463991511778808
l	l	5.343674290854654
s	s	5.341235701814465
v	v	5.178413504259266
t	t	4.9620240823387
k	k_ə	4.524350955214544
ˈɔ	ˈa	4.309531604611902
j	j	4.280929799718997
n	n	4.125664591843922
o̯ˈa	ˈo	4.120538648554947
k	k	4.034901454832301
ˈa	ˈa	3.983695331196885
ˈu	ˈo	3.949616912410705
b	v	3.836836047772061
r	ɾ	3.7549121276112745
p_t	tː	3.738566672530629
n	ŋ	3.4831195406923308
e̯ˈa	ˈe	3.372408966740553
ˈa	ˈɛ	3.328903505858417
r	r	3.110582737424883
i	i	3.0339756254101515
ə	ə	2.929606814822415
l	w	2.6295029009511084
o̯ˈa	ˈɔ	2.568589208920731
k	kː	2.549963164133372
n	n_ə	2.474902232101777
i	ə	2.421356901034261
u	ə	2.391422807865225
ˈe	ˈɛ	2.17024923297188
e̯ˈa	ˈi	2.098320118430169
r	l	2.061145447117585
s	ʃ	2.0165978345523583
w	v	2.005098842329762
ˈɔ_j	ˈa	1.878616377247436
ʎ	j	1.862977107480993
ˈo	ˈu	1.8103227835961544
ˈe	ˈi	1.5744743441823876
l	l_w	1.5402324471274944
ˈi	ˈɛ	1.522595289109811
p	p_ə	1.375646139069448
#>	o_#>	1.374786111582723
ˈe	j_ˈɛ	1.3342334990679272
<#	<#_f	1.291334352755285
v	v_j	1.277275519803513
ˈa_l	ˈa	1.232603095450146
f	f	1.2187271523113128
w	w	1.148013441018109
s	sː_ə	1.1425975342068526
t	t_ɾ	1.141589295981008
ʃ	s	1.1307515927139489
z	d	1.099961246271984
m	mː	1.0894545432342528
t	tː	0.9711442202150804
r	l_ə	0.9598907163926246
ˈo	ˈɔ	0.9427189987458712
n	nː	0.8894677622931569
z	j	0.8824462052614253
u	u	0.8554827620046945
i	e	0.8477440928581801
ə	ɾ_ə	0.7672989869075967