Phone1	Phone2	PMI
f	f	6.27525677320236
ˈo	w_ˈɔ	6.017317998687983
ʦ	ʃ	5.699349075683452
d	d	5.658813820544722
p	p_ə	5.658705767884951
m	m	5.604226977694305
l	l	5.15619985823877
ɡ	ɡ	5.145058210935986
ʎ	ʎː	5.084736383245508
s	s	4.949986235357895
o̯ˈa	ˈo	4.788153112757117
ˈe	ˈe	4.775271827105278
ˈu	ˈu	4.594235058408052
ˈi	ˈi	4.53473389666266
v	v	4.521161416690188
t	t	4.4885679575660085
p	p	4.48468648750286
b	v	4.387886241080707
e̯ˈa	ˈe	4.341755361088699
j	j	4.1806385515175055
z	d	4.131100544904613
k	k_ə	3.9929456984173166
k	kː	3.81454610464055
ʎ	j	3.779959705178107
ˈe	j_ˈɛ	3.7429839066530084
i	i	3.7202589526378653
ˈo	ˈu	3.719656069363211
ˈa	ˈa	3.6274198474780652
r	l_ə	3.627155560522631
n	n	3.5781229395567564
ˈɔ	ˈa	3.550029343901561
r	r	3.5340625943691992
k	k	3.3956295285245788
e̯ˈa	ˈi	3.3869593244568867
r	ɾ	3.3675627269372743
m	mː	3.292833063315298
n	nː	3.1690572642060633
n	ŋ	3.1393312008283623
ˈi	j_ˈɛ	3.122801040301221
ˈu	ˈo	3.087289288769431
p_t	tː	3.043826490187123
ˈa	ˈɛ	2.92943311738776
ˈe	ˈi	2.729449711089746
s	ʃ	2.487695894610929
b	ŋ	2.4791620833069956
z	j	2.357005899575897
o̯ˈa	ˈɔ	2.265481193903113
ə	ə	2.166375764635792
ˈɔ_j	ˈa	2.1515793267902854
ˈa_l	ˈa	2.0630421014051796
w	w	2.040414845970457
s	sː_ə	2.0305526226923023
#>	o_#>	2.0
n	n_ə	1.961351168547429
i	ə	1.9496210874764057
t	t_ɾ	1.9385296217734644
w	v	1.9370525606018842
u	u	1.8338551433983625
t	tː	1.793342494103057
u	ə	1.6953857300226363
ˈo	ˈɔ	1.5069499519147307
i	e	1.3491241797468883
ˈi	f_ˈi	1.3333491630490557
<#	<#_f	1.3019550008653875
l	w	1.2690352308999593
ʃ	s	1.1060183980420342
ʧ	ʃ	0.9448888177233765
ˈe	ˈɛ	0.7499476217561586
d	ɾ	0.7375982336056573
ˈi	ˈe	0.6529713500168965
ˈu	ˈɔ	0.6363383367923234
r	l	0.6306423476092696
ˈi	ˈɛ	0.6144423344284172
ə	ɾ_ə	0.5789551469209863
w	ə	0.2375960211173834