Phone1	Phone2	PMI
ʒ	j	7.470954362720566
n	n_a	6.408423885271216
ʃ	k_a	6.296607067808924
d	d	6.168172735379822
p	p	5.80894770283817
l	l_u	5.314717664707884
y	ˈu	5.091483791923314
m	m	5.058034883486628
b	b	4.997212081878755
v	b	4.911144995328211
f	f	4.870239911778032
s	s	4.779145858574347
t	t	4.6379432360965165
œ	ˈo	4.219897447341263
j	ˈe	4.124103626449909
k	k	4.1136235155942655
u	ˈu	4.108079408570042
i	ˈi	4.092264906183772
t	s_t	3.9921586704841054
l	l	3.880284203595704
w_a	ˈe	3.637009352283464
ɔ	o	3.4876254604516923
s	s_k	3.470948880796401
e	r_e	3.448887034513211
w	ˈi	3.4377975751166936
ɔ	ˈo	3.3975956098073605
e	i_s	3.348242922550233
ɛ	ˈa	3.3172568728371337
ʃ	k	3.3103944654487405
ø	u	3.2975797898609818
l	l_e	3.1656461699354264
n	n	3.0979787423900347
w	ˈe	2.834624324509741
a	a	2.830880791695633
ɛ	ˈe	2.520799412895194
i	ˈi_e	2.439684910239253
ʁ	r	2.320478109374527
t	t_e	2.305053607455598
ʁ	r_u	2.2395103804382184
ɡ	ɣ	2.217852889273881
o	u	2.1683530316190924
a	ˈa	2.040367873380253
w_a	ˈi	2.0185162181280663
ɛ	ˈi	2.004031818924055
ʁ	r_e	1.966245937589055
ʁ	rː	1.9059164256464465
ɛ̃	ˈa_n	1.8519431265129616
ɛ̃	n_e	1.8349216949624223
ɔ̃	ˈo_n	1.6488298816130378
ʁ	e_r	1.547308292707953
l	ɖː	1.486969621205089
o	ɖː_u	1.4609215276989975
ə	e	1.4541510055753035
ʁ	e_r_e	1.3618469998291198
ʁ	r_a	1.3604522594847743
e	ˈa_ð	1.3049101891738142
w	ˈi_ð	1.3039965641603517
u	ˈo	1.291875526624371
e	ˈa_r	1.2709251888853514
ʒ	ɡ	1.1817024577473365
#>	ŏ_#>	1.131284972655556
j	u	1.1152936345766795
i	ˈe	1.1103246664532882
ø	ˈo	0.8333466393905207
e	i	0.8201823545485839
ɥ	ˈo	0.7337010755245184
v	β	0.727854467480236
a	e	0.5646559372744699
j	a	0.4657792893362389
i	u	0.3926775436469536
u	u	0.3672829723954005
e	a	0.3579740460253794
l	r	0.2925072091078186
i	e	0.2509701064790158
a	u	0.0797180315737664
#>	a_#>	0.0775772227726642
#>	u_#>	-0.6506485044946512
#>	e_#>	-0.6136275620244699