Phone1	Phone2	PMI
ˈu	ˈu	6.260484046715357
ð	ʒ	6.223910133166077
i	i	5.503757871677439
m	m	5.4394985623974925
ɡ	ɡ	5.389230336798978
f	f	5.36482659161346
d	d	5.334801032912769
ɲ	ɲ	5.195824901086136
p	p	5.17059587370144
ˈɔ	ˈɔ	5.166456577817285
ŋ_t	n	5.080455497253428
ˈi	ˈi	4.97298115255222
o	u	4.95295830187713
d	ð	4.924307548933942
v	β	4.730493847516307
v_e	w	4.6011297170742695
t	t	4.568904355090249
j	l	4.477166595987445
n	n	4.443094003049255
b	b	4.418068416902718
k	k	4.357225723657266
ˈo	ˈo	4.299753202454054
θ	s	4.214866142458025
s	s	4.111528105241264
v	b	4.019057491857139
ˈa	ˈa	3.8889628574444592
ˈo	ˈɔ	3.87556227101689
ˈe	ˈɛ	3.808988001684701
ɡ_o	k	3.7914260903042503
l	ʎ	3.760578526851144
ˈɛ	ˈe	3.721517009185126
r	r	3.676106233755095
j_ˈe	ˈɛ	3.6748248724995873
ˈa_r	ˈa	3.6507562260342974
r	ɾ	3.602976673055601
ŋ	ŋ	3.459086656407805
ˈe	ˈe	3.3396178497519093
ˈi_r	ˈi	3.273863384966775
ɡ	ɣ	3.267610057998554
l	l	3.2079863663113137
z	z	3.195128239453484
r_o	r	3.142208308132502
ˈi_ŋ	ˈi	3.116743284186623
e	ə	2.962403628073885
a	ə	2.870554067553513
ŋ_k	ŋ	2.819737688315029
ˈa_ŋ	ˈa	2.5430499969144247
j_ˈe	ˈe	2.523423571184481
ˈɛ	ˈɛ	2.400779858925288
ˈo_r	ˈo	2.3681373848754075
ŋ	ɲ	2.354281753897025
<#	<#_ə	2.1117409693141416
z_e	w	1.981205147937015
a	ʎ_ə	1.981172572757376
j	i	1.8623454710302885
ˈe_r	ˈɛ	1.832784646305532
t_o	t	1.7689498414985467
ˈo	ˈu	1.7437236879538416
#>	w_#>	1.596656017494362
ŋ	m	1.527611745824067
ŋ_#>	#>	1.4176170159370869
<#_ʧ	<#	1.387327587800514
o	ə	1.380608428409205
n	ɲ	1.339620145740136
ŋ	n	1.3292806108179185
#>	s_#>	1.2940127628246174
ˈɛ	ˈi	1.2770601475789265
ŋ_ɡ	ŋ	1.270358046690124
e	w	1.1452978655852375
ɡ	ʤ	1.1195218567229233
v_o	w	1.08787786152676
d_e	w	1.0747054055319585
s	ə_s	1.042172023008021
ˈu_r	ˈu	1.0363730464016616
w	w	0.9919372367457284
n	m	0.9592870189506586
<#	<#_ɡ	0.9171126996911384
s	ʃ	0.8892576339666292
n_#>	#>	0.8585563498455693
e_r	ɾ	0.8541740476134105
r	β_ɾ	0.8462101801315534
a	l_ə	0.7106978237581797
r	ɾ_ə	0.6847707676748607
t	ð	0.6701620708062583
ˈa	ˈe	0.644418203471691
i	ə	0.6003706002613947
s	w	0.572265133822398
e_z	ə	0.5027194263109485
j	ʎ	0.4912674897122275
o_#>	#>	0.3075128901010836
ˈo	ˈɛ	0.2401308690250401
#>	ʎ_#>	0.1193575872235891
r_#>	#>	-0.0987173318459581
l_#>	#>	-0.0466574124879483