Phone1	Phone2	PMI
ɲ	ɲ	6.492987263132779
ˈu	ˈu	6.35050928455388
ð	ʒ	6.0114478853074464
f	f	5.733612734536311
ˈi_ŋ	ˈi	5.586668434762347
ɡ	ɣ	5.544127521634149
i	i	5.381283467980619
o	u	5.354245425325526
m	m	5.349428075493277
ɡ	ɡ	5.252361397453597
d	d	5.2253187981809335
ˈɔ	ˈɔ	4.9960575890726
p	p	4.960109624397017
ˈi	ˈi	4.958479495119857
s	ʃ	4.931944239821497
b	b	4.763817797713961
t	t	4.73257134149875
d	ð	4.720140777504167
j	l	4.576225185436269
k	k	4.570277392550654
n	n	4.533466666952485
ˈa_r	ˈa	4.470459103615556
ˈa_ŋ	ˈa	4.3500094069893445
v	β	4.300760786036742
ˈɛ	ˈe	4.235510994203677
j_ˈe	ˈɛ	4.174718344274938
v	b	4.1124457610748495
ˈo	ˈo	4.1104278089993755
θ	s	4.095651711482537
ʧ_o	ʎ	4.055597298083158
ˈa	ˈa	3.994937758577501
ˈe	ˈɛ	3.9252472336870685
r	r	3.9161979925196464
ŋ	ŋ	3.893462016822456
s	s	3.8566485561356494
l	ʎ	3.7414869536349373
ˈo	ˈɔ	3.7159286492221595
r_o	ɾ	3.545474748456409
r	ɾ	3.491242176377166
ˈo_r	ˈo	3.4416606239889593
ˈe	ˈe	3.333258552472463
l	l	3.227115375721905
r_o	r	3.080098584103904
ŋ_t	n	3.025610698344584
#>	s_#>	2.928081167329695
#>	w_#>	2.917281324945262
a	ə	2.836199309172336
e	w	2.7675313581614676
e	ə	2.6744164098244325
ŋ	m	2.5350224603641474
ˈo	ˈu	2.3066152103268487
ˈɛ	ˈɛ	2.2488491701974165
<#	<#_ə	2.0675652977189904
s	ə_s	1.982309095149481
r	β_ɾ	1.775390212290748
a	ʎ_ə	1.7171109639610997
ŋ_#>	#>	1.6547580230515953
#>	n_#>	1.4171172185908865
n	ɲ	1.4142731155477537
o_#>	#>	1.3011042537825601
ŋ	n	1.2940040682414995
r	ɾ_ə	1.2057779872582643
e_r	ə	1.0942588818512415
w	w	1.087728044611375
ˈe_ŋ	ˈe	1.0870389047920843
ˈi_r	ˈi	1.0760804102240085
ˈo_ɡ	ˈɔ	1.0744363088630147
j	ʎ	1.064247568528404
v	w	1.0168036712786868
ɡ_o	k	1.0163924618310098
ʧ	ʎ	1.0079813535946636
#>	k_#>	0.9647498720616546
ɡ	k	0.9628193493691557
r	ˈɛ_r	0.8962779251691273
e_r	ɾ	0.7716324833481408
#>	t_#>	0.7596608281747923
e_#>	#>	0.5097484625616805
ˈɛ	ˈi	0.44674727241471046
r_#>	#>	0.4081006105636469