Phone1	Phone2	PMI
ð	ʒ	6.131673889353967
m	m	5.530350498379871
ɡ	ɣ	5.516625354418309
d	d	5.500399061799748
ˈu	ˈu	5.262779263131197
o	u	5.2048238716965765
p	p	5.177810082402735
f	f	5.177049189780113
i	i	5.13702180495796
ŋ_t	n	5.017256949302363
ˈi	ˈi	4.920689631586465
v	β	4.898803789967541
ˈɔ	ˈɔ	4.840656684012072
j	l	4.835427871453237
ˈa_r	ˈa	4.826623507944456
j_ˈe	ˈɛ	4.730694509100999
z	z	4.672079749254392
t	t	4.585765972470593
b	b	4.488103999041775
n	n	4.446295876109074
k	k	4.391179003586179
ˈo	ˈo	4.302729652859153
ɡ	ɡ	4.122848538814031
θ	s	4.119531735292327
v	b	4.073860089530256
ˈa	ˈa	4.007058709926752
s	s	3.9481661097954293
d	ð	3.944177363256854
ˈɛ	ˈe	3.8896963612639865
l	ʎ	3.821051414735348
ɲ	ɲ	3.7654327865543955
r	r	3.707319507562157
ˈe	ˈɛ	3.6507692237111278
ˈo	ˈɔ	3.638675072686786
r	ɾ	3.613020959402481
ŋ	ŋ	3.400112156593078
l	l	3.2484024786845707
ˈe	ˈe	3.202201364517081
r_o	r	3.1686947758882695
w	w	3.0127636907259516
ˈi_ŋ	ˈi	2.929748714160574
e	ə	2.8859813644144428
s	ʃ	2.822720588856126
a	ə	2.803712486609828
ˈe_r	ˈɛ	2.8030252485833103
ˈo	ˈu	2.6926295205919444
ŋ_k	ŋ	2.6897286739703703
ɡ_o	k	2.659210313992708
ˈɛ	ˈɛ	2.4961553166526356
<#	<#_ə	2.4413349540535845
n	ɲ	2.1993829035742154
#>	w_#>	2.114471264423091
e	w	2.054028734457953
e_r	ɾ	1.939434568506589
n_#>	#>	1.7076132585820951
ˈa_ŋ	ˈa	1.6489598895289823
ŋ_#>	#>	1.529482794187005
j_ˈe	ˈe	1.3753575881687494
j	ɡ_l	1.3574276076696283
o	ə	1.3285174277136829
r	ɾ_ə	1.2058634757854803
ˈo_ŋ	ˈo	1.1924301646720727
a	ʎ_ə	1.1671413682949205
v_e	w	1.1668831699823587
ŋ	n	1.1495454676808057
j	ʎ	1.1226994774634365
z_e	w	1.0867253813822446
ʧ	ʎ	1.0648378372988363
t	j_t	1.0228500340391595
t_o	t	0.980306009154066
i	ə	0.9796859027701503
o	w	0.9587441666467111
ɡ	ʤ	0.9435350215168772
#>	s_#>	0.9311707342035221
r	β_ɾ	0.8846293025626315
ˈa	ˈe	0.8090199504989635
ˈɛ	ˈi	0.6698625924038996
e_r	ə	0.6666725575184305
ŋ	m	0.6306795923289891
ˈo	ˈɛ	0.5905610209058294
e_n	ə	0.45681578364954534
<#	<#_ɡ	0.4538066292910474
s	w	0.4213158669565112
e_#>	#>	0.3485928669575299
o_#>	#>	0.3201143746962948
r_#>	#>	-0.17573096814651246