Phone1	Phone2	PMI
ð	ʒ	6.882931885889722
ˈu	ˈu	6.8089975948332455
ŋ_t	n	6.727104189729719
ˈa_r	ˈa	6.248735480954458
i	i	6.075121027503601
v_e	w	6.069600953694643
ɡ	ɡ	5.995645208355864
d	d	5.9402748252562
m	m	5.935405229348623
f	f	5.888233963314578
p	p	5.809805892280551
ˈɔ	ˈɔ	5.649157270701376
ˈi	ˈi	5.639429138415903
ɲ	ɲ	5.614944878035386
d	ð	5.588337691122942
o	u	5.581112910391791
v	β	5.348857135811571
t	t	5.190837746092389
ɡ_o	k	5.16033527328591
j	l	5.147080247543465
j_ˈe	ˈɛ	5.039681370973183
k	k	4.959801786054315
b	b	4.950354612475525
n	n	4.944118820113262
ˈo	ˈo	4.922374908670601
θ	s	4.89565309357236
#>	w_#>	4.8562742382933655
<#	<#_ə	4.813864322300703
ˈa_ŋ	ˈa	4.809797945634946
s	s	4.637280153093909
v	b	4.554413280296634
o_#>	#>	4.545420853843842
ˈa	ˈa	4.437605223265009
ˈo	ˈɔ	4.431452499739543
ˈe	ˈɛ	4.348887805424213
l	ʎ	4.300960449679141
ˈɛ	ˈe	4.2990071681261215
ˈi_r	ˈi	4.285914594347292
r_#>	#>	4.277278722677244
r	r	4.254609347583404
ˈi_ŋ	ˈi	4.221994690277675
r	ɾ	4.158978422564483
r_o	r	4.149720806022723
ŋ_#>	#>	4.129453193669054
ˈe	ˈe	3.936381687587351
l	l	3.800252919595594
ɡ	ɣ	3.586350946929408
e	ə	3.5794614393051454
a	ə	3.4257797230475133
#>	s_#>	3.415214879350017
z	z	3.4069820775054938
ˈɛ	ˈɛ	2.9962850867266533
ˈu_r	ˈu	2.941871289385841
ŋ	m	2.836099561530751
a	ʎ_ə	2.6971227752491287
ŋ	ŋ	2.5995926556929017
ˈe_r	ˈɛ	2.488658007059617
t_o	t	2.472311876384456
ŋ	ɲ	2.3661355919490354
j	i	2.1718195013760115
j_ˈe	ˈe	2.0868911130848504
<#	<#_ɡ	2.0319297582158398
o	ə	2.0180381174534885
ŋ_ɡ	ŋ	1.679530783920065
ˈɛ	ˈi	1.6621333958910198
ˈo	ˈu	1.590303370606975
ŋ_k	ŋ	1.568304694771515
ŋ	n	1.5631799192621254
p_j	p	1.5321376650868237
n	ɲ	1.510454571813916
v_o	w	1.465735808838245
e	w	1.4248427396193224
ˈo_r	ˈo	1.4248253165840885
d_e	w	1.404413528911871
z_e	w	1.3400279099343992
ɡ	ʤ	1.3336143963372755
s	ə_s	1.2313183519783757
n	m	1.1818696217215925
e_r	ɾ	1.180339284987583
ˈa	ˈe	1.1527912368656106
r	β_ɾ	1.1316888699931036
w	w	1.130048839700507
e_r	ə	1.023349410510969
s	ʃ	0.9968240772667712
r	ɾ_ə	0.9680114449426692
a	l_ə	0.9477960633898416
e_z	ə	0.8447324512942714
l_#>	#>	0.7731542040208503
n_#>	#>	0.7229706027591666
s	w	0.7138165774110022
i	ə	0.708052467514892
j	ʎ	0.6633640929554686
ˈo	ˈɛ	0.3536460693115147
ˈa	ə	-0.079425872546075