Phone1	Phone2	PMI
ˈu	ˈu	6.260804153685989
ɲ	ɲ	6.211122134329576
ð	ʒ	6.1741566413371824
ɡ	ɣ	5.991262846470295
i	i	5.651865438870956
ɡ	ɡ	5.571355711760112
f	f	5.456774068730628
ˈi_ŋ	ˈi	5.389185995035763
d	d	5.379571040358434
m	m	5.254153525129017
p	p	5.17077177472785
o	u	5.129881852969456
d	ð	5.068407809346106
j	l	5.014972033917504
ˈi	ˈi	4.906723873317307
ˈɔ	ˈɔ	4.871008629957202
ŋ_t	n	4.787657125179321
s	ʃ	4.775261185123913
v	β	4.664502775266231
b	b	4.659093474125884
ˈa_r	ˈa	4.584520126822917
t	t	4.583836681619447
k	k	4.362162521062881
n	n	4.219883262431763
ˈo	ˈo	4.19026271579082
ˈɛ	ˈe	4.155253195412934
v	b	4.139754541931511
ɡ_o	k	4.0943679728179685
j_ˈe	ˈɛ	4.091117952792566
θ	s	4.048201769259807
s	s	3.9822266654396095
ˈa	ˈa	3.8950471426111646
ˈe	ˈɛ	3.83664340157512
l	ʎ	3.744685665976376
r	ɾ	3.7329131592603
r	r	3.714422625136384
ŋ	ŋ	3.517829033870459
ˈo	ˈɔ	3.5172361971003143
ˈa_ŋ	ˈa	3.418661894615089
<#	<#_ə	3.3340306360085057
l	l	3.329131963008374
ˈe	ˈe	3.283452829926
r_o	r	3.2828273665469854
ŋ	m	3.0321336642442374
ˈi_r	ˈi	2.9708787143939093
e	w	2.957785375396427
a	ə	2.805920121296849
ˈɛ	ˈɛ	2.786580696299814
ˈo	ˈu	2.6445919350555824
e	ə	2.610592113681248
#>	w_#>	2.4832963246567994
n	ɲ	1.8436725321178768
#>	s_#>	1.838144438912548
ʧ	ʎ	1.794019200915264
ŋ	n	1.649086372091134
ŋ_#>	#>	1.5191436420290678
o	ə	1.4137291792573852
j	ʎ	1.1984359683305716
ˈa	ˈe	1.1280571665537795
w	w	1.080255835654194
e_r	ə	1.0714814922425189
o_#>	#>	0.9654898727600326
r	β_ɾ	0.8800942092869442
e_r	ɾ	0.7859627122405566
ˈo	ˈɛ	0.7721198052040661
a	ʎ_ə	0.5813257881548628
v	w	0.5715250099162416
r_#>	#>	0.4806146264405885