Phone1	Phone2	PMI
ʧ	l_i	7.822819832981893
e	r_i	7.481410470151768
ð	ʤ	7.4066956411101
ˈɔ	w_ˈɛ	7.0595365519215045
ɲ	ɲ	6.958097948383693
ˈɔː	w_ˈa	6.918747102353281
ˈʌu̯	ˈoː	6.450017690182202
ˈuː	ˈuː	6.144256430542913
u	o	6.135324317805536
b	b	6.129298261973233
ˈɛ_r	ˈaː	6.081544208841591
θ	ʧ	5.743528536259597
ˈɔ	ˈɔ	5.713920136376402
ˈo	ˈu	5.712812753108237
ɡ	ɡ	5.544176430613073
e_r	i	5.314731155558489
ˈiː	ˈiː	5.252650790721106
ˈʌ	ˈo	5.2468393168057155
ˈɛ	j_ˈɛ	5.230541404606551
ˈe	ˈi	5.15419069528482
f	f	5.122761050194267
p	p	5.096392902582243
ˈɔː	ˈuː	4.939498256986931
r	a_r	4.900587730402606
m	m	4.860975537480423
d	d	4.81938408607941
i	i	4.714666893512781
v	v	4.67678918726992
ˈæ	ˈɛ	4.569489600133826
k	c	4.519893031348668
ˈiː_r	ˈiː	4.514535877549904
s	s	4.504534227557767
z	z	4.498551109184616
j	j	4.498029381208667
n	n	4.41703102069757
ˈaː	ˈa	4.414190827013715
ŋ	ŋ	4.351555026991532
ˈa_j	ˈe	4.350397430616801
k	k	4.332942135499677
f_j	f	4.263060946929952
t	t	4.2011624145697395
n	ɲ	4.080905232238967
ˈʌu̯	ˈo	3.979587201960269
r	r	3.9476409272138806
ˈa	ˈe	3.941579182437237
l	l	3.7587368816119957
z	s	3.7384327168435054
ˈɛ	ˈaː	3.7135850144625278
a	e	3.6265820337149535
ˈa	ˈa	3.5226864898631858
ɡ	k	3.4920789148730647
u	u	3.4371730159239
ŋ	n	3.3470333020896916
a	a	3.120617861927654
ˈɛː	j	2.9805779621370947
ˈɔ	ˈo	2.8010666492727916
v	f	2.793401974401515
n_#>	#>	2.7749074169570496
ˈiː	ˈi	2.75354134337869
ˈa_j	ˈeː	2.619226588390044
p	p_l	2.3119745926388973
j	ˈeː	2.2766128695750485
ˈo	w	2.048576168146604
e	i	1.9726834310090642
#>	s_#>	1.9501423117235746
d	t	1.884369574990041
ŋ_n	n	1.8623783506292209
r_e	r	1.70634522355374
ˈɛ	ˈɛ	1.6083182047063547
ʧ	l	1.6025760656962509
ˈɛ	ˈa	1.573546449025255
ˈæ	ˈi	1.5594190647796302
d	ˈa_d	1.248711997767473
ˈo	ˈo	1.2172719417538047
#>	i_#>	1.0946942180467292
#>	ŋ_#>	1.0378050174317972
l_ˈɛ	l	0.8542470225339533
n_ˈo	n	0.8326702421866091
ˈuː	ˈu	0.8298893407162093
ŋ	ˈi_n	0.6785145872546278
j	ˈi	0.6468548340521807
#>	t_#>	0.2592929182993529
<#	<#_v	0.24372038046550185
r_#>	#>	-1.0279952412730988