Phone1	Phone2	PMI
ʎː	lʲ_i	9.310668098188517
sː	sː	8.067863634088411
tː	k_t	7.8917927057440815
kː	kː	7.461764524608837
ʤ	j	7.023095491664646
lː	lʲː	6.936179960638404
kː	k_ʊ	6.686292488999685
ŋ	ŋ	6.6266313897332125
b_w	b	6.501356539121423
j	ʊ_ɫ	6.431351954754634
i	iː	6.274445797027115
j_ˈɛ	ˈɛ	6.243830229454084
f	f	6.140744853737193
w_ˈɔ	ˈɔ	6.056635178359363
ˈu	ˈuː	5.904110896856219
b	b	5.832534645490735
ˈe	ˈeː	5.609868286769825
v	w	5.581776792593119
ˈɔ	ˈau̯	5.579876148935608
ˈi	ˈiː	5.525659953116597
ʤ	ɡ	5.437243809937251
tː	tː	5.422178476399401
ˈɛ	ˈɛ	5.37525613342322
ʃː	s_k	5.285486556720959
d	d	5.260527899490431
m	m	5.23361337557201
ˈe	ˈɪ	5.206138545465445
ˈo	ˈoː	5.154101600383472
ˈɔ	ˈɔ	5.113025089977015
ˈo	ˈʊ	4.949198053786434
i	ɪ	4.90756751421267
p	p	4.878556237693354
ɡ	ɡ	4.857778690052991
l	l	4.750151495786845
s	s	4.659526271867872
bː	b	4.574583914949256
l	ɫ	4.559907504582831
z	s	4.559022267570719
ˈi	ˈi	4.450459879612884
t	t	4.415644747653449
ˈa	ˈa	4.172341355396897
o	i_ʊ̃ː	4.1410722821788575
ˈa	ˈaː	4.106311936770365
ˈa	i_ˈaː	4.101867236089123
n	n	4.0666846887710655
j	ɫ	4.038434546632501
a	ãː	3.958363552359819
k	k	3.9489610367415136
ˈe	ˈɪ_ɡ	3.9431389221032433
<#	<#_h	3.942222369665874
ʧ	k	3.9363138701956153
r	r	3.8544249199264975
a	a	3.828321200347968
a	aː	3.7582069922800456
e	ɛ̃ː	3.612566122237189
ˈu	ˈʊ	3.551989645257557
o	oː	3.550004072726382
o	ʊ̃ː	3.5358797270154803
ɲː	n	3.521408639546204
e	ɛ	3.504911430174318
j	i	3.448013727348081
o	ɔ	3.2137346652972827
i	eː	3.1773151652821365
j	l	3.1635863344637785
k	kʷ	3.036036505168957
e	ɛ̃	2.8071818583520685
ɲː	i	2.7668757677582825
o	e_ʊ̃ː	2.724227450607775
#>	s_#>	2.7058993547682286
e	ae̯	2.6225449777622347
ɡ	k	2.612524566447986
ˈi	ˈɪ	2.331466698221852
ˈo	ˈɔ	2.316822927339033
n	ŋ_k	2.0186710733865003
n	ŋ	1.9284761517302929
a	i_ãː	1.829586538426549
o	ʊ_s	1.7956979718266686
i	ɛ	1.7454118045676523
ʦː	t	1.6605840102872285
ɲː	n_i	1.6526935403246956
v	b	1.5924700868437596
tː	t	1.578799180516639
k_w	kʷ	1.5255469102847308
o	ʊ	1.5046801163132515
ˈɔ	ˈʊ	1.1155607253501036
e	eː	1.112275025553536
ʃː	s	0.993525319704146
ˈa	ˈa_k	0.8200931218458342
e	ɪ	0.7556271715372761
ˈe	ˈiː	0.5169310379118837
ˈe	ˈɛ	0.4237717344792537