Phone1	Phone2	PMI
ŋ	ŋ	6.946861151173719
j	j	6.914462003141579
ɣ	ɣ	6.627878808274325
i	i	6.547509152607009
ð	ð	6.497569335174437
ɪ	ɞ	6.179867118805449
ʃ	ʤ	6.157303951916871
d	d	6.092973002364832
ɡ	ɡ	6.058656129376928
ɲ	ɲ	5.84709672436514
ɲ_ʊ	ɲ	5.828163156702596
a	a	5.750962516543755
o	u	5.743622846341348
β	β	5.735817491881642
f	f	5.705717819024951
ˈu	ˈu	5.509023179558078
m_ɪ	m	5.46842306045335
ʎ_ʊ	ʎ	5.153417873818314
ɾ_ʊ	r	5.10525835210051
ɣ_ʊ	k	5.044669487760579
p	p	5.0433221053245605
ˈi	ˈi	5.017839879543987
e	e	4.940544370509904
t_ʊ	t	4.939648292008901
m	m	4.923185785468196
b	b	4.921418056922529
t_ɪ	t	4.90589815355871
ʧ	p_l	4.864027518806964
w	w	4.85366432742997
ˈɔ	ˈɒ	4.781476878326197
s_ʊ	s	4.768025034021874
b	v	4.664895755351212
ˈo	ˈo	4.579140798875519
ʎ	ʎ	4.509371257508065
k	k	4.5054919747134905
n	n	4.494680780453246
ˈɛ	ˈe	4.370877374555691
t	t	4.318888862483795
θ_ʊ	w	4.317693021184351
s	s	4.260924106784326
l_ʊ	ʎ	4.216699410370947
k_ʊ	k	3.979732805133036
ɐ	ɐ	3.961638541755135
l	ʎ	3.889959736270915
θ	s	3.885536773721409
ð_ɪ	t	3.864108739923631
r	r	3.8626867322771496
ˈe	ˈæ	3.8158767230974138
ˈa	ˈa	3.8009295953300746
ˈe	ˈe	3.792434984931295
ˈɛ	ˈæ	3.7607240593466056
ɐ	ɜ	3.748579427998248
ˈɑ	ˈa	3.646533057628544
ŋ_#>	#>	3.5736422859561747
ʃ	ʃ	3.4706531156247107
ɾ	r	3.441705296096891
ɐ	ɞ	3.4304172553140244
ɾ	ɾ	3.38656212015022
β	w	3.372310826666013
l	l	3.328043884329889
θ	w	3.27038885222755
ʧ	l	3.2593629282961176
ˈo	ˈɒ	3.063755635849228
ʊ	u	2.992261924539597
ˈo	ˈɒ_n	2.9742996130245376
ˈo	ˈu	2.90169307046446
ɲ	n	2.8249995039801887
ɾ	w_ɾ	2.816675579843852
β	v	2.789666824811265
ˈɑ_ŋ	ˈa	2.7411593182341014
#>	l_#>	2.3105097680489277
ˈe_j	ˈi	2.293000517610885
r	ɾ	2.2492488363637912
ð_ʊ	t	2.047791570740054
n	ɲ	1.9749313378605715
ˈe	ˈæ_w	1.7803929119528332
s	z	1.7151099689929803
ˈe	ˈi	1.6373428202675284
j	ˈi	1.434247702228547
w	l	1.379614111385161
ɾ	ɾ_ɜ	1.2510988103712166
e	u	1.1317217685630043
β_ɪ	w	1.1309462522904885
ˈo_w	ˈɒ	1.1226846684055247
ð	t	1.088074993755494
ˈa	l_ˈa	0.8766095533498846
ɪ_#>	#>	0.8709156795232849
w	ˈɒ	0.8382823479965585
ʊ	e	0.8067634596704965
e	i	0.7359267171731195
β	p	0.4218420180761493
#>	ɜ_#>	0.0094611429556713
ʊ_#>	#>	-0.7862526394601346