Phone1	Phone2	PMI
z	z	6.778185655789305
ð	ʒ	6.635548175551445
ˈɛ_l	o	6.559079941414737
ɡ	ɡ	6.363323945167755
ˈu	y	6.035837961044697
ˈa_r	e	5.78000200964356
ˈi_ŋ	ɛ̃	5.680518714265436
e	ə	5.64675223738073
d	d	5.392145194955203
b	b	5.273732440211252
p	p	5.11672674518279
ˈe_ŋ	ɑ̃	5.077868758287372
t	t	4.988344457478435
ˈo	œ	4.977567738088409
n_a	n	4.977262395999018
ˈa_ŋ	ɛ̃	4.930076040692408
f	f	4.869595709047067
k_a	ʃ	4.769769102660647
m	m	4.730441055956207
v	v	4.611416270604241
n	n	4.597570241065041
ˈɔ	ɔ	4.358272177740258
l	l	4.303415791262223
s	s	4.298642469323668
ˈi	i	4.298289158809917
s_t	t	4.25935219150788
k	ʃ	4.251423406016513
ˈɛ	ɛ	4.224673837224067
θ	s	4.214270586065091
ˈo	u	4.212158017930863
k	k	4.202566759709182
j	j	4.201391877251045
m_a	m	4.075170288844976
ŋ	ɛ̃	4.034791105355304
l_a	l	4.034379348974504
o	ɔ	4.020228737410048
ˈa_ŋ	ɑ̃	3.9764626049274656
a	a	3.9168071010144905
e_r	ʁ	3.473051267713481
ˈe	w	3.469415017686297
r_a	ʁ	3.464922870814012
k_w	k	3.317358418118573
ˈɔ	o	3.073981166170709
ˈa	ɛ	3.0588483508726907
ˈo_ŋ	ɔ̃	3.016853979059256
j	l	3.0001770761134843
ʧ	j	2.975140743741432
r	ʁ	2.956232854012629
ˈe	ɛ	2.899900775276368
r_o	ʁ	2.85863425254262
o	ø	2.8463375005581133
t_#>	#>	2.636285001052585
e	a	2.602447772136194
ˈu	u	2.602137453544081
ˈa	a	2.571199180522991
o	u	2.394442460333257
s_#>	#>	2.3905513707592454
e_#>	#>	2.1031795467270022
t	ɥ	2.0409215725330463
ˈa	e	1.867655762482399
ˈo	ɔ	1.7781175330305188
ɡ_o	ø	1.4364219641768567
<#_s	<#	1.4010255930123563
o	a	1.3835510706814969
n	ɑ̃	1.379989494337271
ˈe	w_a	1.2407220094565143
r_e	ʁ	1.231891139535352
t_a	t	1.0948581144755187
e_m	m	1.0807887042877338
k	e_k	1.0049383948317046
ˈe_d	w	0.9382575576988572
o_#>	#>	0.7316576817056766
ˈɛ	i	0.6281020113984542
ˈe	i	0.5801036805129265
l_#>	#>	0.2608991735420283
a_#>	#>	-0.4875887404523265