Phone1	Phone2	PMI
z	z	6.890915834540336
ˈe_ŋ	ɑ̃	6.377328951743865
ˈu	y	6.195320952849325
ˈɛ_l	o	6.183722488989291
ɡ	ɡ	6.092340655614244
ˈi_ŋ	ɛ̃	5.945332227434829
ð	ʒ	5.832641560684458
ˈa_ŋ	ɛ̃	5.823550670624168
ˈo_ŋ	ɔ̃	5.787074796106016
ˈa_r	e	5.687068080638904
#>	f_#>	5.657868096041212
e	ə	5.56566288969022
b	b	5.324879145729846
f	f	5.170832316431743
d	d	5.168012870373161
n_a	n	5.0762266138267815
t	t	5.068657864305405
p	p	4.992975843233665
m	m	4.935128409698246
o	ɔ	4.831321228694988
v	v	4.707493460682884
s_t	t	4.705778535270345
s	s	4.612394913872783
n	n	4.570749534334783
k	k	4.406236652710612
ˈo	œ	4.394890178938132
θ	s	4.3906745514130945
ˈi	i	4.3017679727170846
ˈɔ	ɔ	4.292790544618179
m_a	m	4.159280785539897
ˈɛ	ɛ	4.11231751919521
ˈo	u	4.075136518888895
ŋ	ɛ̃	4.029588103644417
l	l	3.9776564999888295
j	j	3.9673214595390873
t	ɥ	3.9291587891838406
ʧ	j	3.89154111422534
r_a	ʁ	3.8769370005127426
k	ʃ	3.8649900651616473
r_o	ʁ	3.8628591349344625
ˈo_ɡ	ø	3.8109467763847387
a	a	3.752782180543051
ˈɔ	o	3.689533527900681
k_ˈa	ʃ	3.5953978034083516
#>	i_#>	3.569405477455628
k_a	ʃ	3.565388458869978
#>	ʒ_#>	3.2951118577978047
r	ʁ	3.2822274746057754
ˈe	w	3.2622732759091204
ˈe	ɛ	3.1217249326733176
e_r	ʁ	3.0688004478502777
e_#>	#>	3.0103312472710795
ˈa	ɛ	3.005283345185115
j	l	2.8566974748612823
ˈu	u	2.713598030329733
ˈa	a	2.6561048325029986
t_#>	#>	2.5659499133963024
#>	a_#>	2.5523287135763724
ˈa	e	2.5249401210289135
s_#>	#>	2.485337608425728
e_m	m	2.262603972061444
ˈo	ø	2.175969031664727
k	e_k	1.99704158526581
o	ø	1.9200414900275637
d_j	d	1.9170467877716526
j_ˈe	i	1.8919758588765583
l	a_l	1.7724265407998054
ŋ	ɑ̃	1.7586111189588036
ˈɔ	u	1.73294311230893
ˈo	ɔ	1.5595182964410679
ˈe	w_a	1.5539085761250433
<#_ˈa	<#	1.5441343573651114
r_e	ʁ	1.4931791808810877
<#_s	<#	1.484033092868125
n	ɑ̃	1.4423371254093198
o_#>	#>	1.3851537438786738
#>	j_#>	1.2222062624777488
e	a	1.201240812690552
t_a	t	1.1992540752652103
ˈe_d	w	1.0168137811743823
ˈa_ŋ	ɑ̃	0.9070958441752278
e	w_a	0.8313835553789888
l_a	l	0.8311132802393348
a	y	0.8043371176552163
o	u	0.7411649182631767
r	d_ʁ	0.6931805205102857
#>	e_#>	0.69120185606703
r	a_ʁ	0.6365068153364414
ˈɛ	i	0.5626362831400598
ˈe	i	0.3970296004222945
a	ɛ	0.3931859332222009
l_#>	#>	0.34390667339779707
a_#>	#>	0.23937321059649425