Phone1	Phone2	PMI
k_a	ʃ	7.587503692805971
ɡ	ɡ	7.283829820196319
n_a	n	6.927811729929279
p	p	6.912671497898641
d	d	6.394547231530417
z	z	6.286511041147828
t	t	6.0843413317145165
ð	ʒ	5.855175545956314
ˈi_ŋ	ɛ̃	5.796451460216359
ˈa_r	e	5.75946665204069
b	b	5.605791475757456
ˈɔ	ɔ	5.509001955924883
k	e_k	5.373294990499254
n	n	5.36092905348701
o	ø	5.341954785525738
m	m	5.306143760664935
ˈa_ŋ	ɑ̃	5.187559806281447
ˈi	i	5.125132273115022
l	l	4.933050471595698
k	ʃ	4.914580817281133
v	v	4.887484129377977
ˈo	œ	4.868549231967935
f	f	4.830424516316372
l_a	l	4.81567578648508
t_#>	#>	4.736620304123549
e	ə	4.700261318041651
s	s	4.694242245651717
k	k	4.691089300971498
o	u	4.672875510447485
j	j	4.606279513148699
θ	s	4.473731222046013
r_a	ʁ	4.292873612809079
ˈu	y	4.178704222915076
o_#>	#>	4.16300136914123
a_#>	#>	4.050801711908819
<#_s	<#	4.00327991861134
ˈo	u	3.9831472037789513
m_a	m	3.960879981198007
a	a	3.959251344315741
ˈɛ	ɛ	3.896101964176268
ˈa	ɛ	3.785723975629673
ˈe_d	w	3.7310598128598462
r	ʁ	3.676026547012383
θ_a	s	3.577276317607815
ˈo	ɔ	3.3077332739629863
j	l	3.2540444553873447
ˈe	w	3.2268208397532314
e_#>	#>	3.096955372620865
ˈe	ɛ	3.0625535195660745
ˈa	a	3.061883471497581
r_o	ʁ	3.018417110746392
ˈa_ŋ	ɛ̃	3.0094822301853204
e	a	2.9470846691489583
k_w	k	2.760756312440422
s_t	t	2.614169122880752
a	ə	2.5999149056284465
ˈe	w_a	2.49577286887356
o	ɔ	2.386603195185887
ŋ	ɑ̃	2.3586190805365304
ˈa	e	2.3305974232851607
ˈe	i	2.1663298236637103
ˈu	u	2.1451434741283397
ŋ	ɛ̃	2.1061662767988523
i	i	1.995524488319064
ŋ_#>	#>	1.9880257838759452
ˈɔ	o	1.9504379164005767
ˈɛ_l	o	1.8787777933005632
ˈɛ	i	1.8205727273393677
n	ɑ̃	1.7764226606659888
ˈe_n	ɑ̃	1.7617852931563316
ɡ_o	ø	1.662877313703247
ŋ_t	t	1.5313846744673218
s_#>	#>	1.521768185999705
ɲ	ɲ	1.475792528117944
t_a	t	1.4188781539942736
#>	f_#>	1.3427779851806043
o	a	1.281533878969014
e_m	m	1.2800136945067249
ˈo	ɥ	1.1949468546120714
f_ˈi	f	1.1868914695731037
v	v_w	1.1455009926605009
d_e	a	1.1382912435192116
ʧ	j	1.0881426676004753
e_r	ʁ	1.0400624495280413
<#	<#_ɡ	1.0155706481175193
r_e	ʁ	0.9643601248772956
l_o	l	0.9338927456585616
ˈɔ	œ	0.9015655067721828
r_t	ʁ	0.8813526250215264
e	e	0.8710786721061432
r	a_ʁ	0.8703257079699627
j	ʒ	0.8554429211438993
a	j	0.8386608397005016
r_#>	#>	0.8227528574753966
l_#>	#>	0.812338507232325
v	f	0.3769664814026499
ˈo	w	0.3385215524716981