Phone1	Phone2	PMI
ŋ	ŋ	7.422180327361058
ɲ	ɲ	6.841913022289219
ʃ	e_s	6.607945758220967
o	u	6.412072029441132
ʒ	ʤ	5.910660733450247
f	f	5.849455430667757
b	b	5.721015463395058
ɡ	ɡ	5.681324941822044
ˈu	ˈu	5.620920932300445
ɡ	ɣ	5.535575924349797
d	d	5.454832089154388
m	m	5.359334283219264
ˈo	ˈo	5.315899541358354
i	i	5.181244416036576
v	v	5.162043723177911
ˈe	ˈa_r	5.157565911539461
ˈe_j	ˈæ	5.130074750842082
d_l	ʎ	4.961654429011902
d	ð	4.827331384404401
ˈɔ	ˈɒ	4.802536442679173
ˈi	ˈi	4.7940410563327065
p	p	4.698719747141312
e	e	4.578296539980586
n	n	4.525553349312138
k	k	4.398500215446144
t	t	4.197856126091648
s	s	4.125256776945095
ˈi_n	ˈi	4.07421261822876
ʧ	s	4.044069800849462
ʨ	k	4.006599481023364
j	w	3.988561421755331
w_ˈɛ	ˈu	3.9740608365512498
e_r	ɾ	3.92888396113326
ˈa	ˈa	3.920323303946755
l	l	3.877591886770915
w	l	3.863096015971268
w_ˈɛ	ˈɒ	3.743663632691113
l	ʎ	3.7423288281948266
ˈɛ	ˈe	3.618732660218885
r	ɾ	3.598475073604508
ˈe	ˈæ	3.590556889436284
ˈɛ_f	w	3.5773567954828627
a	a	3.567147569138544
r	r	3.524731100054449
a	ɐ	3.504710805019376
ˈi	ˈi_r	3.473152675529796
w	ˈɒ	3.345529665901437
a	ɜ	3.2361715126203947
ʦ	s	3.090805604227673
a	ɞ	2.929709180582963
ˈe	ˈe	2.905049334611068
ˈo	ˈu	2.808754447755253
t	t_ɾ	2.803771009226736
b	β	2.601874683625144
ˈɛ	ˈæ	2.589902412981975
ʃ	w	2.449822657922079
ˈo_w	ˈo	2.411923088145368
ʃ	ʃ	2.36799845416455
e	ɾ_e	2.249321587262665
j_ˈɛ	w	2.2399939055590683
n_#>	#>	2.124449124679834
j_ˈɛ	ˈæ	2.035320640610762
ʨ	s	1.867782159080957
ˈa_n	ˈa	1.8344569440215843
ˈɛ	ˈa	1.8307464021934248
v	β	1.6744617908669732
#>	s_#>	1.663650877261193
e	ɞ	1.5845517086626664
ˈo	ˈɒ	1.5302862001500095
ʃ_#>	#>	1.4794818667081375
j	ˈi	1.4159925751287887
ˈo_n	ˈo	1.1771332197693083
ˈɛ_k	k	1.023954771379016
r	β_ɾ	1.0093423272831672
ˈa	w_ˈa	1.0080135377086084
f_#>	#>	0.9057559330656064
e_r	e	0.8825785661580795
ˈɛ	ˈi	0.8681024565556725
s	ʃ	0.8611305341514806
ˈe	j	0.8227211545577084
ˈe	ˈi	0.6298726431873387
#>	w_#>	0.6265493654100568
e	ɾ	0.4846998156054081
#>	ɜ_#>	0.3687400178206659
ˈɛ	ˈu	0.3600601653777042
#>	ɞ_#>	0.3397409333540689
r_#>	#>	0.271770932777144
#>	r_#>	-0.0708947145406455
#>	ɐ_#>	-0.0610329130417422