Phone1	Phone2	PMI
ˈɛ_l	ˈɛː	8.273118081396465
ŋ	w_n	6.528642331251212
ˈe	ˈa_j	6.289156501304502
f	f	6.254107415536447
p	p	6.241140303344831
m	m	6.05220436059453
θ	ʧ	5.973945589384587
o	u	5.964349598665438
b	b	5.896177085293395
z	ʃ	5.680434670152672
v	v	5.660945321461699
ˈo	ˈuː	5.505744737357402
ˈi	ˈiː	5.369563492310552
ˈi	ˈi	5.2215153470707385
ˈo	ˈu	5.211749938103609
d	d	5.116817862939614
ˈɛ	ˈɛ	5.101053904019604
l	l	5.097711311378557
ɡ	ɡ	5.080487533985373
t	t	4.848317735615271
ɲ	ɲ	4.795295773190655
k	k	4.792691447476151
o	o	4.76501152482422
ˈe	ˈe	4.706889119548277
ˈa	ˈaː	4.686886488081158
s	s	4.657973606915991
k	ʨ	4.60642271960954
o_#>	#>	4.494448609150582
#>	s_#>	4.472345652108597
n	n	4.422912232369683
ˈɔ	ˈɔː	4.309921885701308
s	ʃ	4.253043454187646
ˈu	ˈi	4.226633736720674
b	b_ˈa	4.0800486188686085
ˈɛ	ˈɛː	3.950652078491048
ŋ	n	3.948689622006919
r	r	3.86287729556208
a	ə	3.8416742283974665
e	ə	3.808109773063657
j_ˈe	ˈiə̯	3.7991612616888
ˈa	ˈa	3.797822019049966
ˈu	ˈu	3.718562372442821
ˈɔ	ˈɔ	3.7063430226089418
e_#>	#>	3.64681240889308
r	w_r	3.318827603050678
ɡ	ʥ	3.129724723365753
r_o	r	3.067595067569487
ˈu	ˈiː	2.928081031150926
ð	ʥ	2.882928554515768
ˈɔ	ˈo	2.8725718207255007
f	f_j	2.871661105096625
ŋ	ŋ	2.849248117567336
#>	t_#>	2.7135104599123743
u	i	2.691031728114247
ˈe	ˈɛ	2.627860865725687
#>	ʎ_#>	2.4631249570501423
ˈɔ	ˈa_w	2.452931948328977
j	ʎ	2.393148293323017
e_r	r	2.2883113360368474
t	ʨ	2.2525441468029204
w	w	2.096513834265345
e	i	2.077788438588489
ˈa	ˈɔ	2.0731782485968617
ˈɛ	ˈiə̯	2.016152625157948
j	l	1.9916472349126328
ˈe	ˈeː	1.7133996258991038
θ	s	1.679856191794634
ˈo	ˈɔː	1.6493735126116589
o	ˈɛ_w	1.603396462035197
p	p_l	1.5821511503666594
o	w	1.5021387225973903
ˈe	j	1.4968069721800108
ˈo_ɡ	ˈɛ	1.4943338000837776
v_ˈe	v	1.4295292319529689
d	d_ˈa	1.415876429602482
l	l_j	1.287994385698366
e	ə_r	1.2446859770444445
ð	ʃ	1.1199902299685474
a	ʎ_ə	1.1001927721502265
e	e	1.093583737891099
o	ə	1.0227530577477133
j	j	0.9628727917013814
a	l_ə	0.911845038076261
o	ˈɛ	0.8687350706464194
<#_j	<#	0.7277557972508291
l	ʎ	0.7209295223645174
ˈi	j	0.4431797432538779