Phone1	Phone2	PMI
p	p	6.122807896337457
ɡ	ɡ	5.933030061083279
ɲ	ɲ	5.62678320849244
θ	ʧ	5.578229531068933
f	f	5.572261507903012
o	u	5.544776338275425
m	m	5.467546054371225
b	b	5.285423527698897
ˈi	ˈiː	5.15608612791609
ˈɔ	ˈɔ	5.1121890159856935
ˈi	ˈi	5.073078628060322
v	v	5.035602337946577
ˈɛ_l	ˈɛː	5.008560210799802
ˈe	ˈa_j	4.854420468250402
ˈo	ˈuː	4.830365891876141
o	o	4.737319040025039
d	d	4.614090295473583
l	l	4.515058223778413
ˈo	ˈu	4.511799743065242
ˈɛ	ˈɛː	4.419687901850292
t	t	4.371711848261169
k	k	4.2724245893522586
ˈɛ	ˈɛ	4.241437574205385
s	s	4.169373860407769
ˈe	ˈe	4.138936489122525
ˈa	ˈaː	4.11173366037742
k	ʨ	4.091291511596968
n	n	4.01205064191286
z	ʃ	3.848043736760788
s	ʃ	3.732671053682669
ŋ	n	3.444001397303481
ŋ	w_n	3.351460302323245
r	r	3.258238123948234
a	ə	3.2492698749017794
e	ə	3.161819608930431
ˈa	ˈa	3.0960781316487784
ˈu	ˈi	3.022098638430398
ɡ	ʥ	2.958740949233785
ˈe	ˈɛ	2.844587335722159
j_ˈe	ˈiə̯	2.8285923445250503
j	ˈiə̯	2.79686527857644
ˈa	ˈɔ	2.7380826463626007
ˈɔ	ˈa_w	2.6494556462159986
ˈɛ	ˈiə̯	2.530470326909352
u	i	2.514351369197752
o	w	2.47734236320106
j	l	2.455094738565139
r_o	r	2.280965854172246
b	b_ˈa	2.233801180108965
ð	ʥ	2.214231346876707
ˈu	ˈu	2.164782545800838
ð	ʃ	2.147146516219977
ŋ	ŋ	2.1113106904804884
z_e	ʃ	2.0254093648060563
e	e	1.969536409368148
#>	s_#>	1.9387296961496217
e	i	1.926744237166043
w	w	1.9085221000658488
a	ʎ_ə	1.8213856298721167
t	ʨ	1.6865301824379877
ˈu	ˈiː	1.681023218729679
ˈa	ˈa_w	1.5668987493802111
ˈɔ	ˈo	1.4831750919860636
ˈe	ˈeː	1.4012181717684062
ŋ_ɡ	ŋ	1.3426573195393392
#>	ʎ_#>	1.264030886194386
f	f_j	1.2016246753626842
p	p_l	1.1868352066928312
j	ʎ	1.172359708793084
r_o	w	1.1576258191682065
ˈe	j	1.0117024964250525
d	d_ˈa	1.0059031094707112
ˈo_ɡ	ˈɛ	0.991610819456669
e_#>	#>	0.9629172348953168
<#_j	<#	0.9549574119202348
θ	s	0.9061953544582426
r	w_r	0.8916284894979458
ˈo	ˈɔː	0.8369643530102255
ˈɔ	ˈu	0.7858540776949046
e_r	r	0.7843746439016226
j	j	0.73713163242983
o	ə	0.6779979117475182
a	l_ə	0.6730216326956134
#>	t_#>	0.464872235760704
ˈi	ˈɛ	0.4332191974922622
ŋ	m	0.2641881264657879
ˈe	ˈa	0.144599165025217
o_#>	#>	0.1427104806337193