Phone1	Phone2	PMI
ˈɛ_l	ˈɛː	6.907469402663137
ʧ_o	ʎ	6.433640691700452
θ	ʧ	6.195496545163922
ɡ	ɡ	6.150332533653242
b	b	5.963783072798721
ɲ	ɲ	5.947119848284081
f	f	5.83393763544722
ŋ	w_n	5.526992977968646
ˈɔ	ˈa_w	5.517408101538211
o	u	5.489846977837723
m	m	5.437355945139019
ˈe	ˈa_j	5.402709503350354
p	p	5.348947206628212
ˈi	ˈiː	5.076381346122656
ˈɛ	ˈɛː	4.978344798745573
ˈi	ˈi	4.941492444201026
t	t	4.872956577411223
z	ʃ	4.787227599434455
ˈɛ	ˈɛ	4.779356927930619
ˈo	ˈuː	4.717523956296401
d	d	4.643575530058235
v	v	4.5976888503179945
k	k	4.316900671625537
l	l	4.2999804584362336
ˈo	ˈu	4.298929238313548
ˈa	ˈaː	4.2952798825871605
s	s	4.274587807593322
s	ʃ	4.038703641180277
ˈe	ˈe	3.9864970567884903
k	ʨ	3.979853737998257
n	n	3.948154060673062
ˈu	ˈu	3.9382315143358224
r_o	r	3.898439048449644
ˈɔ	ˈɔ	3.881372641672952
ˈu	ˈi	3.8692781137907213
o	j_ˈɛ	3.7588926269475422
e	ə	3.547696381738447
a	ə	3.4923330107762047
r	r	3.460040743832258
ŋ	n	3.37406096611783
ˈa	ˈa	3.340673100297212
#>	s_#>	3.317484991934619
<#_j	<#	3.2118880952988493
z_e	ʃ	3.0062437332420857
ð	ʥ	2.8261817833456244
j	ˈiə̯	2.793612451281832
e_#>	#>	2.7914161802670314
w	ŋ	2.7484108232427533
#>	w_#>	2.5929405942892307
ˈa	ˈɔ	2.4878946969320084
t	ʨ	2.4017234850173845
j	l	2.2175765198926456
ˈe	ˈɛ	2.1875571817145048
o	o	2.177486458831179
#>	ʦ_#>	2.1412587301992327
ˈo_ɡ	j	1.9609193434407381
ˈɔ	ˈu	1.9552024575817213
v	f	1.8970504753805069
e_r	r	1.6881814743527168
ŋ	m	1.6545792580092349
ˈu	ˈiː	1.5779575576014413
j_ˈe	ˈiə̯	1.4722584675795558
o	ˈɛ_w	1.2538008058948011
j	ʎ	1.0135051683021632
o	ˈɛ	0.8333534017958625
#>	t_#>	0.8118880952988495
r_e	r	0.7727028815221999
o_#>	#>	0.7449865696811626
#>	ʨ_#>	0.6892512459779129