Phone1	Phone2	PMI
ˈɛ_l	ˈɛː	6.440533271291083
ɡ	ɡ	6.31099220342246
f	f	5.968159428670767
θ	ʧ	5.891770595955667
b	b	5.850282057613478
o	u	5.729234800497775
p	p	5.552972818844241
ɲ	ɲ	5.545143953855801
m	m	5.267104418779805
ˈe	ˈa_j	5.201530237357928
ˈɔ	ˈɔ	4.957332711573998
ˈo	ˈuː	4.948560701615329
ˈi	ˈiː	4.819962216566454
d	d	4.802606243781921
z	ʃ	4.7906638601038605
ˈɛ	ˈɛ	4.776864778975203
v	v	4.746342730249201
ˈo	ˈu	4.673213947279121
ˈi	ˈi	4.649079923451477
ˈɛ	ˈɛː	4.612859028556661
t	t	4.572540352691646
l	l	4.378358501814509
k	k	4.26808900561488
ˈe	ˈe	4.1803905383984885
ŋ	w_n	4.103646724241875
ˈa	ˈaː	4.091467036453635
s	s	4.090177846473074
k	ʨ	3.9845601601795817
ˈu	ˈu	3.888401971053776
s	ʃ	3.871495567556113
n	n	3.8199223719989184
j	ˈiə̯	3.707906712857136
e	ə	3.565527230973001
ˈu	ˈi	3.525636672934965
r	r	3.348000454866655
a	ə	3.297413354143269
ˈe	ˈɛ	3.253140192514886
ˈa	ˈɔ	3.213003551897883
ŋ	n	3.1365594692756
ˈa	ˈa	3.121674219428093
#>	s_#>	3.041320635146433
ŋ	ŋ	2.546672550729644
o	o	2.365626413846216
j	l	2.340207595213061
#>	ʎ_#>	2.2430621888297244
ˈɔ	ˈa_w	2.211726480270591
r_o	r	2.200590582354669
t	ʨ	2.153536017747048
e_#>	#>	1.4759480941449996
ð	ʥ	1.407913799903688
ˈu	ˈiː	1.399758427757502
j	ʎ	0.9505232545023108
j	j	0.9280781340709172
o	w	0.8196536746248183
o	ə	0.8143070233226092
o_#>	#>	0.7110015693927002
ˈa	ˈa_w	0.7086258554329857
ˈe	ˈeː	0.7050004190136001
ŋ	m	0.3754072815036431