Phone1	Phone2	PMI
ɲ	ɲ	7.042020879578544
ð	ʥ	6.739589934361207
ˈɛ_l	ˈɛː	6.383236888589473
j_ˈe	ˈiə̯	6.298899299309705
ɡ	ɡ	6.127519375611078
p	p	5.908784393313675
b	b	5.839502603397976
θ	ʧ	5.802494053623531
o	u	5.414307866484382
f	f	5.365124575954304
m	m	5.263360796633002
ˈɔ	ˈɔ	5.2575249043773615
ˈe	ˈa_j	5.216967200902269
ˈo	ˈuː	5.189593046261263
b	b_ˈa	5.115132977277912
z	ʃ	5.098205057904695
ŋ	w_n	5.095439003609624
v	v	5.012437953952238
f	f_j	5.010541844484756
d	d	4.927761944301771
ˈi	ˈiː	4.817781205170069
ˈo	ˈu	4.770875764817317
ˈi	ˈi	4.64837481812821
o	o	4.641821183798835
ˈɛ	ˈɛː	4.557946381654027
ˈɛ	ˈɛ	4.425275093548386
ˈɔ	ˈɔː	4.333289649853657
l	l	4.326182408907353
k	k	4.315431718942417
t	t	4.27975788093013
ˈe	ˈe	4.198975599676869
s	s	4.153271853762581
e	e	4.140214287683798
j	ʎ	4.12355792220844
k	ʨ	4.1149525229763375
ˈu	ˈi	4.107468219342597
n	n	4.046285805056102
ˈa	ˈaː	4.036548428631288
u	i	4.033400066087441
j	l	3.989444126089256
w	w	3.954979118514048
ˈɔ	ˈo	3.762438593554948
r_o	r	3.742192129677702
s	ʃ	3.6913339237067837
ˈu	ˈu	3.6763831329931578
ˈu	ˈiː	3.612488987406983
e	i	3.4063733381924046
r	r	3.3160257122616312
a	ə	3.210755223033626
ˈa	ˈa	3.1593808657698204
ŋ	n	3.137633954082661
ŋ_ɡ	ŋ	3.1373813791385183
e	ə	3.132441658540693
ˈe	ˈɛ	2.8809829633209647
ð	ʃ	2.7524310772561194
#>	s_#>	2.701537177008075
l_o	l	2.5830464432046183
e_#>	#>	2.492460865484719
l	ʎ	2.486668486499343
ˈa	ˈɔ	2.485538229293102
ŋ	ŋ	2.3575333235506566
l	l_j	2.1908167917775354
ˈo_ɡ	ˈɛ	2.17661262788733
#>	ʎ_#>	2.1418086136294012
ˈe	ˈeː	2.1009183249767798
t	ʨ	2.0755734287158263
o	w	2.0731936268951525
θ	s	1.9325811503195536
ˈɔ	ˈu	1.9012814546940502
ˈɔ	ˈa_w	1.7697058789261444
ˈo	ˈɔː	1.7359958475563484
ɡ	ʥ	1.663686191084772
ˈɛ	ˈiə̯	1.5964624607617068
a	ʎ_ə	1.5560095699480399
ŋ	m	1.5466882670794415
r	w_r	1.5081612217987523
w	ŋ	1.4449421016005708
j	j	1.2672333499436
a	l_ə	1.2294289609885218
ˈo_ɡ	j	1.0105395845630512
ˈe	j	1.00728113956223
<#_j	<#	0.9588831732700213
r_o	w	0.9178852649578138
r_e	r	0.8103846642864821
o	ə	0.7565679946949391
ˈo	ˈe	0.7377604463190487
e_r	r	0.6860869889372282
ɡ_r	r	0.65392758320804
<#	<#_ˈa	0.6359412044469795
o	ˈɛ	0.5980280393810194
ˈɔ	w	0.494623328652174
#>	t_#>	0.4766495198100636
o_#>	#>	0.44893116883787304
ˈi	ˈɛ	0.41337166777222334
ˈɔ	ˈa	0.25360298333180603