Phone1	Phone2	PMI
ɲ	ɲ	7.267875558750589
u	i	6.511962463574765
ˈɛ_l	ˈɛː	6.492036256642326
j_ˈe	ˈiə̯	6.100958174317544
ɡ	ɡ	6.01464294354105
θ	ʧ	5.780593043523758
f	f	5.706852545371933
b	b	5.665019182665858
p	p	5.612283828729559
ˈɔ	ˈɔ	5.479102416823709
m	m	5.226807290197428
ŋ	w_n	5.183938602093836
o	u	5.181244638340013
z	ʃ	4.994346610344378
ˈe	ˈa_j	4.968945147481739
b	b_ˈa	4.951597304969072
ˈɔ	ˈo	4.939918037893299
ˈo	ˈuː	4.883561887396284
v	v	4.855596345601712
ˈi	ˈiː	4.752968046560156
d	d	4.748292270017792
ˈi	ˈi	4.582085753445179
ˈo	ˈu	4.575328011576836
ˈɛ	ˈɛ	4.533386633317281
ˈɛ	ˈɛː	4.493360141064848
t	t	4.484920275881163
o	o	4.463462418225845
k	k	4.341854559271152
ˈu	ˈi	4.227603750575318
l	l	4.1946715010694
s	s	4.1612193797804595
w	ŋ	4.156910737313878
ˈa	ˈaː	4.122259054271071
ð	ʥ	4.105408867295218
f	f_j	4.094869495747982
ˈe	ˈe	4.062164422314581
k	ʨ	4.0572568696804865
s	ʃ	3.9195031467794634
n	n	3.867629088503798
r_o	r	3.8314634942565515
e	i	3.670542358982045
ˈu	ˈu	3.5844105201399143
ˈu	ˈiː	3.5147281168623046
e	ə	3.4247688405766055
l_o	l	3.4156515466942095
j	l	3.367567081923805
a	ə	3.356186118910319
r	r	3.3015334188714913
ˈo_ɡ	ˈɛ	3.252558044204925
ˈa	ˈɔ	3.2437955697153185
ˈa	ˈa	3.2292145322807717
l	l_j	3.229121182715885
ŋ	n	3.091739736896887
#>	s_#>	3.041320635146433
l	ʎ	2.972426375502067
ˈe	ˈɛ	2.9465491992873973
ˈɔ	ˈa_w	2.8896328713967936
ˈɔ	ˈɔː	2.834990562345938
j	ʎ	2.8233687851826974
#>	ʎ_#>	2.756764584817837
ɡ	ʥ	2.639267254650909
t	ʨ	2.593074532659797
ˈɛ	ˈiə̯	2.5851903773864766
o	w	2.3660198613878447
e_r	r	2.3566134826591973
e_#>	#>	2.3492368237673076
ˈo	ˈɔː	2.3083646270154192
j	ˈeː	2.20072655878063
ˈe	ˈeː	2.064522320330299
ð	ʃ	2.050842887881038
<#_j	<#	1.9072737299107707
w	w	1.858395553154152
ŋ	ŋ	1.655350247423421
a	ʎ_ə	1.6132722610641963
ŋ_ɡ	ŋ	1.4434795429071252
ŋ	m	1.3989953642621258
j	j	1.375120613127014
θ	s	1.3176257780693696
j	ˈiə̯	1.124471232002203
ˈɔ	ˈu	1.0784030805636184
ˈe_d	j	1.0557596518399541
o	ə	0.9643618655427362
r_o	w	0.880723304663718
ˈe	j	0.8240176315962294
ˈi	ˈɛ	0.7846735045032044
r_e	r	0.7603147504420635
o_#>	#>	0.336107745809472
#>	t_#>	0.3072737299107705
ˈe	ˈa	0.09254462415160739