Phone1	Phone2	PMI
ˈɛ_l	ˈɛː	8.099569772874377
j_ˈe	ˈiə̯	7.682115677140523
ɲ	ɲ	7.6110335677943075
ð	ʥ	7.30860262257697
ɡ	ɡ	6.635046358788392
ˈe	ˈa_j	6.471642405673676
θ	ʧ	6.471521462466223
p	p	6.431606194561464
b	b	6.37811467292473
ŋ	w_n	6.267586635701904
b	b_ˈa	5.970290758414839
f	f_j	5.942570322033441
o	u	5.94092524346128
f	f	5.873642117725829
m	m	5.832373484848765
ˈo	ˈuː	5.698715373583143
ˈɔ	ˈɔ	5.649703488771438
v	v	5.637363158151091
z	ʃ	5.628688730531979
d	d	5.543145182634637
r_o	r	5.5362676899980645
ŋ_ɡ	ŋ	5.525135489878458
ˈi	ˈiː	5.386793893385832
ˈo	ˈu	5.291776829949911
ˈɔ	ˈo	5.281148125796685
ˈi	ˈi	5.217387506343973
ˈɛ	ˈɛː	5.12695906986979
o	o	5.0783034849900375
ˈɛ	ˈɛ	5.014194916474332
e_#>	#>	4.906575355306503
l	l	4.884701613144289
k	k	4.88444440715818
t	t	4.854342971136572
ˈe	ˈe	4.808514121195636
s	s	4.736362407556624
ˈɔ	ˈɔː	4.721349227506726
j	l	4.709434314737714
ˈu	ˈi	4.676480907558361
k	ʨ	4.667472779153706
ˈa	ˈaː	4.598927744060012
j	ʎ	4.587111278317927
n	n	4.54663663124089
o_#>	#>	4.516346995519252
w	w	4.438360632408006
u	i	4.382427556259736
s	ʃ	4.2603466119225475
ˈu	ˈu	4.226773940330625
ˈu	ˈiː	4.181501675622746
e	i	4.050202682019623
r	r	3.9166013761694525
e	ə	3.808738678425911
a	ə	3.7523064893753793
ˈa	ˈa	3.7369241085141987
ŋ	n	3.6870217362215842
l_o	l	3.6276679668370218
ˈe	ˈɛ	3.446043000572442
ð	ʃ	3.0994169417803845
l	ʎ	2.888548427611157
ˈo_ɡ	ˈɛ	2.8646596296436333
ˈa	ˈɔ	2.8247317091390345
#>	s_#>	2.760183155394934
t	ʨ	2.7407324334831844
a	l_ə	2.6929879556546235
l	l_j	2.6663414251859905
ŋ	ŋ	2.5616299707055714
ˈe	ˈeː	2.469238274359142
o	w	2.403278459048633
e	e	2.3412937608193474
ˈɔ	ˈa_w	2.187162373023863
ˈɔ	ˈu	2.1652598193625465
ŋ	m	2.1149893914125673
a	ʎ_ə	2.021873702445839
ˈo	ˈɔː	1.949754988339417
#>	ʎ_#>	1.9042133748243182
ɡ	ʥ	1.8961461896718468
ˈɛ	ˈiə̯	1.8237673030855037
θ	s	1.7049274749635384
ˈe	j	1.558075710073064
w	ŋ	1.4912938333616748
ˈo_ɡ	j	1.3551975760937014
r_o	w	1.2564801191562283
r_e	r	1.1477134938461342
o	ə	1.1381595044014436
e_r	r	1.0234158184968802
ɡ_r	r	1.0083121416127825
r	w_r	0.9526903724573863
ˈo	ˈe	0.8223809750955964
<#_j	<#	0.8039916907157403
o	ˈɛ	0.704425508418741
j	j	0.6497152630334082
#>	t_#>	0.6085419027114599
ˈɔ	w	0.5519603575231999
<#	<#_ˈa	0.5504658969629707
ˈi	ˈɛ	0.5241090185107997
ˈɔ	ˈa	0.37129341770251767