Phone1	Phone2	Surprisal	OOV_Smoothed
b	b	-0.0	4.79627185304535
d	d	0.2799329830823719	4.79627185304535
d	d_ə	2.50331698963298	4.79627185304535
d̥	d̥	-0.0	4.79627185304535
h	χ	-0.0	4.79627185304535
j	j	-0.0	4.79627185304535
k	k	0.22733376295654176	4.79627185304535
k	k_ə	2.7780570976409784	4.79627185304535
l	ɫ	-0.0	4.79627185304535
m	m	-0.0	4.79627185304535
n	n	0.11761093023324336	4.79627185304535
n	ə_n	3.675078317666713	4.79627185304535
p	p	-0.0	4.79627185304535
s	s	-0.0	4.79627185304535
t	t	0.4406231701766037	4.79627185304535
t	t_ə	1.9258578073752777	4.79627185304535
v	v	0.3617899036048841	4.79627185304535
v	v_ə	2.1726589439397825	4.79627185304535
v̥	v̥	-0.0	4.79627185304535
w	ɫ	-0.0	4.79627185304535
z	z	-0.0	4.79627185304535
ŋ	ŋ	0.12536151066991774	4.79627185304535
ŋ	ŋ_ə	3.5868268998067423	4.79627185304535
ə	ə	-0.0	4.79627185304535
ɦ	χ	0.4182396223611848	4.79627185304535
ɦ	χ_ə	1.9904360546666287	4.79627185304535
ɦ̥	χ	-0.0	4.79627185304535
ɾ	ɾ	0.024304699495519198	4.79627185304535
ʃ	s	-0.0	4.79627185304535
ʋ	ʋ	-0.0	4.79627185304535
ˈeː	ˈeː	-0.0	4.79627185304535
ˈi	ˈɛi̯	-0.0	4.79627185304535
ˈiə̯	ˈi	0.0859269412497386	4.79627185304535
ˈiə̯	ˈyː	4.112262257425601	4.79627185304535
ˈoː	ˈoː	-0.0	4.79627185304535
ˈu	ˈɑu̯	0.858855597653852	4.79627185304535
ˈu	ˈɔ	1.1564655704598115	4.79627185304535
ˈuə̯	ˈu	-0.0	4.79627185304535
ˈyː	ˈœy̯	-0.0	4.79627185304535
ˈæ	ˈɛ	-0.0	4.79627185304535
ˈøː	ˈoː	-0.0	4.79627185304535
ˈœ	ˈɔ	0.9667538868931154	4.79627185304535
ˈœ	ˈʏ	1.0340303595345144	4.79627185304535
ˈɑ	ˈɑ	-0.0	4.79627185304535
ˈɒː	ˈaː	0.15369779296938826	4.79627185304535
ˈɒː	ˈɑ	3.30676472077585	4.79627185304535
ˈɔ	ˈɔ	-0.0	4.79627185304535
ˈɛ	ˈɪ	0.6690615149692251	4.79627185304535
ˈɛ	ˈɛ	1.4301810104448491	4.79627185304535
ˈɛː	ˈeː	0.11417760090490817	4.79627185304535
ˈɛː	ˈɛi̯	3.7161271244268064	4.79627185304535
ˈɪ	ˈɪ	0.13178041586390676	4.79627185304535
ˈɪ	ˈʏ	3.5179471739869035	4.79627185304535