Phone1	Phone2	Surprisal	OOV_Smoothed
a	ɐ	0.6737232966871389	5.058711420279696
a	a	1.685341501530251	5.058711420279696
a	ɟ_ɐ	4.651962506963784	5.058711420279696
b	b	-0.0	5.058711420279696
d	d	-0.0	5.058711420279696
e	ɪ	1.0953328579148969	5.058711420279696
e	e	1.2586001075165747	5.058711420279696
e	-	4.1224454949323786	5.058711420279696
e	i	4.961720343156067	5.058711420279696
f	f	-0.0	5.058711420279696
i	i	-0.0	5.058711420279696
j	-	0.36396184310868696	5.058711420279696
j	j	2.2769021254805115	5.058711420279696
k	k	-0.0	5.058711420279696
l	l	0.4654843235402118	5.058711420279696
l	-	2.277374624239295	5.058711420279696
l	ɾ	3.8468575372356146	5.058711420279696
m	m	-0.0	5.058711420279696
n	n	0.47634402804251935	5.058711420279696
n	ɲ	2.3894050656799104	5.058711420279696
n	-	3.832051737091953	5.058711420279696
o	o	0.340606854595458	5.058711420279696
o	ʊ	2.599310130523582	5.058711420279696
o	-	4.465187348996523	5.058711420279696
p	p	-0.0	5.058711420279696
r	r	-0.0	5.058711420279696
s	s	0.05351476830322684	5.058711420279696
s	-	4.779360154655422	5.058711420279696
t	t	0.020509657605089136	5.058711420279696
u	ʊ	0.18744023494385015	5.058711420279696
u	-	4.800390647129406	5.058711420279696
w	w	0.9426893345451982	5.058711420279696
w	ˈo	1.0596818346894294	5.058711420279696
ð	ð	-0.0	5.058711420279696
ŋ	ŋ	-0.0	5.058711420279696
ɟ͡ʝ	-	-0.0	5.058711420279696
ɡ	ɡ	-0.0	5.058711420279696
ɣ	ɣ	-0.0	5.058711420279696
ɲ	ɲ	0.5390158762894469	5.058711420279696
ɲ	n	1.681493308459298	5.058711420279696
ɾ	ɾ	0.05052323331140626	5.058711420279696
ɾ	-	5.013544350753324	5.058711420279696
ʃ	ʃ	0.08777261652506942	5.058711420279696
ʃ	j_ʃ	4.082515461572097	5.058711420279696
ʎ	l	0.23307285089794272	5.058711420279696
ʎ	ʧ	2.7448813616147123	5.058711420279696
ʝ	ɟ	0.5376082100207689	5.058711420279696
ʝ	-	2.199559263342405	5.058711420279696
ʝ	ʃ	3.4206842429430684	5.058711420279696
ʧ	j_t	-0.0	5.058711420279696
ˈa	ˈa	0.3648475476564616	5.058711420279696
ˈa	ˈɑ	2.1619820565246797	5.058711420279696
ˈe	ˈe	0.14467125734619782	5.058711420279696
ˈe	ˈɛ	4.443788850649999	5.058711420279696
ˈe	ˈi	4.458956531699078	5.058711420279696
ˈi	ˈi	-0.0	5.058711420279696
ˈo	ˈo	0.5069265660502199	5.058711420279696
ˈo	ˈo_w	2.5392409743444895	5.058711420279696
ˈo	ˈɔ	3.278582363208932	5.058711420279696
ˈu	ˈu	0.15523060808148362	5.058711420279696
ˈu	ˈo	3.293200850099969	5.058711420279696
β	β	0.040189437233341466	5.058711420279696
θ	θ	-0.0	5.058711420279696