Phone1	Phone2	Surprisal	OOV_Smoothed
a	ɐ	0.6493452688787811	5.054086737912346
a	a	1.7019831311954803	5.054086737912346
a	ʎ_ɐ	4.9501117788549065	5.054086737912346
b	b	-0.0	5.054086737912346
d	d	-0.0	5.054086737912346
e	ɪ	1.013961235238576	5.054086737912346
e	e	1.2685821052502473	5.054086737912346
e	i	4.72185307684257	5.054086737912346
f	f	-0.0	5.054086737912346
i	i	-0.0	5.054086737912346
j	-	0.44531548326737747	5.054086737912346
j	j	1.9959080119912498	5.054086737912346
k	k	-0.0	5.054086737912346
l	l	0.29114916878544245	5.054086737912346
l	-	2.5678314515413994	5.054086737912346
m	m	-0.0	5.054086737912346
n	n	0.5320865149853679	5.054086737912346
n	ɲ	2.507685678584883	5.054086737912346
n	-	3.143307698935011	5.054086737912346
o	o	0.3965737642481186	5.054086737912346
o	ʊ	2.264345240194738	5.054086737912346
o	-	4.956991591369226	5.054086737912346
p	p	-0.0	5.054086737912346
r	r	-0.0	5.054086737912346
s	s	0.03897230332908032	5.054086737912346
t	t	0.09096404121096231	5.054086737912346
t	w_t	4.032569266061079	5.054086737912346
u	ʊ	0.11602379736503769	5.054086737912346
u	-	4.690269360169386	5.054086737912346
u	o	4.806458651117108	5.054086737912346
w	w	-0.0	5.054086737912346
ð	ð	-0.0	5.054086737912346
ŋ	ŋ	-0.0	5.054086737912346
ɟ͡ʝ	-	-0.0	5.054086737912346
ɡ	ɡ	-0.0	5.054086737912346
ɣ	ɣ	-0.0	5.054086737912346
ɲ	ɲ	0.43273143415101956	5.054086737912346
ɲ	n	1.9481841304620278	5.054086737912346
ɾ	ɾ	0.04644833364413819	5.054086737912346
ʃ	ʃ	0.06313007339167945	5.054086737912346
ʃ	j_ʃ	4.545745069905704	5.054086737912346
ʎ	l	0.1440617216496744	5.054086737912346
ʎ	ʧ	3.3954389349610414	5.054086737912346
ʝ	ʎ	0.2702210329607093	5.054086737912346
ʝ	-	3.4825862539915033	5.054086737912346
ʝ	ʃ	3.6197880130555324	5.054086737912346
ʧ	j_t	-0.0	5.054086737912346
ˈa	ˈa	0.3276933191081902	5.054086737912346
ˈa	ˈɑ	2.4382077368789674	5.054086737912346
ˈe	ˈe	0.14337149894466483	5.054086737912346
ˈe	ˈi	4.3113827206028015	5.054086737912346
ˈi	ˈi	-0.0	5.054086737912346
ˈo	ˈo	0.37249826229825483	5.054086737912346
ˈo	ˈo_w	3.189457708228651	5.054086737912346
ˈo	ˈɔ	3.3781665853862406	5.054086737912346
ˈu	ˈu	0.12827207222377776	5.054086737912346
ˈu	ˈo	3.5551482362757083	5.054086737912346
β	β	0.03091194510405616	5.054086737912346
θ	θ	-0.0	5.054086737912346