Phone1	Phone2	PMI
ʎ	ʎ	7.227540262665038
j̃	ɲ	6.634302826967712
f	f	6.164141645756328
ʒ	ʃ	6.118014352852288
ˈẽ	ˈe_n	6.036558212818281
w̃	ŋ	5.985252151138659
j_ʃ	θ	5.8812543321421575
ˈɛ	ˈɛ	5.860357917135183
ˈɔ	ˈɔ	5.833550018041652
ˈu	ˈu	5.718948181743675
o	o	5.680590260235103
ˈũ	ˈu	5.659723491824356
w	w	5.620012651077346
ɡ	ɡ	5.59895654177064
ɡ	ɣ	5.562672413714613
ˈi	ˈi	5.489901645358654
j	j	5.478312362935136
e	e	5.41583556385485
ˈĩ	ˈi	5.356464927564675
a	a	5.338873573092922
ˈɐ̃	ˈɑ	5.292015778216205
p	p	5.28756966112088
ʃ	ʧ	5.167751626172453
m	m	5.1351637720189425
ˈe_j	ˈe	5.130690532321854
d	d	5.110743677504566
d	ð	5.044657982075772
ˈõ	ˈo	4.996797264883658
ʤ	ð	4.993380548038129
k	k	4.983520659068503
i	ɪ	4.920604091253973
l	l	4.879880900190189
ˈɐ̃	ˈa_n	4.809618997442059
n	n	4.745621685310656
t	t	4.604836596834552
ʧ	t	4.55456814448099
i	i	4.4740036802256995
ˈo	ˈo	4.443372663540275
ˈe	ˈe	4.417091780861213
v	b	4.311659042108049
ˈa	ˈa	4.269611942175496
h	r	4.226875523989095
v	β	4.1635331358966265
b	β	4.140865301482002
ɐ	ɐ	4.087669558736022
j	w	4.007951674018184
z	θ	3.969887472083849
ʤ	d	3.9598077686808124
b	b	3.9457759513575597
s	s	3.9352147555239165
s	θ	3.9170520495989374
u	ʊ	3.884978715447406
w	l	3.8637407083724136
ʒ_u	ʃ	3.8273423702178677
ˈẽ	ˈe	3.7802917170764263
ˈo	ˈɔ	3.7436559448386673
ʃ	s	3.690374918826827
ɾ	ɾ	3.5869610462046295
ɦ	ɾ	3.5139690029721735
h	ɾ	3.3225813453523347
ˈɐ̃	ˈa	3.2710888943307
ʃ	ʃ	3.1505879844391145
ˈĩ	ˈi_ŋ	3.0494281041388396
t	n_t	2.5513661342210727
b	m_b	2.3613308783603912
ˈɐ̃	ˈɑ_ŋ	2.2585288149698215
j̃_#>	#>	2.1123825255324227
ʃ	o_s	2.101766630524151
ɾ	r	1.6229038595153764
ʧ	n_t	1.4327706105627267
z	s	1.3196228979869606
ẽ_j̃	ɪ	1.218956469661745
k	ŋ_k	1.1517761062134284
ẽ	ɪ	0.9965705923807683
j̃	ŋ	0.8130735257773262
ʃ	θ	0.7162247618286185
ˈu	ˈo	0.49118625279946826
ˈɔ	ˈo	0.4787418947746661
#>	ŋ_#>	0.3849625007211562
#>	ɪ_#>	-0.01581134567465494