Phone1	Phone2	PMI
ɣ	ɡ	5.732517732362496
ʧ	ð	5.705539403627763
p	p	5.636375345101217
ˈu	ˈu	5.594678078221148
m	m	5.380099209125325
ˈi	ˈi	5.327192214047107
j_ˈe	ˈɛ	5.1537799773901245
j	j	5.083661627223734
f	f	5.034030204209804
β	v	5.016903992975103
w_ˈe	ˈɔ	4.938981340084762
t	t	4.862032280081905
ʎ	ʧ	4.85844730185186
s	s	4.759908965546838
θ	θ	4.679506159280297
d	d	4.67684307524483
ð	d	4.601550551248318
n_o	ŋ	4.519687996453982
k	k	4.512866362369956
o	o	4.4660060167438775
t_o	t	4.335871349171354
ˈo	ˈo	4.31180349371667
ŋ	ŋ	4.271812444003246
l	l	4.235860147969422
e	e	4.2066312459852915
ʎ_o	l	4.1956081424696094
ˈa	ˈa	4.095291575933455
ɡ	ɡ	4.091281602742637
i	i	4.011637551428734
n	n	3.9561224090062663
b	v	3.9468764519179778
b	b	3.9410044288491664
ˈe	ˈe	3.9346711234961154
w	w	3.925515113967885
w_ˈe	ˈo	3.8892413005872717
a	a	3.652694519123493
n	ŋ_t	3.58339686618391
r	r	3.5330563287811523
ɾ	r	3.4269272628313296
l	j	3.3935422823603836
<#_e	<#	3.2964630709414835
θ	z	2.7912212605119993
<#_a	<#	2.759257077681463
j	r_e	2.749120447553421
e	i	2.5821319769568865
ˈe_ɣ	ɡ	2.540303055550357
ɾ_o	r	2.4875395185018494
n	ŋ	2.482100073855796
ˈe_j	ˈɛ	2.4586426126857788
ˈo	ˈɔ	2.1320224303459994
ˈu	ˈo	2.1272697581947804
β_j	v	1.9289961662946373
l_o	l	1.9184852124550758
j_ˈe	ˈe	1.8542757530580847
e	o	1.8402597947446995
θ	s	1.7820927274008567
ɲ	n	1.7806570880661048
n_o	n	1.7756608630144841
s_#>	#>	1.7745349760541211
t_e	t	1.7609355690799682
β	b	1.7349259698867339
s	z	1.6264723067216185
w	ˈo	1.5000770311125327
b_w	b	1.4921132460263
ʎ	j	1.4286373517050945
ʝ	ð	1.3508407367336501
ɾ	e_r	1.3012400171268148
θ_j	θ	1.2557370749111736
e_s	s	1.154107694177109
e	d_e	1.1351747833580044
t_#>	#>	1.1287712379549448
b	v_ˈe	1.0959632370054115
ʃ	s	1.0118116530393342
b_j	v	0.9971177467609336
j_ʃ	s	0.9788257990307573
ˈe	ˈɛ	0.9767057821053866
ɾ_ˈa	ˈa	0.972729575055405
f_w	f	0.9411357455936062
ˈo_β	ˈo	0.8283087585611799
ˈu	ˈɔ	0.7952420700202883
ʎ_a	a	0.7753308724503006
a_ɾ	r	0.7751207458820687
u	o	0.7599243236756238
ˈe	ˈo	0.7142649339693344
ʎ	l	0.7032087892946971
#>	e_#>	0.6575424759098898
ð	t	0.581786105385518
j	t	0.5566360709204311
ˈe	e	0.5141505965897712
ˈi	e	0.30188868986066947
e_#>	#>	0.23981426942036577
a	ˈa	0.09407285688466768
o_#>	#>	-1.4744350343896844