Phone1	Phone2	PMI
w_ˈe	ˈɔ	7.70370267034024
j_ˈe	ˈɛ	7.234356657638378
ˈu	ˈu	6.731706095064477
n_o	ŋ	6.312703712206215
ɡ	ɡ	6.107207428935328
ɣ	ɡ	6.083324333182578
p	p	6.0195499440747255
m	m	6.019136600842887
β	v	5.976101321556065
ˈi	ˈi	5.9183614922862215
ʧ	ð	5.820464700406795
f	f	5.683746988668842
θ	θ	5.428718089431918
t	t	5.421758240052484
b	b	5.304446269030321
s	s	5.234610409598547
j_ʃ	s	5.226739548831825
ð	d	5.1312439516327695
d	d	5.097618132149403
<#_a	<#	5.090145663252895
w_ˈe	ˈo	5.019503561329016
j	r_e	4.934992697120999
k	k	4.914503107479553
o	o	4.911719242731875
ˈo	ˈo	4.857864491360956
b	v	4.779704257642628
ŋ	ŋ	4.764720942490201
l	l	4.732173782829072
e	e	4.646525338398799
r	r	4.623482005681579
j	j	4.57069469340796
o_#>	#>	4.569784719095823
ˈa	ˈa	4.551805757878067
n	n	4.491864791758459
ˈe	ˈe	4.377667235014266
ʎ_o	l	4.146935754731136
a	a	4.115469859558362
l	j	4.092083444823289
o	ʧ_o	4.049776600518255
ɾ	r	3.891649898038093
s_#>	#>	3.772120812625213
ɾ_o	r	3.547686256673589
<#_e	<#	3.407096779984081
ʎ	ʧ	3.303918129710056
n	ŋ	3.091658379878677
b_w	b	3.0322596474634502
θ_j	θ	3.005720645265693
n	ŋ_t	2.9497623399070587
i	i	2.948531298561856
θ	z	2.897249703119765
ˈe_ɣ	ɡ	2.8826787076494376
w	w	2.8616741423374203
j_ˈe	ˈe	2.8465317405802937
ʃ	s	2.8006249189493757
β_j	v	2.7901895288988547
l_o	l	2.7783675124648046
ˈo	ˈɔ	2.552211481508812
t_e	t	2.451675233937304
ˈu	ˈo	2.19444488540257
w	ˈo	2.177356594178917
e	o	2.171649232366629
θ	s	2.0409488067794244
ʎ	j	2.0067476430997715
ɲ	n	1.9934202044937133
ˈe	ˈɛ	1.734486169047086
e	i	1.7302315360790808
s	z	1.679629875489812
ˈe_j	ˈɛ	1.6767107624228554
ˈu_ʎ	ˈɔ	1.5527582090367
ˈe	e	1.4376712463161003
j_t	t	1.435765708892469
t_o	t	1.4172846508998556
e_s	s	1.3285239379940563
m	ŋ	1.304671792811781
s_o	s	1.288990871355684
ð	t	1.1974191135446517
ˈo_β	ˈo	1.1678466591780936
#>	e_#>	1.13210747752316
ʝ_ˈe	ˈe	1.119877434893476
ʎ_a	a	1.1040569256139554
u	o	1.006094348625217
n	ɲ	0.9422509402276256
ˈi	e	0.887781747744721
ɾ	e_r	0.8840529893410369
ˈe	ˈo	0.847390952399368
ˈu	ˈɔ	0.8234133630325289
ʎ	l	0.7639149921254932
e	ˈe	0.5480092154966345
ˈo	o	0.4535699364109377
a	ˈa	0.0283886022369219