Phone1	Phone2	PMI
ˈu	ˈu	6.199994121883376
w_ˈe	ˈɔ	5.91304926393645
β	v	5.591012002109083
j_ˈe	ˈɛ	5.580478044269496
ɣ	ɡ	5.564939798607533
ɡ	ɡ	5.536216013193524
ˈi	ˈi	5.483734884539167
p	p	5.466218433482756
m	m	5.423039008684312
ʧ	ð	5.344186043382037
f	f	5.0803442213052445
b	b	4.947936552394128
t	t	4.9057882719375545
θ	θ	4.888127292379125
w_ˈe	ˈo	4.76470083871514
s	s	4.734861173512449
n_o	ŋ	4.579922187987564
ð	d	4.556529400257497
d	d	4.5229035807741305
o	o	4.362409949435993
k	k	4.34662847078144
ˈo	ˈo	4.2758447647806594
j	r_e	4.258079827591318
e	e	4.247792911794515
b	v	4.201623266808358
ŋ	ŋ	4.168623350331625
l	l	4.131362496442817
ʎ_o	l	4.086482427512413
j	j	4.085784595201615
r	r	4.064679475663442
ˈa	ˈa	4.00376618859543
ʎ	ʧ	3.9981049286041968
j_ʃ	s	3.963511095868759
ˈe	ˈe	3.935448514145712
n	n	3.927319899826836
a	a	3.568106393453082
<#_e	<#	3.535423029323705
l	j	3.4959858526647136
θ	z	3.4243223925035537
ɾ	r	3.372753660725483
<#_a	<#	3.3414864441259677
s_#>	#>	3.169408029612168
i	i	2.720532518900568
w	w	2.669415848812497
n	ŋ	2.580124202641142
ʃ	s	2.468159737630996
θ_j	θ	2.341327484076347
o	ʧ_o	2.335082833533269
n	ŋ_t	2.299752714408499
ˈe_ɣ	ɡ	2.261159999754374
β_j	v	2.164826439906793
ˈo	ˈɔ	2.115598632026996
l_o	l	2.1077354418452448
w	ˈo	1.9091801680387048
j_ˈe	ˈe	1.864209603475749
ʎ	j	1.8436375066788837
e	o	1.8369687586033403
ɾ_o	r	1.8365691957922177
ˈu	ˈo	1.8279947037957285
t_e	t	1.817433321073552
e	i	1.5095039615437142
ˈe	ˈɛ	1.4887851530428473
s	z	1.4599213265758608
ˈe_j	ˈɛ	1.3733664165512525
ˈu_ʎ	ˈɔ	1.2809518187497846
b_w	b	1.228344937583026
θ	s	1.138420103587668
t_o	t	1.099110288876395
e_s	s	1.0806757580941055
s_o	s	0.98678925572296
ð	t	0.9742454125979528
ʎ	ˈɛ	0.9728511136264676
m	ŋ	0.936624578392611
ˈe	e	0.9044348634732764
u	o	0.8761501988774067
ˈo_β	ˈo	0.8534740024679983
n_j	n	0.8048891004030588
ˈu	ˈɔ	0.8020060593093234
ʝ_ˈe	ˈe	0.8017030728700153
ʎ_a	a	0.7858825635904948
#>	e_#>	0.6677115146618526
ɾ	e_r	0.657384020525098
n_o	n	0.6467013120947415
ˈo	o	0.3353996321675666
ˈe	ˈo	0.1451922567344741
o_#>	#>	-1.415027437221315
a	ˈa	-0.0902875238668107