Phone1	Phone2	PMI
b	b_w	7.439859924192141
o	u	7.235241248218812
ŋ	ŋ	7.0210122022912325
ʃ	ʃ_ə	6.027979324367962
m	m	5.829562462093023
ʒ	ʤ	5.785764605492973
f	f	5.76837946978136
t	tː_ə	5.604303196589287
k	k_ə	5.535232420742257
ˈɔ	w_ˈɔ	5.427603957384058
s	s	5.291402398322817
ˈe_j	ˈe	5.219678016667207
d	d	5.1014766478450015
l	lː_ə	5.09469836748844
l	l_ə	5.030847575370633
ˈu	ˈu	4.963237111330212
p	p	4.961521211973402
t	t_ə	4.842881691558523
ˈi	ˈi	4.828299993391454
ɲ	ɲː	4.8006548971306895
n	n_ə	4.684911699879227
ˈo_w	ˈo	4.650554365214509
ˈo	ˈu	4.638206579441379
j	j	4.590763838870594
ˈɔ	ˈɔ	4.58733066911133
w	w	4.557243602182249
ɡ	ɡ	4.407092089121723
ˈa	ˈa	4.321311090928228
v	v	4.222496042696859
r	r	4.212806929372216
e	i	4.160478768820889
b	v	4.100787384144889
ˈe	ˈe	4.0587060280237575
r	ɾ_ə	4.053402317896435
l	l	3.969516269168657
k	k	3.9260171339185086
ˈo	ˈo	3.872227114144328
ʃ	ʃ	3.855279907737812
a	a	3.831277224492444
v	v_j	3.786207504135363
ʨ	k	3.725537310046228
ʃ	ʃː	3.702572236558937
ˈɛ	ˈɛ	3.697974311961046
n	n	3.678958471062976
ˈo_w	ˈu	3.660518179655948
d	kː	3.5036756069080077
ˈɛ	j_ˈɛ	3.4503516286622338
ɲ	ɲː_ə	3.438109629209196
t	t	3.3186569024446158
r	ɾ	3.30223210326348
m	mː	3.291478610845172
d	t	3.268009199846929
f	v_ə	3.1524956987254424
ˈe_j	ˈi	3.09684119328543
ʧ	ʃ	2.88210097248455
l	j_ə	2.6991827188794826
ˈe	ˈi	2.667241557377644
n	nː	2.520023540910367
v	p	2.479325088591303
ʨ	kː	2.4589070607663186
ˈe	ˈa	2.4335825120433747
ʨ	ʃ	2.263705340739397
i	i	2.2493522765630143
ˈɛ	ˈa	2.173843908517221
a	ə	2.1448999518632643
w_ˈɛ	ˈɔ	2.114906721224469
l	j	2.0444670024117606
e	ə	1.9473766533720869
f_l	ʃ	1.9368650231276543
ˈɛ	ˈɔ	1.8059319106023608
j	i	1.7294722639980236
ˈe	ˈo	1.3256122870330025
s_#>	#>	1.3025359013039142
w	ˈɔ	1.002624247902547
j	ʎː	0.9931545710132164
ˈe	ˈɛ	0.3179633652593935
ˈɛ	ə	-0.3102655406343876